archive,file_bytes,sha256,included_in_release,name,experiment_key,plate,instrument_well,biological_sample,well_position,assay,cas_variant,cas_promoter,guide_promoter,direct_repeat,donor_recruitment,guide_id,strain,replicate,timepoint,generations,control,figure,paper_panel,source_table
cas12a_precision_editing_figure1_fcs.zip,1008200,29efdabea977c284306a776329f8979d478e821d38e231c729f95faa7417e769,True,AD20240516_plate2_gfpSNR52solliquid(1)_Experiment_day2_A06.fcs,cas_variant_gfp_off,AD20240516_plate2_gfpSNR52solliquid(1),A06,A5,,GFP_OFF,FnCas12a,TEF,SNR52,As_DR,,,,1,11_gen,5.8,no,Figure 1,GFP OFF Cas-variant time course,processed_data/GFP_OFF_vars_colonies_20260311.csv
cas12a_precision_editing_figure1_fcs.zip,1008200,16e6605d3599aaa5870281adb8cc3aff65b7efaa96041392e66e9a52ea82a115,True,AD20240516_plate2_gfpSNR52solliquid(1)_Experiment_day2_B06.fcs,cas_variant_gfp_off,AD20240516_plate2_gfpSNR52solliquid(1),B06,A5,,GFP_OFF,FnCas12a,TEF,SNR52,As_DR,,,,2,11_gen,5.9,no,Figure 1,GFP OFF Cas-variant time course,processed_data/GFP_OFF_vars_colonies_20260311.csv
cas12a_precision_editing_figure1_fcs.zip,1008200,9d31a7eb958fcf8eea03938f9305345d8e7da99fff9610b4f40c7392bac50034,True,AD20240516_plate2_gfpSNR52solliquid(1)_Experiment_day2_C05.fcs,cas_variant_gfp_off,AD20240516_plate2_gfpSNR52solliquid(1),C05,A2,,GFP_OFF,enAsCas12a,TEF,SNR52,As_DR,,,,1,11_gen,4.6,no,Figure 1,GFP OFF Cas-variant time course,processed_data/GFP_OFF_vars_colonies_20260311.csv
cas12a_precision_editing_figure1_fcs.zip,1008200,aeaa9c6b3a1c8be38200b7106e93af3728a5af00269ffba6b1880793d4677a91,True,AD20240516_plate2_gfpSNR52solliquid(1)_Experiment_day2_C06.fcs,cas_variant_gfp_off,AD20240516_plate2_gfpSNR52solliquid(1),C06,A6,,GFP_OFF,LbCas12a,TEF,SNR52,As_DR,,,,1,11_gen,4.1,no,Figure 1,GFP OFF Cas-variant time course,processed_data/GFP_OFF_vars_colonies_20260311.csv
cas12a_precision_editing_figure1_fcs.zip,1008200,6deb6cada115020b823065e5b8f705fa2e07b78f7e0c5b1cf50d995be03b09f1,True,AD20240516_plate2_gfpSNR52solliquid(1)_Experiment_day2_D05.fcs,cas_variant_gfp_off,AD20240516_plate2_gfpSNR52solliquid(1),D05,A2,,GFP_OFF,enAsCas12a,TEF,SNR52,As_DR,,,,2,11_gen,3.8,no,Figure 1,GFP OFF Cas-variant time course,processed_data/GFP_OFF_vars_colonies_20260311.csv
cas12a_precision_editing_figure1_fcs.zip,1008200,aeaa73cd55602fe3c3af1522e879c199c9296fbf91237ed8e9cf42ba426d4893,True,AD20240516_plate2_gfpSNR52solliquid(1)_Experiment_day2_D06.fcs,cas_variant_gfp_off,AD20240516_plate2_gfpSNR52solliquid(1),D06,A6,,GFP_OFF,LbCas12a,TEF,SNR52,As_DR,,,,2,11_gen,4.2,no,Figure 1,GFP OFF Cas-variant time course,processed_data/GFP_OFF_vars_colonies_20260311.csv
cas12a_precision_editing_figure1_fcs.zip,1008200,81b290b5218ea9d6646a51ac185587b9849b8801c44a305c71d1905723274abb,True,AD20240516_plate2_gfpSNR52solliquid(1)_Experiment_day2_E06.fcs,cas_variant_gfp_off,AD20240516_plate2_gfpSNR52solliquid(1),E06,A7,,GFP_OFF,AsCas12a,TEF,SNR52,As_DR,,,,1,11_gen,5.5,no,Figure 1,GFP OFF Cas-variant time course,processed_data/GFP_OFF_vars_colonies_20260311.csv
cas12a_precision_editing_figure1_fcs.zip,1008200,142add7896a285abeb58059b12f6066d7d2c09753e3cce258fdd7229e9e8c750,True,AD20240516_plate2_gfpSNR52solliquid(1)_Experiment_day2_F06.fcs,cas_variant_gfp_off,AD20240516_plate2_gfpSNR52solliquid(1),F06,A7,,GFP_OFF,AsCas12a,TEF,SNR52,As_DR,,,,2,11_gen,4.2,no,Figure 1,GFP OFF Cas-variant time course,processed_data/GFP_OFF_vars_colonies_20260311.csv
cas12a_precision_editing_figure1_fcs.zip,1008200,bc6645b92c4dfda71a0d257900d28031f26a3cc6c47e51e9373db46d181d5474,True,AD20240516_plate2_gfpSNR52solliquid(1)_Experiment_day2_G06.fcs,cas_variant_gfp_off,AD20240516_plate2_gfpSNR52solliquid(1),G06,A8,,GFP_OFF,MbCas12a,TEF,SNR52,As_DR,,,,1,11_gen,4.5,no,Figure 1,GFP OFF Cas-variant time course,processed_data/GFP_OFF_vars_colonies_20260311.csv
cas12a_precision_editing_figure1_fcs.zip,1008200,16573f8f79abe254766519a8e37b0c315652b1d34d3756e4e1513007d40d7239,True,AD20240516_plate2_gfpSNR52solliquid(1)_Experiment_day2_H06.fcs,cas_variant_gfp_off,AD20240516_plate2_gfpSNR52solliquid(1),H06,A8,,GFP_OFF,MbCas12a,TEF,SNR52,As_DR,,,,2,11_gen,4.1,no,Figure 1,GFP OFF Cas-variant time course,processed_data/GFP_OFF_vars_colonies_20260311.csv
cas12a_precision_editing_figure1_fcs.zip,1008200,9fcad85c1aceb7d10a3e66a0b1667391fb44de213f5210e6da33d5c75415c159,True,AD_20240709_cas12a_all_PGK1plateC_Experiment_12gen_A06.fcs,cas_variant_gfp_off,AD_20240709_cas12a_all_PGK1plateC,A06,C5,,GFP_OFF,FnCas12a,PGK1,SNR52,As_DR,,,,1,11_gen,5.6,no,Figure 1,GFP OFF Cas-variant time course,processed_data/GFP_OFF_vars_colonies_20260311.csv
cas12a_precision_editing_figure1_fcs.zip,1008200,065c8858b617778b88286b2be008a91f53ea9c3be83274575c49256cd274ce16,True,AD_20240709_cas12a_all_PGK1plateC_Experiment_12gen_B06.fcs,cas_variant_gfp_off,AD_20240709_cas12a_all_PGK1plateC,B06,C5,,GFP_OFF,FnCas12a,PGK1,SNR52,As_DR,,,,2,11_gen,5.7,no,Figure 1,GFP OFF Cas-variant time course,processed_data/GFP_OFF_vars_colonies_20260311.csv
cas12a_precision_editing_figure1_fcs.zip,1008200,0e6e55f7732d698a25e6380884955e1522f3ac9ea89403a2e114824336cff2ea,True,AD_20240709_cas12a_all_PGK1plateC_Experiment_12gen_C05.fcs,cas_variant_gfp_off,AD_20240709_cas12a_all_PGK1plateC,C05,C2,,GFP_OFF,enAsCas12a,PGK1,SNR52,As_DR,,,,1,11_gen,6.1,no,Figure 1,GFP OFF Cas-variant time course,processed_data/GFP_OFF_vars_colonies_20260311.csv
cas12a_precision_editing_figure1_fcs.zip,1008200,35cfab3d3efdfd6d680586342c706d218f23809e71089f928a436fb94c92695b,True,AD_20240709_cas12a_all_PGK1plateC_Experiment_12gen_C06.fcs,cas_variant_gfp_off,AD_20240709_cas12a_all_PGK1plateC,C06,C6,,GFP_OFF,LbCas12a,PGK1,SNR52,As_DR,,,,1,11_gen,7.0,no,Figure 1,GFP OFF Cas-variant time course,processed_data/GFP_OFF_vars_colonies_20260311.csv
cas12a_precision_editing_figure1_fcs.zip,1008200,6ccaf6b7b7a8f0ca982abfa25dddf136bd06198abd29e2ae908e766d5c3cf410,True,AD_20240709_cas12a_all_PGK1plateC_Experiment_12gen_D05.fcs,cas_variant_gfp_off,AD_20240709_cas12a_all_PGK1plateC,D05,C2,,GFP_OFF,enAsCas12a,PGK1,SNR52,As_DR,,,,2,11_gen,6.4,no,Figure 1,GFP OFF Cas-variant time course,processed_data/GFP_OFF_vars_colonies_20260311.csv
cas12a_precision_editing_figure1_fcs.zip,1008200,04e81426a73e0eed9c27742ca6b0b7a2951e7928fbcee77db1fefc045ec39bae,True,AD_20240709_cas12a_all_PGK1plateC_Experiment_12gen_D06.fcs,cas_variant_gfp_off,AD_20240709_cas12a_all_PGK1plateC,D06,C6,,GFP_OFF,LbCas12a,PGK1,SNR52,As_DR,,,,2,11_gen,6.9,no,Figure 1,GFP OFF Cas-variant time course,processed_data/GFP_OFF_vars_colonies_20260311.csv
cas12a_precision_editing_figure1_fcs.zip,1008200,39d7df8c63e62f472ff377726f6a036b44999fadb7687263ca952eed7e3ff6c0,True,AD_20240709_cas12a_all_PGK1plateC_Experiment_12gen_E06.fcs,cas_variant_gfp_off,AD_20240709_cas12a_all_PGK1plateC,E06,C7,,GFP_OFF,AsCas12a,PGK1,SNR52,As_DR,,,,1,11_gen,6.9,no,Figure 1,GFP OFF Cas-variant time course,processed_data/GFP_OFF_vars_colonies_20260311.csv
cas12a_precision_editing_figure1_fcs.zip,1008200,eff96d1b342943382cc0b6691b0bd54b528669d5211a497c4fabef1ab2cc8aec,True,AD_20240709_cas12a_all_PGK1plateC_Experiment_12gen_F06.fcs,cas_variant_gfp_off,AD_20240709_cas12a_all_PGK1plateC,F06,C7,,GFP_OFF,AsCas12a,PGK1,SNR52,As_DR,,,,2,11_gen,7.1,no,Figure 1,GFP OFF Cas-variant time course,processed_data/GFP_OFF_vars_colonies_20260311.csv
cas12a_precision_editing_figure1_fcs.zip,1008200,038590396ba1f0924c65308e37b136ad5c32195104343e03a9abba6ee146a65c,True,VB_20241007_MbCas12a_PGK1_Experiment_T03_C3.fcs,cas_variant_gfp_off,VB_20241007_MbCas12a_PGK1,,C3,,GFP_OFF,MbCas12a,PGK1,SNR52,As_DR,,,,1,11_gen,12.06455656,No,Figure 1,GFP OFF Cas-variant time course,processed_data/GFP_OFF_vars_colonies_20260311.csv
cas12a_precision_editing_figure1_fcs.zip,1008200,2dc9c9eb1455eada253a2511b6ea099c0925e1ac97d2a66d137f427a7a332e34,True,VB_20241007_MbCas12a_PGK1_Experiment_T03_D3.fcs,cas_variant_gfp_off,VB_20241007_MbCas12a_PGK1,,D3,,GFP_OFF,MbCas12a,PGK1,SNR52,As_DR,,,,2,11_gen,11.84770171,No,Figure 1,GFP OFF Cas-variant time course,processed_data/GFP_OFF_vars_colonies_20260311.csv
cas12a_precision_editing_figure1_fcs.zip,1008200,c819185873e85e7527bf4da961a7fafb1e46f0c65cb8c0264eb77e56e61d3a73,True,AD20240516_plate2_gfpSNR52solliquid(1)_Experiment_day3_A08.fcs,cas_variant_gfp_off,AD20240516_plate2_gfpSNR52solliquid(1),A08,A5,,GFP_OFF,FnCas12a,TEF,SNR52,As_DR,,,,1,20_gen,9.8,no,Figure 1,GFP OFF Cas-variant time course,processed_data/GFP_OFF_vars_colonies_20260311.csv
cas12a_precision_editing_figure1_fcs.zip,1008200,70456de2cc27b0f96215a4d82cc031cc7f90306ea0f467089a60fa1bd1869304,True,AD20240516_plate2_gfpSNR52solliquid(1)_Experiment_day3_B08.fcs,cas_variant_gfp_off,AD20240516_plate2_gfpSNR52solliquid(1),B08,A5,,GFP_OFF,FnCas12a,TEF,SNR52,As_DR,,,,2,20_gen,9.8,no,Figure 1,GFP OFF Cas-variant time course,processed_data/GFP_OFF_vars_colonies_20260311.csv
cas12a_precision_editing_figure1_fcs.zip,1008200,f4ead70d5d80b22d5a3119c9b570a910de20a7549216b2a65d96773e3d20e605,True,AD20240516_plate2_gfpSNR52solliquid(1)_Experiment_day3_C07.fcs,cas_variant_gfp_off,AD20240516_plate2_gfpSNR52solliquid(1),C07,A2,,GFP_OFF,enAsCas12a,TEF,SNR52,As_DR,,,,1,20_gen,9.3,no,Figure 1,GFP OFF Cas-variant time course,processed_data/GFP_OFF_vars_colonies_20260311.csv
cas12a_precision_editing_figure1_fcs.zip,1008200,901b1fa6630c60f5f5168658e873e246ba588b48eee9abdca554b8a61d38de33,True,AD20240516_plate2_gfpSNR52solliquid(1)_Experiment_day3_C08.fcs,cas_variant_gfp_off,AD20240516_plate2_gfpSNR52solliquid(1),C08,A6,,GFP_OFF,LbCas12a,TEF,SNR52,As_DR,,,,1,20_gen,9.9,no,Figure 1,GFP OFF Cas-variant time course,processed_data/GFP_OFF_vars_colonies_20260311.csv
cas12a_precision_editing_figure1_fcs.zip,1008200,d346359f74bf1ce62807b229a5d138384c9c4df805c6b3f710cece3d3de2d3b8,True,AD20240516_plate2_gfpSNR52solliquid(1)_Experiment_day3_D07.fcs,cas_variant_gfp_off,AD20240516_plate2_gfpSNR52solliquid(1),D07,A2,,GFP_OFF,enAsCas12a,TEF,SNR52,As_DR,,,,2,20_gen,9.8,no,Figure 1,GFP OFF Cas-variant time course,processed_data/GFP_OFF_vars_colonies_20260311.csv
cas12a_precision_editing_figure1_fcs.zip,1008200,5228df5f1acc8481a7d1332d5fae9e3e6d4c0b360fd0d2bcca5bd603cdea965f,True,AD20240516_plate2_gfpSNR52solliquid(1)_Experiment_day3_D08.fcs,cas_variant_gfp_off,AD20240516_plate2_gfpSNR52solliquid(1),D08,A6,,GFP_OFF,LbCas12a,TEF,SNR52,As_DR,,,,2,20_gen,9.9,no,Figure 1,GFP OFF Cas-variant time course,processed_data/GFP_OFF_vars_colonies_20260311.csv
cas12a_precision_editing_figure1_fcs.zip,1008200,6ee6a2110bbc5ad0366b94fcf0d8bf655d55d1bfb6476c368b07aa4c1e83fa41,True,AD20240516_plate2_gfpSNR52solliquid(1)_Experiment_day3_E08.fcs,cas_variant_gfp_off,AD20240516_plate2_gfpSNR52solliquid(1),E08,A7,,GFP_OFF,AsCas12a,TEF,SNR52,As_DR,,,,1,20_gen,9.7,no,Figure 1,GFP OFF Cas-variant time course,processed_data/GFP_OFF_vars_colonies_20260311.csv
cas12a_precision_editing_figure1_fcs.zip,1008200,460b794dfaa9ae4649b951e54f56f39669d63c3c0714c4334cfe79b2ca0bb525,True,AD20240516_plate2_gfpSNR52solliquid(1)_Experiment_day3_F08.fcs,cas_variant_gfp_off,AD20240516_plate2_gfpSNR52solliquid(1),F08,A7,,GFP_OFF,AsCas12a,TEF,SNR52,As_DR,,,,2,20_gen,9.7,no,Figure 1,GFP OFF Cas-variant time course,processed_data/GFP_OFF_vars_colonies_20260311.csv
cas12a_precision_editing_figure1_fcs.zip,1008200,04b29ab3c0f81528fde9858dac23182b4b3267fe29ee6745a95e45daec6b83eb,True,AD20240516_plate2_gfpSNR52solliquid(1)_Experiment_day3_G08.fcs,cas_variant_gfp_off,AD20240516_plate2_gfpSNR52solliquid(1),G08,A8,,GFP_OFF,MbCas12a,TEF,SNR52,As_DR,,,,1,20_gen,9.8,no,Figure 1,GFP OFF Cas-variant time course,processed_data/GFP_OFF_vars_colonies_20260311.csv
cas12a_precision_editing_figure1_fcs.zip,1008200,f6e291beecb052278d4e5ee73e27f0abeda1e17cb876c1066b6724ef1e324e61,True,AD20240516_plate2_gfpSNR52solliquid(1)_Experiment_day3_H08.fcs,cas_variant_gfp_off,AD20240516_plate2_gfpSNR52solliquid(1),H08,A8,,GFP_OFF,MbCas12a,TEF,SNR52,As_DR,,,,2,20_gen,9.9,no,Figure 1,GFP OFF Cas-variant time course,processed_data/GFP_OFF_vars_colonies_20260311.csv
cas12a_precision_editing_figure1_fcs.zip,1008200,2d14cbdc23336f0928269ea157871a969fe3e44b609e9b027b348b7ce2ede2b6,True,AD_20240709_cas12a_all_PGK1plateC_Experiment_24gen_A08.fcs,cas_variant_gfp_off,AD_20240709_cas12a_all_PGK1plateC,A08,C5,,GFP_OFF,FnCas12a,PGK1,SNR52,As_DR,,,,1,20_gen,9.1,no,Figure 1,GFP OFF Cas-variant time course,processed_data/GFP_OFF_vars_colonies_20260311.csv
cas12a_precision_editing_figure1_fcs.zip,1008200,49e7d2b2502cb60769a967ac1b1469189fcd7fe7818c48228ca83f9b06f461ba,True,AD_20240709_cas12a_all_PGK1plateC_Experiment_24gen_B08.fcs,cas_variant_gfp_off,AD_20240709_cas12a_all_PGK1plateC,B08,C5,,GFP_OFF,FnCas12a,PGK1,SNR52,As_DR,,,,2,20_gen,9.2,no,Figure 1,GFP OFF Cas-variant time course,processed_data/GFP_OFF_vars_colonies_20260311.csv
cas12a_precision_editing_figure1_fcs.zip,1008200,7dca76b8482d283bb1de187fc74a36398ccc5c78ab4f8ca05f277948aaf7c492,True,AD_20240709_cas12a_all_PGK1plateC_Experiment_24gen_C07.fcs,cas_variant_gfp_off,AD_20240709_cas12a_all_PGK1plateC,C07,C2,,GFP_OFF,enAsCas12a,PGK1,SNR52,As_DR,,,,1,20_gen,9.6,no,Figure 1,GFP OFF Cas-variant time course,processed_data/GFP_OFF_vars_colonies_20260311.csv
cas12a_precision_editing_figure1_fcs.zip,1008200,d16dc182b346714c5c850884945b868b2b0cb0873ac662e41015b9dd089be45b,True,AD_20240709_cas12a_all_PGK1plateC_Experiment_24gen_C08.fcs,cas_variant_gfp_off,AD_20240709_cas12a_all_PGK1plateC,C08,C6,,GFP_OFF,LbCas12a,PGK1,SNR52,As_DR,,,,1,20_gen,9.3,no,Figure 1,GFP OFF Cas-variant time course,processed_data/GFP_OFF_vars_colonies_20260311.csv
cas12a_precision_editing_figure1_fcs.zip,1008200,9838aaae42b201998d983b7be75042402cc1c936ce83e99ac3d6beabddf36a5e,True,AD_20240709_cas12a_all_PGK1plateC_Experiment_24gen_D07.fcs,cas_variant_gfp_off,AD_20240709_cas12a_all_PGK1plateC,D07,C2,,GFP_OFF,enAsCas12a,PGK1,SNR52,As_DR,,,,2,20_gen,9.6,no,Figure 1,GFP OFF Cas-variant time course,processed_data/GFP_OFF_vars_colonies_20260311.csv
cas12a_precision_editing_figure1_fcs.zip,1008200,b62c446aa555722d41bba416f7db1cbd7a1b3676063bab7073a84dd1e926203d,True,AD_20240709_cas12a_all_PGK1plateC_Experiment_24gen_D08.fcs,cas_variant_gfp_off,AD_20240709_cas12a_all_PGK1plateC,D08,C6,,GFP_OFF,LbCas12a,PGK1,SNR52,As_DR,,,,2,20_gen,9.3,no,Figure 1,GFP OFF Cas-variant time course,processed_data/GFP_OFF_vars_colonies_20260311.csv
cas12a_precision_editing_figure1_fcs.zip,1008200,97973541592b965946e6a770705e293edfe7911b581c94e0c5a46024db38ea40,True,AD_20240709_cas12a_all_PGK1plateC_Experiment_24gen_E08.fcs,cas_variant_gfp_off,AD_20240709_cas12a_all_PGK1plateC,E08,C7,,GFP_OFF,AsCas12a,PGK1,SNR52,As_DR,,,,1,20_gen,9.3,no,Figure 1,GFP OFF Cas-variant time course,processed_data/GFP_OFF_vars_colonies_20260311.csv
cas12a_precision_editing_figure1_fcs.zip,1008200,671aacf7f4d4c4f9daff8187b604f247a9cd314b12f8fd7a780488cc1337e241,True,AD_20240709_cas12a_all_PGK1plateC_Experiment_24gen_F08.fcs,cas_variant_gfp_off,AD_20240709_cas12a_all_PGK1plateC,F08,C7,,GFP_OFF,AsCas12a,PGK1,SNR52,As_DR,,,,2,20_gen,9.4,no,Figure 1,GFP OFF Cas-variant time course,processed_data/GFP_OFF_vars_colonies_20260311.csv
cas12a_precision_editing_figure1_fcs.zip,1008200,4bfac89ef57b5007537c0ec2b2b2846a5ecafb9a1230a188dd632fb470fcb294,True,VB_20241007_MbCas12a_PGK1_Experiment_T04_C4.fcs,cas_variant_gfp_off,VB_20241007_MbCas12a_PGK1,,C4,,GFP_OFF,MbCas12a,PGK1,SNR52,As_DR,,,,1,20_gen,18.18349764,No,Figure 1,GFP OFF Cas-variant time course,processed_data/GFP_OFF_vars_colonies_20260311.csv
cas12a_precision_editing_figure1_fcs.zip,1008200,cef76e6bcf300a7fd8fad631baf4bae761d2e6628627063860b55cf6ae6e4288,True,VB_20241007_MbCas12a_PGK1_Experiment_T04_D4.fcs,cas_variant_gfp_off,VB_20241007_MbCas12a_PGK1,,D4,,GFP_OFF,MbCas12a,PGK1,SNR52,As_DR,,,,2,20_gen,18.04737405,No,Figure 1,GFP OFF Cas-variant time course,processed_data/GFP_OFF_vars_colonies_20260311.csv
cas12a_precision_editing_figure1_fcs.zip,1008200,72cc7afd59a5a39b782385572edb4bafad387e51f61153807b1e063ffa995a36,True,AD20240516_plate2_gfpSNR52solliquid(1)_Experiment_scrapedcells_and_day_1_A04.fcs,cas_variant_gfp_off,AD20240516_plate2_gfpSNR52solliquid(1),A04,A5,,GFP_OFF,FnCas12a,TEF,SNR52,As_DR,,,,1,6_gen,7.5,no,Figure 1,GFP OFF Cas-variant time course,processed_data/GFP_OFF_vars_colonies_20260311.csv
cas12a_precision_editing_figure1_fcs.zip,1008200,94858f4c06a7f2c9c3115c91d066d9817d53b58bde0eff5368d3e5436124261e,True,AD20240516_plate2_gfpSNR52solliquid(1)_Experiment_scrapedcells_and_day_1_B04.fcs,cas_variant_gfp_off,AD20240516_plate2_gfpSNR52solliquid(1),B04,A5,,GFP_OFF,FnCas12a,TEF,SNR52,As_DR,,,,2,6_gen,7.4,no,Figure 1,GFP OFF Cas-variant time course,processed_data/GFP_OFF_vars_colonies_20260311.csv
cas12a_precision_editing_figure1_fcs.zip,1008200,41cf234b245c0f8e683dc4bfa549af069b13e87890c354b71fef70cdbea8471e,True,AD20240516_plate2_gfpSNR52solliquid(1)_Experiment_scrapedcells_and_day_1_C03.fcs,cas_variant_gfp_off,AD20240516_plate2_gfpSNR52solliquid(1),C03,A2,,GFP_OFF,enAsCas12a,TEF,SNR52,As_DR,,,,1,6_gen,7.9,no,Figure 1,GFP OFF Cas-variant time course,processed_data/GFP_OFF_vars_colonies_20260311.csv
cas12a_precision_editing_figure1_fcs.zip,1008200,d7074e9af32b52e8043bfc430b3cd7b9864043f25ba2886c5a38d289fd7617e6,True,AD20240516_plate2_gfpSNR52solliquid(1)_Experiment_scrapedcells_and_day_1_C04.fcs,cas_variant_gfp_off,AD20240516_plate2_gfpSNR52solliquid(1),C04,A6,,GFP_OFF,LbCas12a,TEF,SNR52,As_DR,,,,1,6_gen,4.9,no,Figure 1,GFP OFF Cas-variant time course,processed_data/GFP_OFF_vars_colonies_20260311.csv
cas12a_precision_editing_figure1_fcs.zip,1008200,53dbbe424a1cecf42faa14ccce81738549320b4e3f9a1f3ae3291de5e7199990,True,AD20240516_plate2_gfpSNR52solliquid(1)_Experiment_scrapedcells_and_day_1_D03.fcs,cas_variant_gfp_off,AD20240516_plate2_gfpSNR52solliquid(1),D03,A2,,GFP_OFF,enAsCas12a,TEF,SNR52,As_DR,,,,2,6_gen,8.0,no,Figure 1,GFP OFF Cas-variant time course,processed_data/GFP_OFF_vars_colonies_20260311.csv
cas12a_precision_editing_figure1_fcs.zip,1008200,d6a4abcf766f2329f60faff66d3ea44d1b4958939aa46eb9dbed2b63c3efbf73,True,AD20240516_plate2_gfpSNR52solliquid(1)_Experiment_scrapedcells_and_day_1_D04.fcs,cas_variant_gfp_off,AD20240516_plate2_gfpSNR52solliquid(1),D04,A6,,GFP_OFF,LbCas12a,TEF,SNR52,As_DR,,,,2,6_gen,4.4,no,Figure 1,GFP OFF Cas-variant time course,processed_data/GFP_OFF_vars_colonies_20260311.csv
cas12a_precision_editing_figure1_fcs.zip,1008200,7bbedb4fb0e32c0599fbb7c0313dcccf3928574d7ff25aea22af346fccb8c894,True,AD20240516_plate2_gfpSNR52solliquid(1)_Experiment_scrapedcells_and_day_1_E04.fcs,cas_variant_gfp_off,AD20240516_plate2_gfpSNR52solliquid(1),E04,A7,,GFP_OFF,AsCas12a,TEF,SNR52,As_DR,,,,1,6_gen,4.8,no,Figure 1,GFP OFF Cas-variant time course,processed_data/GFP_OFF_vars_colonies_20260311.csv
cas12a_precision_editing_figure1_fcs.zip,1008200,e381e3370370234f1f3a77bb8f425ebbc6aa375ce46fd1a72bb6d2c569f49a30,True,AD20240516_plate2_gfpSNR52solliquid(1)_Experiment_scrapedcells_and_day_1_F04.fcs,cas_variant_gfp_off,AD20240516_plate2_gfpSNR52solliquid(1),F04,A7,,GFP_OFF,AsCas12a,TEF,SNR52,As_DR,,,,2,6_gen,4.7,no,Figure 1,GFP OFF Cas-variant time course,processed_data/GFP_OFF_vars_colonies_20260311.csv
cas12a_precision_editing_figure1_fcs.zip,1008200,a980bf6febe49a381b9a4195c69d239cb9031be1301ff4ff3a13cb61d7396448,True,AD20240516_plate2_gfpSNR52solliquid(1)_Experiment_scrapedcells_and_day_1_G04.fcs,cas_variant_gfp_off,AD20240516_plate2_gfpSNR52solliquid(1),G04,A8,,GFP_OFF,MbCas12a,TEF,SNR52,As_DR,,,,1,6_gen,5.0,no,Figure 1,GFP OFF Cas-variant time course,processed_data/GFP_OFF_vars_colonies_20260311.csv
cas12a_precision_editing_figure1_fcs.zip,1008200,a09ba049d623f01956dbad9b628aba5415ea565e100dd5e7f7e591c6ed74099e,True,AD20240516_plate2_gfpSNR52solliquid(1)_Experiment_scrapedcells_and_day_1_H04.fcs,cas_variant_gfp_off,AD20240516_plate2_gfpSNR52solliquid(1),H04,A8,,GFP_OFF,MbCas12a,TEF,SNR52,As_DR,,,,2,6_gen,4.9,no,Figure 1,GFP OFF Cas-variant time course,processed_data/GFP_OFF_vars_colonies_20260311.csv
cas12a_precision_editing_figure1_fcs.zip,1008200,81c213c4ea3bb4574c497fcd0e5b2669dee4019dbcbfbeec8f75f2ca88e71076,True,AD_20240709_cas12a_all_PGK1plateC_Experiment_scraped_cells_firstread_A04.fcs,cas_variant_gfp_off,AD_20240709_cas12a_all_PGK1plateC,A04,C5,,GFP_OFF,FnCas12a,PGK1,SNR52,As_DR,,,,1,6_gen,8.3,no,Figure 1,GFP OFF Cas-variant time course,processed_data/GFP_OFF_vars_colonies_20260311.csv
cas12a_precision_editing_figure1_fcs.zip,1008200,9b304c386caf4b092b88becb315568ff3b93d77ecc611f860299fab443083c58,True,AD_20240709_cas12a_all_PGK1plateC_Experiment_scraped_cells_firstread_B04.fcs,cas_variant_gfp_off,AD_20240709_cas12a_all_PGK1plateC,B04,C5,,GFP_OFF,FnCas12a,PGK1,SNR52,As_DR,,,,2,6_gen,8.0,no,Figure 1,GFP OFF Cas-variant time course,processed_data/GFP_OFF_vars_colonies_20260311.csv
cas12a_precision_editing_figure1_fcs.zip,1008200,5b4bc3564208c0164a71b0f2ff10fd75b5dc447818218fc89ae367203955d215,True,AD_20240709_cas12a_all_PGK1plateC_Experiment_scraped_cells_firstread_C03.fcs,cas_variant_gfp_off,AD_20240709_cas12a_all_PGK1plateC,C03,C2,,GFP_OFF,enAsCas12a,PGK1,SNR52,As_DR,,,,1,6_gen,7.1,no,Figure 1,GFP OFF Cas-variant time course,processed_data/GFP_OFF_vars_colonies_20260311.csv
cas12a_precision_editing_figure1_fcs.zip,1008200,7580a723b5c4fe6387ba836f58cae08f7b81b8e22f3285316ac76102caa4fcd4,True,AD_20240709_cas12a_all_PGK1plateC_Experiment_scraped_cells_firstread_C04.fcs,cas_variant_gfp_off,AD_20240709_cas12a_all_PGK1plateC,C04,C6,,GFP_OFF,LbCas12a,PGK1,SNR52,As_DR,,,,1,6_gen,4.7,no,Figure 1,GFP OFF Cas-variant time course,processed_data/GFP_OFF_vars_colonies_20260311.csv
cas12a_precision_editing_figure1_fcs.zip,1008200,d9c8db6a602720a51fd298675221bc5b79ba70d25af14af95f86a3a5b0bd9239,True,AD_20240709_cas12a_all_PGK1plateC_Experiment_scraped_cells_firstread_D03.fcs,cas_variant_gfp_off,AD_20240709_cas12a_all_PGK1plateC,D03,C2,,GFP_OFF,enAsCas12a,PGK1,SNR52,As_DR,,,,2,6_gen,7.1,no,Figure 1,GFP OFF Cas-variant time course,processed_data/GFP_OFF_vars_colonies_20260311.csv
cas12a_precision_editing_figure1_fcs.zip,1008200,d7b885bb2e3fa6fba99aa73d6a3051d6dd124588c7aeb0dc2c3a05273e3ab14f,True,AD_20240709_cas12a_all_PGK1plateC_Experiment_scraped_cells_firstread_D04.fcs,cas_variant_gfp_off,AD_20240709_cas12a_all_PGK1plateC,D04,C6,,GFP_OFF,LbCas12a,PGK1,SNR52,As_DR,,,,2,6_gen,4.8,no,Figure 1,GFP OFF Cas-variant time course,processed_data/GFP_OFF_vars_colonies_20260311.csv
cas12a_precision_editing_figure1_fcs.zip,1008200,d0ce721de8e096b1de7957ffa0567102d53fa2ce43d9846a5f011ee5b692b54e,True,AD_20240709_cas12a_all_PGK1plateC_Experiment_scraped_cells_firstread_E04.fcs,cas_variant_gfp_off,AD_20240709_cas12a_all_PGK1plateC,E04,C7,,GFP_OFF,AsCas12a,PGK1,SNR52,As_DR,,,,1,6_gen,5.0,no,Figure 1,GFP OFF Cas-variant time course,processed_data/GFP_OFF_vars_colonies_20260311.csv
cas12a_precision_editing_figure1_fcs.zip,1008200,906a802859d52cbbde5a72e8048d3e1ab2c35ad65a46f27bad06e2f2b83a4237,True,AD_20240709_cas12a_all_PGK1plateC_Experiment_scraped_cells_firstread_F04.fcs,cas_variant_gfp_off,AD_20240709_cas12a_all_PGK1plateC,F04,C7,,GFP_OFF,AsCas12a,PGK1,SNR52,As_DR,,,,2,6_gen,4.5,no,Figure 1,GFP OFF Cas-variant time course,processed_data/GFP_OFF_vars_colonies_20260311.csv
cas12a_precision_editing_figure1_fcs.zip,1008200,8ce0d8020f2eef462562b871172afd17fcba1666785d2eb03def52d9122ca775,True,VB_20241007_MbCas12a_PGK1_Experiment_T02_C2.fcs,cas_variant_gfp_off,VB_20241007_MbCas12a_PGK1,,C2,,GFP_OFF,MbCas12a,PGK1,SNR52,As_DR,,,,1,6_gen,4.155727282,No,Figure 1,GFP OFF Cas-variant time course,processed_data/GFP_OFF_vars_colonies_20260311.csv
cas12a_precision_editing_figure1_fcs.zip,1008200,acb43d182f0e4ce70b8eda372f45a2bb6c55b72ccca7e89d5f4665c65f3912d1,True,VB_20241007_MbCas12a_PGK1_Experiment_T02_D2.fcs,cas_variant_gfp_off,VB_20241007_MbCas12a_PGK1,,D2,,GFP_OFF,MbCas12a,PGK1,SNR52,As_DR,,,,2,6_gen,3.840796879,No,Figure 1,GFP OFF Cas-variant time course,processed_data/GFP_OFF_vars_colonies_20260311.csv
cas12a_precision_editing_figure1_fcs.zip,1008200,8d4008a8d8b44188a774fe4424ceb5a5c14795d23bd9f1dd05bc3a22fa28e7e0,True,AD20240516_plate2_gfpSNR52solliquid(1)_Experiment_scrapedcells_and_day_1_A02.fcs,cas_variant_gfp_off,AD20240516_plate2_gfpSNR52solliquid(1),A02,A5,,GFP_OFF,FnCas12a,TEF,SNR52,As_DR,,,,1,scraped,,no,Figure 1,GFP OFF Cas-variant time course,processed_data/GFP_OFF_vars_colonies_20260311.csv
cas12a_precision_editing_figure1_fcs.zip,1008200,3032983a0537ddb2ff072a1af943850bdf42e57b80b312b394ad376cab865beb,True,AD20240516_plate2_gfpSNR52solliquid(1)_Experiment_scrapedcells_and_day_1_B02.fcs,cas_variant_gfp_off,AD20240516_plate2_gfpSNR52solliquid(1),B02,A5,,GFP_OFF,FnCas12a,TEF,SNR52,As_DR,,,,2,scraped,,no,Figure 1,GFP OFF Cas-variant time course,processed_data/GFP_OFF_vars_colonies_20260311.csv
cas12a_precision_editing_figure1_fcs.zip,1008200,c5b70c07ce88054d46c818cbf55f6e2fadf9814e7450240a0ba362d670cf739a,True,AD20240516_plate2_gfpSNR52solliquid(1)_Experiment_scrapedcells_and_day_1_C01.fcs,cas_variant_gfp_off,AD20240516_plate2_gfpSNR52solliquid(1),C01,A2,,GFP_OFF,enAsCas12a,TEF,SNR52,As_DR,,,,1,scraped,,no,Figure 1,GFP OFF Cas-variant time course,processed_data/GFP_OFF_vars_colonies_20260311.csv
cas12a_precision_editing_figure1_fcs.zip,1008200,3997a9c74c5b8e664d4910cb6dc3220e27ee9530a6e49c40f346535faa41cafc,True,AD20240516_plate2_gfpSNR52solliquid(1)_Experiment_scrapedcells_and_day_1_C02.fcs,cas_variant_gfp_off,AD20240516_plate2_gfpSNR52solliquid(1),C02,A6,,GFP_OFF,LbCas12a,TEF,SNR52,As_DR,,,,1,scraped,,no,Figure 1,GFP OFF Cas-variant time course,processed_data/GFP_OFF_vars_colonies_20260311.csv
cas12a_precision_editing_figure1_fcs.zip,1008200,b1187f8c08ee40a6719af152625d6a09b6fe2bcbe3829879d72161e39761ccd1,True,AD20240516_plate2_gfpSNR52solliquid(1)_Experiment_scrapedcells_and_day_1_D01.fcs,cas_variant_gfp_off,AD20240516_plate2_gfpSNR52solliquid(1),D01,A2,,GFP_OFF,enAsCas12a,TEF,SNR52,As_DR,,,,2,scraped,,no,Figure 1,GFP OFF Cas-variant time course,processed_data/GFP_OFF_vars_colonies_20260311.csv
cas12a_precision_editing_figure1_fcs.zip,1008200,777ca05b442494e3dd34dc27de9e601fbc5ad5c2da67b3780ffd21add24ef5ad,True,AD20240516_plate2_gfpSNR52solliquid(1)_Experiment_scrapedcells_and_day_1_D02.fcs,cas_variant_gfp_off,AD20240516_plate2_gfpSNR52solliquid(1),D02,A6,,GFP_OFF,LbCas12a,TEF,SNR52,As_DR,,,,2,scraped,,no,Figure 1,GFP OFF Cas-variant time course,processed_data/GFP_OFF_vars_colonies_20260311.csv
cas12a_precision_editing_figure1_fcs.zip,1008200,f68f2192868e13d68ba82e6f28b29a1eacef1107074a5dbc3c18d63747058c85,True,AD20240516_plate2_gfpSNR52solliquid(1)_Experiment_scrapedcells_and_day_1_E02.fcs,cas_variant_gfp_off,AD20240516_plate2_gfpSNR52solliquid(1),E02,A7,,GFP_OFF,AsCas12a,TEF,SNR52,As_DR,,,,1,scraped,,no,Figure 1,GFP OFF Cas-variant time course,processed_data/GFP_OFF_vars_colonies_20260311.csv
cas12a_precision_editing_figure1_fcs.zip,1008200,d732c60abe623a89f3de720870f320adc444688fc08c09b54f78f55a07badffb,True,AD20240516_plate2_gfpSNR52solliquid(1)_Experiment_scrapedcells_and_day_1_F02.fcs,cas_variant_gfp_off,AD20240516_plate2_gfpSNR52solliquid(1),F02,A7,,GFP_OFF,AsCas12a,TEF,SNR52,As_DR,,,,2,scraped,,no,Figure 1,GFP OFF Cas-variant time course,processed_data/GFP_OFF_vars_colonies_20260311.csv
cas12a_precision_editing_figure1_fcs.zip,1008200,f4a04c36c09cdd77df9ebeb8ef3b7d6822d06db545374bc249519117624921bc,True,AD20240516_plate2_gfpSNR52solliquid(1)_Experiment_scrapedcells_and_day_1_G02.fcs,cas_variant_gfp_off,AD20240516_plate2_gfpSNR52solliquid(1),G02,A8,,GFP_OFF,MbCas12a,TEF,SNR52,As_DR,,,,1,scraped,,no,Figure 1,GFP OFF Cas-variant time course,processed_data/GFP_OFF_vars_colonies_20260311.csv
cas12a_precision_editing_figure1_fcs.zip,1008200,f88823587d6a3a3e81f93fcc3159a9a0ee1cd012a1cb7736120430b5740b2a5f,True,AD20240516_plate2_gfpSNR52solliquid(1)_Experiment_scrapedcells_and_day_1_H02.fcs,cas_variant_gfp_off,AD20240516_plate2_gfpSNR52solliquid(1),H02,A8,,GFP_OFF,MbCas12a,TEF,SNR52,As_DR,,,,2,scraped,,no,Figure 1,GFP OFF Cas-variant time course,processed_data/GFP_OFF_vars_colonies_20260311.csv
cas12a_precision_editing_figure1_fcs.zip,1008200,12f7c5833d223e0ebad4ba2005407c74636993d7b62aa3a95e14efbc55c9d7c1,True,AD_20240709_cas12a_all_PGK1plateC_Experiment_scraped_cells_firstread_A02.fcs,cas_variant_gfp_off,AD_20240709_cas12a_all_PGK1plateC,A02,C5,,GFP_OFF,FnCas12a,PGK1,SNR52,As_DR,,,,1,scraped,,no,Figure 1,GFP OFF Cas-variant time course,processed_data/GFP_OFF_vars_colonies_20260311.csv
cas12a_precision_editing_figure1_fcs.zip,1008200,7246c6cb067cd03f81ac8f42d3a2dd9868140e406a1670c612c4d7925146edac,True,AD_20240709_cas12a_all_PGK1plateC_Experiment_scraped_cells_firstread_B02.fcs,cas_variant_gfp_off,AD_20240709_cas12a_all_PGK1plateC,B02,C5,,GFP_OFF,FnCas12a,PGK1,SNR52,As_DR,,,,2,scraped,,no,Figure 1,GFP OFF Cas-variant time course,processed_data/GFP_OFF_vars_colonies_20260311.csv
cas12a_precision_editing_figure1_fcs.zip,1008200,17259f1f78bbc50a5189f94c54fd861d2dbbe9afaf7319f7fd0d79eee6466a37,True,AD_20240709_cas12a_all_PGK1plateC_Experiment_scraped_cells_firstread_C01.fcs,cas_variant_gfp_off,AD_20240709_cas12a_all_PGK1plateC,C01,C2,,GFP_OFF,enAsCas12a,PGK1,SNR52,As_DR,,,,1,scraped,,no,Figure 1,GFP OFF Cas-variant time course,processed_data/GFP_OFF_vars_colonies_20260311.csv
cas12a_precision_editing_figure1_fcs.zip,1008200,88dfd995142a53a150e47ad3e10d021d79677738cf9f6f7eaafcbb490db651f7,True,AD_20240709_cas12a_all_PGK1plateC_Experiment_scraped_cells_firstread_C02.fcs,cas_variant_gfp_off,AD_20240709_cas12a_all_PGK1plateC,C02,C6,,GFP_OFF,LbCas12a,PGK1,SNR52,As_DR,,,,1,scraped,,no,Figure 1,GFP OFF Cas-variant time course,processed_data/GFP_OFF_vars_colonies_20260311.csv
cas12a_precision_editing_figure1_fcs.zip,1008200,b114559a5f8b40413f1aa8dad948de6d78f598a2402cee0b8fe22593f6c8db09,True,AD_20240709_cas12a_all_PGK1plateC_Experiment_scraped_cells_firstread_D01.fcs,cas_variant_gfp_off,AD_20240709_cas12a_all_PGK1plateC,D01,C2,,GFP_OFF,enAsCas12a,PGK1,SNR52,As_DR,,,,2,scraped,,no,Figure 1,GFP OFF Cas-variant time course,processed_data/GFP_OFF_vars_colonies_20260311.csv
cas12a_precision_editing_figure1_fcs.zip,1008200,59517a166d60ebb1a6627239a47bb756fa40322f8d9d4f7a01da9855a81dd009,True,AD_20240709_cas12a_all_PGK1plateC_Experiment_scraped_cells_firstread_D02.fcs,cas_variant_gfp_off,AD_20240709_cas12a_all_PGK1plateC,D02,C6,,GFP_OFF,LbCas12a,PGK1,SNR52,As_DR,,,,2,scraped,,no,Figure 1,GFP OFF Cas-variant time course,processed_data/GFP_OFF_vars_colonies_20260311.csv
cas12a_precision_editing_figure1_fcs.zip,1008200,dc92e1ec30e4481025b9bb7734ff82a0bd2e149e894557ee3a96c52bf221b056,True,AD_20240709_cas12a_all_PGK1plateC_Experiment_scraped_cells_firstread_E02.fcs,cas_variant_gfp_off,AD_20240709_cas12a_all_PGK1plateC,E02,C7,,GFP_OFF,AsCas12a,PGK1,SNR52,As_DR,,,,1,scraped,,no,Figure 1,GFP OFF Cas-variant time course,processed_data/GFP_OFF_vars_colonies_20260311.csv
cas12a_precision_editing_figure1_fcs.zip,1008200,9ebb38fda7aa5a5e2f71764420f4a59e406cd3382ac63b8b0d233506fad31b1c,True,AD_20240709_cas12a_all_PGK1plateC_Experiment_scraped_cells_firstread_F02.fcs,cas_variant_gfp_off,AD_20240709_cas12a_all_PGK1plateC,F02,C7,,GFP_OFF,AsCas12a,PGK1,SNR52,As_DR,,,,2,scraped,,no,Figure 1,GFP OFF Cas-variant time course,processed_data/GFP_OFF_vars_colonies_20260311.csv
cas12a_precision_editing_figure1_fcs.zip,1008200,e8e998785e937db2cf4e46d770a102f9d69ac014b69e4d2f297e2707560d439f,True,VB_20241007_MbCas12a_PGK1_Experiment_T01_C1.fcs,cas_variant_gfp_off,VB_20241007_MbCas12a_PGK1,,C1,,GFP_OFF,MbCas12a,PGK1,SNR52,As_DR,,,,1,scraped,0.0,No,Figure 1,GFP OFF Cas-variant time course,processed_data/GFP_OFF_vars_colonies_20260311.csv
cas12a_precision_editing_figure1_fcs.zip,1008200,cc99d118e3be4fc5b874b66cdf6e84f751171a0e8c26cef131c1e93d45e6424b,True,VB_20241007_MbCas12a_PGK1_Experiment_T01_D1.fcs,cas_variant_gfp_off,VB_20241007_MbCas12a_PGK1,,D1,,GFP_OFF,MbCas12a,PGK1,SNR52,As_DR,,,,2,scraped,0.0,No,Figure 1,GFP OFF Cas-variant time course,processed_data/GFP_OFF_vars_colonies_20260311.csv
cas12a_precision_editing_figure1_fcs.zip,1008200,edbdb150f2c130c9c765ad861c282a1fb4d53c43b7f79474fea5da42f9b84d7b,True,VB_20240909_Cas_vars_Experiment_T03_PGK1_D1_E11.fcs,cas_variant_gfp_on,VB_20240909_Cas_vars,E11,T03_PGK1_D1,,GFP_ON,FnCas12a,PGK1,,As_DR,,A15,ys321,1,11_gen,17.05337611,No,Figure 1,GFP ON Cas-variant time course,processed_data/GFP_ON_vars_colonies_20260311.csv
cas12a_precision_editing_figure1_fcs.zip,1008200,a1f2dab5d43cb8c1dde0046020fc08151f9673d511f75d03089999a6fc3c3cbb,True,VB_20240909_Cas_vars_Experiment_T03_PGK1_D1_F11.fcs,cas_variant_gfp_on,VB_20240909_Cas_vars,F11,T03_PGK1_D1,,GFP_ON,LbCas12a,PGK1,,As_DR,,A15,ys322,1,11_gen,11.675449,No,Figure 1,GFP ON Cas-variant time course,processed_data/GFP_ON_vars_colonies_20260311.csv
cas12a_precision_editing_figure1_fcs.zip,943600,66a7a00dbb43dac131bae78b6c0097af5447b2bc74f443347c26087da935fcaf,True,VB_20240909_Cas_vars_Experiment_T03_PGK1_D1_G11.fcs,cas_variant_gfp_on,VB_20240909_Cas_vars,G11,T03_PGK1_D1,,GFP_ON,AsCas12a,PGK1,,As_DR,,A15,ys323,1,11_gen,14.42500604,No,Figure 1,GFP ON Cas-variant time course,processed_data/GFP_ON_vars_colonies_20260311.csv
cas12a_precision_editing_figure1_fcs.zip,1008200,1d36218342c694de07d94e2578e7426e7c74330cea9dc5f96c7c70f26d1419b3,True,VB_20240909_Cas_vars_Experiment_T03_PGK1_D2_E12.fcs,cas_variant_gfp_on,VB_20240909_Cas_vars,E12,T03_PGK1_D2,,GFP_ON,FnCas12a,PGK1,,As_DR,,A15,ys321,2,11_gen,16.89175333,No,Figure 1,GFP ON Cas-variant time course,processed_data/GFP_ON_vars_colonies_20260311.csv
cas12a_precision_editing_figure1_fcs.zip,1008200,4deec517f43b3512d34292dbe9f6614ed0ff7e552a853fceb5bee17ce3ca90a8,True,VB_20240909_Cas_vars_Experiment_T03_PGK1_D2_F12.fcs,cas_variant_gfp_on,VB_20240909_Cas_vars,F12,T03_PGK1_D2,,GFP_ON,LbCas12a,PGK1,,As_DR,,A15,ys322,2,11_gen,14.70043972,No,Figure 1,GFP ON Cas-variant time course,processed_data/GFP_ON_vars_colonies_20260311.csv
cas12a_precision_editing_figure1_fcs.zip,1008200,e3f14ad0f29dd1074263dbdffc488dd240ca976e0c7365b9632af29d00a9e6bd,True,VB_20240909_Cas_vars_Experiment_T03_PGK1_D2_G12.fcs,cas_variant_gfp_on,VB_20240909_Cas_vars,G12,T03_PGK1_D2,,GFP_ON,AsCas12a,PGK1,,As_DR,,A15,ys323,2,11_gen,13.99774403,No,Figure 1,GFP ON Cas-variant time course,processed_data/GFP_ON_vars_colonies_20260311.csv
cas12a_precision_editing_figure1_fcs.zip,1008200,c372917b6652df191c18bc22f29efd503da8c24c1e3452379648db28e3377a64,True,VB_20240909_Cas_vars_Experiment_T03_TEF_D1_E9.fcs,cas_variant_gfp_on,VB_20240909_Cas_vars,E9,T03_TEF_D1,,GFP_ON,FnCas12a,TEF,,As_DR,,A15,ys307,1,11_gen,17.33080486,No,Figure 1,GFP ON Cas-variant time course,processed_data/GFP_ON_vars_colonies_20260311.csv
cas12a_precision_editing_figure1_fcs.zip,1008200,58232ad94c710a90844e0f709d5e735a1440ee7a6853ddcf087b1c838ecf2360,True,VB_20240909_Cas_vars_Experiment_T03_TEF_D1_F9.fcs,cas_variant_gfp_on,VB_20240909_Cas_vars,F9,T03_TEF_D1,,GFP_ON,LbCas12a,TEF,,As_DR,,A15,ys308,1,11_gen,15.71304277,No,Figure 1,GFP ON Cas-variant time course,processed_data/GFP_ON_vars_colonies_20260311.csv
cas12a_precision_editing_figure1_fcs.zip,1008200,a8be56461ca45ba98b66a97cdbdf20dd5453d516fd2b1be87066fc770d847035,True,VB_20240909_Cas_vars_Experiment_T03_TEF_D1_G9.fcs,cas_variant_gfp_on,VB_20240909_Cas_vars,G9,T03_TEF_D1,,GFP_ON,AsCas12a,TEF,,As_DR,,A15,ys309,1,11_gen,15.93799167,No,Figure 1,GFP ON Cas-variant time course,processed_data/GFP_ON_vars_colonies_20260311.csv
cas12a_precision_editing_figure1_fcs.zip,1008200,511c6c613ca961886185945c8a76557dc10ecd3bec9700ff402bf0ef7870edbc,True,VB_20240909_Cas_vars_Experiment_T03_TEF_D1_H9.fcs,cas_variant_gfp_on,VB_20240909_Cas_vars,H9,T03_TEF_D1,,GFP_ON,MbCas12a,TEF,,As_DR,,A15,ys310,1,11_gen,16.20413093,No,Figure 1,GFP ON Cas-variant time course,processed_data/GFP_ON_vars_colonies_20260311.csv
cas12a_precision_editing_figure1_fcs.zip,1008200,e7d176fceb5faadeb190b128a4e651b7b91a687f2319a4a20f065ac787d0292f,True,VB_20240909_Cas_vars_Experiment_T03_TEF_D2_E10.fcs,cas_variant_gfp_on,VB_20240909_Cas_vars,E10,T03_TEF_D2,,GFP_ON,FnCas12a,TEF,,As_DR,,A15,ys307,2,11_gen,17.13764441,No,Figure 1,GFP ON Cas-variant time course,processed_data/GFP_ON_vars_colonies_20260311.csv
cas12a_precision_editing_figure1_fcs.zip,1008200,e3a539df94b6f371b48e182acae299094af1bc6d6ed4cdaa966abda3863dd779,True,VB_20240909_Cas_vars_Experiment_T03_TEF_D2_F10.fcs,cas_variant_gfp_on,VB_20240909_Cas_vars,F10,T03_TEF_D2,,GFP_ON,LbCas12a,TEF,,As_DR,,A15,ys308,2,11_gen,14.78796784,No,Figure 1,GFP ON Cas-variant time course,processed_data/GFP_ON_vars_colonies_20260311.csv
cas12a_precision_editing_figure1_fcs.zip,1008200,9cc55c05660bc6fc38b48293c9e4e309e84e185a963987675c5895507735b004,True,VB_20240909_Cas_vars_Experiment_T03_TEF_D2_G10.fcs,cas_variant_gfp_on,VB_20240909_Cas_vars,G10,T03_TEF_D2,,GFP_ON,AsCas12a,TEF,,As_DR,,A15,ys309,2,11_gen,15.03171499,No,Figure 1,GFP ON Cas-variant time course,processed_data/GFP_ON_vars_colonies_20260311.csv
cas12a_precision_editing_figure1_fcs.zip,1008200,89eef760f087e75f2bfe66015e36447d86c3cd1a17523bb90bef4c238b8fa9f2,True,VB_20240909_Cas_vars_Experiment_T03_TEF_D2_H10.fcs,cas_variant_gfp_on,VB_20240909_Cas_vars,H10,T03_TEF_D2,,GFP_ON,MbCas12a,TEF,,As_DR,,A15,ys310,2,11_gen,15.12605912,No,Figure 1,GFP ON Cas-variant time course,processed_data/GFP_ON_vars_colonies_20260311.csv
cas12a_precision_editing_figure1_fcs.zip,1008200,bb6157568427a614797a5a30fcd7f1681b9044cdbf0f8bf72501e5d3e84af9e1,True,VB_20240916_PGK1_proms_P2_Experiment_ys304_T03_A11.fcs,cas_variant_gfp_on,VB_20240916_PGK1_proms_P2,A11,ys304_T03,,GFP_ON,enAsCas12a,TEF,,As_DR,,A15,ys304,1,11_gen,13.29948279,No,Figure 1,GFP ON Cas-variant time course,processed_data/GFP_ON_vars_colonies_20260311.csv
cas12a_precision_editing_figure1_fcs.zip,1008200,53b058211aa94ac82138ec6fe2b59dbcc7b32c0641ac162ad47e5468e0488d8a,True,VB_20240916_PGK1_proms_P2_Experiment_ys304_T03_A12.fcs,cas_variant_gfp_on,VB_20240916_PGK1_proms_P2,A12,ys304_T03,,GFP_ON,enAsCas12a,TEF,,As_DR,,A15,ys304,2,11_gen,12.22612314,No,Figure 1,GFP ON Cas-variant time course,processed_data/GFP_ON_vars_colonies_20260311.csv
cas12a_precision_editing_figure1_fcs.zip,1008200,a019bc2ac61fc453492adf7a117b1315bd70ab09733a5e6e851933fdc8235668,True,VB_20240916_PGK1_proms_P2_Experiment_ys318_T03_C3.fcs,cas_variant_gfp_on,VB_20240916_PGK1_proms_P2,C3,ys318_T03,,GFP_ON,enAsCas12a,PGK1,SNR52,As_DR,,A15,ys318,1,11_gen,13.87897051,No,Figure 1,GFP ON Cas-variant time course; Guide-promoter comparison,processed_data/GFP_ON_vars_colonies_20260311.csv; processed_data/PGK1_proms_eff_colonies_20260311.csv
cas12a_precision_editing_figure1_fcs.zip,1008200,966d5ad033739a17cbb84ec520a9b13e597a1b142de9de2b50476c25ce459296,True,VB_20240916_PGK1_proms_P2_Experiment_ys318_T03_C4.fcs,cas_variant_gfp_on,VB_20240916_PGK1_proms_P2,C4,ys318_T03,,GFP_ON,enAsCas12a,PGK1,SNR52,As_DR,,A15,ys318,2,11_gen,12.60214209,No,Figure 1,GFP ON Cas-variant time course; Guide-promoter comparison,processed_data/GFP_ON_vars_colonies_20260311.csv; processed_data/PGK1_proms_eff_colonies_20260311.csv
cas12a_precision_editing_figure1_fcs.zip,1008200,6198a0a3d890907ed9b3de78443387e1283bd8764b5a798683a6199c47c1e327,True,VB_20241007_MbCas12a_PGK1_Experiment_T03_G3.fcs,cas_variant_gfp_on,VB_20241007_MbCas12a_PGK1,G3,T03,,GFP_ON,MbCas12a,PGK1,,As_DR,,A15,ys341,1,11_gen,14.16976511,No,Figure 1,GFP ON Cas-variant time course,processed_data/GFP_ON_vars_colonies_20260311.csv
cas12a_precision_editing_figure1_fcs.zip,1008200,96e228d323b78da562896ee1894f2436b1b32e564b20d7a28e063dd035642862,True,VB_20241007_MbCas12a_PGK1_Experiment_T03_H3.fcs,cas_variant_gfp_on,VB_20241007_MbCas12a_PGK1,H3,T03,,GFP_ON,MbCas12a,PGK1,,As_DR,,A15,ys341,2,11_gen,14.28026127,No,Figure 1,GFP ON Cas-variant time course,processed_data/GFP_ON_vars_colonies_20260311.csv
cas12a_precision_editing_figure1_fcs.zip,1008200,bba1111ca8f5f881407d62cc3b3b5c0473f14f891fec41cc5642f304b565f8db,True,VB_20240911_Cas_vars_P2_Experiment_T04_PGK1_D1_E3.fcs,cas_variant_gfp_on,VB_20240911_Cas_vars_P2,E3,T04_PGK1_D1,,GFP_ON,FnCas12a,PGK1,,As_DR,,A15,ys321,1,20_gen,23.80826362,No,Figure 1,GFP ON Cas-variant time course,processed_data/GFP_ON_vars_colonies_20260311.csv
cas12a_precision_editing_figure1_fcs.zip,1008200,a72ae966f7c2e216fdd8f46ed745e280ffa1270ea17b1016c5ed15d0b7554b8b,True,VB_20240911_Cas_vars_P2_Experiment_T04_PGK1_D1_F3.fcs,cas_variant_gfp_on,VB_20240911_Cas_vars_P2,F3,T04_PGK1_D1,,GFP_ON,LbCas12a,PGK1,,As_DR,,A15,ys322,1,20_gen,18.38694391,No,Figure 1,GFP ON Cas-variant time course,processed_data/GFP_ON_vars_colonies_20260311.csv
cas12a_precision_editing_figure1_fcs.zip,1008200,245410c6a1ca7e44b34fb9105d20d851e5c803e35fd63e8df87e0ac70fc3c4d1,True,VB_20240911_Cas_vars_P2_Experiment_T04_PGK1_D1_G3.fcs,cas_variant_gfp_on,VB_20240911_Cas_vars_P2,G3,T04_PGK1_D1,,GFP_ON,AsCas12a,PGK1,,As_DR,,A15,ys323,1,20_gen,21.30275029,No,Figure 1,GFP ON Cas-variant time course,processed_data/GFP_ON_vars_colonies_20260311.csv
cas12a_precision_editing_figure1_fcs.zip,1008200,c5d47d3b7c2510dc51c32a3f72304731af07e1742aba5e60b1763cb8f5d6b79a,True,VB_20240911_Cas_vars_P2_Experiment_T04_PGK1_D2_E4.fcs,cas_variant_gfp_on,VB_20240911_Cas_vars_P2,E4,T04_PGK1_D2,,GFP_ON,FnCas12a,PGK1,,As_DR,,A15,ys321,2,20_gen,22.75964979,No,Figure 1,GFP ON Cas-variant time course,processed_data/GFP_ON_vars_colonies_20260311.csv
cas12a_precision_editing_figure1_fcs.zip,1008200,3f392d1fef5aa3b8a7ee0d0df6e2188095e43c3f5c1e67ed6aa43743b3d83881,True,VB_20240911_Cas_vars_P2_Experiment_T04_PGK1_D2_F4.fcs,cas_variant_gfp_on,VB_20240911_Cas_vars_P2,F4,T04_PGK1_D2,,GFP_ON,LbCas12a,PGK1,,As_DR,,A15,ys322,2,20_gen,21.51806298,No,Figure 1,GFP ON Cas-variant time course,processed_data/GFP_ON_vars_colonies_20260311.csv
cas12a_precision_editing_figure1_fcs.zip,1008200,953a30b5fa58630efa2e9b2c2940799c357e9fa900335fd1e3390385574c4301,True,VB_20240911_Cas_vars_P2_Experiment_T04_PGK1_D2_G4.fcs,cas_variant_gfp_on,VB_20240911_Cas_vars_P2,G4,T04_PGK1_D2,,GFP_ON,AsCas12a,PGK1,,As_DR,,A15,ys323,2,20_gen,19.55845898,No,Figure 1,GFP ON Cas-variant time course,processed_data/GFP_ON_vars_colonies_20260311.csv
cas12a_precision_editing_figure1_fcs.zip,1008200,d057bbd06333efa2a2430b0ead8df8c6f5e7cc2c35120df2854c62f476f037da,True,VB_20240911_Cas_vars_P2_Experiment_T04_TEF_D1_E1.fcs,cas_variant_gfp_on,VB_20240911_Cas_vars_P2,E1,T04_TEF_D1,,GFP_ON,FnCas12a,TEF,,As_DR,,A15,ys307,1,20_gen,24.12781784,No,Figure 1,GFP ON Cas-variant time course,processed_data/GFP_ON_vars_colonies_20260311.csv
cas12a_precision_editing_figure1_fcs.zip,1008200,65bbee33c852588334fe7883ee4ba972b6aad29e6b0712e1cc760aed68165295,True,VB_20240911_Cas_vars_P2_Experiment_T04_TEF_D1_F1.fcs,cas_variant_gfp_on,VB_20240911_Cas_vars_P2,F1,T04_TEF_D1,,GFP_ON,LbCas12a,TEF,,As_DR,,A15,ys308,1,20_gen,21.52039769,No,Figure 1,GFP ON Cas-variant time course,processed_data/GFP_ON_vars_colonies_20260311.csv
cas12a_precision_editing_figure1_fcs.zip,1008200,7bd3d507419f632af86e8f4a1c4cb968c2f03d7ad7ccb77ddc4af2b337323916,True,VB_20240911_Cas_vars_P2_Experiment_T04_TEF_D1_G1.fcs,cas_variant_gfp_on,VB_20240911_Cas_vars_P2,G1,T04_TEF_D1,,GFP_ON,AsCas12a,TEF,,As_DR,,A15,ys309,1,20_gen,22.54680091,No,Figure 1,GFP ON Cas-variant time course,processed_data/GFP_ON_vars_colonies_20260311.csv
cas12a_precision_editing_figure1_fcs.zip,1008200,4ad402b9b82485ebefd155ad8ffb4d1c5f875c7fab6db4b16bf48a264b2561ef,True,VB_20240911_Cas_vars_P2_Experiment_T04_TEF_D1_H1.fcs,cas_variant_gfp_on,VB_20240911_Cas_vars_P2,H1,T04_TEF_D1,,GFP_ON,MbCas12a,TEF,,As_DR,,A15,ys310,1,20_gen,22.14898938,No,Figure 1,GFP ON Cas-variant time course,processed_data/GFP_ON_vars_colonies_20260311.csv
cas12a_precision_editing_figure1_fcs.zip,1008200,559f312c006188b5f28b937138536d41878178fdb30879f414fc26989c6ccc7e,True,VB_20240911_Cas_vars_P2_Experiment_T04_TEF_D2_E2.fcs,cas_variant_gfp_on,VB_20240911_Cas_vars_P2,E2,T04_TEF_D2,,GFP_ON,FnCas12a,TEF,,As_DR,,A15,ys307,2,20_gen,23.30756941,No,Figure 1,GFP ON Cas-variant time course,processed_data/GFP_ON_vars_colonies_20260311.csv
cas12a_precision_editing_figure1_fcs.zip,1008200,17dd14b21a699391b703abfefdce2497536049e40a0e97b752d34fbd468a89cf,True,VB_20240911_Cas_vars_P2_Experiment_T04_TEF_D2_F2.fcs,cas_variant_gfp_on,VB_20240911_Cas_vars_P2,F2,T04_TEF_D2,,GFP_ON,LbCas12a,TEF,,As_DR,,A15,ys308,2,20_gen,21.92547136,No,Figure 1,GFP ON Cas-variant time course,processed_data/GFP_ON_vars_colonies_20260311.csv
cas12a_precision_editing_figure1_fcs.zip,1008200,a33e6b43e2e450b76ee150a5feb58a78c06b6d044f373fd6ba780ea0e27aa806,True,VB_20240911_Cas_vars_P2_Experiment_T04_TEF_D2_G2.fcs,cas_variant_gfp_on,VB_20240911_Cas_vars_P2,G2,T04_TEF_D2,,GFP_ON,AsCas12a,TEF,,As_DR,,A15,ys309,2,20_gen,21.51714181,No,Figure 1,GFP ON Cas-variant time course,processed_data/GFP_ON_vars_colonies_20260311.csv
cas12a_precision_editing_figure1_fcs.zip,1008200,dadc79725d3d827baedc12fd4b8424d4b2fb066c5cb429fda330560f8cc2d560,True,VB_20240911_Cas_vars_P2_Experiment_T04_TEF_D2_H2.fcs,cas_variant_gfp_on,VB_20240911_Cas_vars_P2,H2,T04_TEF_D2,,GFP_ON,MbCas12a,TEF,,As_DR,,A15,ys310,2,20_gen,21.97405602,No,Figure 1,GFP ON Cas-variant time course,processed_data/GFP_ON_vars_colonies_20260311.csv
cas12a_precision_editing_figure1_fcs.zip,1008200,c1e408a58d27a08c74e13dbeebe669e6459953e1b93a2e2c181bd1f4ca3b6d33,True,VB_20240916_PGK1_proms_P2_Experiment_ys304_T04_C11.fcs,cas_variant_gfp_on,VB_20240916_PGK1_proms_P2,C11,ys304_T04,,GFP_ON,enAsCas12a,TEF,,As_DR,,A15,ys304,1,20_gen,22.81715218,No,Figure 1,GFP ON Cas-variant time course,processed_data/GFP_ON_vars_colonies_20260311.csv
cas12a_precision_editing_figure1_fcs.zip,1008200,26669d6b9a7385bdc0848385195cb38dccb5d4e7404d9ff248523c48d232b625,True,VB_20240916_PGK1_proms_P2_Experiment_ys304_T04_C12.fcs,cas_variant_gfp_on,VB_20240916_PGK1_proms_P2,C12,ys304_T04,,GFP_ON,enAsCas12a,TEF,,As_DR,,A15,ys304,2,20_gen,21.71997859,No,Figure 1,GFP ON Cas-variant time course,processed_data/GFP_ON_vars_colonies_20260311.csv
cas12a_precision_editing_figure1_fcs.zip,1008200,20d3515385d80c4c0c70e884f092243592695697146fd551ebf64d8ef4c5293f,True,VB_20240916_PGK1_proms_P2_Experiment_ys318_T04_G3.fcs,cas_variant_gfp_on,VB_20240916_PGK1_proms_P2,G3,ys318_T04,,GFP_ON,enAsCas12a,PGK1,SNR52,As_DR,,A15,ys318,1,20_gen,23.27557529,No,Figure 1,GFP ON Cas-variant time course; Guide-promoter comparison,processed_data/GFP_ON_vars_colonies_20260311.csv; processed_data/PGK1_proms_eff_colonies_20260311.csv
cas12a_precision_editing_figure1_fcs.zip,1008200,30eccd7f50a11ad98436e05b78f64f82ce5fa1825b90c1f65310bb846bb204d7,True,VB_20240916_PGK1_proms_P2_Experiment_ys318_T04_G4.fcs,cas_variant_gfp_on,VB_20240916_PGK1_proms_P2,G4,ys318_T04,,GFP_ON,enAsCas12a,PGK1,SNR52,As_DR,,A15,ys318,2,20_gen,21.62728165,No,Figure 1,GFP ON Cas-variant time course; Guide-promoter comparison,processed_data/GFP_ON_vars_colonies_20260311.csv; processed_data/PGK1_proms_eff_colonies_20260311.csv
cas12a_precision_editing_figure1_fcs.zip,1008200,1abc725cbac9096afa3b5c93c7375b8c3f3c48c1a11cda691f46c7ef98516bcd,True,VB_20241007_MbCas12a_PGK1_Experiment_T04_G4.fcs,cas_variant_gfp_on,VB_20241007_MbCas12a_PGK1,G4,T04,,GFP_ON,MbCas12a,PGK1,,As_DR,,A15,ys341,1,20_gen,20.62097622,No,Figure 1,GFP ON Cas-variant time course,processed_data/GFP_ON_vars_colonies_20260311.csv
cas12a_precision_editing_figure1_fcs.zip,1008200,38201d0958e1270e81fc1c434b6d4584a534aaa95b7396e59b1b91eb70582dd1,True,VB_20241007_MbCas12a_PGK1_Experiment_T04_H4.fcs,cas_variant_gfp_on,VB_20241007_MbCas12a_PGK1,H4,T04,,GFP_ON,MbCas12a,PGK1,,As_DR,,A15,ys341,2,20_gen,20.67257869,No,Figure 1,GFP ON Cas-variant time course,processed_data/GFP_ON_vars_colonies_20260311.csv
cas12a_precision_editing_figure1_fcs.zip,1008200,622bc358138df4f637f96fa5cd0f74f1e76ec901fc834d107dd9632320c9343d,True,VB_20240909_Cas_vars_Experiment_T02_PGK1_D1_E7.fcs,cas_variant_gfp_on,VB_20240909_Cas_vars,E7,T02_PGK1_D1,,GFP_ON,FnCas12a,PGK1,,As_DR,,A15,ys321,1,6_gen,7.478971805,No,Figure 1,GFP ON Cas-variant time course,processed_data/GFP_ON_vars_colonies_20260311.csv
cas12a_precision_editing_figure1_fcs.zip,1008200,29ca333d570640dfeab370fc500774f1cba4680adbec0264ffbd11145f824773,True,VB_20240909_Cas_vars_Experiment_T02_PGK1_D1_F7.fcs,cas_variant_gfp_on,VB_20240909_Cas_vars,F7,T02_PGK1_D1,,GFP_ON,LbCas12a,PGK1,,As_DR,,A15,ys322,1,6_gen,5.292781749,No,Figure 1,GFP ON Cas-variant time course,processed_data/GFP_ON_vars_colonies_20260311.csv
cas12a_precision_editing_figure1_fcs.zip,1008200,3b5e9a11f8b88f0beee64ecd961bd17230b854eb6569066518f908e500929161,True,VB_20240909_Cas_vars_Experiment_T02_PGK1_D1_G7.fcs,cas_variant_gfp_on,VB_20240909_Cas_vars,G7,T02_PGK1_D1,,GFP_ON,AsCas12a,PGK1,,As_DR,,A15,ys323,1,6_gen,4.807354922,No,Figure 1,GFP ON Cas-variant time course,processed_data/GFP_ON_vars_colonies_20260311.csv
cas12a_precision_editing_figure1_fcs.zip,1008200,3e6cb8cc55918a680e278a0179b67c93ce5053bad11aa7f05783a7fa312060b0,True,VB_20240909_Cas_vars_Experiment_T02_PGK1_D2_E8.fcs,cas_variant_gfp_on,VB_20240909_Cas_vars,E8,T02_PGK1_D2,,GFP_ON,FnCas12a,PGK1,,As_DR,,A15,ys321,2,6_gen,7.478971805,No,Figure 1,GFP ON Cas-variant time course,processed_data/GFP_ON_vars_colonies_20260311.csv
cas12a_precision_editing_figure1_fcs.zip,1008200,06b8503f71e058cf1c6336babc47da20b3114a57f935481c11b846e8eef05313,True,VB_20240909_Cas_vars_Experiment_T02_PGK1_D2_F8.fcs,cas_variant_gfp_on,VB_20240909_Cas_vars,F8,T02_PGK1_D2,,GFP_ON,LbCas12a,PGK1,,As_DR,,A15,ys322,2,6_gen,5.378511623,No,Figure 1,GFP ON Cas-variant time course,processed_data/GFP_ON_vars_colonies_20260311.csv
cas12a_precision_editing_figure1_fcs.zip,1008200,7ec39fe3bfb5d2c782d452bfd68f566484500d91112a49bf3de81a563eb04d6b,True,VB_20240909_Cas_vars_Experiment_T02_PGK1_D2_G8.fcs,cas_variant_gfp_on,VB_20240909_Cas_vars,G8,T02_PGK1_D2,,GFP_ON,AsCas12a,PGK1,,As_DR,,A15,ys323,2,6_gen,4.584962501,No,Figure 1,GFP ON Cas-variant time course,processed_data/GFP_ON_vars_colonies_20260311.csv
cas12a_precision_editing_figure1_fcs.zip,1008200,790a21c80e91c9f7d839056da719105b111539e3cbe841fc67bd07c2202527a4,True,VB_20240909_Cas_vars_Experiment_T02_TEF_D1_E5.fcs,cas_variant_gfp_on,VB_20240909_Cas_vars,E5,T02_TEF_D1,,GFP_ON,FnCas12a,TEF,,As_DR,,A15,ys307,1,6_gen,7.754887502,No,Figure 1,GFP ON Cas-variant time course,processed_data/GFP_ON_vars_colonies_20260311.csv
cas12a_precision_editing_figure1_fcs.zip,1008200,746e18ac69ef1f58d1a072fbb2822ae0251c674fbbcfca83acd840ed7e13666c,True,VB_20240909_Cas_vars_Experiment_T02_TEF_D1_F5.fcs,cas_variant_gfp_on,VB_20240909_Cas_vars,F5,T02_TEF_D1,,GFP_ON,LbCas12a,TEF,,As_DR,,A15,ys308,1,6_gen,6.459431619,No,Figure 1,GFP ON Cas-variant time course,processed_data/GFP_ON_vars_colonies_20260311.csv
cas12a_precision_editing_figure1_fcs.zip,1008200,cc8425b5961073133530285932714f29b0ede3450ec2c04f90d8f4d879e2b6dd,True,VB_20240909_Cas_vars_Experiment_T02_TEF_D1_G5.fcs,cas_variant_gfp_on,VB_20240909_Cas_vars,G5,T02_TEF_D1,,GFP_ON,AsCas12a,TEF,,As_DR,,A15,ys309,1,6_gen,6.776103988,No,Figure 1,GFP ON Cas-variant time course,processed_data/GFP_ON_vars_colonies_20260311.csv
cas12a_precision_editing_figure1_fcs.zip,1008200,cb6e03fe003273d8905aa2b5f591b61cc1de52ba212880d496cbead5c5d62106,True,VB_20240909_Cas_vars_Experiment_T02_TEF_D1_H5.fcs,cas_variant_gfp_on,VB_20240909_Cas_vars,H5,T02_TEF_D1,,GFP_ON,MbCas12a,TEF,,As_DR,,A15,ys310,1,6_gen,6.944858446,No,Figure 1,GFP ON Cas-variant time course,processed_data/GFP_ON_vars_colonies_20260311.csv
cas12a_precision_editing_figure1_fcs.zip,1008200,58da39a16e2a4e54f913e1b402ec08f64e1a4a8f0a4d462aeca536d8195f9aa2,True,VB_20240909_Cas_vars_Experiment_T02_TEF_D2_E6.fcs,cas_variant_gfp_on,VB_20240909_Cas_vars,E6,T02_TEF_D2,,GFP_ON,FnCas12a,TEF,,As_DR,,A15,ys307,2,6_gen,7.596935142,No,Figure 1,GFP ON Cas-variant time course,processed_data/GFP_ON_vars_colonies_20260311.csv
cas12a_precision_editing_figure1_fcs.zip,1008200,0689c914725e9e4dc8f0c35223ef0433a1340605d4dfb2d023466c339787df82,True,VB_20240909_Cas_vars_Experiment_T02_TEF_D2_F6.fcs,cas_variant_gfp_on,VB_20240909_Cas_vars,F6,T02_TEF_D2,,GFP_ON,LbCas12a,TEF,,As_DR,,A15,ys308,2,6_gen,5.40599236,No,Figure 1,GFP ON Cas-variant time course,processed_data/GFP_ON_vars_colonies_20260311.csv
cas12a_precision_editing_figure1_fcs.zip,1008200,9bfb0896b4a885aed55b9c7c85aea9532d7ec6a984247f9759552ca369fbe860,True,VB_20240909_Cas_vars_Experiment_T02_TEF_D2_G6.fcs,cas_variant_gfp_on,VB_20240909_Cas_vars,G6,T02_TEF_D2,,GFP_ON,AsCas12a,TEF,,As_DR,,A15,ys309,2,6_gen,5.608809243,No,Figure 1,GFP ON Cas-variant time course,processed_data/GFP_ON_vars_colonies_20260311.csv
cas12a_precision_editing_figure1_fcs.zip,1008200,a7d2e53d597aa1c0c057d5e75ad452f2371aed58891c77798a1bfc8504391153,True,VB_20240909_Cas_vars_Experiment_T02_TEF_D2_H6.fcs,cas_variant_gfp_on,VB_20240909_Cas_vars,H6,T02_TEF_D2,,GFP_ON,MbCas12a,TEF,,As_DR,,A15,ys310,2,6_gen,5.906890596,No,Figure 1,GFP ON Cas-variant time course,processed_data/GFP_ON_vars_colonies_20260311.csv
cas12a_precision_editing_figure1_fcs.zip,1008200,828246b15464720b50f1731f5f6e5f088426cfe8b39f1322dfb791e0c2d8175a,True,VB_20240916_PGK1_proms_Experiment_ys304_T02_C11.fcs,cas_variant_gfp_on,VB_20240916_PGK1_proms,C11,ys304_T02,,GFP_ON,enAsCas12a,TEF,,As_DR,,A15,ys304,1,6_gen,7.738767837,No,Figure 1,GFP ON Cas-variant time course,processed_data/GFP_ON_vars_colonies_20260311.csv
cas12a_precision_editing_figure1_fcs.zip,1008200,f0037df4582a63d3d0d08f309cc8c3fcc87d78c4ac622c03dc229238e5bd881c,True,VB_20240916_PGK1_proms_Experiment_ys304_T02_C12.fcs,cas_variant_gfp_on,VB_20240916_PGK1_proms,C12,ys304_T02,,GFP_ON,enAsCas12a,TEF,,As_DR,,A15,ys304,2,6_gen,7.300123725,No,Figure 1,GFP ON Cas-variant time course,processed_data/GFP_ON_vars_colonies_20260311.csv
cas12a_precision_editing_figure1_fcs.zip,1008200,54b339e4e921175133567f3092eabcc55346f4c38f7ef88d7d75d4c7b9f25655,True,VB_20240916_PGK1_proms_Experiment_ys318_T02_G3.fcs,cas_variant_gfp_on,VB_20240916_PGK1_proms,G3,ys318_T02,,GFP_ON,enAsCas12a,PGK1,SNR52,As_DR,,A15,ys318,1,6_gen,8.419538892,No,Figure 1,GFP ON Cas-variant time course; Guide-promoter comparison,processed_data/GFP_ON_vars_colonies_20260311.csv; processed_data/PGK1_proms_eff_colonies_20260311.csv
cas12a_precision_editing_figure1_fcs.zip,1008200,5fc14c45c7ab45549d36c2cb11dfb106c5d77e27ff0157e72b6a82881abfbdc1,True,VB_20240916_PGK1_proms_Experiment_ys318_T02_G4.fcs,cas_variant_gfp_on,VB_20240916_PGK1_proms,G4,ys318_T02,,GFP_ON,enAsCas12a,PGK1,SNR52,As_DR,,A15,ys318,2,6_gen,8.06608919,No,Figure 1,GFP ON Cas-variant time course; Guide-promoter comparison,processed_data/GFP_ON_vars_colonies_20260311.csv; processed_data/PGK1_proms_eff_colonies_20260311.csv
cas12a_precision_editing_figure1_fcs.zip,1008200,95948a184bece734a02eced43a9d924d74dd1b6ad6444c57eea45e11814e7b51,True,VB_20241007_MbCas12a_PGK1_Experiment_T02_G2.fcs,cas_variant_gfp_on,VB_20241007_MbCas12a_PGK1,G2,T02,,GFP_ON,MbCas12a,PGK1,,As_DR,,A15,ys341,1,6_gen,6.264785414,No,Figure 1,GFP ON Cas-variant time course,processed_data/GFP_ON_vars_colonies_20260311.csv
cas12a_precision_editing_figure1_fcs.zip,1008200,b05009689a3b2bd330851683639176171f70ba0c6827926fc0caa05fc31583c0,True,VB_20241007_MbCas12a_PGK1_Experiment_T02_H2.fcs,cas_variant_gfp_on,VB_20241007_MbCas12a_PGK1,H2,T02,,GFP_ON,MbCas12a,PGK1,,As_DR,,A15,ys341,2,6_gen,6.49848298,No,Figure 1,GFP ON Cas-variant time course,processed_data/GFP_ON_vars_colonies_20260311.csv
cas12a_precision_editing_figure1_fcs.zip,1008200,8bac632d9fee412bf5c59703282ac89e6164d714c51c772c65e2c7f4697396da,True,VB_20240909_Cas_vars_Experiment_T01_PGK1_D1_E3.fcs,cas_variant_gfp_on,VB_20240909_Cas_vars,E3,T01_PGK1_D1,,GFP_ON,FnCas12a,PGK1,,As_DR,,A15,ys321,1,scraped,0.0,No,Figure 1,GFP ON Cas-variant time course,processed_data/GFP_ON_vars_colonies_20260311.csv
cas12a_precision_editing_figure1_fcs.zip,1008200,b600af6a6aa1a78f7c5066bc441ddc76f45910482caa181005b4a9aad0263d96,True,VB_20240909_Cas_vars_Experiment_T01_PGK1_D1_F3.fcs,cas_variant_gfp_on,VB_20240909_Cas_vars,F3,T01_PGK1_D1,,GFP_ON,LbCas12a,PGK1,,As_DR,,A15,ys322,1,scraped,0.0,No,Figure 1,GFP ON Cas-variant time course,processed_data/GFP_ON_vars_colonies_20260311.csv
cas12a_precision_editing_figure1_fcs.zip,1008200,741ab0303478936689905fc82fcb60e4b5e2f2e70acc678240d0cf70e606c998,True,VB_20240909_Cas_vars_Experiment_T01_PGK1_D1_G3.fcs,cas_variant_gfp_on,VB_20240909_Cas_vars,G3,T01_PGK1_D1,,GFP_ON,AsCas12a,PGK1,,As_DR,,A15,ys323,1,scraped,0.0,No,Figure 1,GFP ON Cas-variant time course,processed_data/GFP_ON_vars_colonies_20260311.csv
cas12a_precision_editing_figure1_fcs.zip,1008200,05d0ed1ac9fff4b627b445a949a9829ef73f01db24ca148cab4afae844052b39,True,VB_20240909_Cas_vars_Experiment_T01_PGK1_D2_E4.fcs,cas_variant_gfp_on,VB_20240909_Cas_vars,E4,T01_PGK1_D2,,GFP_ON,FnCas12a,PGK1,,As_DR,,A15,ys321,2,scraped,0.0,No,Figure 1,GFP ON Cas-variant time course,processed_data/GFP_ON_vars_colonies_20260311.csv
cas12a_precision_editing_figure1_fcs.zip,1008200,446ebcb38b5d5aa202d719eb981bb9a5d4b3051afa7378b46e135c5f8ece2968,True,VB_20240909_Cas_vars_Experiment_T01_PGK1_D2_F4.fcs,cas_variant_gfp_on,VB_20240909_Cas_vars,F4,T01_PGK1_D2,,GFP_ON,LbCas12a,PGK1,,As_DR,,A15,ys322,2,scraped,0.0,No,Figure 1,GFP ON Cas-variant time course,processed_data/GFP_ON_vars_colonies_20260311.csv
cas12a_precision_editing_figure1_fcs.zip,1008200,b8e0b3a138a2da5be5b7edc2bcc27f11fabac9f37ce9b7d0131bd9cd61a25469,True,VB_20240909_Cas_vars_Experiment_T01_PGK1_D2_G4.fcs,cas_variant_gfp_on,VB_20240909_Cas_vars,G4,T01_PGK1_D2,,GFP_ON,AsCas12a,PGK1,,As_DR,,A15,ys323,2,scraped,0.0,No,Figure 1,GFP ON Cas-variant time course,processed_data/GFP_ON_vars_colonies_20260311.csv
cas12a_precision_editing_figure1_fcs.zip,1008200,b25756026e2262bcc761d2ff88be1661c16e072a76ca1ae49ad52156b79a52e7,True,VB_20240909_Cas_vars_Experiment_T01_TEF_D1_E1.fcs,cas_variant_gfp_on,VB_20240909_Cas_vars,E1,T01_TEF_D1,,GFP_ON,FnCas12a,TEF,SNR52,As_DR,,A15,ys307,1,scraped,0.0,No,Figure 1,GFP ON Cas-variant time course; GFP ON bridge-normalized direct-repeat viability,processed_data/DR_data_gfp_on_viability_bridge_normalized_20260512.csv; processed_data/GFP_ON_vars_colonies_20260311.csv
cas12a_precision_editing_figure1_fcs.zip,1008200,d01bd48211f4bf934509976c247598c9358663f3c50b1f70d8d3f0fa5575a49a,True,VB_20240909_Cas_vars_Experiment_T01_TEF_D1_F1.fcs,cas_variant_gfp_on,VB_20240909_Cas_vars,F1,T01_TEF_D1,,GFP_ON,LbCas12a,TEF,SNR52,As_DR,,A15,ys308,1,scraped,0.0,No,Figure 1,GFP ON Cas-variant time course; GFP ON bridge-normalized direct-repeat viability,processed_data/DR_data_gfp_on_viability_bridge_normalized_20260512.csv; processed_data/GFP_ON_vars_colonies_20260311.csv
cas12a_precision_editing_figure1_fcs.zip,1008200,4bb022e7cb6181faf38bd877a68b97b2b1bfed29c4a136100bcc0228859f9160,True,VB_20240909_Cas_vars_Experiment_T01_TEF_D1_G1.fcs,cas_variant_gfp_on,VB_20240909_Cas_vars,G1,T01_TEF_D1,,GFP_ON,AsCas12a,TEF,SNR52,As_DR,,A15,ys309,1,scraped,0.0,No,Figure 1,GFP ON Cas-variant time course; GFP ON bridge-normalized direct-repeat viability,processed_data/DR_data_gfp_on_viability_bridge_normalized_20260512.csv; processed_data/GFP_ON_vars_colonies_20260311.csv
cas12a_precision_editing_figure1_fcs.zip,1008200,41b0b5d4aec763ea3326c484efe52ac4c17ec770bb3a3d4f02b399151d116485,True,VB_20240909_Cas_vars_Experiment_T01_TEF_D1_H1.fcs,cas_variant_gfp_on,VB_20240909_Cas_vars,H1,T01_TEF_D1,,GFP_ON,MbCas12a,TEF,SNR52,As_DR,,A15,ys310,1,scraped,0.0,No,Figure 1,GFP ON Cas-variant time course; GFP ON bridge-normalized direct-repeat viability,processed_data/DR_data_gfp_on_viability_bridge_normalized_20260512.csv; processed_data/GFP_ON_vars_colonies_20260311.csv
cas12a_precision_editing_figure1_fcs.zip,1008200,c8096a2debb560580768aad71915a3791600a5109c5f8dd2dceac96fd99f0c29,True,VB_20240909_Cas_vars_Experiment_T01_TEF_D2_E2.fcs,cas_variant_gfp_on,VB_20240909_Cas_vars,E2,T01_TEF_D2,,GFP_ON,FnCas12a,TEF,SNR52,As_DR,,A15,ys307,2,scraped,0.0,No,Figure 1,GFP ON Cas-variant time course; GFP ON bridge-normalized direct-repeat viability,processed_data/DR_data_gfp_on_viability_bridge_normalized_20260512.csv; processed_data/GFP_ON_vars_colonies_20260311.csv
cas12a_precision_editing_figure1_fcs.zip,1008200,92f1f7e556116f9afe0e314e5fbb3d96de2c4102c51e120003b8484f6614615c,True,VB_20240909_Cas_vars_Experiment_T01_TEF_D2_F2.fcs,cas_variant_gfp_on,VB_20240909_Cas_vars,F2,T01_TEF_D2,,GFP_ON,LbCas12a,TEF,SNR52,As_DR,,A15,ys308,2,scraped,0.0,No,Figure 1,GFP ON Cas-variant time course; GFP ON bridge-normalized direct-repeat viability,processed_data/DR_data_gfp_on_viability_bridge_normalized_20260512.csv; processed_data/GFP_ON_vars_colonies_20260311.csv
cas12a_precision_editing_figure1_fcs.zip,1008200,a730883c108d862e2d65c369e3a73ab548bc0ebd82d24f99d61a298c093bdaef,True,VB_20240909_Cas_vars_Experiment_T01_TEF_D2_G2.fcs,cas_variant_gfp_on,VB_20240909_Cas_vars,G2,T01_TEF_D2,,GFP_ON,AsCas12a,TEF,SNR52,As_DR,,A15,ys309,2,scraped,0.0,No,Figure 1,GFP ON Cas-variant time course; GFP ON bridge-normalized direct-repeat viability,processed_data/DR_data_gfp_on_viability_bridge_normalized_20260512.csv; processed_data/GFP_ON_vars_colonies_20260311.csv
cas12a_precision_editing_figure1_fcs.zip,1008200,7ba59732f96727df0dfb8b07ba4d992d8af9c07c1cf8ff3dd2cb458aa0dc4e04,True,VB_20240909_Cas_vars_Experiment_T01_TEF_D2_H2.fcs,cas_variant_gfp_on,VB_20240909_Cas_vars,H2,T01_TEF_D2,,GFP_ON,MbCas12a,TEF,SNR52,As_DR,,A15,ys310,2,scraped,0.0,No,Figure 1,GFP ON Cas-variant time course; GFP ON bridge-normalized direct-repeat viability,processed_data/DR_data_gfp_on_viability_bridge_normalized_20260512.csv; processed_data/GFP_ON_vars_colonies_20260311.csv
cas12a_precision_editing_figure1_fcs.zip,1008200,a60c1972d50819e8a7cd86d9054a3528d8b63940315fc2dc18197a7a65ccb0df,True,VB_20240916_PGK1_proms_Experiment_ys304_T01_A11.fcs,cas_variant_gfp_on,VB_20240916_PGK1_proms,A11,ys304_T01,,GFP_ON,enAsCas12a,TEF,SNR52,As_DR,,A15,ys304,1,scraped,0.0,No,Figure 1,GFP ON Cas-variant time course; GFP ON bridge-normalized direct-repeat viability,processed_data/DR_data_gfp_on_viability_bridge_normalized_20260512.csv; processed_data/GFP_ON_vars_colonies_20260311.csv
cas12a_precision_editing_figure1_fcs.zip,1008200,1b3580effb759acfd711249c224dae8140a77949e5f161677fa856e8a176138f,True,VB_20240916_PGK1_proms_Experiment_ys304_T01_A12.fcs,cas_variant_gfp_on,VB_20240916_PGK1_proms,A12,ys304_T01,,GFP_ON,enAsCas12a,TEF,SNR52,As_DR,,A15,ys304,2,scraped,0.0,No,Figure 1,GFP ON Cas-variant time course; GFP ON bridge-normalized direct-repeat viability,processed_data/DR_data_gfp_on_viability_bridge_normalized_20260512.csv; processed_data/GFP_ON_vars_colonies_20260311.csv
cas12a_precision_editing_figure1_fcs.zip,1008200,93865bafb71ccb3bb5b13f188d7532ad65ab4e4942ec2c2d8b684811c54a1349,True,VB_20240916_PGK1_proms_Experiment_ys318_T01_C3.fcs,cas_variant_gfp_on,VB_20240916_PGK1_proms,C3,ys318_T01,,GFP_ON,enAsCas12a,PGK1,SNR52,As_DR,,A15,ys318,1,scraped,0.0,No,Figure 1,GFP ON Cas-variant time course; Guide-promoter comparison,processed_data/GFP_ON_vars_colonies_20260311.csv; processed_data/PGK1_proms_eff_colonies_20260311.csv
cas12a_precision_editing_figure1_fcs.zip,1008200,830d749e99498b2f2cf6fa0efc87a3cedc55cd0f1660c9c77b56c759709b5193,True,VB_20240916_PGK1_proms_Experiment_ys318_T01_C4.fcs,cas_variant_gfp_on,VB_20240916_PGK1_proms,C4,ys318_T01,,GFP_ON,enAsCas12a,PGK1,SNR52,As_DR,,A15,ys318,2,scraped,0.0,No,Figure 1,GFP ON Cas-variant time course; Guide-promoter comparison,processed_data/GFP_ON_vars_colonies_20260311.csv; processed_data/PGK1_proms_eff_colonies_20260311.csv
cas12a_precision_editing_figure1_fcs.zip,1008200,7bfa4c73c0029074386cd8a498bdd20d26210eab3ec32e2f1721e1120a7b5ce1,True,VB_20241007_MbCas12a_PGK1_Experiment_T01_G1.fcs,cas_variant_gfp_on,VB_20241007_MbCas12a_PGK1,G1,T01,,GFP_ON,MbCas12a,PGK1,,As_DR,,A15,ys341,1,scraped,0.0,No,Figure 1,GFP ON Cas-variant time course,processed_data/GFP_ON_vars_colonies_20260311.csv
cas12a_precision_editing_figure1_fcs.zip,1008200,864267f72de9cd5001b5cee5ea2436b9174c1e6af6a661c867453342d7967180,True,VB_20241007_MbCas12a_PGK1_Experiment_T01_H1.fcs,cas_variant_gfp_on,VB_20241007_MbCas12a_PGK1,H1,T01,,GFP_ON,MbCas12a,PGK1,,As_DR,,A15,ys341,2,scraped,0.0,No,Figure 1,GFP ON Cas-variant time course,processed_data/GFP_ON_vars_colonies_20260311.csv
cas12a_precision_editing_figure1_fcs.zip,1008200,6208b9911016967ebe73b5abde732fc36ebc6583fe27623e243952d60ed033ed,True,AD_20250121_cognate_DR_2_Experiment_Group_A01.fcs,direct_repeat_comparison,AD_20250121_cognate_DR_2,A01,ys85_A71,,GFP_OFF,enAsCas12a,TEF,syn1,As_DR,,A71,ys85,1,11_gen,11.8,no,Figure 1,GFP OFF direct-repeat comparison,processed_data/DR_data_processed_20260312.csv
cas12a_precision_editing_figure1_fcs.zip,1008200,7adf39f54f234b2c3f003b9eb4c15a65743db515d48eacaa36d2d3a2be116ba1,True,AD_20250121_cognate_DR_2_Experiment_Group_A03.fcs,direct_repeat_comparison,AD_20250121_cognate_DR_2,A03,ys88_A80,,GFP_OFF,FnCas12a,TEF,SNR52,cognate,,A80,ys88,1,11_gen,13.3,no,Figure 1,GFP OFF direct-repeat comparison,processed_data/DR_data_processed_20260312.csv
cas12a_precision_editing_figure1_fcs.zip,1008200,33a8556c3d5ddd9abd1910d7b072b2c2bf69628eca47b9e684d2673c403da71e,True,AD_20250121_cognate_DR_2_Experiment_Group_A04.fcs,direct_repeat_comparison,AD_20250121_cognate_DR_2,A04,ys89_p136,,GFP_OFF,LbCas12a,TEF,SNR52,As_DR,,p136,ys89,1,11_gen,11.6,no,Figure 1,GFP OFF direct-repeat comparison,processed_data/DR_data_processed_20260312.csv
cas12a_precision_editing_figure1_fcs.zip,1008200,05bb3322eda22afd2bdb709ffcf3598345877e1701f71d3d7af93882ec4f9279,True,AD_20250121_cognate_DR_2_Experiment_Group_A05.fcs,direct_repeat_comparison,AD_20250121_cognate_DR_2,A05,ys91_p136,,GFP_OFF,MbCas12a,TEF,SNR52,As_DR,,p136,ys91,1,11_gen,12.0,no,Figure 1,GFP OFF direct-repeat comparison,processed_data/DR_data_processed_20260312.csv
cas12a_precision_editing_figure1_fcs.zip,1008200,4f1ec98595a47e0190198940e04bc8c94f6069c763cb4ba922371413dc9127f9,True,AD_20250121_cognate_DR_2_Experiment_Group_B01.fcs,direct_repeat_comparison,AD_20250121_cognate_DR_2,B01,ys85_A71,,GFP_OFF,enAsCas12a,TEF,syn1,As_DR,,A71,ys85,2,11_gen,11.7,no,Figure 1,GFP OFF direct-repeat comparison,processed_data/DR_data_processed_20260312.csv
cas12a_precision_editing_figure1_fcs.zip,1008200,bf8763146d319e0932e560075f7802b1e100b37a2e3e7befc5d5fb693edc82b3,True,AD_20250121_cognate_DR_2_Experiment_Group_B03.fcs,direct_repeat_comparison,AD_20250121_cognate_DR_2,B03,ys88_A80,,GFP_OFF,FnCas12a,TEF,SNR52,cognate,,A80,ys88,2,11_gen,13.6,no,Figure 1,GFP OFF direct-repeat comparison,processed_data/DR_data_processed_20260312.csv
cas12a_precision_editing_figure1_fcs.zip,1008200,a3b930fbf8950eec8a30a5407556efaf1fc9b2f165ee2aef0a0f56bb50c2ea64,True,AD_20250121_cognate_DR_2_Experiment_Group_B04.fcs,direct_repeat_comparison,AD_20250121_cognate_DR_2,B04,ys89_p136,,GFP_OFF,LbCas12a,TEF,SNR52,As_DR,,p136,ys89,2,11_gen,11.4,no,Figure 1,GFP OFF direct-repeat comparison,processed_data/DR_data_processed_20260312.csv
cas12a_precision_editing_figure1_fcs.zip,1008200,bd3e82c8b867bfd381cae98582f3c9e33cfe935f97de7d089da74f1c56a8465f,True,AD_20250121_cognate_DR_2_Experiment_Group_B05.fcs,direct_repeat_comparison,AD_20250121_cognate_DR_2,B05,ys91_p136,,GFP_OFF,MbCas12a,TEF,SNR52,As_DR,,p136,ys91,2,11_gen,11.4,no,Figure 1,GFP OFF direct-repeat comparison,processed_data/DR_data_processed_20260312.csv
cas12a_precision_editing_figure1_fcs.zip,1008200,37045ea2eb7e3559e6dbf30a822a2e9c38174ef73a50dd60eb89a1af1a50d6c5,True,AD_20250121_cognate_DR_2_Experiment_Group_C03.fcs,direct_repeat_comparison,AD_20250121_cognate_DR_2,C03,ys88_A83,,GFP_OFF,FnCas12a,TEF,syn1,cognate,,A83,ys88,1,11_gen,12.1,no,Figure 1,GFP OFF direct-repeat comparison,processed_data/DR_data_processed_20260312.csv
cas12a_precision_editing_figure1_fcs.zip,1008200,94bcaa6a35e05d50ec8bdf14c048f5ac9e1a772cc3f8c594f3699fcbde8881dc,True,AD_20250121_cognate_DR_2_Experiment_Group_C04.fcs,direct_repeat_comparison,AD_20250121_cognate_DR_2,C04,ys90_A71,,GFP_OFF,AsCas12a,TEF,syn1,As_DR,,A71,ys90,1,11_gen,12.6,no,Figure 1,GFP OFF direct-repeat comparison,processed_data/DR_data_processed_20260312.csv
cas12a_precision_editing_figure1_fcs.zip,1008200,65b9c530edcf8b50c9f10ad46db832571baa8dd9f5e6009d0df09c2e0a4dc083,True,AD_20250121_cognate_DR_2_Experiment_Group_D03.fcs,direct_repeat_comparison,AD_20250121_cognate_DR_2,D03,ys88_A83,,GFP_OFF,FnCas12a,TEF,syn1,cognate,,A83,ys88,2,11_gen,11.6,no,Figure 1,GFP OFF direct-repeat comparison,processed_data/DR_data_processed_20260312.csv
cas12a_precision_editing_figure1_fcs.zip,1008200,eab16e49b92afec03f3621767605d8d5c796515d9e74ab834575f9da8a4ce97b,True,AD_20250121_cognate_DR_2_Experiment_Group_D04.fcs,direct_repeat_comparison,AD_20250121_cognate_DR_2,D04,ys90_A71,,GFP_OFF,AsCas12a,TEF,syn1,As_DR,,A71,ys90,2,11_gen,12.7,no,Figure 1,GFP OFF direct-repeat comparison,processed_data/DR_data_processed_20260312.csv
cas12a_precision_editing_figure1_fcs.zip,1008200,1b66ed7675ac983a4b977633b2e72760463d3cd73d1b7d2d0afdd5b706498f4a,True,AD_20250121_cognate_DR_2_Experiment_Group_E01.fcs,direct_repeat_comparison,AD_20250121_cognate_DR_2,E01,ys85_p136,,GFP_OFF,enAsCas12a,TEF,SNR52,As_DR,,p136,ys85,1,11_gen,13.0,no,Figure 1,GFP OFF direct-repeat comparison,processed_data/DR_data_processed_20260312.csv
cas12a_precision_editing_figure1_fcs.zip,1008200,9b9058a5e3d04cb545bdc0f6029962a5d53e151d878ce95720454319d87f8b13,True,AD_20250121_cognate_DR_2_Experiment_Group_E03.fcs,direct_repeat_comparison,AD_20250121_cognate_DR_2,E03,ys88_p136,,GFP_OFF,FnCas12a,TEF,SNR52,As_DR,,p136,ys88,1,11_gen,13.7,no,Figure 1,GFP OFF direct-repeat comparison,processed_data/DR_data_processed_20260312.csv
cas12a_precision_editing_figure1_fcs.zip,1008200,6eb612c67b818473ed7001d83ac3d7f65d255dd3f7633021eaf12a63f61666e3,True,AD_20250121_cognate_DR_2_Experiment_Group_E04.fcs,direct_repeat_comparison,AD_20250121_cognate_DR_2,E04,ys90_p136,,GFP_OFF,AsCas12a,TEF,SNR52,As_DR,,p136,ys90,1,11_gen,11.6,no,Figure 1,GFP OFF direct-repeat comparison,processed_data/DR_data_processed_20260312.csv
cas12a_precision_editing_figure1_fcs.zip,1008200,3ce7b1f589de8d23bbffa9b4aceb83913964f5440a83bdae90dda3c3e93d087c,True,AD_20250121_cognate_DR_2_Experiment_Group_F01.fcs,direct_repeat_comparison,AD_20250121_cognate_DR_2,F01,ys85_p136,,GFP_OFF,enAsCas12a,TEF,SNR52,As_DR,,p136,ys85,2,11_gen,13.7,no,Figure 1,GFP OFF direct-repeat comparison,processed_data/DR_data_processed_20260312.csv
cas12a_precision_editing_figure1_fcs.zip,1008200,580cf10f29c1a66cb020aa9fdaacb58dcb772d338c17820d274e60d49e40a594,True,AD_20250121_cognate_DR_2_Experiment_Group_F03.fcs,direct_repeat_comparison,AD_20250121_cognate_DR_2,F03,ys88_p136,,GFP_OFF,FnCas12a,TEF,SNR52,As_DR,,p136,ys88,2,11_gen,13.8,no,Figure 1,GFP OFF direct-repeat comparison,processed_data/DR_data_processed_20260312.csv
cas12a_precision_editing_figure1_fcs.zip,1008200,db047269e17cf0bbe6097c59ae0db68424f4da1f01cf7dbbfee306a834141da8,True,AD_20250121_cognate_DR_2_Experiment_Group_F04.fcs,direct_repeat_comparison,AD_20250121_cognate_DR_2,F04,ys90_p136,,GFP_OFF,AsCas12a,TEF,SNR52,As_DR,,p136,ys90,2,11_gen,11.9,no,Figure 1,GFP OFF direct-repeat comparison,processed_data/DR_data_processed_20260312.csv
cas12a_precision_editing_figure1_fcs.zip,1008200,977b2ec97e2ec492fc1fa11274f2ec4bc3523b0838cddb57c25b36c1652e942b,True,AD_20250121_cognate_DR_2_Experiment_Group_G03.fcs,direct_repeat_comparison,AD_20250121_cognate_DR_2,G03,ys89_A82,,GFP_OFF,LbCas12a,TEF,SNR52,cognate,,A82,ys89,1,11_gen,13.6,no,Figure 1,GFP OFF direct-repeat comparison,processed_data/DR_data_processed_20260312.csv
cas12a_precision_editing_figure1_fcs.zip,1008200,2a7874b76f049c475f297cb9de1cbdb17547db902866f282558bc8ab495126df,True,AD_20250121_cognate_DR_2_Experiment_Group_G04.fcs,direct_repeat_comparison,AD_20250121_cognate_DR_2,G04,ys91_A81,,GFP_OFF,MbCas12a,TEF,SNR52,cognate,,A81,ys91,1,11_gen,14.0,no,Figure 1,GFP OFF direct-repeat comparison,processed_data/DR_data_processed_20260312.csv
cas12a_precision_editing_figure1_fcs.zip,1008200,07fdd62ff898420734069421a4c4c5f4b9d48b27f7b7d8895150662882c7f50d,True,AD_20250121_cognate_DR_2_Experiment_Group_H03.fcs,direct_repeat_comparison,AD_20250121_cognate_DR_2,H03,ys89_A82,,GFP_OFF,LbCas12a,TEF,SNR52,cognate,,A82,ys89,2,11_gen,14.0,no,Figure 1,GFP OFF direct-repeat comparison,processed_data/DR_data_processed_20260312.csv
cas12a_precision_editing_figure1_fcs.zip,1008200,9be755417b58023ed594295a362d86120498d85218016b8900680bda75bbd93c,True,AD_20250121_cognate_DR_2_Experiment_Group_H04.fcs,direct_repeat_comparison,AD_20250121_cognate_DR_2,H04,ys91_A81,,GFP_OFF,MbCas12a,TEF,SNR52,cognate,,A81,ys91,2,11_gen,13.5,no,Figure 1,GFP OFF direct-repeat comparison,processed_data/DR_data_processed_20260312.csv
cas12a_precision_editing_figure1_fcs.zip,1008200,4cadcf2c6f8cb4b329288d7d9e08748d25f6633779b0ba6f43ead3d4458a261f,True,AD_20260429_TEF_cognate_Experiment_Group(1)_E02.fcs,direct_repeat_comparison,AD_20260429_TEF_cognate,E02,ys305_A115,,GFP_ON,LbCas12a(CO),TEF,SNR52,cognate,,A115,ys305,1,11_gen,14.2,no,Figure 1,GFP ON cognate direct-repeat kinetics,processed_data/DR_data_gfp_on_cognate_processed_20260506.csv
cas12a_precision_editing_figure1_fcs.zip,1008200,e489752605e03901601b3aff81602f7a643e83f854e9f957d202ac371b17757b,True,AD_20260429_TEF_cognate_Experiment_Group(1)_E03.fcs,direct_repeat_comparison,AD_20260429_TEF_cognate,E03,ys306_A113,,GFP_ON,FnCas12a(CO),TEF,SNR52,cognate,,A113,ys306,1,11_gen,15.1,no,Figure 1,GFP ON cognate direct-repeat kinetics,processed_data/DR_data_gfp_on_cognate_processed_20260506.csv
cas12a_precision_editing_figure1_fcs.zip,1008200,02ae7d135cdf46ccc4571e738c0be5a949cc0a9dffbc09ba3fa2105d6d6e7bbe,True,AD_20260429_TEF_cognate_Experiment_Group(1)_E04.fcs,direct_repeat_comparison,AD_20260429_TEF_cognate,E04,ys307_A113,,GFP_ON,FnCas12a,TEF,SNR52,cognate,,A113,ys307,1,11_gen,14.2,no,Figure 1,GFP ON cognate direct-repeat kinetics,processed_data/DR_data_gfp_on_cognate_processed_20260506.csv
cas12a_precision_editing_figure1_fcs.zip,1008200,4d96a08cc91f38ce56ed86f3f01bef1c85852d1100bc4fffbdb1e7a01263b652,True,AD_20260429_TEF_cognate_Experiment_Group(1)_E05.fcs,direct_repeat_comparison,AD_20260429_TEF_cognate,E05,ys308_A115,,GFP_ON,LbCas12a,TEF,SNR52,cognate,,A115,ys308,1,11_gen,14.3,no,Figure 1,GFP ON cognate direct-repeat kinetics,processed_data/DR_data_gfp_on_cognate_processed_20260506.csv
cas12a_precision_editing_figure1_fcs.zip,1008200,7a59df6eb9327fb15ad4b61d6ccec6dfc62d009b9a452ec9c49622f573e19446,True,AD_20260429_TEF_cognate_Experiment_Group(1)_E06.fcs,direct_repeat_comparison,AD_20260429_TEF_cognate,E06,ys310_A114,,GFP_ON,MbCas12a,TEF,SNR52,cognate,,A114,ys310,1,11_gen,13.7,no,Figure 1,GFP ON cognate direct-repeat kinetics,processed_data/DR_data_gfp_on_cognate_processed_20260506.csv
cas12a_precision_editing_figure1_fcs.zip,1008200,af6f16693b1261e93e4391f99ea8ccb94a786545bdeee8c61859a9ca828cfc79,True,AD_20260429_TEF_cognate_Experiment_Group(1)_F02.fcs,direct_repeat_comparison,AD_20260429_TEF_cognate,F02,ys305_A115,,GFP_ON,LbCas12a(CO),TEF,SNR52,cognate,,A115,ys305,2,11_gen,13.8,no,Figure 1,GFP ON cognate direct-repeat kinetics,processed_data/DR_data_gfp_on_cognate_processed_20260506.csv
cas12a_precision_editing_figure1_fcs.zip,1008200,594f703c0cf2bdb3004fd299f331a8e8848ddbdbbaf5d49e35b04e89e0b1d06f,True,AD_20260429_TEF_cognate_Experiment_Group(1)_F03.fcs,direct_repeat_comparison,AD_20260429_TEF_cognate,F03,ys306_A113,,GFP_ON,FnCas12a(CO),TEF,SNR52,cognate,,A113,ys306,2,11_gen,14.9,no,Figure 1,GFP ON cognate direct-repeat kinetics,processed_data/DR_data_gfp_on_cognate_processed_20260506.csv
cas12a_precision_editing_figure1_fcs.zip,1008200,14aae7d46967d543d370838c4a8ae518a4d58cac5f9183984d7ab62b3188c61e,True,AD_20260429_TEF_cognate_Experiment_Group(1)_F04.fcs,direct_repeat_comparison,AD_20260429_TEF_cognate,F04,ys307_A113,,GFP_ON,FnCas12a,TEF,SNR52,cognate,,A113,ys307,2,11_gen,14.6,no,Figure 1,GFP ON cognate direct-repeat kinetics,processed_data/DR_data_gfp_on_cognate_processed_20260506.csv
cas12a_precision_editing_figure1_fcs.zip,1008200,137755c8dc0eba3921b80af825e6dc4da329c3a86cc72bb5fb2183e1d86509ca,True,AD_20260429_TEF_cognate_Experiment_Group(1)_F05.fcs,direct_repeat_comparison,AD_20260429_TEF_cognate,F05,ys308_A115,,GFP_ON,LbCas12a,TEF,SNR52,cognate,,A115,ys308,2,11_gen,14.9,no,Figure 1,GFP ON cognate direct-repeat kinetics,processed_data/DR_data_gfp_on_cognate_processed_20260506.csv
cas12a_precision_editing_figure1_fcs.zip,1008200,e8bb9bca56735c4805e9766061ba42a64939154db72558334529948550b3e259,True,AD_20260429_TEF_cognate_Experiment_Group(1)_F06.fcs,direct_repeat_comparison,AD_20260429_TEF_cognate,F06,ys310_A114,,GFP_ON,MbCas12a,TEF,SNR52,cognate,,A114,ys310,2,11_gen,13.3,no,Figure 1,GFP ON cognate direct-repeat kinetics,processed_data/DR_data_gfp_on_cognate_processed_20260506.csv
cas12a_precision_editing_figure1_fcs.zip,1008200,af4d3c63a10cdffa574f2833a799b548270ab23fab2587ebe28a7bc2d3ce5e72,True,AD_20250121_cognate_DR_3_Experiment_Group_A06.fcs,direct_repeat_comparison,AD_20250121_cognate_DR_3,A06,ys85_A71,,GFP_OFF,enAsCas12a,TEF,syn1,As_DR,,A71,ys85,1,20_gen,18.6,no,Figure 1,GFP OFF direct-repeat comparison,processed_data/DR_data_processed_20260312.csv
cas12a_precision_editing_figure1_fcs.zip,1008200,43b1d2e16b32ab458ce2b73b4b829fd8a21afda688eeb118186e56c8938f2c5d,True,AD_20250121_cognate_DR_3_Experiment_Group_A08.fcs,direct_repeat_comparison,AD_20250121_cognate_DR_3,A08,ys88_A80,,GFP_OFF,FnCas12a,TEF,SNR52,cognate,,A80,ys88,1,20_gen,20.2,no,Figure 1,GFP OFF direct-repeat comparison,processed_data/DR_data_processed_20260312.csv
cas12a_precision_editing_figure1_fcs.zip,1008200,2ecd0df14db4a802499f29002f1cfe8ad25963c747e170da26124c52a878cfea,True,AD_20250121_cognate_DR_3_Experiment_Group_A10.fcs,direct_repeat_comparison,AD_20250121_cognate_DR_3,A10,ys89_p136,,GFP_OFF,LbCas12a,TEF,SNR52,As_DR,,p136,ys89,1,20_gen,17.7,no,Figure 1,GFP OFF direct-repeat comparison,processed_data/DR_data_processed_20260312.csv
cas12a_precision_editing_figure1_fcs.zip,1008200,c207b594c1ae32280f4982842d9b416a205fbd9076b5ad9152e0c5e0c6034119,True,AD_20250121_cognate_DR_3_Experiment_Group_A11.fcs,direct_repeat_comparison,AD_20250121_cognate_DR_3,A11,ys91_p136,,GFP_OFF,MbCas12a,TEF,SNR52,As_DR,,p136,ys91,1,20_gen,18.0,no,Figure 1,GFP OFF direct-repeat comparison,processed_data/DR_data_processed_20260312.csv
cas12a_precision_editing_figure1_fcs.zip,1008200,9276e3a42e5736edabbf0e1d2006b4f23f8dd8285e02fb59269cec7d9eaa5b71,True,AD_20250121_cognate_DR_3_Experiment_Group_B06.fcs,direct_repeat_comparison,AD_20250121_cognate_DR_3,B06,ys85_A71,,GFP_OFF,enAsCas12a,TEF,syn1,As_DR,,A71,ys85,2,20_gen,18.1,no,Figure 1,GFP OFF direct-repeat comparison,processed_data/DR_data_processed_20260312.csv
cas12a_precision_editing_figure1_fcs.zip,1008200,6bac3173a6080264be250f7c5cb4b6e3219ac43ca8d5a98fceb9fcacbcd53297,True,AD_20250121_cognate_DR_3_Experiment_Group_B08.fcs,direct_repeat_comparison,AD_20250121_cognate_DR_3,B08,ys88_A80,,GFP_OFF,FnCas12a,TEF,SNR52,cognate,,A80,ys88,2,20_gen,19.9,no,Figure 1,GFP OFF direct-repeat comparison,processed_data/DR_data_processed_20260312.csv
cas12a_precision_editing_figure1_fcs.zip,1008200,a2daf0cfc3e034b364cf875d969d183d1b5f057d93925176b7391e14e8be3fd3,True,AD_20250121_cognate_DR_3_Experiment_Group_B10.fcs,direct_repeat_comparison,AD_20250121_cognate_DR_3,B10,ys89_p136,,GFP_OFF,LbCas12a,TEF,SNR52,As_DR,,p136,ys89,2,20_gen,17.5,no,Figure 1,GFP OFF direct-repeat comparison,processed_data/DR_data_processed_20260312.csv
cas12a_precision_editing_figure1_fcs.zip,1008200,ce11324fbd531c022d4a60d4b5d98edbc47cd0f065130e2c286a5ccb5d0fe061,True,AD_20250121_cognate_DR_3_Experiment_Group_B11.fcs,direct_repeat_comparison,AD_20250121_cognate_DR_3,B11,ys91_p136,,GFP_OFF,MbCas12a,TEF,SNR52,As_DR,,p136,ys91,2,20_gen,17.1,no,Figure 1,GFP OFF direct-repeat comparison,processed_data/DR_data_processed_20260312.csv
cas12a_precision_editing_figure1_fcs.zip,1008200,23495b784e2fb9af7f7196e2b04105bb04b2f7bb2b1a9dfaf3b058585cfb3fe8,True,AD_20250121_cognate_DR_3_Experiment_Group_C08.fcs,direct_repeat_comparison,AD_20250121_cognate_DR_3,C08,ys88_A83,,GFP_OFF,FnCas12a,TEF,syn1,cognate,,A83,ys88,1,20_gen,18.2,no,Figure 1,GFP OFF direct-repeat comparison,processed_data/DR_data_processed_20260312.csv
cas12a_precision_editing_figure1_fcs.zip,1008200,93102d8a784074083ac2510a095a12a8185bab3ee2cb0c17e38afbced84695dc,True,AD_20250121_cognate_DR_3_Experiment_Group_C10.fcs,direct_repeat_comparison,AD_20250121_cognate_DR_3,C10,ys90_A71,,GFP_OFF,AsCas12a,TEF,syn1,As_DR,,A71,ys90,1,20_gen,18.6,no,Figure 1,GFP OFF direct-repeat comparison,processed_data/DR_data_processed_20260312.csv
cas12a_precision_editing_figure1_fcs.zip,1008200,107e2749492dd561e749da7156f07f38bea24544e5fd9cfde62f86205f02996b,True,AD_20250121_cognate_DR_3_Experiment_Group_D08.fcs,direct_repeat_comparison,AD_20250121_cognate_DR_3,D08,ys88_A83,,GFP_OFF,FnCas12a,TEF,syn1,cognate,,A83,ys88,2,20_gen,17.9,no,Figure 1,GFP OFF direct-repeat comparison,processed_data/DR_data_processed_20260312.csv
cas12a_precision_editing_figure1_fcs.zip,1008200,09bbeb54ca414a6b109feb816621e2cb6353f08106496ac05844ac05e76af479,True,AD_20250121_cognate_DR_3_Experiment_Group_D10.fcs,direct_repeat_comparison,AD_20250121_cognate_DR_3,D10,ys90_A71,,GFP_OFF,AsCas12a,TEF,syn1,As_DR,,A71,ys90,2,20_gen,18.8,no,Figure 1,GFP OFF direct-repeat comparison,processed_data/DR_data_processed_20260312.csv
cas12a_precision_editing_figure1_fcs.zip,1008200,9e86c75cd292d508108b28cd58563a8fa30a650c9394fe520702b77f5be0f420,True,AD_20250121_cognate_DR_3_Experiment_Group_E06.fcs,direct_repeat_comparison,AD_20250121_cognate_DR_3,E06,ys85_p136,,GFP_OFF,enAsCas12a,TEF,SNR52,As_DR,,p136,ys85,1,20_gen,20.2,no,Figure 1,GFP OFF direct-repeat comparison,processed_data/DR_data_processed_20260312.csv
cas12a_precision_editing_figure1_fcs.zip,1008200,8b622ed2e27262d7d0c96e603a0f81a1c2fcf4ae5a4233e8e146e9f519fe2d78,True,AD_20250121_cognate_DR_3_Experiment_Group_E08.fcs,direct_repeat_comparison,AD_20250121_cognate_DR_3,E08,ys88_p136,,GFP_OFF,FnCas12a,TEF,SNR52,As_DR,,p136,ys88,1,20_gen,19.9,no,Figure 1,GFP OFF direct-repeat comparison,processed_data/DR_data_processed_20260312.csv
cas12a_precision_editing_figure1_fcs.zip,1008200,2dc6518a373a7ea94629fe031f386d975bada46bceb8634b15a7d133d62dd808,True,AD_20250121_cognate_DR_3_Experiment_Group_E10.fcs,direct_repeat_comparison,AD_20250121_cognate_DR_3,E10,ys90_p136,,GFP_OFF,AsCas12a,TEF,SNR52,As_DR,,p136,ys90,1,20_gen,17.4,no,Figure 1,GFP OFF direct-repeat comparison,processed_data/DR_data_processed_20260312.csv
cas12a_precision_editing_figure1_fcs.zip,1008200,da7e769ff9cec3e81316081718f1a5577278dc70badbd09fea8871cb2aabd6e5,True,AD_20250121_cognate_DR_3_Experiment_Group_F06.fcs,direct_repeat_comparison,AD_20250121_cognate_DR_3,F06,ys85_p136,,GFP_OFF,enAsCas12a,TEF,SNR52,As_DR,,p136,ys85,2,20_gen,20.5,no,Figure 1,GFP OFF direct-repeat comparison,processed_data/DR_data_processed_20260312.csv
cas12a_precision_editing_figure1_fcs.zip,1008200,5a5a6f8eb4bd50ecbed8e3a457b4fee65ef1076198dc36bfe76c8d26171d9d8a,True,AD_20250121_cognate_DR_3_Experiment_Group_F08.fcs,direct_repeat_comparison,AD_20250121_cognate_DR_3,F08,ys88_p136,,GFP_OFF,FnCas12a,TEF,SNR52,As_DR,,p136,ys88,2,20_gen,19.8,no,Figure 1,GFP OFF direct-repeat comparison,processed_data/DR_data_processed_20260312.csv
cas12a_precision_editing_figure1_fcs.zip,1008200,dda2f8715b04434e5f27c1e75e36e291d7784471b2992176a3f3a9d0c451325a,True,AD_20250121_cognate_DR_3_Experiment_Group_F10.fcs,direct_repeat_comparison,AD_20250121_cognate_DR_3,F10,ys90_p136,,GFP_OFF,AsCas12a,TEF,SNR52,As_DR,,p136,ys90,2,20_gen,17.4,no,Figure 1,GFP OFF direct-repeat comparison,processed_data/DR_data_processed_20260312.csv
cas12a_precision_editing_figure1_fcs.zip,1008200,29e55cef2fda569df0d1556f5df92bb7fad77e536e83e0ea5f8938a7b0828a63,True,AD_20250121_cognate_DR_3_Experiment_Group_G08.fcs,direct_repeat_comparison,AD_20250121_cognate_DR_3,G08,ys89_A82,,GFP_OFF,LbCas12a,TEF,SNR52,cognate,,A82,ys89,1,20_gen,20.3,no,Figure 1,GFP OFF direct-repeat comparison,processed_data/DR_data_processed_20260312.csv
cas12a_precision_editing_figure1_fcs.zip,1008200,dbc808f2428b08b48809efa18aa2258871633a2b163a6ba08e1697c5596f1504,True,AD_20250121_cognate_DR_3_Experiment_Group_G10.fcs,direct_repeat_comparison,AD_20250121_cognate_DR_3,G10,ys91_A81,,GFP_OFF,MbCas12a,TEF,SNR52,cognate,,A81,ys91,1,20_gen,19.8,no,Figure 1,GFP OFF direct-repeat comparison,processed_data/DR_data_processed_20260312.csv
cas12a_precision_editing_figure1_fcs.zip,1008200,7cddcde3d8080a4681b8296be84f6affc7a0caa154ddbd19691212a75d918835,True,AD_20250121_cognate_DR_3_Experiment_Group_H08.fcs,direct_repeat_comparison,AD_20250121_cognate_DR_3,H08,ys89_A82,,GFP_OFF,LbCas12a,TEF,SNR52,cognate,,A82,ys89,2,20_gen,20.3,no,Figure 1,GFP OFF direct-repeat comparison,processed_data/DR_data_processed_20260312.csv
cas12a_precision_editing_figure1_fcs.zip,1008200,a1c423cea1e48ec39c3179f91612b06ee51bba32bab7aa39b56f08619d135408,True,AD_20250121_cognate_DR_3_Experiment_Group_H10.fcs,direct_repeat_comparison,AD_20250121_cognate_DR_3,H10,ys91_A81,,GFP_OFF,MbCas12a,TEF,SNR52,cognate,,A81,ys91,2,20_gen,19.9,no,Figure 1,GFP OFF direct-repeat comparison,processed_data/DR_data_processed_20260312.csv
cas12a_precision_editing_figure1_fcs.zip,1008200,97639c6957d6bbd927398a3dd1ab98a4885370282047c8fa863f093209175a49,True,AD_20260429_TEF_cognate_Experiment_last timepoint_G02.fcs,direct_repeat_comparison,AD_20260429_TEF_cognate,G02,ys305_A115,,GFP_ON,LbCas12a(CO),TEF,SNR52,cognate,,A115,ys305,1,20_gen,23.2,no,Figure 1,GFP ON cognate direct-repeat kinetics,processed_data/DR_data_gfp_on_cognate_processed_20260506.csv
cas12a_precision_editing_figure1_fcs.zip,1008200,885ae4a788f29972f5e4b2dc4fb9bd20cb51b45b12c4dd1ac2db5d4bab2a4105,True,AD_20260429_TEF_cognate_Experiment_last timepoint_G03.fcs,direct_repeat_comparison,AD_20260429_TEF_cognate,G03,ys306_A113,,GFP_ON,FnCas12a(CO),TEF,SNR52,cognate,,A113,ys306,1,20_gen,24.0,no,Figure 1,GFP ON cognate direct-repeat kinetics,processed_data/DR_data_gfp_on_cognate_processed_20260506.csv
cas12a_precision_editing_figure1_fcs.zip,1008200,461db787d572a90863a8e797388dc6c360277ed6f8d756a18b66b92dc1de9b2a,True,AD_20260429_TEF_cognate_Experiment_last timepoint_G04.fcs,direct_repeat_comparison,AD_20260429_TEF_cognate,G04,ys307_A113,,GFP_ON,FnCas12a,TEF,SNR52,cognate,,A113,ys307,1,20_gen,23.1,no,Figure 1,GFP ON cognate direct-repeat kinetics,processed_data/DR_data_gfp_on_cognate_processed_20260506.csv
cas12a_precision_editing_figure1_fcs.zip,1008200,f35c7aa4dd62776006dadb2c39b76d6a9d1d1f28c4cb59a84882e9cf619cb216,True,AD_20260429_TEF_cognate_Experiment_last timepoint_G05.fcs,direct_repeat_comparison,AD_20260429_TEF_cognate,G05,ys308_A115,,GFP_ON,LbCas12a,TEF,SNR52,cognate,,A115,ys308,1,20_gen,23.3,no,Figure 1,GFP ON cognate direct-repeat kinetics,processed_data/DR_data_gfp_on_cognate_processed_20260506.csv
cas12a_precision_editing_figure1_fcs.zip,1008200,d0fcb68ac0ffe1622c8212fc35271198a9ddc36a50d16ffcca91b1187d31c62a,True,AD_20260429_TEF_cognate_Experiment_last timepoint_G06.fcs,direct_repeat_comparison,AD_20260429_TEF_cognate,G06,ys310_A114,,GFP_ON,MbCas12a,TEF,SNR52,cognate,,A114,ys310,1,20_gen,22.7,no,Figure 1,GFP ON cognate direct-repeat kinetics,processed_data/DR_data_gfp_on_cognate_processed_20260506.csv
cas12a_precision_editing_figure1_fcs.zip,1008200,bf0d7a0b3081a0398a8985468c0bf5dc0a9154298db9468bf8a6ae7a81977222,True,AD_20260429_TEF_cognate_Experiment_last timepoint_H02.fcs,direct_repeat_comparison,AD_20260429_TEF_cognate,H02,ys305_A115,,GFP_ON,LbCas12a(CO),TEF,SNR52,cognate,,A115,ys305,2,20_gen,22.8,no,Figure 1,GFP ON cognate direct-repeat kinetics,processed_data/DR_data_gfp_on_cognate_processed_20260506.csv
cas12a_precision_editing_figure1_fcs.zip,1008200,b40f77272b20e71b2dbedbdd05181bea9d66a66ba99ff4479bd62715f4c5d773,True,AD_20260429_TEF_cognate_Experiment_last timepoint_H03.fcs,direct_repeat_comparison,AD_20260429_TEF_cognate,H03,ys306_A113,,GFP_ON,FnCas12a(CO),TEF,SNR52,cognate,,A113,ys306,2,20_gen,23.7,no,Figure 1,GFP ON cognate direct-repeat kinetics,processed_data/DR_data_gfp_on_cognate_processed_20260506.csv
cas12a_precision_editing_figure1_fcs.zip,1008200,db947a8ec68e77efaaa5214ff15790ad5df886dd7f9cadfdf668179db97f945c,True,AD_20260429_TEF_cognate_Experiment_last timepoint_H04.fcs,direct_repeat_comparison,AD_20260429_TEF_cognate,H04,ys307_A113,,GFP_ON,FnCas12a,TEF,SNR52,cognate,,A113,ys307,2,20_gen,23.3,no,Figure 1,GFP ON cognate direct-repeat kinetics,processed_data/DR_data_gfp_on_cognate_processed_20260506.csv
cas12a_precision_editing_figure1_fcs.zip,1008200,f1acf2bbaa3ef2f618c3a1bc5c2f99c673f52a5979c1925a6fa9b17680888277,True,AD_20260429_TEF_cognate_Experiment_last timepoint_H05.fcs,direct_repeat_comparison,AD_20260429_TEF_cognate,H05,ys308_A115,,GFP_ON,LbCas12a,TEF,SNR52,cognate,,A115,ys308,2,20_gen,23.6,no,Figure 1,GFP ON cognate direct-repeat kinetics,processed_data/DR_data_gfp_on_cognate_processed_20260506.csv
cas12a_precision_editing_figure1_fcs.zip,1008200,d3a2274e6c5ce37bcc39c67b1fb28d0d8f2be42b7c9871ff81a1fa8c294bb1c5,True,AD_20260429_TEF_cognate_Experiment_last timepoint_H06.fcs,direct_repeat_comparison,AD_20260429_TEF_cognate,H06,ys310_A114,,GFP_ON,MbCas12a,TEF,SNR52,cognate,,A114,ys310,2,20_gen,22.3,no,Figure 1,GFP ON cognate direct-repeat kinetics,processed_data/DR_data_gfp_on_cognate_processed_20260506.csv
cas12a_precision_editing_figure1_fcs.zip,1008200,5e52b4dbb77ce18b38c27f7cf5f2646568e1c9da2331020849531d001866baf0,True,AD_20250121_cognate_DR_1_Experiment_Group_A01.fcs,direct_repeat_comparison,AD_20250121_cognate_DR_1,A01,ys85_A71,,GFP_OFF,enAsCas12a,TEF,syn1,As_DR,,A71,ys85,1,6_gen,6.7,no,Figure 1,GFP OFF direct-repeat comparison,processed_data/DR_data_processed_20260312.csv
cas12a_precision_editing_figure1_fcs.zip,1008200,31c1c56b2020e8603dd3b231fc1e3a9bd4288e84ccd462c076633aab77723b40,True,AD_20250121_cognate_DR_1_Experiment_Group_A03.fcs,direct_repeat_comparison,AD_20250121_cognate_DR_1,A03,ys88_A80,,GFP_OFF,FnCas12a,TEF,SNR52,cognate,,A80,ys88,1,6_gen,8.8,no,Figure 1,GFP OFF direct-repeat comparison,processed_data/DR_data_processed_20260312.csv
cas12a_precision_editing_figure1_fcs.zip,1008200,223e2a24717a189e11679e091a689558c401a453539bf387c9b6364009d79b93,True,AD_20250121_cognate_DR_1_Experiment_Group_A04.fcs,direct_repeat_comparison,AD_20250121_cognate_DR_1,A04,ys89_p136,,GFP_OFF,LbCas12a,TEF,SNR52,As_DR,,p136,ys89,1,6_gen,6.4,no,Figure 1,GFP OFF direct-repeat comparison,processed_data/DR_data_processed_20260312.csv
cas12a_precision_editing_figure1_fcs.zip,1008200,7fa40ff4fa8b10ba641b4f0863f37779473c5b1be8c04726a04584828cc95955,True,AD_20250121_cognate_DR_1_Experiment_Group_A05.fcs,direct_repeat_comparison,AD_20250121_cognate_DR_1,A05,ys91_p136,,GFP_OFF,MbCas12a,TEF,SNR52,As_DR,,p136,ys91,1,6_gen,6.5,no,Figure 1,GFP OFF direct-repeat comparison,processed_data/DR_data_processed_20260312.csv
cas12a_precision_editing_figure1_fcs.zip,1008200,ddbb28ca88204ba02878c987002fee5799484f148a3946a4e9b99bde444b2f4e,True,AD_20250121_cognate_DR_1_Experiment_Group_B01.fcs,direct_repeat_comparison,AD_20250121_cognate_DR_1,B01,ys85_A71,,GFP_OFF,enAsCas12a,TEF,syn1,As_DR,,A71,ys85,2,6_gen,6.3,no,Figure 1,GFP OFF direct-repeat comparison,processed_data/DR_data_processed_20260312.csv
cas12a_precision_editing_figure1_fcs.zip,1008200,6f3c5c5e2425a3317e32c191de414412b09b177c7036c27812879bdb60ba3ab6,True,AD_20250121_cognate_DR_1_Experiment_Group_B03.fcs,direct_repeat_comparison,AD_20250121_cognate_DR_1,B03,ys88_A80,,GFP_OFF,FnCas12a,TEF,SNR52,cognate,,A80,ys88,2,6_gen,8.7,no,Figure 1,GFP OFF direct-repeat comparison,processed_data/DR_data_processed_20260312.csv
cas12a_precision_editing_figure1_fcs.zip,1008200,1c85569d3f01ce51d153bb5b55c721dca3ef1df439c158a79c86e8f632e062b0,True,AD_20250121_cognate_DR_1_Experiment_Group_B04.fcs,direct_repeat_comparison,AD_20250121_cognate_DR_1,B04,ys89_p136,,GFP_OFF,LbCas12a,TEF,SNR52,As_DR,,p136,ys89,2,6_gen,6.2,no,Figure 1,GFP OFF direct-repeat comparison,processed_data/DR_data_processed_20260312.csv
cas12a_precision_editing_figure1_fcs.zip,1008200,ca33a9b846f1dd6dd07264604378b293ed2d7ebcbe9894de845f5f90f0fd2164,True,AD_20250121_cognate_DR_1_Experiment_Group_B05.fcs,direct_repeat_comparison,AD_20250121_cognate_DR_1,B05,ys91_p136,,GFP_OFF,MbCas12a,TEF,SNR52,As_DR,,p136,ys91,2,6_gen,5.9,no,Figure 1,GFP OFF direct-repeat comparison,processed_data/DR_data_processed_20260312.csv
cas12a_precision_editing_figure1_fcs.zip,1008200,44dd992e60edd4b725694652141e78b6df7f6860ce5ee748dde849b051329b99,True,AD_20250121_cognate_DR_1_Experiment_Group_C03.fcs,direct_repeat_comparison,AD_20250121_cognate_DR_1,C03,ys88_A83,,GFP_OFF,FnCas12a,TEF,syn1,cognate,,A83,ys88,1,6_gen,6.5,no,Figure 1,GFP OFF direct-repeat comparison,processed_data/DR_data_processed_20260312.csv
cas12a_precision_editing_figure1_fcs.zip,1008200,6019192a66e50490641fa82b1980147fd0d90e04dd6282fcac49a60830a92a57,True,AD_20250121_cognate_DR_1_Experiment_Group_C04.fcs,direct_repeat_comparison,AD_20250121_cognate_DR_1,C04,ys90_A71,,GFP_OFF,AsCas12a,TEF,syn1,As_DR,,A71,ys90,1,6_gen,7.2,no,Figure 1,GFP OFF direct-repeat comparison,processed_data/DR_data_processed_20260312.csv
cas12a_precision_editing_figure1_fcs.zip,1008200,16727ba5dd97569c787a7cae8f15e4fce2991d57f2ce00273c72479a02e7fcf1,True,AD_20250121_cognate_DR_1_Experiment_Group_D03.fcs,direct_repeat_comparison,AD_20250121_cognate_DR_1,D03,ys88_A83,,GFP_OFF,FnCas12a,TEF,syn1,cognate,,A83,ys88,2,6_gen,6.3,no,Figure 1,GFP OFF direct-repeat comparison,processed_data/DR_data_processed_20260312.csv
cas12a_precision_editing_figure1_fcs.zip,1008200,0ec81963b797f04c4aa5c9d0f7bef7b138b3af19994e1009105d42a7d3f02a85,True,AD_20250121_cognate_DR_1_Experiment_Group_D04.fcs,direct_repeat_comparison,AD_20250121_cognate_DR_1,D04,ys90_A71,,GFP_OFF,AsCas12a,TEF,syn1,As_DR,,A71,ys90,2,6_gen,7.3,no,Figure 1,GFP OFF direct-repeat comparison,processed_data/DR_data_processed_20260312.csv
cas12a_precision_editing_figure1_fcs.zip,1008200,26bb70381757e70ffff84507e8dbdc303847c984ae8f7fda75b3dd2548fa3629,True,AD_20250121_cognate_DR_1_Experiment_Group_E01.fcs,direct_repeat_comparison,AD_20250121_cognate_DR_1,E01,ys85_p136,,GFP_OFF,enAsCas12a,TEF,SNR52,As_DR,,p136,ys85,1,6_gen,8.9,no,Figure 1,GFP OFF direct-repeat comparison,processed_data/DR_data_processed_20260312.csv
cas12a_precision_editing_figure1_fcs.zip,1008200,bd6c5284313e2f168679b4b0c8bcd261febf12d70fd6a551cb1bc44c09af6ad1,True,AD_20250121_cognate_DR_1_Experiment_Group_E03.fcs,direct_repeat_comparison,AD_20250121_cognate_DR_1,E03,ys88_p136,,GFP_OFF,FnCas12a,TEF,SNR52,As_DR,,p136,ys88,1,6_gen,8.7,no,Figure 1,GFP OFF direct-repeat comparison,processed_data/DR_data_processed_20260312.csv
cas12a_precision_editing_figure1_fcs.zip,1008200,4fb3e19add27f588fd2dd9072bbb4a4b3251af6a2527b07bd37852ec122b8a90,True,AD_20250121_cognate_DR_1_Experiment_Group_E04.fcs,direct_repeat_comparison,AD_20250121_cognate_DR_1,E04,ys90_p136,,GFP_OFF,AsCas12a,TEF,SNR52,As_DR,,p136,ys90,1,6_gen,6.1,no,Figure 1,GFP OFF direct-repeat comparison,processed_data/DR_data_processed_20260312.csv
cas12a_precision_editing_figure1_fcs.zip,1008200,1c47a1719c1f431f92e6d5fde2b0836fd15aeb0e68818cd6a9ce8cfd37513f0b,True,AD_20250121_cognate_DR_1_Experiment_Group_F01.fcs,direct_repeat_comparison,AD_20250121_cognate_DR_1,F01,ys85_p136,,GFP_OFF,enAsCas12a,TEF,SNR52,As_DR,,p136,ys85,2,6_gen,8.8,no,Figure 1,GFP OFF direct-repeat comparison,processed_data/DR_data_processed_20260312.csv
cas12a_precision_editing_figure1_fcs.zip,1008200,81356f0a02fc32962c1a4c1f31a9bfd13284a4efa8830c6b8601ad1613359143,True,AD_20250121_cognate_DR_1_Experiment_Group_F03.fcs,direct_repeat_comparison,AD_20250121_cognate_DR_1,F03,ys88_p136,,GFP_OFF,FnCas12a,TEF,SNR52,As_DR,,p136,ys88,2,6_gen,8.6,no,Figure 1,GFP OFF direct-repeat comparison,processed_data/DR_data_processed_20260312.csv
cas12a_precision_editing_figure1_fcs.zip,1008200,d4794fa1cb7fe4187a0389f6dc4c98088c65a9528b43ad7238c34addf2f27b74,True,AD_20250121_cognate_DR_1_Experiment_Group_F04.fcs,direct_repeat_comparison,AD_20250121_cognate_DR_1,F04,ys90_p136,,GFP_OFF,AsCas12a,TEF,SNR52,As_DR,,p136,ys90,2,6_gen,6.2,no,Figure 1,GFP OFF direct-repeat comparison,processed_data/DR_data_processed_20260312.csv
cas12a_precision_editing_figure1_fcs.zip,1008200,7160320f120d04c0974e6125b4676e2dea061130e64a78c0a30e0521af6b2277,True,AD_20250121_cognate_DR_1_Experiment_Group_G03.fcs,direct_repeat_comparison,AD_20250121_cognate_DR_1,G03,ys89_A82,,GFP_OFF,LbCas12a,TEF,SNR52,cognate,,A82,ys89,1,6_gen,8.7,no,Figure 1,GFP OFF direct-repeat comparison,processed_data/DR_data_processed_20260312.csv
cas12a_precision_editing_figure1_fcs.zip,1008200,5f06fc484335909dffb379cd86d940bc4370c805f32ddcccc78c22ddab43425f,True,AD_20250121_cognate_DR_1_Experiment_Group_G04.fcs,direct_repeat_comparison,AD_20250121_cognate_DR_1,G04,ys91_A81,,GFP_OFF,MbCas12a,TEF,SNR52,cognate,,A81,ys91,1,6_gen,8.4,no,Figure 1,GFP OFF direct-repeat comparison,processed_data/DR_data_processed_20260312.csv
cas12a_precision_editing_figure1_fcs.zip,1008200,54fe02674d97a6c25a5276122d8ddd9309ca6f9c37e8981a422f97363cf606cd,True,AD_20250121_cognate_DR_1_Experiment_Group_H03.fcs,direct_repeat_comparison,AD_20250121_cognate_DR_1,H03,ys89_A82,,GFP_OFF,LbCas12a,TEF,SNR52,cognate,,A82,ys89,2,6_gen,8.7,no,Figure 1,GFP OFF direct-repeat comparison,processed_data/DR_data_processed_20260312.csv
cas12a_precision_editing_figure1_fcs.zip,1008200,a9fada0536a98d6adc52a69fa8094ee15787d6c7c17e40cf8e0ac2098d6ca8c4,True,AD_20250121_cognate_DR_1_Experiment_Group_H04.fcs,direct_repeat_comparison,AD_20250121_cognate_DR_1,H04,ys91_A81,,GFP_OFF,MbCas12a,TEF,SNR52,cognate,,A81,ys91,2,6_gen,8.1,no,Figure 1,GFP OFF direct-repeat comparison,processed_data/DR_data_processed_20260312.csv
cas12a_precision_editing_figure1_fcs.zip,1008200,31e5d904c7383afc7ddeae8ebe5e8e9923f1288acd87ab9a4c387f27ac903ee3,True,AD_20260429_TEF_cognate_Experiment_14h(T01)_C02.fcs,direct_repeat_comparison,AD_20260429_TEF_cognate,C02,ys305_A115,,GFP_ON,LbCas12a(CO),TEF,SNR52,cognate,,A115,ys305,1,6_gen,8.0,no,Figure 1,GFP ON cognate direct-repeat kinetics,processed_data/DR_data_gfp_on_cognate_processed_20260506.csv
cas12a_precision_editing_figure1_fcs.zip,1008200,3fdb969f32683f225131e8f8f124fe31c81e0907b413d2b19cd9231b13fa7452,True,AD_20260429_TEF_cognate_Experiment_14h(T01)_C03.fcs,direct_repeat_comparison,AD_20260429_TEF_cognate,C03,ys306_A113,,GFP_ON,FnCas12a(CO),TEF,SNR52,cognate,,A113,ys306,1,6_gen,8.8,no,Figure 1,GFP ON cognate direct-repeat kinetics,processed_data/DR_data_gfp_on_cognate_processed_20260506.csv
cas12a_precision_editing_figure1_fcs.zip,1008200,df5d9cd1128333b9ad1653f4a3ea850c438445130f97c6e18d39d08874244fbf,True,AD_20260429_TEF_cognate_Experiment_14h(T01)_C04.fcs,direct_repeat_comparison,AD_20260429_TEF_cognate,C04,ys307_A113,,GFP_ON,FnCas12a,TEF,SNR52,cognate,,A113,ys307,1,6_gen,8.7,no,Figure 1,GFP ON cognate direct-repeat kinetics,processed_data/DR_data_gfp_on_cognate_processed_20260506.csv
cas12a_precision_editing_figure1_fcs.zip,1008200,969cdfe35120eb3ecc455e0a0d6e45cf8d6ca4b6854ecc97d4647755132eaf9e,True,AD_20260429_TEF_cognate_Experiment_14h(T01)_C05.fcs,direct_repeat_comparison,AD_20260429_TEF_cognate,C05,ys308_A115,,GFP_ON,LbCas12a,TEF,SNR52,cognate,,A115,ys308,1,6_gen,8.2,no,Figure 1,GFP ON cognate direct-repeat kinetics,processed_data/DR_data_gfp_on_cognate_processed_20260506.csv
cas12a_precision_editing_figure1_fcs.zip,1008200,5768f2e57b49c34bc654e548fcfd2cabb272a18db8bcabd120ac2f2e1791564c,True,AD_20260429_TEF_cognate_Experiment_14h(T01)_C06.fcs,direct_repeat_comparison,AD_20260429_TEF_cognate,C06,ys310_A114,,GFP_ON,MbCas12a,TEF,SNR52,cognate,,A114,ys310,1,6_gen,6.7,no,Figure 1,GFP ON cognate direct-repeat kinetics,processed_data/DR_data_gfp_on_cognate_processed_20260506.csv
cas12a_precision_editing_figure1_fcs.zip,1008200,7798159e452f6fbfb3901ce0406ea62a959ecec449a97dc118f89c3acefc44fe,True,AD_20260429_TEF_cognate_Experiment_14h(T01)_D02.fcs,direct_repeat_comparison,AD_20260429_TEF_cognate,D02,ys305_A115,,GFP_ON,LbCas12a(CO),TEF,SNR52,cognate,,A115,ys305,2,6_gen,7.1,no,Figure 1,GFP ON cognate direct-repeat kinetics,processed_data/DR_data_gfp_on_cognate_processed_20260506.csv
cas12a_precision_editing_figure1_fcs.zip,1008200,1d0d581ef4eeae5f83f64c88a2baab0218e1852e46524e05ec84c4bcc4e8830f,True,AD_20260429_TEF_cognate_Experiment_14h(T01)_D03.fcs,direct_repeat_comparison,AD_20260429_TEF_cognate,D03,ys306_A113,,GFP_ON,FnCas12a(CO),TEF,SNR52,cognate,,A113,ys306,2,6_gen,9.0,no,Figure 1,GFP ON cognate direct-repeat kinetics,processed_data/DR_data_gfp_on_cognate_processed_20260506.csv
cas12a_precision_editing_figure1_fcs.zip,1008200,b7eaf830ca7ec50b7c10c4818817af45afa370efd3877d0fa5453b1446227792,True,AD_20260429_TEF_cognate_Experiment_14h(T01)_D04.fcs,direct_repeat_comparison,AD_20260429_TEF_cognate,D04,ys307_A113,,GFP_ON,FnCas12a,TEF,SNR52,cognate,,A113,ys307,2,6_gen,8.1,no,Figure 1,GFP ON cognate direct-repeat kinetics,processed_data/DR_data_gfp_on_cognate_processed_20260506.csv
cas12a_precision_editing_figure1_fcs.zip,1008200,8db84f32d7691b5ff02dc44acb50b7cd5770f08746ac4c3887173a901887cdd8,True,AD_20260429_TEF_cognate_Experiment_14h(T01)_D05.fcs,direct_repeat_comparison,AD_20260429_TEF_cognate,D05,ys308_A115,,GFP_ON,LbCas12a,TEF,SNR52,cognate,,A115,ys308,2,6_gen,8.6,no,Figure 1,GFP ON cognate direct-repeat kinetics,processed_data/DR_data_gfp_on_cognate_processed_20260506.csv
cas12a_precision_editing_figure1_fcs.zip,1008200,d044f254505fe686834b95d455f5b52636cbe8afdabf98a435e999f60a8039e5,True,AD_20260429_TEF_cognate_Experiment_14h(T01)_D06.fcs,direct_repeat_comparison,AD_20260429_TEF_cognate,D06,ys310_A114,,GFP_ON,MbCas12a,TEF,SNR52,cognate,,A114,ys310,2,6_gen,6.5,no,Figure 1,GFP ON cognate direct-repeat kinetics,processed_data/DR_data_gfp_on_cognate_processed_20260506.csv
cas12a_precision_editing_figure1_fcs.zip,1008200,40ce2911da254eb3976761afeba258b7ff3d764212f53322dfdab27c58ba4f23,True,AD_20250121_cognate_DR_1_Experiment_Group_A06.fcs,direct_repeat_comparison,AD_20250121_cognate_DR_1,A06,ys85_A71,,GFP_OFF,enAsCas12a,TEF,syn1,As_DR,,A71,ys85,1,scraped,0.0,no,Figure 1,GFP OFF direct-repeat comparison,processed_data/DR_data_processed_20260312.csv
cas12a_precision_editing_figure1_fcs.zip,1008200,64953db713d18e473f6f799c27d16c5fc7116072d9dfc49408bf75de59ef06d8,True,AD_20250121_cognate_DR_1_Experiment_Group_A08.fcs,direct_repeat_comparison,AD_20250121_cognate_DR_1,A08,ys88_A80,,GFP_OFF,FnCas12a,TEF,SNR52,cognate,,A80,ys88,1,scraped,0.0,no,Figure 1,GFP OFF direct-repeat comparison,processed_data/DR_data_processed_20260312.csv
cas12a_precision_editing_figure1_fcs.zip,1008200,67e1b76fa293aed7209c4e1b606c900f95be220fbee6e88ceb3c72159e1c48fb,True,AD_20250121_cognate_DR_1_Experiment_Group_A09.fcs,direct_repeat_comparison,AD_20250121_cognate_DR_1,A09,ys89_p136,,GFP_OFF,LbCas12a,TEF,SNR52,As_DR,,p136,ys89,1,scraped,0.0,no,Figure 1,GFP OFF direct-repeat comparison,processed_data/DR_data_processed_20260312.csv
cas12a_precision_editing_figure1_fcs.zip,1008200,d99abed2f71b8af6fa215f40a4a60672be6a8fb0533d0e67c217f032d627453d,True,AD_20250121_cognate_DR_1_Experiment_Group_A10.fcs,direct_repeat_comparison,AD_20250121_cognate_DR_1,A10,ys91_p136,,GFP_OFF,MbCas12a,TEF,SNR52,As_DR,,p136,ys91,1,scraped,0.0,no,Figure 1,GFP OFF direct-repeat comparison,processed_data/DR_data_processed_20260312.csv
cas12a_precision_editing_figure1_fcs.zip,1008200,b737c71ca9e6e71f3dc6a10b9ef324519f32f04dcd2a35d176bcde0262c97cd2,True,AD_20250121_cognate_DR_1_Experiment_Group_B06.fcs,direct_repeat_comparison,AD_20250121_cognate_DR_1,B06,ys85_A71,,GFP_OFF,enAsCas12a,TEF,syn1,As_DR,,A71,ys85,2,scraped,0.0,no,Figure 1,GFP OFF direct-repeat comparison,processed_data/DR_data_processed_20260312.csv
cas12a_precision_editing_figure1_fcs.zip,1008200,5cf35e291b6ffd2d3c5ea7debb0ee4de3d01ee8f15c3912ef8ffd3a916495158,True,AD_20250121_cognate_DR_1_Experiment_Group_B08.fcs,direct_repeat_comparison,AD_20250121_cognate_DR_1,B08,ys88_A80,,GFP_OFF,FnCas12a,TEF,SNR52,cognate,,A80,ys88,2,scraped,0.0,no,Figure 1,GFP OFF direct-repeat comparison,processed_data/DR_data_processed_20260312.csv
cas12a_precision_editing_figure1_fcs.zip,1008200,97d08ae394f760036354dea8a849a9a743fcaec1fa98f4cd4f3bc8c70e439698,True,AD_20250121_cognate_DR_1_Experiment_Group_B09.fcs,direct_repeat_comparison,AD_20250121_cognate_DR_1,B09,ys89_p136,,GFP_OFF,LbCas12a,TEF,SNR52,As_DR,,p136,ys89,2,scraped,0.0,no,Figure 1,GFP OFF direct-repeat comparison,processed_data/DR_data_processed_20260312.csv
cas12a_precision_editing_figure1_fcs.zip,1008200,5d3a5ea14ed1dbe48f12a20981af38c57d5cdc6ffa2f1e9c02d3cb3ca8111954,True,AD_20250121_cognate_DR_1_Experiment_Group_B10.fcs,direct_repeat_comparison,AD_20250121_cognate_DR_1,B10,ys91_p136,,GFP_OFF,MbCas12a,TEF,SNR52,As_DR,,p136,ys91,2,scraped,0.0,no,Figure 1,GFP OFF direct-repeat comparison,processed_data/DR_data_processed_20260312.csv
cas12a_precision_editing_figure1_fcs.zip,1008200,aee1ba9a4e86bd6af511cf46144b61d06928653c554a770c82f153d354fd5776,True,AD_20250121_cognate_DR_1_Experiment_Group_C08.fcs,direct_repeat_comparison,AD_20250121_cognate_DR_1,C08,ys88_A83,,GFP_OFF,FnCas12a,TEF,syn1,cognate,,A83,ys88,1,scraped,0.0,no,Figure 1,GFP OFF direct-repeat comparison,processed_data/DR_data_processed_20260312.csv
cas12a_precision_editing_figure1_fcs.zip,1008200,ebb021964e6fc1855e6447c85f91c1852d876b26192292f22f33b3b0bcdfe230,True,AD_20250121_cognate_DR_1_Experiment_Group_C09.fcs,direct_repeat_comparison,AD_20250121_cognate_DR_1,C09,ys90_A71,,GFP_OFF,AsCas12a,TEF,syn1,As_DR,,A71,ys90,1,scraped,0.0,no,Figure 1,GFP OFF direct-repeat comparison,processed_data/DR_data_processed_20260312.csv
cas12a_precision_editing_figure1_fcs.zip,1008200,6ca4478459208db69df5ecc7b83f0b2abcc11f5f30a21a91e17dff8e7588ada5,True,AD_20250121_cognate_DR_1_Experiment_Group_D08.fcs,direct_repeat_comparison,AD_20250121_cognate_DR_1,D08,ys88_A83,,GFP_OFF,FnCas12a,TEF,syn1,cognate,,A83,ys88,2,scraped,0.0,no,Figure 1,GFP OFF direct-repeat comparison,processed_data/DR_data_processed_20260312.csv
cas12a_precision_editing_figure1_fcs.zip,1008200,7b965e04edc5475cc08ed3b13fd5fba506c86dafaa622c4fae0b948c8a73f198,True,AD_20250121_cognate_DR_1_Experiment_Group_D09.fcs,direct_repeat_comparison,AD_20250121_cognate_DR_1,D09,ys90_A71,,GFP_OFF,AsCas12a,TEF,syn1,As_DR,,A71,ys90,2,scraped,0.0,no,Figure 1,GFP OFF direct-repeat comparison,processed_data/DR_data_processed_20260312.csv
cas12a_precision_editing_figure1_fcs.zip,1008200,490c000b5478e42f0aee30d6d23db1fee5d3737d6d0e6e926172ad10e12551c8,True,AD_20250121_cognate_DR_1_Experiment_Group_E06.fcs,direct_repeat_comparison,AD_20250121_cognate_DR_1,E06,ys85_p136,,GFP_OFF,enAsCas12a,TEF,SNR52,As_DR,,p136,ys85,1,scraped,0.0,no,Figure 1,GFP OFF direct-repeat comparison,processed_data/DR_data_processed_20260312.csv
cas12a_precision_editing_figure1_fcs.zip,1008200,f014d3f0659a2d5fc257cde3873d95553575340964fa6c9a5a2fcc8205b5f883,True,AD_20250121_cognate_DR_1_Experiment_Group_E08.fcs,direct_repeat_comparison,AD_20250121_cognate_DR_1,E08,ys88_p136,,GFP_OFF,FnCas12a,TEF,SNR52,As_DR,,p136,ys88,1,scraped,0.0,no,Figure 1,GFP OFF direct-repeat comparison,processed_data/DR_data_processed_20260312.csv
cas12a_precision_editing_figure1_fcs.zip,1008200,299adf517c8cdc92e4e41266fe648f1e1839ecd9bd793d7f7bf85b265fae495f,True,AD_20250121_cognate_DR_1_Experiment_Group_E09.fcs,direct_repeat_comparison,AD_20250121_cognate_DR_1,E09,ys90_p136,,GFP_OFF,AsCas12a,TEF,SNR52,As_DR,,p136,ys90,1,scraped,0.0,no,Figure 1,GFP OFF direct-repeat comparison,processed_data/DR_data_processed_20260312.csv
cas12a_precision_editing_figure1_fcs.zip,1008200,283688b2ebddeef173ada05a5e664d4a5ce73aa427859b9f0fdb56bb03004b9c,True,AD_20250121_cognate_DR_1_Experiment_Group_F06.fcs,direct_repeat_comparison,AD_20250121_cognate_DR_1,F06,ys85_p136,,GFP_OFF,enAsCas12a,TEF,SNR52,As_DR,,p136,ys85,2,scraped,0.0,no,Figure 1,GFP OFF direct-repeat comparison,processed_data/DR_data_processed_20260312.csv
cas12a_precision_editing_figure1_fcs.zip,1008200,5e183e1d65d2f1bdfe09a11e6a5a0b19259f8963ddc7d1225778ee8cbfd47810,True,AD_20250121_cognate_DR_1_Experiment_Group_F08.fcs,direct_repeat_comparison,AD_20250121_cognate_DR_1,F08,ys88_p136,,GFP_OFF,FnCas12a,TEF,SNR52,As_DR,,p136,ys88,2,scraped,0.0,no,Figure 1,GFP OFF direct-repeat comparison,processed_data/DR_data_processed_20260312.csv
cas12a_precision_editing_figure1_fcs.zip,1008200,09a5447da6c9141a131b66aad31a8ed79a886d8b254f85fcb01098b2fa5eaa8f,True,AD_20250121_cognate_DR_1_Experiment_Group_F09.fcs,direct_repeat_comparison,AD_20250121_cognate_DR_1,F09,ys90_p136,,GFP_OFF,AsCas12a,TEF,SNR52,As_DR,,p136,ys90,2,scraped,0.0,no,Figure 1,GFP OFF direct-repeat comparison,processed_data/DR_data_processed_20260312.csv
cas12a_precision_editing_figure1_fcs.zip,1008200,911ae89d48ed9a0df0795a43dbc399a8447b54d59275e20169682dd0f8de8e70,True,AD_20250121_cognate_DR_1_Experiment_Group_G08.fcs,direct_repeat_comparison,AD_20250121_cognate_DR_1,G08,ys89_A82,,GFP_OFF,LbCas12a,TEF,SNR52,cognate,,A82,ys89,1,scraped,0.0,no,Figure 1,GFP OFF direct-repeat comparison,processed_data/DR_data_processed_20260312.csv
cas12a_precision_editing_figure1_fcs.zip,1008200,defd0f7682458d842832b44b135aaae60fb0283701c9ee1476f0b92a10e27508,True,AD_20250121_cognate_DR_1_Experiment_Group_G09.fcs,direct_repeat_comparison,AD_20250121_cognate_DR_1,G09,ys91_A81,,GFP_OFF,MbCas12a,TEF,SNR52,cognate,,A81,ys91,1,scraped,0.0,no,Figure 1,GFP OFF direct-repeat comparison,processed_data/DR_data_processed_20260312.csv
cas12a_precision_editing_figure1_fcs.zip,1008200,904a301c26365f0bb6e06948e34e5ff993bdbaab091e7cdcef89269ea344f703,True,AD_20250121_cognate_DR_1_Experiment_Group_H08.fcs,direct_repeat_comparison,AD_20250121_cognate_DR_1,H08,ys89_A82,,GFP_OFF,LbCas12a,TEF,SNR52,cognate,,A82,ys89,2,scraped,0.0,no,Figure 1,GFP OFF direct-repeat comparison,processed_data/DR_data_processed_20260312.csv
cas12a_precision_editing_figure1_fcs.zip,1008200,c8327765465d61074d4bb0688849c29a9d11041b2e08a10eabdf1eb2809687ea,True,AD_20250121_cognate_DR_1_Experiment_Group_H09.fcs,direct_repeat_comparison,AD_20250121_cognate_DR_1,H09,ys91_A81,,GFP_OFF,MbCas12a,TEF,SNR52,cognate,,A81,ys91,2,scraped,0.0,no,Figure 1,GFP OFF direct-repeat comparison,processed_data/DR_data_processed_20260312.csv
cas12a_precision_editing_figure1_fcs.zip,1008200,3b5d9b9c7e1b357b01ffbc310815ce00859c9e7815c4fc7e58d4667869716ca5,True,AD_20260429_TEF_cognate_Experiment_Group_A01.fcs,direct_repeat_viability_bridge,AD_20260429_TEF_cognate,A01,ys304_A15,,GFP_ON,enAsCas12a,TEF,SNR52,cognate,,A15,ys304,1,scraped,0.0,no,Figure 1,GFP ON bridge-normalized direct-repeat viability,processed_data/DR_data_gfp_on_viability_bridge_normalized_20260512.csv
cas12a_precision_editing_figure1_fcs.zip,1008200,59569d860788de703d705cadde8711333b9e396f2588ae0f923a0759ee18504c,True,AD_20260429_TEF_cognate_Experiment_Group_A02.fcs,direct_repeat_viability_bridge,AD_20260429_TEF_cognate,A02,ys305_A115,,GFP_ON,LbCas12a(CO),TEF,SNR52,cognate,,A115,ys305,1,scraped,0.0,no,Figure 1,GFP ON bridge-normalized direct-repeat viability; GFP ON cognate direct-repeat kinetics,processed_data/DR_data_gfp_on_cognate_processed_20260506.csv; processed_data/DR_data_gfp_on_viability_bridge_normalized_20260512.csv
cas12a_precision_editing_figure1_fcs.zip,1008200,f6860b0d658f8bc830df551f302a09fabbb845621e45755e4431826ab773a412,True,AD_20260429_TEF_cognate_Experiment_Group_A03.fcs,direct_repeat_viability_bridge,AD_20260429_TEF_cognate,A03,ys306_A113,,GFP_ON,FnCas12a(CO),TEF,SNR52,cognate,,A113,ys306,1,scraped,0.0,no,Figure 1,GFP ON bridge-normalized direct-repeat viability; GFP ON cognate direct-repeat kinetics,processed_data/DR_data_gfp_on_cognate_processed_20260506.csv; processed_data/DR_data_gfp_on_viability_bridge_normalized_20260512.csv
cas12a_precision_editing_figure1_fcs.zip,1008200,acebf8736b3f14b259d4b6a5a781f5e4553289f6c37469ed12f792fdeb1e59ad,True,AD_20260429_TEF_cognate_Experiment_Group_A04.fcs,direct_repeat_viability_bridge,AD_20260429_TEF_cognate,A04,ys307_A113,,GFP_ON,FnCas12a,TEF,SNR52,cognate,,A113,ys307,1,scraped,0.0,no,Figure 1,GFP ON bridge-normalized direct-repeat viability; GFP ON cognate direct-repeat kinetics,processed_data/DR_data_gfp_on_cognate_processed_20260506.csv; processed_data/DR_data_gfp_on_viability_bridge_normalized_20260512.csv
cas12a_precision_editing_figure1_fcs.zip,1008200,983a939d16c12993d4772f432e2aa11c7d86355f7a021d68199faae9d33680c3,True,AD_20260429_TEF_cognate_Experiment_Group_A05.fcs,direct_repeat_viability_bridge,AD_20260429_TEF_cognate,A05,ys308_A115,,GFP_ON,LbCas12a,TEF,SNR52,cognate,,A115,ys308,1,scraped,0.0,no,Figure 1,GFP ON bridge-normalized direct-repeat viability; GFP ON cognate direct-repeat kinetics,processed_data/DR_data_gfp_on_cognate_processed_20260506.csv; processed_data/DR_data_gfp_on_viability_bridge_normalized_20260512.csv
cas12a_precision_editing_figure1_fcs.zip,1008200,71d572dfb36f0ba3d2bcdcaf92df45134d4fd5660edd24c799634575e9d4a9aa,True,AD_20260429_TEF_cognate_Experiment_Group_A06.fcs,direct_repeat_viability_bridge,AD_20260429_TEF_cognate,A06,ys310_A114,,GFP_ON,MbCas12a,TEF,SNR52,cognate,,A114,ys310,1,scraped,0.0,no,Figure 1,GFP ON bridge-normalized direct-repeat viability; GFP ON cognate direct-repeat kinetics,processed_data/DR_data_gfp_on_cognate_processed_20260506.csv; processed_data/DR_data_gfp_on_viability_bridge_normalized_20260512.csv
cas12a_precision_editing_figure1_fcs.zip,1008200,c10d2eac706023bdcb40f6460b57e9979326c484ecbd022330109e8e8366a2c7,True,AD_20260429_TEF_cognate_Experiment_Group_B01.fcs,direct_repeat_viability_bridge,AD_20260429_TEF_cognate,B01,ys304_A15,,GFP_ON,enAsCas12a,TEF,SNR52,cognate,,A15,ys304,2,scraped,0.0,no,Figure 1,GFP ON bridge-normalized direct-repeat viability,processed_data/DR_data_gfp_on_viability_bridge_normalized_20260512.csv
cas12a_precision_editing_figure1_fcs.zip,1008200,44594f324b37da31279e02e12edb907bc58457a669dac850f0a9e5104f167c55,True,AD_20260429_TEF_cognate_Experiment_Group_B02.fcs,direct_repeat_viability_bridge,AD_20260429_TEF_cognate,B02,ys305_A115,,GFP_ON,LbCas12a(CO),TEF,SNR52,cognate,,A115,ys305,2,scraped,0.0,no,Figure 1,GFP ON bridge-normalized direct-repeat viability; GFP ON cognate direct-repeat kinetics,processed_data/DR_data_gfp_on_cognate_processed_20260506.csv; processed_data/DR_data_gfp_on_viability_bridge_normalized_20260512.csv
cas12a_precision_editing_figure1_fcs.zip,1008200,bf58e76d36b85864d66eb57a24e7f88e22b840143b1e755f76875f0e177c6bf2,True,AD_20260429_TEF_cognate_Experiment_Group_B03.fcs,direct_repeat_viability_bridge,AD_20260429_TEF_cognate,B03,ys306_A113,,GFP_ON,FnCas12a(CO),TEF,SNR52,cognate,,A113,ys306,2,scraped,0.0,no,Figure 1,GFP ON bridge-normalized direct-repeat viability; GFP ON cognate direct-repeat kinetics,processed_data/DR_data_gfp_on_cognate_processed_20260506.csv; processed_data/DR_data_gfp_on_viability_bridge_normalized_20260512.csv
cas12a_precision_editing_figure1_fcs.zip,1008200,b9de7776420cb400bc22b323ca177a29c7533c2f6a9a9d75c338305f80c7047d,True,AD_20260429_TEF_cognate_Experiment_Group_B04.fcs,direct_repeat_viability_bridge,AD_20260429_TEF_cognate,B04,ys307_A113,,GFP_ON,FnCas12a,TEF,SNR52,cognate,,A113,ys307,2,scraped,0.0,no,Figure 1,GFP ON bridge-normalized direct-repeat viability; GFP ON cognate direct-repeat kinetics,processed_data/DR_data_gfp_on_cognate_processed_20260506.csv; processed_data/DR_data_gfp_on_viability_bridge_normalized_20260512.csv
cas12a_precision_editing_figure1_fcs.zip,1008200,69ca09d61ccdfe6aa5e8ff1125694990e943c70f15be8975dc93424ad0c30b1d,True,AD_20260429_TEF_cognate_Experiment_Group_B05.fcs,direct_repeat_viability_bridge,AD_20260429_TEF_cognate,B05,ys308_A115,,GFP_ON,LbCas12a,TEF,SNR52,cognate,,A115,ys308,2,scraped,0.0,no,Figure 1,GFP ON bridge-normalized direct-repeat viability; GFP ON cognate direct-repeat kinetics,processed_data/DR_data_gfp_on_cognate_processed_20260506.csv; processed_data/DR_data_gfp_on_viability_bridge_normalized_20260512.csv
cas12a_precision_editing_figure1_fcs.zip,1008200,93241cf54f7878f3d74fb34275494a4076a4bfc5e4639406d03ba09d1a7d6a9b,True,AD_20260429_TEF_cognate_Experiment_Group_B06.fcs,direct_repeat_viability_bridge,AD_20260429_TEF_cognate,B06,ys310_A114,,GFP_ON,MbCas12a,TEF,SNR52,cognate,,A114,ys310,2,scraped,0.0,no,Figure 1,GFP ON bridge-normalized direct-repeat viability; GFP ON cognate direct-repeat kinetics,processed_data/DR_data_gfp_on_cognate_processed_20260506.csv; processed_data/DR_data_gfp_on_viability_bridge_normalized_20260512.csv
cas12a_precision_editing_figure1_fcs.zip,1008200,40be098aab9839e47b128eefeb892334df55e75669b0b5842ede480f450f971b,True,VB_20240909_Cas_vars_Experiment_T01_TEF_D1_C1.fcs,direct_repeat_viability_bridge,VB_20240909_Cas_vars,C1,T01_TEF_D1,,GFP_ON,LbCas12a(CO),TEF,SNR52,As_DR,,A15,ys305,1,scraped,0.0,no,Figure 1,GFP ON bridge-normalized direct-repeat viability,processed_data/DR_data_gfp_on_viability_bridge_normalized_20260512.csv
cas12a_precision_editing_figure1_fcs.zip,1008200,78c66d3966f11769549576f2a21015c05eb34b59c83c85b5d7d82e7b2104ec7f,True,VB_20240909_Cas_vars_Experiment_T01_TEF_D1_D1.fcs,direct_repeat_viability_bridge,VB_20240909_Cas_vars,D1,T01_TEF_D1,,GFP_ON,FnCas12a(CO),TEF,SNR52,As_DR,,A15,ys306,1,scraped,0.0,no,Figure 1,GFP ON bridge-normalized direct-repeat viability,processed_data/DR_data_gfp_on_viability_bridge_normalized_20260512.csv
cas12a_precision_editing_figure1_fcs.zip,1008200,9ffe9c3a394233f9f4284d8ed9f8d62bd6d97d30a54a545aa4999c99ca616322,True,VB_20240909_Cas_vars_Experiment_T01_TEF_D2_C2.fcs,direct_repeat_viability_bridge,VB_20240909_Cas_vars,C2,T01_TEF_D2,,GFP_ON,LbCas12a(CO),TEF,SNR52,As_DR,,A15,ys305,2,scraped,0.0,no,Figure 1,GFP ON bridge-normalized direct-repeat viability,processed_data/DR_data_gfp_on_viability_bridge_normalized_20260512.csv
cas12a_precision_editing_figure1_fcs.zip,1008200,293d45f95e3e204787edbe59e4beac7915686ea7dcf7f8fd15583670af903e6a,True,VB_20240909_Cas_vars_Experiment_T01_TEF_D2_D2.fcs,direct_repeat_viability_bridge,VB_20240909_Cas_vars,D2,T01_TEF_D2,,GFP_ON,FnCas12a(CO),TEF,SNR52,As_DR,,A15,ys306,2,scraped,0.0,no,Figure 1,GFP ON bridge-normalized direct-repeat viability,processed_data/DR_data_gfp_on_viability_bridge_normalized_20260512.csv
cas12a_precision_editing_figure2_fcs.zip,1008200,84435524f26cf7807c6cde975b4f368ceeab7d73ae971a0b418229317b8b7af4,True,AD_20241022_gfplib_rpr1_plate1_Experiment_Group_A09.fcs,enas_rpr_no,AD_20241022_gfplib_rpr1_plate1,A09,A01,A01,GFP panel,enAsCas12a,,RPR1,,No,A01,,1,11_gen,12.9,No,Figure 2,GFP panel replicate kinetics,results/01_gfp_library_transfer_counts/tables/gfp_lib_standardized_all_replicates.csv
cas12a_precision_editing_figure2_fcs.zip,1008200,af15c4013345b8804250b9f2a00262fd59b6950047f7285df7ae3df296830691,True,AD_20241022_gfplib_rpr1_plate1_Experiment_Group_A10.fcs,enas_rpr_no,AD_20241022_gfplib_rpr1_plate1,A10,B05,B05,GFP panel,enAsCas12a,,RPR1,,No,B05,,1,11_gen,8.8,No,Figure 2,GFP panel replicate kinetics,results/01_gfp_library_transfer_counts/tables/gfp_lib_standardized_all_replicates.csv
cas12a_precision_editing_figure2_fcs.zip,1008200,87cb5dc9f1df5b9cc56c4915037fe659e80bb7cae9b4663e5530d4cf00e2254d,True,AD_20241022_gfplib_rpr1_plate1_Experiment_Group_A11.fcs,enas_rpr_no,AD_20241022_gfplib_rpr1_plate1,A11,E01,E01,GFP panel,enAsCas12a,,RPR1,,No,E01,,1,11_gen,15.2,No,Figure 2,GFP panel replicate kinetics,results/01_gfp_library_transfer_counts/tables/gfp_lib_standardized_all_replicates.csv
cas12a_precision_editing_figure2_fcs.zip,89200,8f6c903946264b2708ad61052c59b11acce226e26ad5b572256c3b0bffee7223,True,AD_20241022_gfplib_rpr1_plate1_Experiment_Group_A12.fcs,enas_rpr_no,AD_20241022_gfplib_rpr1_plate1,A12,H11,H11,GFP panel,enAsCas12a,,RPR1,,No,H11,,1,11_gen,7.2,No,Figure 2,GFP panel replicate kinetics,results/01_gfp_library_transfer_counts/tables/gfp_lib_standardized_all_replicates.csv
cas12a_precision_editing_figure2_fcs.zip,1008200,6515f19be1331e795ae08a65ecb57b8bb0536004fb3445850dfdffcceb63dfee,True,AD_20241022_gfplib_rpr1_plate1_Experiment_Group_B09.fcs,enas_rpr_no,AD_20241022_gfplib_rpr1_plate1,B09,A01,A01,GFP panel,enAsCas12a,,RPR1,,No,A01,,2,11_gen,12.7,No,Figure 2,GFP panel replicate kinetics,results/01_gfp_library_transfer_counts/tables/gfp_lib_standardized_all_replicates.csv
cas12a_precision_editing_figure2_fcs.zip,1008200,86ebfc90e3f8751de2c52914abf4606fb26bfbae13c631597bffa12930c0baa4,True,AD_20241022_gfplib_rpr1_plate1_Experiment_Group_B10.fcs,enas_rpr_no,AD_20241022_gfplib_rpr1_plate1,B10,B05,B05,GFP panel,enAsCas12a,,RPR1,,No,B05,,2,11_gen,7.1,No,Figure 2,GFP panel replicate kinetics,results/01_gfp_library_transfer_counts/tables/gfp_lib_standardized_all_replicates.csv
cas12a_precision_editing_figure2_fcs.zip,1008200,8b9f48db593993ea940c644d51748cb644511bed319205dd3ecd6d40706354e1,True,AD_20241022_gfplib_rpr1_plate1_Experiment_Group_B11.fcs,enas_rpr_no,AD_20241022_gfplib_rpr1_plate1,B11,E01,E01,GFP panel,enAsCas12a,,RPR1,,No,E01,,2,11_gen,15.0,No,Figure 2,GFP panel replicate kinetics,results/01_gfp_library_transfer_counts/tables/gfp_lib_standardized_all_replicates.csv
cas12a_precision_editing_figure2_fcs.zip,1008200,bc5d370515b43394de66a6619bbdc6ee8c986d4517a83f2661e7f535d1300d27,True,AD_20241022_gfplib_rpr1_plate1_Experiment_Group_B12.fcs,enas_rpr_no,AD_20241022_gfplib_rpr1_plate1,B12,H11,H11,GFP panel,enAsCas12a,,RPR1,,No,H11,,2,11_gen,16.0,No,Figure 2,GFP panel replicate kinetics,results/01_gfp_library_transfer_counts/tables/gfp_lib_standardized_all_replicates.csv
cas12a_precision_editing_figure2_fcs.zip,1008200,9da020d327d4551cda3d0bb37db59161ee6dd17dff18c731d14f2b9436bece9d,True,AD_20241022_gfplib_rpr1_plate1_Experiment_Group_C09.fcs,enas_rpr_no,AD_20241022_gfplib_rpr1_plate1,C09,A04,A04,GFP panel,enAsCas12a,,RPR1,,No,A04,,1,11_gen,14.8,No,Figure 2,GFP panel replicate kinetics,results/01_gfp_library_transfer_counts/tables/gfp_lib_standardized_all_replicates.csv
cas12a_precision_editing_figure2_fcs.zip,1008200,04f8e9a2e1bcbf393d446beac3a48e0b6d3b2a67b80f32a3cf6c0d70aa416b27,True,AD_20241022_gfplib_rpr1_plate1_Experiment_Group_C10.fcs,enas_rpr_no,AD_20241022_gfplib_rpr1_plate1,C10,C03,C03,GFP panel,enAsCas12a,,RPR1,,No,C03,,1,11_gen,15.3,No,Figure 2,GFP panel replicate kinetics,results/01_gfp_library_transfer_counts/tables/gfp_lib_standardized_all_replicates.csv
cas12a_precision_editing_figure2_fcs.zip,1008200,bce7ba66486fc3e310a653c387682db31dc16416fd8995ccabe8210fa73969e5,True,AD_20241022_gfplib_rpr1_plate1_Experiment_Group_C11.fcs,enas_rpr_no,AD_20241022_gfplib_rpr1_plate1,C11,E02,E02,GFP panel,enAsCas12a,,RPR1,,No,E02,,1,11_gen,14.2,No,Figure 2,GFP panel replicate kinetics,results/01_gfp_library_transfer_counts/tables/gfp_lib_standardized_all_replicates.csv
cas12a_precision_editing_figure2_fcs.zip,1008200,df134f1dd4e0b10a38d33213d66968c336253180627babf44cba0fc08a19ed78,True,AD_20241022_gfplib_rpr1_plate1_Experiment_Group_D09.fcs,enas_rpr_no,AD_20241022_gfplib_rpr1_plate1,D09,A04,A04,GFP panel,enAsCas12a,,RPR1,,No,A04,,2,11_gen,14.7,No,Figure 2,GFP panel replicate kinetics,results/01_gfp_library_transfer_counts/tables/gfp_lib_standardized_all_replicates.csv
cas12a_precision_editing_figure2_fcs.zip,1008200,95b30f36749401f4f819d3c98d3bd8b9e4a1d8f25182b2794fd367e157b31c63,True,AD_20241022_gfplib_rpr1_plate1_Experiment_Group_D10.fcs,enas_rpr_no,AD_20241022_gfplib_rpr1_plate1,D10,C03,C03,GFP panel,enAsCas12a,,RPR1,,No,C03,,2,11_gen,15.0,No,Figure 2,GFP panel replicate kinetics,results/01_gfp_library_transfer_counts/tables/gfp_lib_standardized_all_replicates.csv
cas12a_precision_editing_figure2_fcs.zip,1008200,88bc2a633281aeca500ec5ac555c061c2c8788cbdddc7832a285469019a89f91,True,AD_20241022_gfplib_rpr1_plate1_Experiment_Group_D11.fcs,enas_rpr_no,AD_20241022_gfplib_rpr1_plate1,D11,E02,E02,GFP panel,enAsCas12a,,RPR1,,No,E02,,2,11_gen,14.8,No,Figure 2,GFP panel replicate kinetics,results/01_gfp_library_transfer_counts/tables/gfp_lib_standardized_all_replicates.csv
cas12a_precision_editing_figure2_fcs.zip,1008200,b32381b9104dd1ad50562ea23775f5cf7eea22bee9f40f7bb28f0089fdbefaf8,True,AD_20241022_gfplib_rpr1_plate1_Experiment_Group_E09.fcs,enas_rpr_no,AD_20241022_gfplib_rpr1_plate1,E09,A09,A09,GFP panel,enAsCas12a,,RPR1,,No,A09,,1,11_gen,15.0,Yes,Figure 2,GFP panel replicate kinetics,results/01_gfp_library_transfer_counts/tables/gfp_lib_standardized_all_replicates.csv
cas12a_precision_editing_figure2_fcs.zip,1008200,3eb1be1da1abbbc14cdc27bad148faebaef68b35cea62d09af6064e0e82c0cab,True,AD_20241022_gfplib_rpr1_plate1_Experiment_Group_E10.fcs,enas_rpr_no,AD_20241022_gfplib_rpr1_plate1,E10,C04,C04,GFP panel,enAsCas12a,,RPR1,,No,C04,,1,11_gen,9.8,No,Figure 2,GFP panel replicate kinetics,results/01_gfp_library_transfer_counts/tables/gfp_lib_standardized_all_replicates.csv
cas12a_precision_editing_figure2_fcs.zip,1008200,827233bd552e9bd44a8400865a6aaa083d1889ab7a5be207c1222c3f1d0b9f11,True,AD_20241022_gfplib_rpr1_plate1_Experiment_Group_E11.fcs,enas_rpr_no,AD_20241022_gfplib_rpr1_plate1,E11,E05,E05,GFP panel,enAsCas12a,,RPR1,,No,E05,,1,11_gen,14.6,No,Figure 2,GFP panel replicate kinetics,results/01_gfp_library_transfer_counts/tables/gfp_lib_standardized_all_replicates.csv
cas12a_precision_editing_figure2_fcs.zip,1008200,655f1c9302fbfe530e966c71c75e8f143a0461852cce5bf03df67b1dd11cdf9d,True,AD_20241022_gfplib_rpr1_plate1_Experiment_Group_F09.fcs,enas_rpr_no,AD_20241022_gfplib_rpr1_plate1,F09,A09,A09,GFP panel,enAsCas12a,,RPR1,,No,A09,,2,11_gen,15.2,Yes,Figure 2,GFP panel replicate kinetics,results/01_gfp_library_transfer_counts/tables/gfp_lib_standardized_all_replicates.csv
cas12a_precision_editing_figure2_fcs.zip,1008200,23ebec8cde57e2155a004631bb0799ab38e999228044878376534038ce6975de,True,AD_20241022_gfplib_rpr1_plate1_Experiment_Group_F10.fcs,enas_rpr_no,AD_20241022_gfplib_rpr1_plate1,F10,C04,C04,GFP panel,enAsCas12a,,RPR1,,No,C04,,2,11_gen,9.3,No,Figure 2,GFP panel replicate kinetics,results/01_gfp_library_transfer_counts/tables/gfp_lib_standardized_all_replicates.csv
cas12a_precision_editing_figure2_fcs.zip,1008200,a5da50584a41b00c17402d0b6c31ed72cf6a5fe5ea4d800c4116bf19f40add9d,True,AD_20241022_gfplib_rpr1_plate1_Experiment_Group_F11.fcs,enas_rpr_no,AD_20241022_gfplib_rpr1_plate1,F11,E05,E05,GFP panel,enAsCas12a,,RPR1,,No,E05,,2,11_gen,15.1,No,Figure 2,GFP panel replicate kinetics,results/01_gfp_library_transfer_counts/tables/gfp_lib_standardized_all_replicates.csv
cas12a_precision_editing_figure2_fcs.zip,1008200,b54f8b94faf895caddb47b3b465c09a2183af8b255c3a7be523c56fb86ecce52,True,AD_20241022_gfplib_rpr1_plate1_Experiment_Group_G09.fcs,enas_rpr_no,AD_20241022_gfplib_rpr1_plate1,G09,A12,A12,GFP panel,enAsCas12a,,RPR1,,No,A12,,1,11_gen,9.7,No,Figure 2,GFP panel replicate kinetics,results/01_gfp_library_transfer_counts/tables/gfp_lib_standardized_all_replicates.csv
cas12a_precision_editing_figure2_fcs.zip,1008200,3029085e305813f2c44ceb5b19554fb8bc27222f689bd01b7df9020de4588a42,True,AD_20241022_gfplib_rpr1_plate1_Experiment_Group_G10.fcs,enas_rpr_no,AD_20241022_gfplib_rpr1_plate1,G10,C05,C05,GFP panel,enAsCas12a,,RPR1,,No,C05,,1,11_gen,14.6,No,Figure 2,GFP panel replicate kinetics,results/01_gfp_library_transfer_counts/tables/gfp_lib_standardized_all_replicates.csv
cas12a_precision_editing_figure2_fcs.zip,1008200,6cbb1e90193abccfaf518b19a1050f514fe862d279316ba72fd8d6d077738389,True,AD_20241022_gfplib_rpr1_plate1_Experiment_Group_G11.fcs,enas_rpr_no,AD_20241022_gfplib_rpr1_plate1,G11,G03,G03,GFP panel,enAsCas12a,,RPR1,,No,G03,,1,11_gen,15.3,No,Figure 2,GFP panel replicate kinetics,results/01_gfp_library_transfer_counts/tables/gfp_lib_standardized_all_replicates.csv
cas12a_precision_editing_figure2_fcs.zip,1008200,40f72b339abc084b87611919301c8274ab76e865f7c813dd89454f4f690270f2,True,AD_20241022_gfplib_rpr1_plate1_Experiment_Group_H09.fcs,enas_rpr_no,AD_20241022_gfplib_rpr1_plate1,H09,A12,A12,GFP panel,enAsCas12a,,RPR1,,No,A12,,2,11_gen,10.1,No,Figure 2,GFP panel replicate kinetics,results/01_gfp_library_transfer_counts/tables/gfp_lib_standardized_all_replicates.csv
cas12a_precision_editing_figure2_fcs.zip,1008200,d52b304723bfd867daf2860e92432b66981a52e41d8aa9a903d842dbbddb5832,True,AD_20241022_gfplib_rpr1_plate1_Experiment_Group_H10.fcs,enas_rpr_no,AD_20241022_gfplib_rpr1_plate1,H10,C05,C05,GFP panel,enAsCas12a,,RPR1,,No,C05,,2,11_gen,13.8,No,Figure 2,GFP panel replicate kinetics,results/01_gfp_library_transfer_counts/tables/gfp_lib_standardized_all_replicates.csv
cas12a_precision_editing_figure2_fcs.zip,1008200,d77fbac3f527436a92ade5c3d3f40a9474d364fc908828d8e8e3aaf5040a7200,True,AD_20241022_gfplib_rpr1_plate1_Experiment_Group_H11.fcs,enas_rpr_no,AD_20241022_gfplib_rpr1_plate1,H11,G03,G03,GFP panel,enAsCas12a,,RPR1,,No,G03,,2,11_gen,15.5,No,Figure 2,GFP panel replicate kinetics,results/01_gfp_library_transfer_counts/tables/gfp_lib_standardized_all_replicates.csv
cas12a_precision_editing_figure2_fcs.zip,1008200,3c1d3f0858ed48eb961eca9f2375bd1de464331387ef7dd2afd35979b674f41f,True,AD_20241022_gfplib_rpr1_plate2_Experiment_Group_A01.fcs,enas_rpr_no,AD_20241022_gfplib_rpr1_plate2,A01,A01,A01,GFP panel,enAsCas12a,,RPR1,,No,A01,,1,20_gen,20.6,No,Figure 2,GFP panel replicate kinetics,results/01_gfp_library_transfer_counts/tables/gfp_lib_standardized_all_replicates.csv
cas12a_precision_editing_figure2_fcs.zip,1008200,3dc1ec0ddf549047fdf2a4bfc44a51d0d96a510a06aa3bd6b4b4fefa15cc53e3,True,AD_20241022_gfplib_rpr1_plate2_Experiment_Group_A02.fcs,enas_rpr_no,AD_20241022_gfplib_rpr1_plate2,A02,B05,B05,GFP panel,enAsCas12a,,RPR1,,No,B05,,1,20_gen,17.9,No,Figure 2,GFP panel replicate kinetics,results/01_gfp_library_transfer_counts/tables/gfp_lib_standardized_all_replicates.csv
cas12a_precision_editing_figure2_fcs.zip,1008200,069ef653a51cc412b1a12b38c37690fd34654a7e668778b630d415a28a6b2f7b,True,AD_20241022_gfplib_rpr1_plate2_Experiment_Group_A03.fcs,enas_rpr_no,AD_20241022_gfplib_rpr1_plate2,A03,E01,E01,GFP panel,enAsCas12a,,RPR1,,No,E01,,1,20_gen,23.9,No,Figure 2,GFP panel replicate kinetics,results/01_gfp_library_transfer_counts/tables/gfp_lib_standardized_all_replicates.csv
cas12a_precision_editing_figure2_fcs.zip,43960,c82ce2525f404d8ebce238b478963de6f8bf1492d7b2df4efd08176248b44f52,True,AD_20241022_gfplib_rpr1_plate2_Experiment_Group_A04.fcs,enas_rpr_no,AD_20241022_gfplib_rpr1_plate2,A04,H11,H11,GFP panel,enAsCas12a,,RPR1,,No,H11,,1,20_gen,8.7,No,Figure 2,GFP panel replicate kinetics,results/01_gfp_library_transfer_counts/tables/gfp_lib_standardized_all_replicates.csv
cas12a_precision_editing_figure2_fcs.zip,1008200,d6fe29236666a0ed6017a70b8d5030d97287e64569b17e16346c4b03e2c1c33f,True,AD_20241022_gfplib_rpr1_plate2_Experiment_Group_B01.fcs,enas_rpr_no,AD_20241022_gfplib_rpr1_plate2,B01,A01,A01,GFP panel,enAsCas12a,,RPR1,,No,A01,,2,20_gen,20.6,No,Figure 2,GFP panel replicate kinetics,results/01_gfp_library_transfer_counts/tables/gfp_lib_standardized_all_replicates.csv
cas12a_precision_editing_figure2_fcs.zip,1008200,e2b67b6e8ae9160f0ee30893d674b4bef2895c47adf0201d73dd062c5dc1db2c,True,AD_20241022_gfplib_rpr1_plate2_Experiment_Group_B02.fcs,enas_rpr_no,AD_20241022_gfplib_rpr1_plate2,B02,B05,B05,GFP panel,enAsCas12a,,RPR1,,No,B05,,2,20_gen,16.2,No,Figure 2,GFP panel replicate kinetics,results/01_gfp_library_transfer_counts/tables/gfp_lib_standardized_all_replicates.csv
cas12a_precision_editing_figure2_fcs.zip,1008200,373ef3ad028d1028912eac670cec514df7c4afa579b3f078772bc1c644057560,True,AD_20241022_gfplib_rpr1_plate2_Experiment_Group_B03.fcs,enas_rpr_no,AD_20241022_gfplib_rpr1_plate2,B03,E01,E01,GFP panel,enAsCas12a,,RPR1,,No,E01,,2,20_gen,24.0,No,Figure 2,GFP panel replicate kinetics,results/01_gfp_library_transfer_counts/tables/gfp_lib_standardized_all_replicates.csv
cas12a_precision_editing_figure2_fcs.zip,1008200,4ba4eda322b9133dc656fe0b07df02ee93917ad2f6760aa4c768b4b4c0949973,True,AD_20241022_gfplib_rpr1_plate2_Experiment_Group_B04.fcs,enas_rpr_no,AD_20241022_gfplib_rpr1_plate2,B04,H11,H11,GFP panel,enAsCas12a,,RPR1,,No,H11,,2,20_gen,24.6,No,Figure 2,GFP panel replicate kinetics,results/01_gfp_library_transfer_counts/tables/gfp_lib_standardized_all_replicates.csv
cas12a_precision_editing_figure2_fcs.zip,1008200,1843f876df54c29f5c8a5d871ea9c47a3ab9606d697ddd72ced185185ed6cc10,True,AD_20241022_gfplib_rpr1_plate2_Experiment_Group_C01.fcs,enas_rpr_no,AD_20241022_gfplib_rpr1_plate2,C01,A04,A04,GFP panel,enAsCas12a,,RPR1,,No,A04,,1,20_gen,23.1,No,Figure 2,GFP panel replicate kinetics,results/01_gfp_library_transfer_counts/tables/gfp_lib_standardized_all_replicates.csv
cas12a_precision_editing_figure2_fcs.zip,1008200,a60cdce5a19163d9b933bcf7294d77d1fac4aaa20bae5c5a37ab8b667e5278e5,True,AD_20241022_gfplib_rpr1_plate2_Experiment_Group_C02.fcs,enas_rpr_no,AD_20241022_gfplib_rpr1_plate2,C02,C03,C03,GFP panel,enAsCas12a,,RPR1,,No,C03,,1,20_gen,24.4,No,Figure 2,GFP panel replicate kinetics,results/01_gfp_library_transfer_counts/tables/gfp_lib_standardized_all_replicates.csv
cas12a_precision_editing_figure2_fcs.zip,1008200,bd23488a2469f82f8cf545e3f0a826900bc40c389c7195e01d9a24267ab001c6,True,AD_20241022_gfplib_rpr1_plate2_Experiment_Group_C03.fcs,enas_rpr_no,AD_20241022_gfplib_rpr1_plate2,C03,E02,E02,GFP panel,enAsCas12a,,RPR1,,No,E02,,1,20_gen,22.5,No,Figure 2,GFP panel replicate kinetics,results/01_gfp_library_transfer_counts/tables/gfp_lib_standardized_all_replicates.csv
cas12a_precision_editing_figure2_fcs.zip,1008200,68f0634ee32cfe7a3899511e256e9ab4702315f766ce845c050ff4435f528dd7,True,AD_20241022_gfplib_rpr1_plate2_Experiment_Group_D01.fcs,enas_rpr_no,AD_20241022_gfplib_rpr1_plate2,D01,A04,A04,GFP panel,enAsCas12a,,RPR1,,No,A04,,2,20_gen,23.1,No,Figure 2,GFP panel replicate kinetics,results/01_gfp_library_transfer_counts/tables/gfp_lib_standardized_all_replicates.csv
cas12a_precision_editing_figure2_fcs.zip,1008200,52f977abe341c3e9649f71c8b24e7b1ab77078e0f524c2a4e60c4e1b953f3318,True,AD_20241022_gfplib_rpr1_plate2_Experiment_Group_D02.fcs,enas_rpr_no,AD_20241022_gfplib_rpr1_plate2,D02,C03,C03,GFP panel,enAsCas12a,,RPR1,,No,C03,,2,20_gen,23.7,No,Figure 2,GFP panel replicate kinetics,results/01_gfp_library_transfer_counts/tables/gfp_lib_standardized_all_replicates.csv
cas12a_precision_editing_figure2_fcs.zip,1008200,ebb108979cc4116e12f307db48fe355075e11293c4e35641ca6f019d1130c918,True,AD_20241022_gfplib_rpr1_plate2_Experiment_Group_D03.fcs,enas_rpr_no,AD_20241022_gfplib_rpr1_plate2,D03,E02,E02,GFP panel,enAsCas12a,,RPR1,,No,E02,,2,20_gen,23.2,No,Figure 2,GFP panel replicate kinetics,results/01_gfp_library_transfer_counts/tables/gfp_lib_standardized_all_replicates.csv
cas12a_precision_editing_figure2_fcs.zip,1008200,0008c015bfb7429a999900bb7e4e420bf92a53bb52e02cf7f03153e755976b6e,True,AD_20241022_gfplib_rpr1_plate2_Experiment_Group_E01.fcs,enas_rpr_no,AD_20241022_gfplib_rpr1_plate2,E01,A09,A09,GFP panel,enAsCas12a,,RPR1,,No,A09,,1,20_gen,23.0,Yes,Figure 2,GFP panel replicate kinetics,results/01_gfp_library_transfer_counts/tables/gfp_lib_standardized_all_replicates.csv
cas12a_precision_editing_figure2_fcs.zip,1008200,1c8493d4286686ee28854c978c89bfc178fb394136d1021ca247b053a1d11d53,True,AD_20241022_gfplib_rpr1_plate2_Experiment_Group_E02.fcs,enas_rpr_no,AD_20241022_gfplib_rpr1_plate2,E02,C04,C04,GFP panel,enAsCas12a,,RPR1,,No,C04,,1,20_gen,18.9,No,Figure 2,GFP panel replicate kinetics,results/01_gfp_library_transfer_counts/tables/gfp_lib_standardized_all_replicates.csv
cas12a_precision_editing_figure2_fcs.zip,1008200,c17484eb1d509e8cdd1aaf218236ac161b1cfb3d51298b5e08ddaa956f654b47,True,AD_20241022_gfplib_rpr1_plate2_Experiment_Group_E03.fcs,enas_rpr_no,AD_20241022_gfplib_rpr1_plate2,E03,E05,E05,GFP panel,enAsCas12a,,RPR1,,No,E05,,1,20_gen,23.1,No,Figure 2,GFP panel replicate kinetics,results/01_gfp_library_transfer_counts/tables/gfp_lib_standardized_all_replicates.csv
cas12a_precision_editing_figure2_fcs.zip,1008200,2b8e668a4a5b27420d239ef7e47046716012d1d0d4163fb66bec83ef7d32926a,True,AD_20241022_gfplib_rpr1_plate2_Experiment_Group_F01.fcs,enas_rpr_no,AD_20241022_gfplib_rpr1_plate2,F01,A09,A09,GFP panel,enAsCas12a,,RPR1,,No,A09,,2,20_gen,23.5,Yes,Figure 2,GFP panel replicate kinetics,results/01_gfp_library_transfer_counts/tables/gfp_lib_standardized_all_replicates.csv
cas12a_precision_editing_figure2_fcs.zip,1008200,1eff3e4acc9d54212c33fdb010b7033aa20b81c698b22909cc9d5b5ca02a0b60,True,AD_20241022_gfplib_rpr1_plate2_Experiment_Group_F02.fcs,enas_rpr_no,AD_20241022_gfplib_rpr1_plate2,F02,C04,C04,GFP panel,enAsCas12a,,RPR1,,No,C04,,2,20_gen,17.8,No,Figure 2,GFP panel replicate kinetics,results/01_gfp_library_transfer_counts/tables/gfp_lib_standardized_all_replicates.csv
cas12a_precision_editing_figure2_fcs.zip,1008200,cd74db3467315cf3d0696ec52e1946b2f1b70bcca8fa78071ec6a3ea81fa431f,True,AD_20241022_gfplib_rpr1_plate2_Experiment_Group_F03.fcs,enas_rpr_no,AD_20241022_gfplib_rpr1_plate2,F03,E05,E05,GFP panel,enAsCas12a,,RPR1,,No,E05,,2,20_gen,23.6,No,Figure 2,GFP panel replicate kinetics,results/01_gfp_library_transfer_counts/tables/gfp_lib_standardized_all_replicates.csv
cas12a_precision_editing_figure2_fcs.zip,1008200,acf03e3769afee442cb35cd38ea50981380e714c5ab0e1a876da0f68f40251ef,True,AD_20241022_gfplib_rpr1_plate2_Experiment_Group_G01.fcs,enas_rpr_no,AD_20241022_gfplib_rpr1_plate2,G01,A12,A12,GFP panel,enAsCas12a,,RPR1,,No,A12,,1,20_gen,18.5,No,Figure 2,GFP panel replicate kinetics,results/01_gfp_library_transfer_counts/tables/gfp_lib_standardized_all_replicates.csv
cas12a_precision_editing_figure2_fcs.zip,1008200,f76280b47497c638a05e7d910fabb15cb0ced8571a0ff92cba56a5b69c120a66,True,AD_20241022_gfplib_rpr1_plate2_Experiment_Group_G02.fcs,enas_rpr_no,AD_20241022_gfplib_rpr1_plate2,G02,C05,C05,GFP panel,enAsCas12a,,RPR1,,No,C05,,1,20_gen,23.3,No,Figure 2,GFP panel replicate kinetics,results/01_gfp_library_transfer_counts/tables/gfp_lib_standardized_all_replicates.csv
cas12a_precision_editing_figure2_fcs.zip,1008200,6787041d0e92a88a2f2833bf2c602be0151a59f041f4d88b2baafd8be1187b7c,True,AD_20241022_gfplib_rpr1_plate2_Experiment_Group_G03.fcs,enas_rpr_no,AD_20241022_gfplib_rpr1_plate2,G03,G03,G03,GFP panel,enAsCas12a,,RPR1,,No,G03,,1,20_gen,24.0,No,Figure 2,GFP panel replicate kinetics,results/01_gfp_library_transfer_counts/tables/gfp_lib_standardized_all_replicates.csv
cas12a_precision_editing_figure2_fcs.zip,1008200,5283a6bda267dcf62b9bbd8df4e45a4cdc9692b6c255e1348fa2e829b7486dd2,True,AD_20241022_gfplib_rpr1_plate2_Experiment_Group_H01.fcs,enas_rpr_no,AD_20241022_gfplib_rpr1_plate2,H01,A12,A12,GFP panel,enAsCas12a,,RPR1,,No,A12,,2,20_gen,18.2,No,Figure 2,GFP panel replicate kinetics,results/01_gfp_library_transfer_counts/tables/gfp_lib_standardized_all_replicates.csv
cas12a_precision_editing_figure2_fcs.zip,1008200,a66fc1429f40d352bc1618bbe69e8bb19dc2000e15e72da49973078d57fb49ad,True,AD_20241022_gfplib_rpr1_plate2_Experiment_Group_H02.fcs,enas_rpr_no,AD_20241022_gfplib_rpr1_plate2,H02,C05,C05,GFP panel,enAsCas12a,,RPR1,,No,C05,,2,20_gen,22.7,No,Figure 2,GFP panel replicate kinetics,results/01_gfp_library_transfer_counts/tables/gfp_lib_standardized_all_replicates.csv
cas12a_precision_editing_figure2_fcs.zip,1008200,dd4ddf7f3c45ac7a2ed752070265076959a4fe0594c65d85b6f06f5e7f10ecf0,True,AD_20241022_gfplib_rpr1_plate2_Experiment_Group_H03.fcs,enas_rpr_no,AD_20241022_gfplib_rpr1_plate2,H03,G03,G03,GFP panel,enAsCas12a,,RPR1,,No,G03,,2,20_gen,24.3,No,Figure 2,GFP panel replicate kinetics,results/01_gfp_library_transfer_counts/tables/gfp_lib_standardized_all_replicates.csv
cas12a_precision_editing_figure2_fcs.zip,1008200,abc3f26f7fc867e52d0fc565504433d7521b5df549b7ec061be42c887a507599,True,AD_20241022_gfplib_rpr1_plate1_Experiment_Group_A01.fcs,enas_rpr_no,AD_20241022_gfplib_rpr1_plate1,A01,A01,A01,GFP panel,enAsCas12a,,RPR1,,No,A01,,1,6_gen,5.2,No,Figure 2,GFP panel replicate kinetics,results/01_gfp_library_transfer_counts/tables/gfp_lib_standardized_all_replicates.csv
cas12a_precision_editing_figure2_fcs.zip,304240,5d99dddde099831ee637906a8dcd5271b6300dc6fff8ca551606b242215981d6,True,AD_20241022_gfplib_rpr1_plate1_Experiment_Group_A02.fcs,enas_rpr_no,AD_20241022_gfplib_rpr1_plate1,A02,B05,B05,GFP panel,enAsCas12a,,RPR1,,No,B05,,1,6_gen,3.7,No,Figure 2,GFP panel replicate kinetics,results/01_gfp_library_transfer_counts/tables/gfp_lib_standardized_all_replicates.csv
cas12a_precision_editing_figure2_fcs.zip,1008200,66fa05230ce8279f3a5351004d5d2b86c91d88792aca14417666249523e4d0f2,True,AD_20241022_gfplib_rpr1_plate1_Experiment_Group_A03.fcs,enas_rpr_no,AD_20241022_gfplib_rpr1_plate1,A03,E01,E01,GFP panel,enAsCas12a,,RPR1,,No,E01,,1,6_gen,8.3,No,Figure 2,GFP panel replicate kinetics,results/01_gfp_library_transfer_counts/tables/gfp_lib_standardized_all_replicates.csv
cas12a_precision_editing_figure2_fcs.zip,29600,4d5d816d7052984219ef64779f1a48df85940fbcccaa1617c555a2b01e9044c9,True,AD_20241022_gfplib_rpr1_plate1_Experiment_Group_A04.fcs,enas_rpr_no,AD_20241022_gfplib_rpr1_plate1,A04,H11,H11,GFP panel,enAsCas12a,,RPR1,,No,H11,,1,6_gen,4.5,No,Figure 2,GFP panel replicate kinetics,results/01_gfp_library_transfer_counts/tables/gfp_lib_standardized_all_replicates.csv
cas12a_precision_editing_figure2_fcs.zip,1008200,86b1629c4840a6dcffef2878e2da0f2971b6199f7d5ffde6888fe1638312cc37,True,AD_20241022_gfplib_rpr1_plate1_Experiment_Group_B01.fcs,enas_rpr_no,AD_20241022_gfplib_rpr1_plate1,B01,A01,A01,GFP panel,enAsCas12a,,RPR1,,No,A01,,2,6_gen,5.4,No,Figure 2,GFP panel replicate kinetics,results/01_gfp_library_transfer_counts/tables/gfp_lib_standardized_all_replicates.csv
cas12a_precision_editing_figure2_fcs.zip,94120,fb36cfd37cbe9ab50e7aaef9f285efb3f9ec0cd50d7649995060904f7da7cd3d,True,AD_20241022_gfplib_rpr1_plate1_Experiment_Group_B02.fcs,enas_rpr_no,AD_20241022_gfplib_rpr1_plate1,B02,B05,B05,GFP panel,enAsCas12a,,RPR1,,No,B05,,2,6_gen,3.8,No,Figure 2,GFP panel replicate kinetics,results/01_gfp_library_transfer_counts/tables/gfp_lib_standardized_all_replicates.csv
cas12a_precision_editing_figure2_fcs.zip,1008200,9cf73bffd4d8cc97398f99de110f344a56dfb93e6c441bafecf6976403f17d01,True,AD_20241022_gfplib_rpr1_plate1_Experiment_Group_B03.fcs,enas_rpr_no,AD_20241022_gfplib_rpr1_plate1,B03,E01,E01,GFP panel,enAsCas12a,,RPR1,,No,E01,,2,6_gen,8.1,No,Figure 2,GFP panel replicate kinetics,results/01_gfp_library_transfer_counts/tables/gfp_lib_standardized_all_replicates.csv
cas12a_precision_editing_figure2_fcs.zip,1008200,86ce8b91b019cd9811c3ebbf917007b62e1d079457fbf25bcc01cc30f8097907,True,AD_20241022_gfplib_rpr1_plate1_Experiment_Group_B04.fcs,enas_rpr_no,AD_20241022_gfplib_rpr1_plate1,B04,H11,H11,GFP panel,enAsCas12a,,RPR1,,No,H11,,2,6_gen,8.0,No,Figure 2,GFP panel replicate kinetics,results/01_gfp_library_transfer_counts/tables/gfp_lib_standardized_all_replicates.csv
cas12a_precision_editing_figure2_fcs.zip,1008200,0a19f253c1c97f09931c1679fb45ab6cafc8a703078575ce32cdd8fb1318ef85,True,AD_20241022_gfplib_rpr1_plate1_Experiment_Group_C01.fcs,enas_rpr_no,AD_20241022_gfplib_rpr1_plate1,C01,A04,A04,GFP panel,enAsCas12a,,RPR1,,No,A04,,1,6_gen,8.5,No,Figure 2,GFP panel replicate kinetics,results/01_gfp_library_transfer_counts/tables/gfp_lib_standardized_all_replicates.csv
cas12a_precision_editing_figure2_fcs.zip,1008200,e5317bfedf62d4472c8833d068939ffdbb235bb39f376f0a43ceceba60aa2697,True,AD_20241022_gfplib_rpr1_plate1_Experiment_Group_C02.fcs,enas_rpr_no,AD_20241022_gfplib_rpr1_plate1,C02,C03,C03,GFP panel,enAsCas12a,,RPR1,,No,C03,,1,6_gen,8.8,No,Figure 2,GFP panel replicate kinetics,results/01_gfp_library_transfer_counts/tables/gfp_lib_standardized_all_replicates.csv
cas12a_precision_editing_figure2_fcs.zip,1008200,32708a6284359b0881a5b12e4f8c99899e0e68dc65b92f1f6ed70f59a954623b,True,AD_20241022_gfplib_rpr1_plate1_Experiment_Group_C03.fcs,enas_rpr_no,AD_20241022_gfplib_rpr1_plate1,C03,E02,E02,GFP panel,enAsCas12a,,RPR1,,No,E02,,1,6_gen,7.7,No,Figure 2,GFP panel replicate kinetics,results/01_gfp_library_transfer_counts/tables/gfp_lib_standardized_all_replicates.csv
cas12a_precision_editing_figure2_fcs.zip,1008200,32cde6d68f5320211337b3be45a78d0ab9c6c7c88d29bfb743850a8cea6af2be,True,AD_20241022_gfplib_rpr1_plate1_Experiment_Group_D01.fcs,enas_rpr_no,AD_20241022_gfplib_rpr1_plate1,D01,A04,A04,GFP panel,enAsCas12a,,RPR1,,No,A04,,2,6_gen,8.3,No,Figure 2,GFP panel replicate kinetics,results/01_gfp_library_transfer_counts/tables/gfp_lib_standardized_all_replicates.csv
cas12a_precision_editing_figure2_fcs.zip,1008200,e46ddd9115371a451103bee5f5e8a3d2ac0a55f0629ffb50887f9512507166ae,True,AD_20241022_gfplib_rpr1_plate1_Experiment_Group_D02.fcs,enas_rpr_no,AD_20241022_gfplib_rpr1_plate1,D02,C03,C03,GFP panel,enAsCas12a,,RPR1,,No,C03,,2,6_gen,8.9,No,Figure 2,GFP panel replicate kinetics,results/01_gfp_library_transfer_counts/tables/gfp_lib_standardized_all_replicates.csv
cas12a_precision_editing_figure2_fcs.zip,1008200,7f32266ea455314b8bd252d346543b6806530a2ab60c7c4ea804d08b620798c5,True,AD_20241022_gfplib_rpr1_plate1_Experiment_Group_D03.fcs,enas_rpr_no,AD_20241022_gfplib_rpr1_plate1,D03,E02,E02,GFP panel,enAsCas12a,,RPR1,,No,E02,,2,6_gen,8.5,No,Figure 2,GFP panel replicate kinetics,results/01_gfp_library_transfer_counts/tables/gfp_lib_standardized_all_replicates.csv
cas12a_precision_editing_figure2_fcs.zip,1008200,f2d1767506032613a9582b558f69c68fad80639f9bd3b1a77a5dcdbf1701886d,True,AD_20241022_gfplib_rpr1_plate1_Experiment_Group_E01.fcs,enas_rpr_no,AD_20241022_gfplib_rpr1_plate1,E01,A09,A09,GFP panel,enAsCas12a,,RPR1,,No,A09,,1,6_gen,7.9,Yes,Figure 2,GFP panel replicate kinetics,results/01_gfp_library_transfer_counts/tables/gfp_lib_standardized_all_replicates.csv
cas12a_precision_editing_figure2_fcs.zip,354280,230ccf7ef52ce431f5836dff9be4d8c02d3da62baa44b523dfd85553208a47ae,True,AD_20241022_gfplib_rpr1_plate1_Experiment_Group_E02.fcs,enas_rpr_no,AD_20241022_gfplib_rpr1_plate1,E02,C04,C04,GFP panel,enAsCas12a,,RPR1,,No,C04,,1,6_gen,3.6,No,Figure 2,GFP panel replicate kinetics,results/01_gfp_library_transfer_counts/tables/gfp_lib_standardized_all_replicates.csv
cas12a_precision_editing_figure2_fcs.zip,1008200,e081e22101651f441327ffc32f72690dde73823af40cae4aa5163fa3e9cf77e4,True,AD_20241022_gfplib_rpr1_plate1_Experiment_Group_E03.fcs,enas_rpr_no,AD_20241022_gfplib_rpr1_plate1,E03,E05,E05,GFP panel,enAsCas12a,,RPR1,,No,E05,,1,6_gen,8.2,No,Figure 2,GFP panel replicate kinetics,results/01_gfp_library_transfer_counts/tables/gfp_lib_standardized_all_replicates.csv
cas12a_precision_editing_figure2_fcs.zip,1008200,8c86bc116ebcc27ee52c72c572c9ed3663d23e57f4ce3fd9da64dc9eaa0ae8b4,True,AD_20241022_gfplib_rpr1_plate1_Experiment_Group_F01.fcs,enas_rpr_no,AD_20241022_gfplib_rpr1_plate1,F01,A09,A09,GFP panel,enAsCas12a,,RPR1,,No,A09,,2,6_gen,8.1,Yes,Figure 2,GFP panel replicate kinetics,results/01_gfp_library_transfer_counts/tables/gfp_lib_standardized_all_replicates.csv
cas12a_precision_editing_figure2_fcs.zip,294160,13381d2dd8f514875dad14e551212542ebcfe59fef1e2c060bef4eb8540b6774,True,AD_20241022_gfplib_rpr1_plate1_Experiment_Group_F02.fcs,enas_rpr_no,AD_20241022_gfplib_rpr1_plate1,F02,C04,C04,GFP panel,enAsCas12a,,RPR1,,No,C04,,2,6_gen,5.0,No,Figure 2,GFP panel replicate kinetics,results/01_gfp_library_transfer_counts/tables/gfp_lib_standardized_all_replicates.csv
cas12a_precision_editing_figure2_fcs.zip,1008200,cf1c0f805e117f1813dd16b4243804ca6567ca3ada6e7b5b8185d27fa3c0dd4a,True,AD_20241022_gfplib_rpr1_plate1_Experiment_Group_F03.fcs,enas_rpr_no,AD_20241022_gfplib_rpr1_plate1,F03,E05,E05,GFP panel,enAsCas12a,,RPR1,,No,E05,,2,6_gen,8.2,No,Figure 2,GFP panel replicate kinetics,results/01_gfp_library_transfer_counts/tables/gfp_lib_standardized_all_replicates.csv
cas12a_precision_editing_figure2_fcs.zip,296400,32e66dcd6ddd6d89f5603297964d5463570b082759637a9a08630c662598464c,True,AD_20241022_gfplib_rpr1_plate1_Experiment_Group_G01.fcs,enas_rpr_no,AD_20241022_gfplib_rpr1_plate1,G01,A12,A12,GFP panel,enAsCas12a,,RPR1,,No,A12,,1,6_gen,5.3,No,Figure 2,GFP panel replicate kinetics,results/01_gfp_library_transfer_counts/tables/gfp_lib_standardized_all_replicates.csv
cas12a_precision_editing_figure2_fcs.zip,1008200,833ceeda3609f2afd816fee26f5455f9c32c8963a503625f040281a9d9e978c9,True,AD_20241022_gfplib_rpr1_plate1_Experiment_Group_G02.fcs,enas_rpr_no,AD_20241022_gfplib_rpr1_plate1,G02,C05,C05,GFP panel,enAsCas12a,,RPR1,,No,C05,,1,6_gen,8.1,No,Figure 2,GFP panel replicate kinetics,results/01_gfp_library_transfer_counts/tables/gfp_lib_standardized_all_replicates.csv
cas12a_precision_editing_figure2_fcs.zip,1008200,cd41160b306f6cac1d2d626c4694dc09d8f9f335e29c1757db33f83dc9af3ac0,True,AD_20241022_gfplib_rpr1_plate1_Experiment_Group_G03.fcs,enas_rpr_no,AD_20241022_gfplib_rpr1_plate1,G03,G03,G03,GFP panel,enAsCas12a,,RPR1,,No,G03,,1,6_gen,8.6,No,Figure 2,GFP panel replicate kinetics,results/01_gfp_library_transfer_counts/tables/gfp_lib_standardized_all_replicates.csv
cas12a_precision_editing_figure2_fcs.zip,400760,7b7c33f162682957263630e7bd049cc14cebdb095e8fcd77aecf3895eca90657,True,AD_20241022_gfplib_rpr1_plate1_Experiment_Group_H01.fcs,enas_rpr_no,AD_20241022_gfplib_rpr1_plate1,H01,A12,A12,GFP panel,enAsCas12a,,RPR1,,No,A12,,2,6_gen,4.3,No,Figure 2,GFP panel replicate kinetics,results/01_gfp_library_transfer_counts/tables/gfp_lib_standardized_all_replicates.csv
cas12a_precision_editing_figure2_fcs.zip,1008200,25c77189e58da733c09a7babbf081758cb0147a33410f8bdc518475d191664fc,True,AD_20241022_gfplib_rpr1_plate1_Experiment_Group_H02.fcs,enas_rpr_no,AD_20241022_gfplib_rpr1_plate1,H02,C05,C05,GFP panel,enAsCas12a,,RPR1,,No,C05,,2,6_gen,7.8,No,Figure 2,GFP panel replicate kinetics,results/01_gfp_library_transfer_counts/tables/gfp_lib_standardized_all_replicates.csv
cas12a_precision_editing_figure2_fcs.zip,1008200,2c0959f57b33a17549605d52f3d8173bc306aec5dd621e3adeef7795107e0167,True,AD_20241022_gfplib_rpr1_plate1_Experiment_Group_H03.fcs,enas_rpr_no,AD_20241022_gfplib_rpr1_plate1,H03,G03,G03,GFP panel,enAsCas12a,,RPR1,,No,G03,,2,6_gen,8.7,No,Figure 2,GFP panel replicate kinetics,results/01_gfp_library_transfer_counts/tables/gfp_lib_standardized_all_replicates.csv
cas12a_precision_editing_figure2_fcs.zip,1008200,e55b6398a54b0ada13af0fa939ef367947bda05d32e6ec2145907fa911080ab3,True,AD_20241022_gfplib_rpr1_plate1_Experiment_Group_A05.fcs,enas_rpr_no,AD_20241022_gfplib_rpr1_plate1,A05,A01,A01,GFP panel,enAsCas12a,,RPR1,,No,A01,,1,scraped,0.0,No,Figure 2,GFP panel replicate kinetics,results/01_gfp_library_transfer_counts/tables/gfp_lib_standardized_all_replicates.csv
cas12a_precision_editing_figure2_fcs.zip,1008200,fcc051ac653fd1535eb804cf236e00d9bc0f0d5f918ddca1f5d44b7b878681f4,True,AD_20241022_gfplib_rpr1_plate1_Experiment_Group_A06.fcs,enas_rpr_no,AD_20241022_gfplib_rpr1_plate1,A06,B05,B05,GFP panel,enAsCas12a,,RPR1,,No,B05,,1,scraped,0.0,No,Figure 2,GFP panel replicate kinetics,results/01_gfp_library_transfer_counts/tables/gfp_lib_standardized_all_replicates.csv
cas12a_precision_editing_figure2_fcs.zip,1008200,22fdedbff23faf72f192bdb0209d5be633396209bd7afa57e121c0c231c71cad,True,AD_20241022_gfplib_rpr1_plate1_Experiment_Group_A07.fcs,enas_rpr_no,AD_20241022_gfplib_rpr1_plate1,A07,E01,E01,GFP panel,enAsCas12a,,RPR1,,No,E01,,1,scraped,0.0,No,Figure 2,GFP panel replicate kinetics,results/01_gfp_library_transfer_counts/tables/gfp_lib_standardized_all_replicates.csv
cas12a_precision_editing_figure2_fcs.zip,104400,f35410d80a6b10ee307195b5ba50698d25115b1db9f87c1a7734f91b0f490d8e,True,AD_20241022_gfplib_rpr1_plate1_Experiment_Group_A08.fcs,enas_rpr_no,AD_20241022_gfplib_rpr1_plate1,A08,H11,H11,GFP panel,enAsCas12a,,RPR1,,No,H11,,1,scraped,0.0,No,Figure 2,GFP panel replicate kinetics,results/01_gfp_library_transfer_counts/tables/gfp_lib_standardized_all_replicates.csv
cas12a_precision_editing_figure2_fcs.zip,1008200,612136530a262c9761fe1d1945310e7d7a27adecab159806988d2fb5f69b0132,True,AD_20241022_gfplib_rpr1_plate1_Experiment_Group_B05.fcs,enas_rpr_no,AD_20241022_gfplib_rpr1_plate1,B05,A01,A01,GFP panel,enAsCas12a,,RPR1,,No,A01,,2,scraped,0.0,No,Figure 2,GFP panel replicate kinetics,results/01_gfp_library_transfer_counts/tables/gfp_lib_standardized_all_replicates.csv
cas12a_precision_editing_figure2_fcs.zip,1008200,34c2aca1684847ab51dbc17dffd9ee97dd68645d852c255aba98ed9892457066,True,AD_20241022_gfplib_rpr1_plate1_Experiment_Group_B06.fcs,enas_rpr_no,AD_20241022_gfplib_rpr1_plate1,B06,B05,B05,GFP panel,enAsCas12a,,RPR1,,No,B05,,2,scraped,0.0,No,Figure 2,GFP panel replicate kinetics,results/01_gfp_library_transfer_counts/tables/gfp_lib_standardized_all_replicates.csv
cas12a_precision_editing_figure2_fcs.zip,1008200,054ea4b95093f5c67476ad52d750988957e5422b0ed5ff1b344bfd1c92351b18,True,AD_20241022_gfplib_rpr1_plate1_Experiment_Group_B07.fcs,enas_rpr_no,AD_20241022_gfplib_rpr1_plate1,B07,E01,E01,GFP panel,enAsCas12a,,RPR1,,No,E01,,2,scraped,0.0,No,Figure 2,GFP panel replicate kinetics,results/01_gfp_library_transfer_counts/tables/gfp_lib_standardized_all_replicates.csv
cas12a_precision_editing_figure2_fcs.zip,866520,17b370268952797995ae9bebb1f39d07678c2d214f96f21fbaf72f30d9c88493,True,AD_20241022_gfplib_rpr1_plate1_Experiment_Group_B08.fcs,enas_rpr_no,AD_20241022_gfplib_rpr1_plate1,B08,H11,H11,GFP panel,enAsCas12a,,RPR1,,No,H11,,2,scraped,0.0,No,Figure 2,GFP panel replicate kinetics,results/01_gfp_library_transfer_counts/tables/gfp_lib_standardized_all_replicates.csv
cas12a_precision_editing_figure2_fcs.zip,1008200,0f942b61272a0e90e014c0738dab0afd84535b667644b289dd330da6e0f89ccc,True,AD_20241022_gfplib_rpr1_plate1_Experiment_Group_C05.fcs,enas_rpr_no,AD_20241022_gfplib_rpr1_plate1,C05,A04,A04,GFP panel,enAsCas12a,,RPR1,,No,A04,,1,scraped,0.0,No,Figure 2,GFP panel replicate kinetics,results/01_gfp_library_transfer_counts/tables/gfp_lib_standardized_all_replicates.csv
cas12a_precision_editing_figure2_fcs.zip,1008200,5a8ab549a26d74307a9e07cdbdc56b8ba4cd5bd5a79bed6df869732581527fb4,True,AD_20241022_gfplib_rpr1_plate1_Experiment_Group_C06.fcs,enas_rpr_no,AD_20241022_gfplib_rpr1_plate1,C06,C03,C03,GFP panel,enAsCas12a,,RPR1,,No,C03,,1,scraped,0.0,No,Figure 2,GFP panel replicate kinetics,results/01_gfp_library_transfer_counts/tables/gfp_lib_standardized_all_replicates.csv
cas12a_precision_editing_figure2_fcs.zip,668880,df676a70314f7941bbfe14a679370f64b3a20cc86dc32bdaa28bfc7a9db32bef,True,AD_20241022_gfplib_rpr1_plate1_Experiment_Group_C07.fcs,enas_rpr_no,AD_20241022_gfplib_rpr1_plate1,C07,E02,E02,GFP panel,enAsCas12a,,RPR1,,No,E02,,1,scraped,0.0,No,Figure 2,GFP panel replicate kinetics,results/01_gfp_library_transfer_counts/tables/gfp_lib_standardized_all_replicates.csv
cas12a_precision_editing_figure2_fcs.zip,1008200,4038bb0b690086c457fdbb52a6453e0d1601b184fcd7509ccdad5e292817e720,True,AD_20241022_gfplib_rpr1_plate1_Experiment_Group_D05.fcs,enas_rpr_no,AD_20241022_gfplib_rpr1_plate1,D05,A04,A04,GFP panel,enAsCas12a,,RPR1,,No,A04,,2,scraped,0.0,No,Figure 2,GFP panel replicate kinetics,results/01_gfp_library_transfer_counts/tables/gfp_lib_standardized_all_replicates.csv
cas12a_precision_editing_figure2_fcs.zip,1008200,26dc8bfb18f3a2dc4ae5fbe83e877721f277dc7ca2f5022567e849da50bbdcf7,True,AD_20241022_gfplib_rpr1_plate1_Experiment_Group_D06.fcs,enas_rpr_no,AD_20241022_gfplib_rpr1_plate1,D06,C03,C03,GFP panel,enAsCas12a,,RPR1,,No,C03,,2,scraped,0.0,No,Figure 2,GFP panel replicate kinetics,results/01_gfp_library_transfer_counts/tables/gfp_lib_standardized_all_replicates.csv
cas12a_precision_editing_figure2_fcs.zip,386080,dc713043b8ca47c9d99b337161850585f8fe5cafcd35b0255f6b04e70382c287,True,AD_20241022_gfplib_rpr1_plate1_Experiment_Group_D07.fcs,enas_rpr_no,AD_20241022_gfplib_rpr1_plate1,D07,E02,E02,GFP panel,enAsCas12a,,RPR1,,No,E02,,2,scraped,0.0,No,Figure 2,GFP panel replicate kinetics,results/01_gfp_library_transfer_counts/tables/gfp_lib_standardized_all_replicates.csv
cas12a_precision_editing_figure2_fcs.zip,1008200,5f642784e6c4c6dd30a80d78c5c8688f18921e2d4a7accb6fcfc3e395cbf0166,True,AD_20241022_gfplib_rpr1_plate1_Experiment_Group_E05.fcs,enas_rpr_no,AD_20241022_gfplib_rpr1_plate1,E05,A09,A09,GFP panel,enAsCas12a,,RPR1,,No,A09,,1,scraped,0.0,Yes,Figure 2,GFP panel replicate kinetics,results/01_gfp_library_transfer_counts/tables/gfp_lib_standardized_all_replicates.csv
cas12a_precision_editing_figure2_fcs.zip,1008200,a7eb6c1156d23eceb188359f6b29e2aa2c173783e14374913f214926da6e840e,True,AD_20241022_gfplib_rpr1_plate1_Experiment_Group_E06.fcs,enas_rpr_no,AD_20241022_gfplib_rpr1_plate1,E06,C04,C04,GFP panel,enAsCas12a,,RPR1,,No,C04,,1,scraped,0.0,No,Figure 2,GFP panel replicate kinetics,results/01_gfp_library_transfer_counts/tables/gfp_lib_standardized_all_replicates.csv
cas12a_precision_editing_figure2_fcs.zip,1008200,30d6efd8c66df167910870161f327605962e889f65325e722789deadb26afaf0,True,AD_20241022_gfplib_rpr1_plate1_Experiment_Group_E07.fcs,enas_rpr_no,AD_20241022_gfplib_rpr1_plate1,E07,E05,E05,GFP panel,enAsCas12a,,RPR1,,No,E05,,1,scraped,0.0,No,Figure 2,GFP panel replicate kinetics,results/01_gfp_library_transfer_counts/tables/gfp_lib_standardized_all_replicates.csv
cas12a_precision_editing_figure2_fcs.zip,1008200,7cb0254c71067a5743b882560e92e8fbfae0ff5ae87e81832c9977ef6b97a92b,True,AD_20241022_gfplib_rpr1_plate1_Experiment_Group_F05.fcs,enas_rpr_no,AD_20241022_gfplib_rpr1_plate1,F05,A09,A09,GFP panel,enAsCas12a,,RPR1,,No,A09,,2,scraped,0.0,Yes,Figure 2,GFP panel replicate kinetics,results/01_gfp_library_transfer_counts/tables/gfp_lib_standardized_all_replicates.csv
cas12a_precision_editing_figure2_fcs.zip,1008200,7e97c839da499e697e29618ec5f2158f2c70806b233f2b27810e869e30d4ee64,True,AD_20241022_gfplib_rpr1_plate1_Experiment_Group_F06.fcs,enas_rpr_no,AD_20241022_gfplib_rpr1_plate1,F06,C04,C04,GFP panel,enAsCas12a,,RPR1,,No,C04,,2,scraped,0.0,No,Figure 2,GFP panel replicate kinetics,results/01_gfp_library_transfer_counts/tables/gfp_lib_standardized_all_replicates.csv
cas12a_precision_editing_figure2_fcs.zip,1008200,f8ee942555ad6ce86b715d917571e33d78884df0b5913f427dd84743f467969b,True,AD_20241022_gfplib_rpr1_plate1_Experiment_Group_F07.fcs,enas_rpr_no,AD_20241022_gfplib_rpr1_plate1,F07,E05,E05,GFP panel,enAsCas12a,,RPR1,,No,E05,,2,scraped,0.0,No,Figure 2,GFP panel replicate kinetics,results/01_gfp_library_transfer_counts/tables/gfp_lib_standardized_all_replicates.csv
cas12a_precision_editing_figure2_fcs.zip,1008200,033ec4cbce4a7fa3164710e808bbe91f13645dcdd4c7b5d5374386196b83cea6,True,AD_20241022_gfplib_rpr1_plate1_Experiment_Group_G05.fcs,enas_rpr_no,AD_20241022_gfplib_rpr1_plate1,G05,A12,A12,GFP panel,enAsCas12a,,RPR1,,No,A12,,1,scraped,0.0,No,Figure 2,GFP panel replicate kinetics,results/01_gfp_library_transfer_counts/tables/gfp_lib_standardized_all_replicates.csv
cas12a_precision_editing_figure2_fcs.zip,1008200,06c4dfae4f2ac0c738f8b1a8a4774a699fae3e3571df0afbcf7beb70cfffe08c,True,AD_20241022_gfplib_rpr1_plate1_Experiment_Group_G06.fcs,enas_rpr_no,AD_20241022_gfplib_rpr1_plate1,G06,C05,C05,GFP panel,enAsCas12a,,RPR1,,No,C05,,1,scraped,0.0,No,Figure 2,GFP panel replicate kinetics,results/01_gfp_library_transfer_counts/tables/gfp_lib_standardized_all_replicates.csv
cas12a_precision_editing_figure2_fcs.zip,1008200,ed9e1885e3c283653143fdaf8ce07ce5d4ee25724210dd3c15514a29cde05be7,True,AD_20241022_gfplib_rpr1_plate1_Experiment_Group_G07.fcs,enas_rpr_no,AD_20241022_gfplib_rpr1_plate1,G07,G03,G03,GFP panel,enAsCas12a,,RPR1,,No,G03,,1,scraped,0.0,No,Figure 2,GFP panel replicate kinetics,results/01_gfp_library_transfer_counts/tables/gfp_lib_standardized_all_replicates.csv
cas12a_precision_editing_figure2_fcs.zip,1008200,82cca09752fac76d9370581234f4c454b32903ebbdb72298ce37c04e1c589a54,True,AD_20241022_gfplib_rpr1_plate1_Experiment_Group_H05.fcs,enas_rpr_no,AD_20241022_gfplib_rpr1_plate1,H05,A12,A12,GFP panel,enAsCas12a,,RPR1,,No,A12,,2,scraped,0.0,No,Figure 2,GFP panel replicate kinetics,results/01_gfp_library_transfer_counts/tables/gfp_lib_standardized_all_replicates.csv
cas12a_precision_editing_figure2_fcs.zip,1008200,601ebeecebb9101ef505c52dae16c280819ad35cccddebb9191f6a778b9ec6d4,True,AD_20241022_gfplib_rpr1_plate1_Experiment_Group_H06.fcs,enas_rpr_no,AD_20241022_gfplib_rpr1_plate1,H06,C05,C05,GFP panel,enAsCas12a,,RPR1,,No,C05,,2,scraped,0.0,No,Figure 2,GFP panel replicate kinetics,results/01_gfp_library_transfer_counts/tables/gfp_lib_standardized_all_replicates.csv
cas12a_precision_editing_figure2_fcs.zip,1008200,87ee590f5e4decf734a675da8511e958d92e41eba9593e15ea0f30b7f8ea25d8,True,AD_20241022_gfplib_rpr1_plate1_Experiment_Group_H07.fcs,enas_rpr_no,AD_20241022_gfplib_rpr1_plate1,H07,G03,G03,GFP panel,enAsCas12a,,RPR1,,No,G03,,2,scraped,0.0,No,Figure 2,GFP panel replicate kinetics,results/01_gfp_library_transfer_counts/tables/gfp_lib_standardized_all_replicates.csv
cas12a_precision_editing_figure2_fcs.zip,1008200,895fc57471d91d673861462f07ca9f1110e4d16686ed13ef057519c04d3c4611,True,AD_20241028_gfplib_rpr1_donorrec_plate1_Experiment_Group_A09.fcs,enas_rpr_yes,AD_20241028_gfplib_rpr1_donorrec_plate1,A09,A01,A01,GFP panel,enAsCas12a,,RPR1,,Yes,A01,,1,11_gen,14.2,No,Figure 2,GFP panel replicate kinetics,results/01_gfp_library_transfer_counts/tables/gfp_lib_standardized_all_replicates.csv
cas12a_precision_editing_figure2_fcs.zip,1008200,f7b800497a3802e5d135ac19a1767e70ad345acd55f51c877005064c09df8b73,True,AD_20241028_gfplib_rpr1_donorrec_plate1_Experiment_Group_A10.fcs,enas_rpr_yes,AD_20241028_gfplib_rpr1_donorrec_plate1,A10,B05,B05,GFP panel,enAsCas12a,,RPR1,,Yes,B05,,1,11_gen,9.2,No,Figure 2,GFP panel replicate kinetics,results/01_gfp_library_transfer_counts/tables/gfp_lib_standardized_all_replicates.csv
cas12a_precision_editing_figure2_fcs.zip,1008200,c8684ee099d70502860059ccb5c3f5107f8502f7c0c7410d7439ee903d4ce683,True,AD_20241028_gfplib_rpr1_donorrec_plate1_Experiment_Group_A11.fcs,enas_rpr_yes,AD_20241028_gfplib_rpr1_donorrec_plate1,A11,E01,E01,GFP panel,enAsCas12a,,RPR1,,Yes,E01,,1,11_gen,14.4,No,Figure 2,GFP panel replicate kinetics,results/01_gfp_library_transfer_counts/tables/gfp_lib_standardized_all_replicates.csv
cas12a_precision_editing_figure2_fcs.zip,1008200,2e7d7fb68b6eb974df44a9b8aaa12cbdea04546c2d7bd848a2c46303c9bded45,True,AD_20241028_gfplib_rpr1_donorrec_plate1_Experiment_Group_A12.fcs,enas_rpr_yes,AD_20241028_gfplib_rpr1_donorrec_plate1,A12,H11,H11,GFP panel,enAsCas12a,,RPR1,,Yes,H11,,1,11_gen,11.6,No,Figure 2,GFP panel replicate kinetics,results/01_gfp_library_transfer_counts/tables/gfp_lib_standardized_all_replicates.csv
cas12a_precision_editing_figure2_fcs.zip,1008200,c73d97f78154f9cc93e258a16b4cbc2362ab6b44bdad3c68acb8ffb7de66645a,True,AD_20241028_gfplib_rpr1_donorrec_plate1_Experiment_Group_B09.fcs,enas_rpr_yes,AD_20241028_gfplib_rpr1_donorrec_plate1,B09,A01,A01,GFP panel,enAsCas12a,,RPR1,,Yes,A01,,2,11_gen,14.3,No,Figure 2,GFP panel replicate kinetics,results/01_gfp_library_transfer_counts/tables/gfp_lib_standardized_all_replicates.csv
cas12a_precision_editing_figure2_fcs.zip,1008200,1f1662959f77cf38c0e72552a597400abb473df799517c22bc07492243be19ce,True,AD_20241028_gfplib_rpr1_donorrec_plate1_Experiment_Group_B10.fcs,enas_rpr_yes,AD_20241028_gfplib_rpr1_donorrec_plate1,B10,B05,B05,GFP panel,enAsCas12a,,RPR1,,Yes,B05,,2,11_gen,9.5,No,Figure 2,GFP panel replicate kinetics,results/01_gfp_library_transfer_counts/tables/gfp_lib_standardized_all_replicates.csv
cas12a_precision_editing_figure2_fcs.zip,1008200,418ceec30da4c7eac620ee9a1a161f2d8c45f04696c37f2427eab291447a26e5,True,AD_20241028_gfplib_rpr1_donorrec_plate1_Experiment_Group_B11.fcs,enas_rpr_yes,AD_20241028_gfplib_rpr1_donorrec_plate1,B11,E01,E01,GFP panel,enAsCas12a,,RPR1,,Yes,E01,,2,11_gen,14.2,No,Figure 2,GFP panel replicate kinetics,results/01_gfp_library_transfer_counts/tables/gfp_lib_standardized_all_replicates.csv
cas12a_precision_editing_figure2_fcs.zip,1008200,d08427a0514aa9f1b7ebb49602fdb5891a9b09d32b6314c33e59576a4e7586b4,True,AD_20241028_gfplib_rpr1_donorrec_plate1_Experiment_Group_B12.fcs,enas_rpr_yes,AD_20241028_gfplib_rpr1_donorrec_plate1,B12,H11,H11,GFP panel,enAsCas12a,,RPR1,,Yes,H11,,2,11_gen,13.0,No,Figure 2,GFP panel replicate kinetics,results/01_gfp_library_transfer_counts/tables/gfp_lib_standardized_all_replicates.csv
cas12a_precision_editing_figure2_fcs.zip,1008200,cebec5328e92c4192757016ed4ffdfc0f2f5c858cae16ed246fe2be48a8ea8a1,True,AD_20241028_gfplib_rpr1_donorrec_plate1_Experiment_Group_C09.fcs,enas_rpr_yes,AD_20241028_gfplib_rpr1_donorrec_plate1,C09,A04,A04,GFP panel,enAsCas12a,,RPR1,,Yes,A04,,1,11_gen,13.8,No,Figure 2,GFP panel replicate kinetics,results/01_gfp_library_transfer_counts/tables/gfp_lib_standardized_all_replicates.csv
cas12a_precision_editing_figure2_fcs.zip,1008200,6c68dd480f499b09903ce37197d3c96d36b21bfda8100d3c3ea509e74243695d,True,AD_20241028_gfplib_rpr1_donorrec_plate1_Experiment_Group_C10.fcs,enas_rpr_yes,AD_20241028_gfplib_rpr1_donorrec_plate1,C10,C03,C03,GFP panel,enAsCas12a,,RPR1,,Yes,C03,,1,11_gen,14.3,No,Figure 2,GFP panel replicate kinetics,results/01_gfp_library_transfer_counts/tables/gfp_lib_standardized_all_replicates.csv
cas12a_precision_editing_figure2_fcs.zip,1008200,a29f6998a56065ce34124b38019dcc11e74677be7cdd6bcef9b22bc8deb7344f,True,AD_20241028_gfplib_rpr1_donorrec_plate1_Experiment_Group_C11.fcs,enas_rpr_yes,AD_20241028_gfplib_rpr1_donorrec_plate1,C11,E02,E02,GFP panel,enAsCas12a,,RPR1,,Yes,E02,,1,11_gen,11.3,No,Figure 2,GFP panel replicate kinetics,results/01_gfp_library_transfer_counts/tables/gfp_lib_standardized_all_replicates.csv
cas12a_precision_editing_figure2_fcs.zip,1008200,b8ba3554ccc04e1ca815ef3cf81c2598fbf1914fa9ef146e03b49fded456857a,True,AD_20241028_gfplib_rpr1_donorrec_plate1_Experiment_Group_D09.fcs,enas_rpr_yes,AD_20241028_gfplib_rpr1_donorrec_plate1,D09,A04,A04,GFP panel,enAsCas12a,,RPR1,,Yes,A04,,2,11_gen,13.4,No,Figure 2,GFP panel replicate kinetics,results/01_gfp_library_transfer_counts/tables/gfp_lib_standardized_all_replicates.csv
cas12a_precision_editing_figure2_fcs.zip,1008200,16b109b4d70c67169c0347d4adcc9679a64e03b8f9a8c09b279137e5342863c7,True,AD_20241028_gfplib_rpr1_donorrec_plate1_Experiment_Group_D10.fcs,enas_rpr_yes,AD_20241028_gfplib_rpr1_donorrec_plate1,D10,C03,C03,GFP panel,enAsCas12a,,RPR1,,Yes,C03,,2,11_gen,14.7,No,Figure 2,GFP panel replicate kinetics,results/01_gfp_library_transfer_counts/tables/gfp_lib_standardized_all_replicates.csv
cas12a_precision_editing_figure2_fcs.zip,1008200,e67ceff2959ba928cf84170f2a906f4a158a117c456a6381f5a74b5103c0fd09,True,AD_20241028_gfplib_rpr1_donorrec_plate1_Experiment_Group_D11.fcs,enas_rpr_yes,AD_20241028_gfplib_rpr1_donorrec_plate1,D11,E02,E02,GFP panel,enAsCas12a,,RPR1,,Yes,E02,,2,11_gen,12.4,No,Figure 2,GFP panel replicate kinetics,results/01_gfp_library_transfer_counts/tables/gfp_lib_standardized_all_replicates.csv
cas12a_precision_editing_figure2_fcs.zip,1008200,be5b32506c293439a76d9987b0b0329cc6b3bb5e0f8ba4d5e6063cdcac4d39b4,True,AD_20241028_gfplib_rpr1_donorrec_plate1_Experiment_Group_E09.fcs,enas_rpr_yes,AD_20241028_gfplib_rpr1_donorrec_plate1,E09,A09,A09,GFP panel,enAsCas12a,,RPR1,,Yes,A09,,1,11_gen,14.6,Yes,Figure 2,GFP panel replicate kinetics,results/01_gfp_library_transfer_counts/tables/gfp_lib_standardized_all_replicates.csv
cas12a_precision_editing_figure2_fcs.zip,1008200,4634d42b10c319fca785ac00763944846a9bc44c6fb0b8066195835aa685c93c,True,AD_20241028_gfplib_rpr1_donorrec_plate1_Experiment_Group_E10.fcs,enas_rpr_yes,AD_20241028_gfplib_rpr1_donorrec_plate1,E10,C04,C04,GFP panel,enAsCas12a,,RPR1,,Yes,C04,,1,11_gen,11.1,No,Figure 2,GFP panel replicate kinetics,results/01_gfp_library_transfer_counts/tables/gfp_lib_standardized_all_replicates.csv
cas12a_precision_editing_figure2_fcs.zip,1008200,bae311839df9a9cfc9512223ed64c77fbad6acd2f5b62d5abbe90d304f0551dd,True,AD_20241028_gfplib_rpr1_donorrec_plate1_Experiment_Group_E11.fcs,enas_rpr_yes,AD_20241028_gfplib_rpr1_donorrec_plate1,E11,E05,E05,GFP panel,enAsCas12a,,RPR1,,Yes,E05,,1,11_gen,13.8,No,Figure 2,GFP panel replicate kinetics,results/01_gfp_library_transfer_counts/tables/gfp_lib_standardized_all_replicates.csv
cas12a_precision_editing_figure2_fcs.zip,1008200,29f6c5857e0b4db4b8a92c89a5a3127591cab72fdbbe18b5eedd6fdee81fa7ee,True,AD_20241028_gfplib_rpr1_donorrec_plate1_Experiment_Group_F09.fcs,enas_rpr_yes,AD_20241028_gfplib_rpr1_donorrec_plate1,F09,A09,A09,GFP panel,enAsCas12a,,RPR1,,Yes,A09,,2,11_gen,14.5,Yes,Figure 2,GFP panel replicate kinetics,results/01_gfp_library_transfer_counts/tables/gfp_lib_standardized_all_replicates.csv
cas12a_precision_editing_figure2_fcs.zip,1008200,459df76e339737c25ff7b63662b6851506f947772ab4dd1808c965a5955d22fd,True,AD_20241028_gfplib_rpr1_donorrec_plate1_Experiment_Group_F10.fcs,enas_rpr_yes,AD_20241028_gfplib_rpr1_donorrec_plate1,F10,C04,C04,GFP panel,enAsCas12a,,RPR1,,Yes,C04,,2,11_gen,11.1,No,Figure 2,GFP panel replicate kinetics,results/01_gfp_library_transfer_counts/tables/gfp_lib_standardized_all_replicates.csv
cas12a_precision_editing_figure2_fcs.zip,1008200,0fc95f8d1e00eab53bce3a661ab04abaf37fb61f1cd52c217f39cee0116f5f88,True,AD_20241028_gfplib_rpr1_donorrec_plate1_Experiment_Group_F11.fcs,enas_rpr_yes,AD_20241028_gfplib_rpr1_donorrec_plate1,F11,E05,E05,GFP panel,enAsCas12a,,RPR1,,Yes,E05,,2,11_gen,12.7,No,Figure 2,GFP panel replicate kinetics,results/01_gfp_library_transfer_counts/tables/gfp_lib_standardized_all_replicates.csv
cas12a_precision_editing_figure2_fcs.zip,1008200,1e29ac8bcdb1a521045f8f67341f5f9dbb3f438810df98d73e014d5a3885cb14,True,AD_20241028_gfplib_rpr1_donorrec_plate1_Experiment_Group_G09.fcs,enas_rpr_yes,AD_20241028_gfplib_rpr1_donorrec_plate1,G09,A12,A12,GFP panel,enAsCas12a,,RPR1,,Yes,A12,,1,11_gen,11.5,No,Figure 2,GFP panel replicate kinetics,results/01_gfp_library_transfer_counts/tables/gfp_lib_standardized_all_replicates.csv
cas12a_precision_editing_figure2_fcs.zip,1008200,fbed3b2f5533982462c1b9a4943abc23e83da5b2731d24ed7a72bf547b8b2be2,True,AD_20241028_gfplib_rpr1_donorrec_plate1_Experiment_Group_G10.fcs,enas_rpr_yes,AD_20241028_gfplib_rpr1_donorrec_plate1,G10,C05,C05,GFP panel,enAsCas12a,,RPR1,,Yes,C05,,1,11_gen,14.9,No,Figure 2,GFP panel replicate kinetics,results/01_gfp_library_transfer_counts/tables/gfp_lib_standardized_all_replicates.csv
cas12a_precision_editing_figure2_fcs.zip,1008200,68836301fa42fa4b7558fb5ac0f49fc3c9097ea996fb4ee5a8429f3bca6a4176,True,AD_20241028_gfplib_rpr1_donorrec_plate1_Experiment_Group_G11.fcs,enas_rpr_yes,AD_20241028_gfplib_rpr1_donorrec_plate1,G11,G03,G03,GFP panel,enAsCas12a,,RPR1,,Yes,G03,,1,11_gen,14.9,No,Figure 2,GFP panel replicate kinetics,results/01_gfp_library_transfer_counts/tables/gfp_lib_standardized_all_replicates.csv
cas12a_precision_editing_figure2_fcs.zip,1008200,ee8801bffb4d9e8bb2999fc79d22c0101d91c3dbeb5ad399089e230f78986116,True,AD_20241028_gfplib_rpr1_donorrec_plate1_Experiment_Group_H09.fcs,enas_rpr_yes,AD_20241028_gfplib_rpr1_donorrec_plate1,H09,A12,A12,GFP panel,enAsCas12a,,RPR1,,Yes,A12,,2,11_gen,11.4,No,Figure 2,GFP panel replicate kinetics,results/01_gfp_library_transfer_counts/tables/gfp_lib_standardized_all_replicates.csv
cas12a_precision_editing_figure2_fcs.zip,1008200,484bae2d672a34eee59f90c601ed9b6f7f2890423d1e33fd08e85467d1f11eb4,True,AD_20241028_gfplib_rpr1_donorrec_plate1_Experiment_Group_H10.fcs,enas_rpr_yes,AD_20241028_gfplib_rpr1_donorrec_plate1,H10,C05,C05,GFP panel,enAsCas12a,,RPR1,,Yes,C05,,2,11_gen,15.0,No,Figure 2,GFP panel replicate kinetics,results/01_gfp_library_transfer_counts/tables/gfp_lib_standardized_all_replicates.csv
cas12a_precision_editing_figure2_fcs.zip,1008200,bab4e9499b00a7865a4324a1816f72570d4607ae20d7c9f7cb335f0c810626cf,True,AD_20241028_gfplib_rpr1_donorrec_plate1_Experiment_Group_H11.fcs,enas_rpr_yes,AD_20241028_gfplib_rpr1_donorrec_plate1,H11,G03,G03,GFP panel,enAsCas12a,,RPR1,,Yes,G03,,2,11_gen,13.4,No,Figure 2,GFP panel replicate kinetics,results/01_gfp_library_transfer_counts/tables/gfp_lib_standardized_all_replicates.csv
cas12a_precision_editing_figure2_fcs.zip,1008200,7b8c84d1c3969a753d2648db2dde70a6e0022253a659d39c64798262273856bc,True,AD_20241028_gfplib_rpr1_donorrec_plate2_Experiment_Group_A01.fcs,enas_rpr_yes,AD_20241028_gfplib_rpr1_donorrec_plate2,A01,A01,A01,GFP panel,enAsCas12a,,RPR1,,Yes,A01,,1,20_gen,20.7,No,Figure 2,GFP panel replicate kinetics,results/01_gfp_library_transfer_counts/tables/gfp_lib_standardized_all_replicates.csv
cas12a_precision_editing_figure2_fcs.zip,1008200,098460f45a7c4abd233ff8fd9a6ba972e3576394f99a09bbab09f9fc8bd38179,True,AD_20241028_gfplib_rpr1_donorrec_plate2_Experiment_Group_A02.fcs,enas_rpr_yes,AD_20241028_gfplib_rpr1_donorrec_plate2,A02,B05,B05,GFP panel,enAsCas12a,,RPR1,,Yes,B05,,1,20_gen,16.1,No,Figure 2,GFP panel replicate kinetics,results/01_gfp_library_transfer_counts/tables/gfp_lib_standardized_all_replicates.csv
cas12a_precision_editing_figure2_fcs.zip,1008200,fc0149500bcfebf42b816e198fbae84bf652d2b36dd3d77cf899e6c0873e8598,True,AD_20241028_gfplib_rpr1_donorrec_plate2_Experiment_Group_A03.fcs,enas_rpr_yes,AD_20241028_gfplib_rpr1_donorrec_plate2,A03,E01,E01,GFP panel,enAsCas12a,,RPR1,,Yes,E01,,1,20_gen,21.2,No,Figure 2,GFP panel replicate kinetics,results/01_gfp_library_transfer_counts/tables/gfp_lib_standardized_all_replicates.csv
cas12a_precision_editing_figure2_fcs.zip,1008200,4a47a464ef0be4c850c9773472dc9984771e41d3183c83f420f6f6d8c15b8aef,True,AD_20241028_gfplib_rpr1_donorrec_plate2_Experiment_Group_A04.fcs,enas_rpr_yes,AD_20241028_gfplib_rpr1_donorrec_plate2,A04,H11,H11,GFP panel,enAsCas12a,,RPR1,,Yes,H11,,1,20_gen,18.9,No,Figure 2,GFP panel replicate kinetics,results/01_gfp_library_transfer_counts/tables/gfp_lib_standardized_all_replicates.csv
cas12a_precision_editing_figure2_fcs.zip,1008200,be6ccf73877950086529b0018dfbf76bf4ada5e66fe89e56a849f3ebd6f9c423,True,AD_20241028_gfplib_rpr1_donorrec_plate2_Experiment_Group_B01.fcs,enas_rpr_yes,AD_20241028_gfplib_rpr1_donorrec_plate2,B01,A01,A01,GFP panel,enAsCas12a,,RPR1,,Yes,A01,,2,20_gen,20.8,No,Figure 2,GFP panel replicate kinetics,results/01_gfp_library_transfer_counts/tables/gfp_lib_standardized_all_replicates.csv
cas12a_precision_editing_figure2_fcs.zip,1008200,ff5d929e72a53217d4b8d3c93abc684c0985e878b587a1ab758c6424edba887e,True,AD_20241028_gfplib_rpr1_donorrec_plate2_Experiment_Group_B02.fcs,enas_rpr_yes,AD_20241028_gfplib_rpr1_donorrec_plate2,B02,B05,B05,GFP panel,enAsCas12a,,RPR1,,Yes,B05,,2,20_gen,15.9,No,Figure 2,GFP panel replicate kinetics,results/01_gfp_library_transfer_counts/tables/gfp_lib_standardized_all_replicates.csv
cas12a_precision_editing_figure2_fcs.zip,1008200,ba37b9939ccc7eda5b8a94ea7ed9ff0bcee8bed5f27dc8285a309a92348ee39c,True,AD_20241028_gfplib_rpr1_donorrec_plate2_Experiment_Group_B03.fcs,enas_rpr_yes,AD_20241028_gfplib_rpr1_donorrec_plate2,B03,E01,E01,GFP panel,enAsCas12a,,RPR1,,Yes,E01,,2,20_gen,21.2,No,Figure 2,GFP panel replicate kinetics,results/01_gfp_library_transfer_counts/tables/gfp_lib_standardized_all_replicates.csv
cas12a_precision_editing_figure2_fcs.zip,1008200,ff3c3ad3988482ef8b34327d36305eaf50413baea7cfe1d4828c6d9c6431686e,True,AD_20241028_gfplib_rpr1_donorrec_plate2_Experiment_Group_B04.fcs,enas_rpr_yes,AD_20241028_gfplib_rpr1_donorrec_plate2,B04,H11,H11,GFP panel,enAsCas12a,,RPR1,,Yes,H11,,2,20_gen,20.4,No,Figure 2,GFP panel replicate kinetics,results/01_gfp_library_transfer_counts/tables/gfp_lib_standardized_all_replicates.csv
cas12a_precision_editing_figure2_fcs.zip,1008200,4c13e603daef443ce5b2981d4374910153f5d7bffefa987dea7b55a979398019,True,AD_20241028_gfplib_rpr1_donorrec_plate2_Experiment_Group_C01.fcs,enas_rpr_yes,AD_20241028_gfplib_rpr1_donorrec_plate2,C01,A04,A04,GFP panel,enAsCas12a,,RPR1,,Yes,A04,,1,20_gen,20.3,No,Figure 2,GFP panel replicate kinetics,results/01_gfp_library_transfer_counts/tables/gfp_lib_standardized_all_replicates.csv
cas12a_precision_editing_figure2_fcs.zip,1008200,f91cb10a12bf15f1d80e832d9a71a753d2750e817723ce67d211f7fd8585924a,True,AD_20241028_gfplib_rpr1_donorrec_plate2_Experiment_Group_C02.fcs,enas_rpr_yes,AD_20241028_gfplib_rpr1_donorrec_plate2,C02,C03,C03,GFP panel,enAsCas12a,,RPR1,,Yes,C03,,1,20_gen,21.7,No,Figure 2,GFP panel replicate kinetics,results/01_gfp_library_transfer_counts/tables/gfp_lib_standardized_all_replicates.csv
cas12a_precision_editing_figure2_fcs.zip,1008200,2f4487488088d25cbade7d24135433a61c1a477ce2efa5aa90629d3645b1179a,True,AD_20241028_gfplib_rpr1_donorrec_plate2_Experiment_Group_C03.fcs,enas_rpr_yes,AD_20241028_gfplib_rpr1_donorrec_plate2,C03,E02,E02,GFP panel,enAsCas12a,,RPR1,,Yes,E02,,1,20_gen,18.2,No,Figure 2,GFP panel replicate kinetics,results/01_gfp_library_transfer_counts/tables/gfp_lib_standardized_all_replicates.csv
cas12a_precision_editing_figure2_fcs.zip,1008200,fbc9d6f5cce250ecefa69abee6d96a2fd3e7a7c8c222c4bd77d3249a1119a61a,True,AD_20241028_gfplib_rpr1_donorrec_plate2_Experiment_Group_D01.fcs,enas_rpr_yes,AD_20241028_gfplib_rpr1_donorrec_plate2,D01,A04,A04,GFP panel,enAsCas12a,,RPR1,,Yes,A04,,2,20_gen,20.2,No,Figure 2,GFP panel replicate kinetics,results/01_gfp_library_transfer_counts/tables/gfp_lib_standardized_all_replicates.csv
cas12a_precision_editing_figure2_fcs.zip,1008200,a32e8b314348edaaa029407cf46eb7f305d43b38aeec4c01e57899e4bf9ca8e2,True,AD_20241028_gfplib_rpr1_donorrec_plate2_Experiment_Group_D02.fcs,enas_rpr_yes,AD_20241028_gfplib_rpr1_donorrec_plate2,D02,C03,C03,GFP panel,enAsCas12a,,RPR1,,Yes,C03,,2,20_gen,21.1,No,Figure 2,GFP panel replicate kinetics,results/01_gfp_library_transfer_counts/tables/gfp_lib_standardized_all_replicates.csv
cas12a_precision_editing_figure2_fcs.zip,1008200,c5fb82c7ed9c7cbc91a66826c0ebe74eef542847f575448ec3c09ff95fa2cd49,True,AD_20241028_gfplib_rpr1_donorrec_plate2_Experiment_Group_D03.fcs,enas_rpr_yes,AD_20241028_gfplib_rpr1_donorrec_plate2,D03,E02,E02,GFP panel,enAsCas12a,,RPR1,,Yes,E02,,2,20_gen,19.5,No,Figure 2,GFP panel replicate kinetics,results/01_gfp_library_transfer_counts/tables/gfp_lib_standardized_all_replicates.csv
cas12a_precision_editing_figure2_fcs.zip,1008200,5b0d059306a646215e2581f3060d49e583b2554efed35685068fb7bc816547e6,True,AD_20241028_gfplib_rpr1_donorrec_plate2_Experiment_Group_E01.fcs,enas_rpr_yes,AD_20241028_gfplib_rpr1_donorrec_plate2,E01,A09,A09,GFP panel,enAsCas12a,,RPR1,,Yes,A09,,1,20_gen,21.7,Yes,Figure 2,GFP panel replicate kinetics,results/01_gfp_library_transfer_counts/tables/gfp_lib_standardized_all_replicates.csv
cas12a_precision_editing_figure2_fcs.zip,1008200,dbe8d86b15da006a67c25c11fc37881c19df40ee203fb217541ddc0802b5a97c,True,AD_20241028_gfplib_rpr1_donorrec_plate2_Experiment_Group_E02.fcs,enas_rpr_yes,AD_20241028_gfplib_rpr1_donorrec_plate2,E02,C04,C04,GFP panel,enAsCas12a,,RPR1,,Yes,C04,,1,20_gen,18.0,No,Figure 2,GFP panel replicate kinetics,results/01_gfp_library_transfer_counts/tables/gfp_lib_standardized_all_replicates.csv
cas12a_precision_editing_figure2_fcs.zip,1008200,ac66495f97a1cf4ac8c9fc26925e0c19bd9b90db49b13829570c708137ad64fa,True,AD_20241028_gfplib_rpr1_donorrec_plate2_Experiment_Group_E03.fcs,enas_rpr_yes,AD_20241028_gfplib_rpr1_donorrec_plate2,E03,E05,E05,GFP panel,enAsCas12a,,RPR1,,Yes,E05,,1,20_gen,21.1,No,Figure 2,GFP panel replicate kinetics,results/01_gfp_library_transfer_counts/tables/gfp_lib_standardized_all_replicates.csv
cas12a_precision_editing_figure2_fcs.zip,1008200,18bcd9effb5c39f678105f1059fb80b85c0f799b129ef1affc969042ca8d00f8,True,AD_20241028_gfplib_rpr1_donorrec_plate2_Experiment_Group_F01.fcs,enas_rpr_yes,AD_20241028_gfplib_rpr1_donorrec_plate2,F01,A09,A09,GFP panel,enAsCas12a,,RPR1,,Yes,A09,,2,20_gen,22.2,Yes,Figure 2,GFP panel replicate kinetics,results/01_gfp_library_transfer_counts/tables/gfp_lib_standardized_all_replicates.csv
cas12a_precision_editing_figure2_fcs.zip,1008200,bbf92fe2e9caffc18d9da1c1114d6c376b0eef520b1094e2040feab485a76d68,True,AD_20241028_gfplib_rpr1_donorrec_plate2_Experiment_Group_F02.fcs,enas_rpr_yes,AD_20241028_gfplib_rpr1_donorrec_plate2,F02,C04,C04,GFP panel,enAsCas12a,,RPR1,,Yes,C04,,2,20_gen,18.6,No,Figure 2,GFP panel replicate kinetics,results/01_gfp_library_transfer_counts/tables/gfp_lib_standardized_all_replicates.csv
cas12a_precision_editing_figure2_fcs.zip,1008200,bbb7120490a5a78d385ab9b1f958b84fc86cb6dc76ae5fbe2cd50ebbbbfb3054,True,AD_20241028_gfplib_rpr1_donorrec_plate2_Experiment_Group_F03.fcs,enas_rpr_yes,AD_20241028_gfplib_rpr1_donorrec_plate2,F03,E05,E05,GFP panel,enAsCas12a,,RPR1,,Yes,E05,,2,20_gen,19.7,No,Figure 2,GFP panel replicate kinetics,results/01_gfp_library_transfer_counts/tables/gfp_lib_standardized_all_replicates.csv
cas12a_precision_editing_figure2_fcs.zip,1008200,142ecb9daf73a0fb3438ba8e70180f5779ccf496d625392295fabb227db417c0,True,AD_20241028_gfplib_rpr1_donorrec_plate2_Experiment_Group_G01.fcs,enas_rpr_yes,AD_20241028_gfplib_rpr1_donorrec_plate2,G01,A12,A12,GFP panel,enAsCas12a,,RPR1,,Yes,A12,,1,20_gen,18.6,No,Figure 2,GFP panel replicate kinetics,results/01_gfp_library_transfer_counts/tables/gfp_lib_standardized_all_replicates.csv
cas12a_precision_editing_figure2_fcs.zip,1008200,c981aa26f92148843d7d9840297e63c5d5c6c66be6a84814c2d368862a29969a,True,AD_20241028_gfplib_rpr1_donorrec_plate2_Experiment_Group_G02.fcs,enas_rpr_yes,AD_20241028_gfplib_rpr1_donorrec_plate2,G02,C05,C05,GFP panel,enAsCas12a,,RPR1,,Yes,C05,,1,20_gen,23.1,No,Figure 2,GFP panel replicate kinetics,results/01_gfp_library_transfer_counts/tables/gfp_lib_standardized_all_replicates.csv
cas12a_precision_editing_figure2_fcs.zip,1008200,c12640510989ec90234a94f5e1430a26343226d3363d3534f1a925332748cc49,True,AD_20241028_gfplib_rpr1_donorrec_plate2_Experiment_Group_G03.fcs,enas_rpr_yes,AD_20241028_gfplib_rpr1_donorrec_plate2,G03,G03,G03,GFP panel,enAsCas12a,,RPR1,,Yes,G03,,1,20_gen,21.2,No,Figure 2,GFP panel replicate kinetics,results/01_gfp_library_transfer_counts/tables/gfp_lib_standardized_all_replicates.csv
cas12a_precision_editing_figure2_fcs.zip,1008200,e5182a490c8c581215722d6f7dfda8bb7c10e388075030e722fa5e7e13369c85,True,AD_20241028_gfplib_rpr1_donorrec_plate2_Experiment_Group_H01.fcs,enas_rpr_yes,AD_20241028_gfplib_rpr1_donorrec_plate2,H01,A12,A12,GFP panel,enAsCas12a,,RPR1,,Yes,A12,,2,20_gen,18.0,No,Figure 2,GFP panel replicate kinetics,results/01_gfp_library_transfer_counts/tables/gfp_lib_standardized_all_replicates.csv
cas12a_precision_editing_figure2_fcs.zip,1008200,e01e5238274a924dd8c411441fbb5bbd1f67bc644a53828beeaa00c5485ce003,True,AD_20241028_gfplib_rpr1_donorrec_plate2_Experiment_Group_H02.fcs,enas_rpr_yes,AD_20241028_gfplib_rpr1_donorrec_plate2,H02,C05,C05,GFP panel,enAsCas12a,,RPR1,,Yes,C05,,2,20_gen,21.8,No,Figure 2,GFP panel replicate kinetics,results/01_gfp_library_transfer_counts/tables/gfp_lib_standardized_all_replicates.csv
cas12a_precision_editing_figure2_fcs.zip,1008200,3e70096e0a12a348f94b460e786e4471b351e1195abb9aad6b76dd8b4a26875a,True,AD_20241028_gfplib_rpr1_donorrec_plate2_Experiment_Group_H03.fcs,enas_rpr_yes,AD_20241028_gfplib_rpr1_donorrec_plate2,H03,G03,G03,GFP panel,enAsCas12a,,RPR1,,Yes,G03,,2,20_gen,20.5,No,Figure 2,GFP panel replicate kinetics,results/01_gfp_library_transfer_counts/tables/gfp_lib_standardized_all_replicates.csv
cas12a_precision_editing_figure2_fcs.zip,1008200,8949c63c7dbfd1ca8f9fe4d8b7e529cd178fd9c0c7aaec2e9ee724688246564d,True,AD_20241028_gfplib_rpr1_donorrec_plate1_Experiment_Group_A01.fcs,enas_rpr_yes,AD_20241028_gfplib_rpr1_donorrec_plate1,A01,A01,A01,GFP panel,enAsCas12a,,RPR1,,Yes,A01,,1,6_gen,6.6,No,Figure 2,GFP panel replicate kinetics,results/01_gfp_library_transfer_counts/tables/gfp_lib_standardized_all_replicates.csv
cas12a_precision_editing_figure2_fcs.zip,1008200,1ce069c2c77955b4dc821d1072f6d4c04ca51e38abf3ef99879d250b1ae586aa,True,AD_20241028_gfplib_rpr1_donorrec_plate1_Experiment_Group_A02.fcs,enas_rpr_yes,AD_20241028_gfplib_rpr1_donorrec_plate1,A02,B05,B05,GFP panel,enAsCas12a,,RPR1,,Yes,B05,,1,6_gen,3.4,No,Figure 2,GFP panel replicate kinetics,results/01_gfp_library_transfer_counts/tables/gfp_lib_standardized_all_replicates.csv
cas12a_precision_editing_figure2_fcs.zip,1008200,6d53412440687fad3aec9aba9973b34acfd684433cdfa0a5edec3e6f66a5c640,True,AD_20241028_gfplib_rpr1_donorrec_plate1_Experiment_Group_A03.fcs,enas_rpr_yes,AD_20241028_gfplib_rpr1_donorrec_plate1,A03,E01,E01,GFP panel,enAsCas12a,,RPR1,,Yes,E01,,1,6_gen,6.6,No,Figure 2,GFP panel replicate kinetics,results/01_gfp_library_transfer_counts/tables/gfp_lib_standardized_all_replicates.csv
cas12a_precision_editing_figure2_fcs.zip,1008200,784d3ac3a78839c6bee73c26cc15f7727dc7166f2d2abe6aab46d403007bd1f8,True,AD_20241028_gfplib_rpr1_donorrec_plate1_Experiment_Group_A04.fcs,enas_rpr_yes,AD_20241028_gfplib_rpr1_donorrec_plate1,A04,H11,H11,GFP panel,enAsCas12a,,RPR1,,Yes,H11,,1,6_gen,4.3,No,Figure 2,GFP panel replicate kinetics,results/01_gfp_library_transfer_counts/tables/gfp_lib_standardized_all_replicates.csv
cas12a_precision_editing_figure2_fcs.zip,1008200,ad60bf0738b5dab33ccbf4ac713abb0153679334332647f16c92b9a450cbbd82,True,AD_20241028_gfplib_rpr1_donorrec_plate1_Experiment_Group_B01.fcs,enas_rpr_yes,AD_20241028_gfplib_rpr1_donorrec_plate1,B01,A01,A01,GFP panel,enAsCas12a,,RPR1,,Yes,A01,,2,6_gen,6.6,No,Figure 2,GFP panel replicate kinetics,results/01_gfp_library_transfer_counts/tables/gfp_lib_standardized_all_replicates.csv
cas12a_precision_editing_figure2_fcs.zip,974760,0435a8747bf1992568e7fd82013fa5644cb77ced81d9cd0dafc9bb1d0f98062e,True,AD_20241028_gfplib_rpr1_donorrec_plate1_Experiment_Group_B02.fcs,enas_rpr_yes,AD_20241028_gfplib_rpr1_donorrec_plate1,B02,B05,B05,GFP panel,enAsCas12a,,RPR1,,Yes,B05,,2,6_gen,3.1,No,Figure 2,GFP panel replicate kinetics,results/01_gfp_library_transfer_counts/tables/gfp_lib_standardized_all_replicates.csv
cas12a_precision_editing_figure2_fcs.zip,1008200,1821100d73cd044d6742f465fc99f8da95843c4ca566c646888261eade893a71,True,AD_20241028_gfplib_rpr1_donorrec_plate1_Experiment_Group_B03.fcs,enas_rpr_yes,AD_20241028_gfplib_rpr1_donorrec_plate1,B03,E01,E01,GFP panel,enAsCas12a,,RPR1,,Yes,E01,,2,6_gen,6.5,No,Figure 2,GFP panel replicate kinetics,results/01_gfp_library_transfer_counts/tables/gfp_lib_standardized_all_replicates.csv
cas12a_precision_editing_figure2_fcs.zip,1008200,2a39d9cae8c125d21e92d5c1392de92430345d1474045e8c4040cf5d9a5ebbe7,True,AD_20241028_gfplib_rpr1_donorrec_plate1_Experiment_Group_B04.fcs,enas_rpr_yes,AD_20241028_gfplib_rpr1_donorrec_plate1,B04,H11,H11,GFP panel,enAsCas12a,,RPR1,,Yes,H11,,2,6_gen,5.3,No,Figure 2,GFP panel replicate kinetics,results/01_gfp_library_transfer_counts/tables/gfp_lib_standardized_all_replicates.csv
cas12a_precision_editing_figure2_fcs.zip,1008200,45cf707f3a49a4c6795a4e675ec0fffa89ef8db09f9eb4a4bda4426106f714e0,True,AD_20241028_gfplib_rpr1_donorrec_plate1_Experiment_Group_C01.fcs,enas_rpr_yes,AD_20241028_gfplib_rpr1_donorrec_plate1,C01,A04,A04,GFP panel,enAsCas12a,,RPR1,,Yes,A04,,1,6_gen,6.2,No,Figure 2,GFP panel replicate kinetics,results/01_gfp_library_transfer_counts/tables/gfp_lib_standardized_all_replicates.csv
cas12a_precision_editing_figure2_fcs.zip,1008200,33286cd339252834415588879bf2d7b1503db0d1e0f397d552445d470eae1a33,True,AD_20241028_gfplib_rpr1_donorrec_plate1_Experiment_Group_C02.fcs,enas_rpr_yes,AD_20241028_gfplib_rpr1_donorrec_plate1,C02,C03,C03,GFP panel,enAsCas12a,,RPR1,,Yes,C03,,1,6_gen,6.8,No,Figure 2,GFP panel replicate kinetics,results/01_gfp_library_transfer_counts/tables/gfp_lib_standardized_all_replicates.csv
cas12a_precision_editing_figure2_fcs.zip,878640,337906fa54d16aee149fdddc8251a25c95b6345c0e12ee196f12094608b4180b,True,AD_20241028_gfplib_rpr1_donorrec_plate1_Experiment_Group_C03.fcs,enas_rpr_yes,AD_20241028_gfplib_rpr1_donorrec_plate1,C03,E02,E02,GFP panel,enAsCas12a,,RPR1,,Yes,E02,,1,6_gen,3.4,No,Figure 2,GFP panel replicate kinetics,results/01_gfp_library_transfer_counts/tables/gfp_lib_standardized_all_replicates.csv
cas12a_precision_editing_figure2_fcs.zip,1008200,039aec3fabada747da7ba3ab2756b8eeb7d62888e7b10e08280779c100783f6f,True,AD_20241028_gfplib_rpr1_donorrec_plate1_Experiment_Group_D01.fcs,enas_rpr_yes,AD_20241028_gfplib_rpr1_donorrec_plate1,D01,A04,A04,GFP panel,enAsCas12a,,RPR1,,Yes,A04,,2,6_gen,6.1,No,Figure 2,GFP panel replicate kinetics,results/01_gfp_library_transfer_counts/tables/gfp_lib_standardized_all_replicates.csv
cas12a_precision_editing_figure2_fcs.zip,1008200,4c102fbeafe38fa42f31708fb0744f8251bd7d700313a03c5842a501204041df,True,AD_20241028_gfplib_rpr1_donorrec_plate1_Experiment_Group_D02.fcs,enas_rpr_yes,AD_20241028_gfplib_rpr1_donorrec_plate1,D02,C03,C03,GFP panel,enAsCas12a,,RPR1,,Yes,C03,,2,6_gen,7.1,No,Figure 2,GFP panel replicate kinetics,results/01_gfp_library_transfer_counts/tables/gfp_lib_standardized_all_replicates.csv
cas12a_precision_editing_figure2_fcs.zip,1008200,83ffdfa4eb1821a9fd26c6d0c39507d012831bb6946983e251be9e5faf8eb7c3,True,AD_20241028_gfplib_rpr1_donorrec_plate1_Experiment_Group_D03.fcs,enas_rpr_yes,AD_20241028_gfplib_rpr1_donorrec_plate1,D03,E02,E02,GFP panel,enAsCas12a,,RPR1,,Yes,E02,,2,6_gen,4.4,No,Figure 2,GFP panel replicate kinetics,results/01_gfp_library_transfer_counts/tables/gfp_lib_standardized_all_replicates.csv
cas12a_precision_editing_figure2_fcs.zip,1008200,af6d0c38525e4714a237b520d05e3673e160f9b0344d44ea90275bf6263f4dcd,True,AD_20241028_gfplib_rpr1_donorrec_plate1_Experiment_Group_E01.fcs,enas_rpr_yes,AD_20241028_gfplib_rpr1_donorrec_plate1,E01,A09,A09,GFP panel,enAsCas12a,,RPR1,,Yes,A09,,1,6_gen,7.1,Yes,Figure 2,GFP panel replicate kinetics,results/01_gfp_library_transfer_counts/tables/gfp_lib_standardized_all_replicates.csv
cas12a_precision_editing_figure2_fcs.zip,836040,11e65cef3118bf971f7e4c26a6f923e397ca36a4c4b479e267c74aefd034cf15,True,AD_20241028_gfplib_rpr1_donorrec_plate1_Experiment_Group_E02.fcs,enas_rpr_yes,AD_20241028_gfplib_rpr1_donorrec_plate1,E02,C04,C04,GFP panel,enAsCas12a,,RPR1,,Yes,C04,,1,6_gen,4.3,No,Figure 2,GFP panel replicate kinetics,results/01_gfp_library_transfer_counts/tables/gfp_lib_standardized_all_replicates.csv
cas12a_precision_editing_figure2_fcs.zip,1008200,65b6d9c01c1e5402d34332fbd40251b29d9c723da808ed89d5c91402bc9b52d7,True,AD_20241028_gfplib_rpr1_donorrec_plate1_Experiment_Group_E03.fcs,enas_rpr_yes,AD_20241028_gfplib_rpr1_donorrec_plate1,E03,E05,E05,GFP panel,enAsCas12a,,RPR1,,Yes,E05,,1,6_gen,6.0,No,Figure 2,GFP panel replicate kinetics,results/01_gfp_library_transfer_counts/tables/gfp_lib_standardized_all_replicates.csv
cas12a_precision_editing_figure2_fcs.zip,1008200,beb86ccb92d2372fbcc4b8a8ce203d76c47a93ed15da61583a13b2971f92859a,True,AD_20241028_gfplib_rpr1_donorrec_plate1_Experiment_Group_F01.fcs,enas_rpr_yes,AD_20241028_gfplib_rpr1_donorrec_plate1,F01,A09,A09,GFP panel,enAsCas12a,,RPR1,,Yes,A09,,2,6_gen,7.3,Yes,Figure 2,GFP panel replicate kinetics,results/01_gfp_library_transfer_counts/tables/gfp_lib_standardized_all_replicates.csv
cas12a_precision_editing_figure2_fcs.zip,605640,853379c757bf3424f78cb7b2673d170e302aaa17e2101ea0f96ba80db3679f62,True,AD_20241028_gfplib_rpr1_donorrec_plate1_Experiment_Group_F02.fcs,enas_rpr_yes,AD_20241028_gfplib_rpr1_donorrec_plate1,F02,C04,C04,GFP panel,enAsCas12a,,RPR1,,Yes,C04,,2,6_gen,4.3,No,Figure 2,GFP panel replicate kinetics,results/01_gfp_library_transfer_counts/tables/gfp_lib_standardized_all_replicates.csv
cas12a_precision_editing_figure2_fcs.zip,1008200,9f88b2f8e6940988809c94177114336eb04612ee94cc0646632e174fb3b8490f,True,AD_20241028_gfplib_rpr1_donorrec_plate1_Experiment_Group_F03.fcs,enas_rpr_yes,AD_20241028_gfplib_rpr1_donorrec_plate1,F03,E05,E05,GFP panel,enAsCas12a,,RPR1,,Yes,E05,,2,6_gen,4.7,No,Figure 2,GFP panel replicate kinetics,results/01_gfp_library_transfer_counts/tables/gfp_lib_standardized_all_replicates.csv
cas12a_precision_editing_figure2_fcs.zip,1008200,1a8894569688a8bb01e72e60d7b9a9c68d20b7b378ea407faa23e8da07a45ed7,True,AD_20241028_gfplib_rpr1_donorrec_plate1_Experiment_Group_G01.fcs,enas_rpr_yes,AD_20241028_gfplib_rpr1_donorrec_plate1,G01,A12,A12,GFP panel,enAsCas12a,,RPR1,,Yes,A12,,1,6_gen,4.3,No,Figure 2,GFP panel replicate kinetics,results/01_gfp_library_transfer_counts/tables/gfp_lib_standardized_all_replicates.csv
cas12a_precision_editing_figure2_fcs.zip,1008200,b88c6b8df8e578f16fc2a8616358ba13d6af90b36c2f0646a38c67ebb46be108,True,AD_20241028_gfplib_rpr1_donorrec_plate1_Experiment_Group_G02.fcs,enas_rpr_yes,AD_20241028_gfplib_rpr1_donorrec_plate1,G02,C05,C05,GFP panel,enAsCas12a,,RPR1,,Yes,C05,,1,6_gen,7.0,No,Figure 2,GFP panel replicate kinetics,results/01_gfp_library_transfer_counts/tables/gfp_lib_standardized_all_replicates.csv
cas12a_precision_editing_figure2_fcs.zip,1008200,b58c1e9ad333ee5bb0755deb2e02509222120bd651e059fad24b7c5a77decbbf,True,AD_20241028_gfplib_rpr1_donorrec_plate1_Experiment_Group_G03.fcs,enas_rpr_yes,AD_20241028_gfplib_rpr1_donorrec_plate1,G03,G03,G03,GFP panel,enAsCas12a,,RPR1,,Yes,G03,,1,6_gen,6.8,No,Figure 2,GFP panel replicate kinetics,results/01_gfp_library_transfer_counts/tables/gfp_lib_standardized_all_replicates.csv
cas12a_precision_editing_figure2_fcs.zip,1008200,e34c95ee0dad8fb5553e5487c65715455311715dbdbb866ac44e96067769df4d,True,AD_20241028_gfplib_rpr1_donorrec_plate1_Experiment_Group_H01.fcs,enas_rpr_yes,AD_20241028_gfplib_rpr1_donorrec_plate1,H01,A12,A12,GFP panel,enAsCas12a,,RPR1,,Yes,A12,,2,6_gen,4.3,No,Figure 2,GFP panel replicate kinetics,results/01_gfp_library_transfer_counts/tables/gfp_lib_standardized_all_replicates.csv
cas12a_precision_editing_figure2_fcs.zip,1008200,b8eb2b993d397a93e49720bdd3019ea70b5555e2e115f709d66267a0887a7124,True,AD_20241028_gfplib_rpr1_donorrec_plate1_Experiment_Group_H02.fcs,enas_rpr_yes,AD_20241028_gfplib_rpr1_donorrec_plate1,H02,C05,C05,GFP panel,enAsCas12a,,RPR1,,Yes,C05,,2,6_gen,7.0,No,Figure 2,GFP panel replicate kinetics,results/01_gfp_library_transfer_counts/tables/gfp_lib_standardized_all_replicates.csv
cas12a_precision_editing_figure2_fcs.zip,1008200,57f11aca115268a567ac8075e299f649712851c085156760d41293710a631379,True,AD_20241028_gfplib_rpr1_donorrec_plate1_Experiment_Group_H03.fcs,enas_rpr_yes,AD_20241028_gfplib_rpr1_donorrec_plate1,H03,G03,G03,GFP panel,enAsCas12a,,RPR1,,Yes,G03,,2,6_gen,5.4,No,Figure 2,GFP panel replicate kinetics,results/01_gfp_library_transfer_counts/tables/gfp_lib_standardized_all_replicates.csv
cas12a_precision_editing_figure2_fcs.zip,1008200,31af3da75171bf9d73d465cfd91e3b3fb8274d0a32d042908afb975658f42f51,True,AD_20241028_gfplib_rpr1_donorrec_plate1_Experiment_Group_A05.fcs,enas_rpr_yes,AD_20241028_gfplib_rpr1_donorrec_plate1,A05,A01,A01,GFP panel,enAsCas12a,,RPR1,,Yes,A01,,1,scraped,0.0,No,Figure 2,GFP panel replicate kinetics,results/01_gfp_library_transfer_counts/tables/gfp_lib_standardized_all_replicates.csv
cas12a_precision_editing_figure2_fcs.zip,1008200,977b728330627ed538c9d49dc8f9389ea84eefc11ba58e364226057c9db373b7,True,AD_20241028_gfplib_rpr1_donorrec_plate1_Experiment_Group_A06.fcs,enas_rpr_yes,AD_20241028_gfplib_rpr1_donorrec_plate1,A06,B05,B05,GFP panel,enAsCas12a,,RPR1,,Yes,B05,,1,scraped,0.0,No,Figure 2,GFP panel replicate kinetics,results/01_gfp_library_transfer_counts/tables/gfp_lib_standardized_all_replicates.csv
cas12a_precision_editing_figure2_fcs.zip,1008200,c9d857c34d5b536ebdd75d2d8971f6fbc46c816de4c3f52e2041cc2af265228f,True,AD_20241028_gfplib_rpr1_donorrec_plate1_Experiment_Group_A07.fcs,enas_rpr_yes,AD_20241028_gfplib_rpr1_donorrec_plate1,A07,E01,E01,GFP panel,enAsCas12a,,RPR1,,Yes,E01,,1,scraped,0.0,No,Figure 2,GFP panel replicate kinetics,results/01_gfp_library_transfer_counts/tables/gfp_lib_standardized_all_replicates.csv
cas12a_precision_editing_figure2_fcs.zip,1008200,5da00c1ae8727f72ee2725635bdd441ac65ed897c61f4933433c896a14b61000,True,AD_20241028_gfplib_rpr1_donorrec_plate1_Experiment_Group_A08.fcs,enas_rpr_yes,AD_20241028_gfplib_rpr1_donorrec_plate1,A08,H11,H11,GFP panel,enAsCas12a,,RPR1,,Yes,H11,,1,scraped,0.0,No,Figure 2,GFP panel replicate kinetics,results/01_gfp_library_transfer_counts/tables/gfp_lib_standardized_all_replicates.csv
cas12a_precision_editing_figure2_fcs.zip,1008200,1ec4cfdd02f2c7295bd4ee2f0f90b169ee59c4b0ae409becfc1b5972967162ce,True,AD_20241028_gfplib_rpr1_donorrec_plate1_Experiment_Group_B05.fcs,enas_rpr_yes,AD_20241028_gfplib_rpr1_donorrec_plate1,B05,A01,A01,GFP panel,enAsCas12a,,RPR1,,Yes,A01,,2,scraped,0.0,No,Figure 2,GFP panel replicate kinetics,results/01_gfp_library_transfer_counts/tables/gfp_lib_standardized_all_replicates.csv
cas12a_precision_editing_figure2_fcs.zip,1008200,a0a177db0bd059fec4ddfef23c4fc592a23cfde94660ae3c9f14e04be94f5fd5,True,AD_20241028_gfplib_rpr1_donorrec_plate1_Experiment_Group_B06.fcs,enas_rpr_yes,AD_20241028_gfplib_rpr1_donorrec_plate1,B06,B05,B05,GFP panel,enAsCas12a,,RPR1,,Yes,B05,,2,scraped,0.0,No,Figure 2,GFP panel replicate kinetics,results/01_gfp_library_transfer_counts/tables/gfp_lib_standardized_all_replicates.csv
cas12a_precision_editing_figure2_fcs.zip,1008200,c721369649a7ae66c5b18aab6cb77abc0c42257fbe92730742a96e7a4690712f,True,AD_20241028_gfplib_rpr1_donorrec_plate1_Experiment_Group_B07.fcs,enas_rpr_yes,AD_20241028_gfplib_rpr1_donorrec_plate1,B07,E01,E01,GFP panel,enAsCas12a,,RPR1,,Yes,E01,,2,scraped,0.0,No,Figure 2,GFP panel replicate kinetics,results/01_gfp_library_transfer_counts/tables/gfp_lib_standardized_all_replicates.csv
cas12a_precision_editing_figure2_fcs.zip,1008200,9f6314c4e0e4cd9de573f4b0b916287e158537d0360e27e20dbafe7dfe209f71,True,AD_20241028_gfplib_rpr1_donorrec_plate1_Experiment_Group_B08.fcs,enas_rpr_yes,AD_20241028_gfplib_rpr1_donorrec_plate1,B08,H11,H11,GFP panel,enAsCas12a,,RPR1,,Yes,H11,,2,scraped,0.0,No,Figure 2,GFP panel replicate kinetics,results/01_gfp_library_transfer_counts/tables/gfp_lib_standardized_all_replicates.csv
cas12a_precision_editing_figure2_fcs.zip,1008200,31211e8c68c56befc07b77fc0e372060d6a420041eec30158e9d406d68b2a632,True,AD_20241028_gfplib_rpr1_donorrec_plate1_Experiment_Group_C05.fcs,enas_rpr_yes,AD_20241028_gfplib_rpr1_donorrec_plate1,C05,A04,A04,GFP panel,enAsCas12a,,RPR1,,Yes,A04,,1,scraped,0.0,No,Figure 2,GFP panel replicate kinetics,results/01_gfp_library_transfer_counts/tables/gfp_lib_standardized_all_replicates.csv
cas12a_precision_editing_figure2_fcs.zip,1008200,20a766db033092b9d35c2de166e8a7c64cfe332e0e05861f0617e7ee132a3776,True,AD_20241028_gfplib_rpr1_donorrec_plate1_Experiment_Group_C06.fcs,enas_rpr_yes,AD_20241028_gfplib_rpr1_donorrec_plate1,C06,C03,C03,GFP panel,enAsCas12a,,RPR1,,Yes,C03,,1,scraped,0.0,No,Figure 2,GFP panel replicate kinetics,results/01_gfp_library_transfer_counts/tables/gfp_lib_standardized_all_replicates.csv
cas12a_precision_editing_figure2_fcs.zip,874640,ee990d983246437fc19f19ca94917ada5e054583a86c81787e56eb129f7acca2,True,AD_20241028_gfplib_rpr1_donorrec_plate1_Experiment_Group_C07.fcs,enas_rpr_yes,AD_20241028_gfplib_rpr1_donorrec_plate1,C07,E02,E02,GFP panel,enAsCas12a,,RPR1,,Yes,E02,,1,scraped,0.0,No,Figure 2,GFP panel replicate kinetics,results/01_gfp_library_transfer_counts/tables/gfp_lib_standardized_all_replicates.csv
cas12a_precision_editing_figure2_fcs.zip,1008200,df6bbaf07285e875d9fdfaecfedd4b009e7fdc8a0703f2ddfbe92f73992d3038,True,AD_20241028_gfplib_rpr1_donorrec_plate1_Experiment_Group_D05.fcs,enas_rpr_yes,AD_20241028_gfplib_rpr1_donorrec_plate1,D05,A04,A04,GFP panel,enAsCas12a,,RPR1,,Yes,A04,,2,scraped,0.0,No,Figure 2,GFP panel replicate kinetics,results/01_gfp_library_transfer_counts/tables/gfp_lib_standardized_all_replicates.csv
cas12a_precision_editing_figure2_fcs.zip,1008200,0fdbe5905acc6ad5f442362159fc955b3922afae51ceb44edf2d09412372307b,True,AD_20241028_gfplib_rpr1_donorrec_plate1_Experiment_Group_D06.fcs,enas_rpr_yes,AD_20241028_gfplib_rpr1_donorrec_plate1,D06,C03,C03,GFP panel,enAsCas12a,,RPR1,,Yes,C03,,2,scraped,0.0,No,Figure 2,GFP panel replicate kinetics,results/01_gfp_library_transfer_counts/tables/gfp_lib_standardized_all_replicates.csv
cas12a_precision_editing_figure2_fcs.zip,1008200,a4c98970dcb7ce716fedddfa47a422e1c87dfee236e29d8d659285cbdccc4770,True,AD_20241028_gfplib_rpr1_donorrec_plate1_Experiment_Group_D07.fcs,enas_rpr_yes,AD_20241028_gfplib_rpr1_donorrec_plate1,D07,E02,E02,GFP panel,enAsCas12a,,RPR1,,Yes,E02,,2,scraped,0.0,No,Figure 2,GFP panel replicate kinetics,results/01_gfp_library_transfer_counts/tables/gfp_lib_standardized_all_replicates.csv
cas12a_precision_editing_figure2_fcs.zip,1008200,72db53fa73f5fbbbf66b4e51f0265c9c52641b72362ecbaa20e1010414270827,True,AD_20241028_gfplib_rpr1_donorrec_plate1_Experiment_Group_E05.fcs,enas_rpr_yes,AD_20241028_gfplib_rpr1_donorrec_plate1,E05,A09,A09,GFP panel,enAsCas12a,,RPR1,,Yes,A09,,1,scraped,0.0,Yes,Figure 2,GFP panel replicate kinetics,results/01_gfp_library_transfer_counts/tables/gfp_lib_standardized_all_replicates.csv
cas12a_precision_editing_figure2_fcs.zip,1008200,44a30b683e0e7b15a4ec0b58dc1d8bc33f78eb49b50c8056ecd3daa57ced77e6,True,AD_20241028_gfplib_rpr1_donorrec_plate1_Experiment_Group_E06.fcs,enas_rpr_yes,AD_20241028_gfplib_rpr1_donorrec_plate1,E06,C04,C04,GFP panel,enAsCas12a,,RPR1,,Yes,C04,,1,scraped,0.0,No,Figure 2,GFP panel replicate kinetics,results/01_gfp_library_transfer_counts/tables/gfp_lib_standardized_all_replicates.csv
cas12a_precision_editing_figure2_fcs.zip,1008200,a350fece91cdf4d09b86c50a8ebf36b3512bb410e0e667a0aee7a232750e9e16,True,AD_20241028_gfplib_rpr1_donorrec_plate1_Experiment_Group_E07.fcs,enas_rpr_yes,AD_20241028_gfplib_rpr1_donorrec_plate1,E07,E05,E05,GFP panel,enAsCas12a,,RPR1,,Yes,E05,,1,scraped,0.0,No,Figure 2,GFP panel replicate kinetics,results/01_gfp_library_transfer_counts/tables/gfp_lib_standardized_all_replicates.csv
cas12a_precision_editing_figure2_fcs.zip,1008200,14e6369dff197638761fb9b91c58609a3416919d59e0f890fd6f73265255e8b7,True,AD_20241028_gfplib_rpr1_donorrec_plate1_Experiment_Group_F05.fcs,enas_rpr_yes,AD_20241028_gfplib_rpr1_donorrec_plate1,F05,A09,A09,GFP panel,enAsCas12a,,RPR1,,Yes,A09,,2,scraped,0.0,Yes,Figure 2,GFP panel replicate kinetics,results/01_gfp_library_transfer_counts/tables/gfp_lib_standardized_all_replicates.csv
cas12a_precision_editing_figure2_fcs.zip,1008200,a43cc2db0c2c98bbb56282bc370762f2ff7f1d921b4646435aa5b8febc9529d2,True,AD_20241028_gfplib_rpr1_donorrec_plate1_Experiment_Group_F07.fcs,enas_rpr_yes,AD_20241028_gfplib_rpr1_donorrec_plate1,F07,E05,E05,GFP panel,enAsCas12a,,RPR1,,Yes,E05,,2,scraped,0.0,No,Figure 2,GFP panel replicate kinetics,results/01_gfp_library_transfer_counts/tables/gfp_lib_standardized_all_replicates.csv
cas12a_precision_editing_figure2_fcs.zip,1008200,cea12b93069cdb1bb24051a08e37869c0ef5f7cb478f92fc2caac79c2f1c8016,True,AD_20241028_gfplib_rpr1_donorrec_plate1_Experiment_Group_G05.fcs,enas_rpr_yes,AD_20241028_gfplib_rpr1_donorrec_plate1,G05,A12,A12,GFP panel,enAsCas12a,,RPR1,,Yes,A12,,1,scraped,0.0,No,Figure 2,GFP panel replicate kinetics,results/01_gfp_library_transfer_counts/tables/gfp_lib_standardized_all_replicates.csv
cas12a_precision_editing_figure2_fcs.zip,1008200,175cbda1081cdd900b207fe214794974b9c3777e82445207b4b4e17fd0940f62,True,AD_20241028_gfplib_rpr1_donorrec_plate1_Experiment_Group_G06.fcs,enas_rpr_yes,AD_20241028_gfplib_rpr1_donorrec_plate1,G06,C05,C05,GFP panel,enAsCas12a,,RPR1,,Yes,C05,,1,scraped,0.0,No,Figure 2,GFP panel replicate kinetics,results/01_gfp_library_transfer_counts/tables/gfp_lib_standardized_all_replicates.csv
cas12a_precision_editing_figure2_fcs.zip,1008200,7a76dbd2ba3d6018ebe3e96d970da635f1b9322bafee36057f186bb4af257f5e,True,AD_20241028_gfplib_rpr1_donorrec_plate1_Experiment_Group_G07.fcs,enas_rpr_yes,AD_20241028_gfplib_rpr1_donorrec_plate1,G07,G03,G03,GFP panel,enAsCas12a,,RPR1,,Yes,G03,,1,scraped,0.0,No,Figure 2,GFP panel replicate kinetics,results/01_gfp_library_transfer_counts/tables/gfp_lib_standardized_all_replicates.csv
cas12a_precision_editing_figure2_fcs.zip,1008200,12fc9517079dcd349e59194f60046c63267c771aaff78135ffa098cecc242a7d,True,AD_20241028_gfplib_rpr1_donorrec_plate1_Experiment_Group_H05.fcs,enas_rpr_yes,AD_20241028_gfplib_rpr1_donorrec_plate1,H05,A12,A12,GFP panel,enAsCas12a,,RPR1,,Yes,A12,,2,scraped,0.0,No,Figure 2,GFP panel replicate kinetics,results/01_gfp_library_transfer_counts/tables/gfp_lib_standardized_all_replicates.csv
cas12a_precision_editing_figure2_fcs.zip,1008200,025629d859c9ca1860673a8ccc764245308d98fa4cda2c44d45091f71589b4b9,True,AD_20241028_gfplib_rpr1_donorrec_plate1_Experiment_Group_H06.fcs,enas_rpr_yes,AD_20241028_gfplib_rpr1_donorrec_plate1,H06,C05,C05,GFP panel,enAsCas12a,,RPR1,,Yes,C05,,2,scraped,0.0,No,Figure 2,GFP panel replicate kinetics,results/01_gfp_library_transfer_counts/tables/gfp_lib_standardized_all_replicates.csv
cas12a_precision_editing_figure2_fcs.zip,1008200,b7f1d8c36d41ba2595a74ce0bd99fb8b4984e22bac6581ac1c8a14e660cba9a5,True,AD_20241028_gfplib_rpr1_donorrec_plate1_Experiment_Group_H07.fcs,enas_rpr_yes,AD_20241028_gfplib_rpr1_donorrec_plate1,H07,G03,G03,GFP panel,enAsCas12a,,RPR1,,Yes,G03,,2,scraped,0.0,No,Figure 2,GFP panel replicate kinetics,results/01_gfp_library_transfer_counts/tables/gfp_lib_standardized_all_replicates.csv
cas12a_precision_editing_figure2_fcs.zip,1055840,c21fd23ff337a2ba061eee9fea05a182b821d0c77ebd24cc0b2faa438f4f9315,True,AD_20240403_snr52_gfplib_plate2(1)_Experiment_19h30_E01.fcs,enas_snr_no,AD_20240403_snr52_gfplib_plate2(1),E01,A01,A01,GFP panel,enAsCas12a,,SNR52,,No,A01,,1,11_gen,,No,Figure 2,GFP panel replicate kinetics,results/01_gfp_library_transfer_counts/tables/gfp_lib_standardized_all_replicates.csv
cas12a_precision_editing_figure2_fcs.zip,1054360,ce83213fd61a898e30b24536476f9624bccca189d8a98f1c687e07c74a391118,True,AD_20240403_snr52_gfplib_plate2(1)_Experiment_19h30_E02.fcs,enas_snr_no,AD_20240403_snr52_gfplib_plate2(1),E02,A01,A01,GFP panel,enAsCas12a,,SNR52,,No,A01,,2,11_gen,,No,Figure 2,GFP panel replicate kinetics,results/01_gfp_library_transfer_counts/tables/gfp_lib_standardized_all_replicates.csv
cas12a_precision_editing_figure2_fcs.zip,1094240,1d0102d3b4882895ada1e01a7e2704234c23fa94f9775578266ec36358cd314b,True,AD_20240403_snr52_gfplib_plate2(1)_Experiment_19h30_E03.fcs,enas_snr_no,AD_20240403_snr52_gfplib_plate2(1),E03,A04,A04,GFP panel,enAsCas12a,,SNR52,,No,A04,,1,11_gen,,No,Figure 2,GFP panel replicate kinetics,results/01_gfp_library_transfer_counts/tables/gfp_lib_standardized_all_replicates.csv
cas12a_precision_editing_figure2_fcs.zip,1098560,cb5069e13d4afb58903fe7a58783868a8fdc5a35c99f9b9e65e206794efc7363,True,AD_20240403_snr52_gfplib_plate2(1)_Experiment_19h30_E04.fcs,enas_snr_no,AD_20240403_snr52_gfplib_plate2(1),E04,A04,A04,GFP panel,enAsCas12a,,SNR52,,No,A04,,2,11_gen,,No,Figure 2,GFP panel replicate kinetics,results/01_gfp_library_transfer_counts/tables/gfp_lib_standardized_all_replicates.csv
cas12a_precision_editing_figure2_fcs.zip,1098000,97a710d2f39fb0c867bb0a0902556c4245876ad64bd871473e5ad6760b55b66c,True,AD_20240403_snr52_gfplib_plate2(1)_Experiment_19h30_E05.fcs,enas_snr_no,AD_20240403_snr52_gfplib_plate2(1),E05,A09,A09,GFP panel,enAsCas12a,,SNR52,,No,A09,,1,11_gen,,Yes,Figure 2,GFP panel replicate kinetics,results/01_gfp_library_transfer_counts/tables/gfp_lib_standardized_all_replicates.csv
cas12a_precision_editing_figure2_fcs.zip,1068360,3df02227ec92c529de14399b270b306fc7afaf9bfe1c7cd0a0372e5a75d45603,True,AD_20240403_snr52_gfplib_plate2(1)_Experiment_19h30_E06.fcs,enas_snr_no,AD_20240403_snr52_gfplib_plate2(1),E06,A09,A09,GFP panel,enAsCas12a,,SNR52,,No,A09,,2,11_gen,,Yes,Figure 2,GFP panel replicate kinetics,results/01_gfp_library_transfer_counts/tables/gfp_lib_standardized_all_replicates.csv
cas12a_precision_editing_figure2_fcs.zip,1056440,d7cff102df4ab0379124fe3d511e3bd52e2d598359218c3dfafc162c14cbb19b,True,AD_20240403_snr52_gfplib_plate2(1)_Experiment_19h30_E07.fcs,enas_snr_no,AD_20240403_snr52_gfplib_plate2(1),E07,A12,A12,GFP panel,enAsCas12a,,SNR52,,No,A12,,1,11_gen,,No,Figure 2,GFP panel replicate kinetics,results/01_gfp_library_transfer_counts/tables/gfp_lib_standardized_all_replicates.csv
cas12a_precision_editing_figure2_fcs.zip,1052400,7352370d0f9bb573e8454368939288c1331da2e76dab6638fb05b376d3f75079,True,AD_20240403_snr52_gfplib_plate2(1)_Experiment_19h30_E08.fcs,enas_snr_no,AD_20240403_snr52_gfplib_plate2(1),E08,A12,A12,GFP panel,enAsCas12a,,SNR52,,No,A12,,2,11_gen,,No,Figure 2,GFP panel replicate kinetics,results/01_gfp_library_transfer_counts/tables/gfp_lib_standardized_all_replicates.csv
cas12a_precision_editing_figure2_fcs.zip,1059680,e6b9598a62df450f5eb90f8377b816289fc3f8d9b0be2356d412a41ae0268cab,True,AD_20240403_snr52_gfplib_plate2(1)_Experiment_19h30_F01.fcs,enas_snr_no,AD_20240403_snr52_gfplib_plate2(1),F01,B05,B05,GFP panel,enAsCas12a,,SNR52,,No,B05,,1,11_gen,,No,Figure 2,GFP panel replicate kinetics,results/01_gfp_library_transfer_counts/tables/gfp_lib_standardized_all_replicates.csv
cas12a_precision_editing_figure2_fcs.zip,1045240,7206f07b0f5ac9ffd325f5c6d036e8ccb8641de47570ce04e5c9ab6c92875d29,True,AD_20240403_snr52_gfplib_plate2(1)_Experiment_19h30_F02.fcs,enas_snr_no,AD_20240403_snr52_gfplib_plate2(1),F02,B05,B05,GFP panel,enAsCas12a,,SNR52,,No,B05,,2,11_gen,,No,Figure 2,GFP panel replicate kinetics,results/01_gfp_library_transfer_counts/tables/gfp_lib_standardized_all_replicates.csv
cas12a_precision_editing_figure2_fcs.zip,1102320,a2513e8cf0965f49f01c73b2a566e281c4db4a26fe8458cf2aab82536641e855,True,AD_20240403_snr52_gfplib_plate2(1)_Experiment_19h30_F03.fcs,enas_snr_no,AD_20240403_snr52_gfplib_plate2(1),F03,C03,C03,GFP panel,enAsCas12a,,SNR52,,No,C03,,1,11_gen,,No,Figure 2,GFP panel replicate kinetics,results/01_gfp_library_transfer_counts/tables/gfp_lib_standardized_all_replicates.csv
cas12a_precision_editing_figure2_fcs.zip,1088720,e7ceac55f9eb3c2fe05d516e41d0090a8974504dcb291eb031094a1f68c6f587,True,AD_20240403_snr52_gfplib_plate2(1)_Experiment_19h30_F04.fcs,enas_snr_no,AD_20240403_snr52_gfplib_plate2(1),F04,C03,C03,GFP panel,enAsCas12a,,SNR52,,No,C03,,2,11_gen,,No,Figure 2,GFP panel replicate kinetics,results/01_gfp_library_transfer_counts/tables/gfp_lib_standardized_all_replicates.csv
cas12a_precision_editing_figure2_fcs.zip,1036960,42654a9467cf41b52dcdcaeb6802488a86de227ee878c62e6d576fb57e435ee1,True,AD_20240403_snr52_gfplib_plate2(1)_Experiment_19h30_F05.fcs,enas_snr_no,AD_20240403_snr52_gfplib_plate2(1),F05,C04,C04,GFP panel,enAsCas12a,,SNR52,,No,C04,,1,11_gen,,No,Figure 2,GFP panel replicate kinetics,results/01_gfp_library_transfer_counts/tables/gfp_lib_standardized_all_replicates.csv
cas12a_precision_editing_figure2_fcs.zip,1037200,67de58b3d09180286b40868a118a290f4644ae6bba03154b96b0fde21a9bb9b5,True,AD_20240403_snr52_gfplib_plate2(1)_Experiment_19h30_F06.fcs,enas_snr_no,AD_20240403_snr52_gfplib_plate2(1),F06,C04,C04,GFP panel,enAsCas12a,,SNR52,,No,C04,,2,11_gen,,No,Figure 2,GFP panel replicate kinetics,results/01_gfp_library_transfer_counts/tables/gfp_lib_standardized_all_replicates.csv
cas12a_precision_editing_figure2_fcs.zip,1083280,7c59f2f3f011eb3bdd28fa0659274c25af2928156f88da0023848fa664176da8,True,AD_20240403_snr52_gfplib_plate2(1)_Experiment_19h30_F07.fcs,enas_snr_no,AD_20240403_snr52_gfplib_plate2(1),F07,C05,C05,GFP panel,enAsCas12a,,SNR52,,No,C05,,1,11_gen,,No,Figure 2,GFP panel replicate kinetics,results/01_gfp_library_transfer_counts/tables/gfp_lib_standardized_all_replicates.csv
cas12a_precision_editing_figure2_fcs.zip,1075800,578db19b9251f0fc02f82e0a83b15f9251f789739d4840517265efefa81c5801,True,AD_20240403_snr52_gfplib_plate2(1)_Experiment_19h30_F08.fcs,enas_snr_no,AD_20240403_snr52_gfplib_plate2(1),F08,C05,C05,GFP panel,enAsCas12a,,SNR52,,No,C05,,2,11_gen,,No,Figure 2,GFP panel replicate kinetics,results/01_gfp_library_transfer_counts/tables/gfp_lib_standardized_all_replicates.csv
cas12a_precision_editing_figure2_fcs.zip,1088600,a12709ce9ec44f97aa0195544ad0091fa5a7b23990ed37e02ff4673c2c9901b5,True,AD_20240403_snr52_gfplib_plate2(1)_Experiment_19h30_G01.fcs,enas_snr_no,AD_20240403_snr52_gfplib_plate2(1),G01,E01,E01,GFP panel,enAsCas12a,,SNR52,,No,E01,,1,11_gen,,No,Figure 2,GFP panel replicate kinetics,results/01_gfp_library_transfer_counts/tables/gfp_lib_standardized_all_replicates.csv
cas12a_precision_editing_figure2_fcs.zip,1116480,8acde34394b11bcbe60f38170b765869df96ee77af4d2474cf9ea54f63c23355,True,AD_20240403_snr52_gfplib_plate2(1)_Experiment_19h30_G02.fcs,enas_snr_no,AD_20240403_snr52_gfplib_plate2(1),G02,E01,E01,GFP panel,enAsCas12a,,SNR52,,No,E01,,2,11_gen,,No,Figure 2,GFP panel replicate kinetics,results/01_gfp_library_transfer_counts/tables/gfp_lib_standardized_all_replicates.csv
cas12a_precision_editing_figure2_fcs.zip,1100680,c15b3f96551d953e2188bf9e4e28c47d6dbcd06eb627d5aeb47730a3c02b58af,True,AD_20240403_snr52_gfplib_plate2(1)_Experiment_19h30_G03.fcs,enas_snr_no,AD_20240403_snr52_gfplib_plate2(1),G03,E02,E02,GFP panel,enAsCas12a,,SNR52,,No,E02,,1,11_gen,,No,Figure 2,GFP panel replicate kinetics,results/01_gfp_library_transfer_counts/tables/gfp_lib_standardized_all_replicates.csv
cas12a_precision_editing_figure2_fcs.zip,1117040,b59f2e5d741a8ff6d21ad8e82b19ef43623ae9b3077b7a4c3edf58db38647562,True,AD_20240403_snr52_gfplib_plate2(1)_Experiment_19h30_G05.fcs,enas_snr_no,AD_20240403_snr52_gfplib_plate2(1),G05,E05,E05,GFP panel,enAsCas12a,,SNR52,,No,E05,,1,11_gen,,No,Figure 2,GFP panel replicate kinetics,results/01_gfp_library_transfer_counts/tables/gfp_lib_standardized_all_replicates.csv
cas12a_precision_editing_figure2_fcs.zip,1088280,a2890e74409916b33fe377c544608db7e9052160004dc326eb59299ca98b7b5e,True,AD_20240403_snr52_gfplib_plate2(1)_Experiment_19h30_G06.fcs,enas_snr_no,AD_20240403_snr52_gfplib_plate2(1),G06,E05,E05,GFP panel,enAsCas12a,,SNR52,,No,E05,,2,11_gen,,No,Figure 2,GFP panel replicate kinetics,results/01_gfp_library_transfer_counts/tables/gfp_lib_standardized_all_replicates.csv
cas12a_precision_editing_figure2_fcs.zip,1090360,93f2179306203972e9f49c1df33fdc40df47be4713c3724b95ab15211334a2d8,True,AD_20240403_snr52_gfplib_plate2(1)_Experiment_19h30_G07.fcs,enas_snr_no,AD_20240403_snr52_gfplib_plate2(1),G07,G03,G03,GFP panel,enAsCas12a,,SNR52,,No,G03,,1,11_gen,,No,Figure 2,GFP panel replicate kinetics,results/01_gfp_library_transfer_counts/tables/gfp_lib_standardized_all_replicates.csv
cas12a_precision_editing_figure2_fcs.zip,1103400,96b1f0894ae1ce259f138340e1a5f010d4720bd8641d4d62e3663f58445aaaac,True,AD_20240403_snr52_gfplib_plate2(1)_Experiment_19h30_H01.fcs,enas_snr_no,AD_20240403_snr52_gfplib_plate2(1),H01,H11,H11,GFP panel,enAsCas12a,,SNR52,,No,H11,,1,11_gen,,No,Figure 2,GFP panel replicate kinetics,results/01_gfp_library_transfer_counts/tables/gfp_lib_standardized_all_replicates.csv
cas12a_precision_editing_figure2_fcs.zip,1092440,6f8f8a28c59e0c8d1e310cb09c7a01b057b55a7f627f8d43b66bb7ec7cac4d9c,True,AD_20240403_snr52_gfplib_plate2(1)_Experiment_19h30_H02.fcs,enas_snr_no,AD_20240403_snr52_gfplib_plate2(1),H02,H11,H11,GFP panel,enAsCas12a,,SNR52,,No,H11,,2,11_gen,,No,Figure 2,GFP panel replicate kinetics,results/01_gfp_library_transfer_counts/tables/gfp_lib_standardized_all_replicates.csv
cas12a_precision_editing_figure2_fcs.zip,1086440,e3ef5e4bc59e6cfe3563c4f0d21f1eef1a71e93e51f34ad7ef4e88c479874164,True,AD_20240403_snr52_gfplib_plate2(2)_Experiment_Group(1)_A01.fcs,enas_snr_no,AD_20240403_snr52_gfplib_plate2(2),A01,A01,A01,GFP panel,enAsCas12a,,SNR52,,No,A01,,1,20_gen,,No,Figure 2,GFP panel replicate kinetics,results/01_gfp_library_transfer_counts/tables/gfp_lib_standardized_all_replicates.csv
cas12a_precision_editing_figure2_fcs.zip,1163840,760e1f282748fa5e9a394f0c7544ce5e9ecdd693b2b6fe8e9b51fa89ac28fdf8,True,AD_20240403_snr52_gfplib_plate2(2)_Experiment_Group(1)_A02.fcs,enas_snr_no,AD_20240403_snr52_gfplib_plate2(2),A02,A01,A01,GFP panel,enAsCas12a,,SNR52,,No,A01,,2,20_gen,,No,Figure 2,GFP panel replicate kinetics,results/01_gfp_library_transfer_counts/tables/gfp_lib_standardized_all_replicates.csv
cas12a_precision_editing_figure2_fcs.zip,1132120,f6daf81ccc9779c1b29365185fd6197c234eeb8b8728afe99b23ecfb6c7e60d3,True,AD_20240403_snr52_gfplib_plate2(2)_Experiment_Group(1)_A03.fcs,enas_snr_no,AD_20240403_snr52_gfplib_plate2(2),A03,A04,A04,GFP panel,enAsCas12a,,SNR52,,No,A04,,1,20_gen,,No,Figure 2,GFP panel replicate kinetics,results/01_gfp_library_transfer_counts/tables/gfp_lib_standardized_all_replicates.csv
cas12a_precision_editing_figure2_fcs.zip,1108360,7742f6d906c4d7c842ecb583fa6ceaa6fe6eab68ed2542edf5648b36febf7580,True,AD_20240403_snr52_gfplib_plate2(2)_Experiment_Group(1)_A04.fcs,enas_snr_no,AD_20240403_snr52_gfplib_plate2(2),A04,A04,A04,GFP panel,enAsCas12a,,SNR52,,No,A04,,2,20_gen,,No,Figure 2,GFP panel replicate kinetics,results/01_gfp_library_transfer_counts/tables/gfp_lib_standardized_all_replicates.csv
cas12a_precision_editing_figure2_fcs.zip,1137360,786ee76a3eba2beabcba46c9ab918034e4475cacb9de05cbb7b8dc6d85db3f4c,True,AD_20240403_snr52_gfplib_plate2(2)_Experiment_Group(1)_A05.fcs,enas_snr_no,AD_20240403_snr52_gfplib_plate2(2),A05,A09,A09,GFP panel,enAsCas12a,,SNR52,,No,A09,,1,20_gen,,Yes,Figure 2,GFP panel replicate kinetics,results/01_gfp_library_transfer_counts/tables/gfp_lib_standardized_all_replicates.csv
cas12a_precision_editing_figure2_fcs.zip,1152440,e9531c6fab85f64709158b32615b56c953f960173b11392a273434573c549ad2,True,AD_20240403_snr52_gfplib_plate2(2)_Experiment_Group(1)_A06.fcs,enas_snr_no,AD_20240403_snr52_gfplib_plate2(2),A06,A09,A09,GFP panel,enAsCas12a,,SNR52,,No,A09,,2,20_gen,,Yes,Figure 2,GFP panel replicate kinetics,results/01_gfp_library_transfer_counts/tables/gfp_lib_standardized_all_replicates.csv
cas12a_precision_editing_figure2_fcs.zip,1170600,be8b415528991f16a9413f602743d3f71af5ae5a967483adf5a0e3c48560bd37,True,AD_20240403_snr52_gfplib_plate2(2)_Experiment_Group(1)_A07.fcs,enas_snr_no,AD_20240403_snr52_gfplib_plate2(2),A07,A12,A12,GFP panel,enAsCas12a,,SNR52,,No,A12,,1,20_gen,,No,Figure 2,GFP panel replicate kinetics,results/01_gfp_library_transfer_counts/tables/gfp_lib_standardized_all_replicates.csv
cas12a_precision_editing_figure2_fcs.zip,1116680,44c9da4e5ab2eb86c9af0f83ffa86c0982904d3651e6c9f756dc8554a4496335,True,AD_20240403_snr52_gfplib_plate2(2)_Experiment_Group(1)_A08.fcs,enas_snr_no,AD_20240403_snr52_gfplib_plate2(2),A08,A12,A12,GFP panel,enAsCas12a,,SNR52,,No,A12,,2,20_gen,,No,Figure 2,GFP panel replicate kinetics,results/01_gfp_library_transfer_counts/tables/gfp_lib_standardized_all_replicates.csv
cas12a_precision_editing_figure2_fcs.zip,1155480,58d345d3af46a034d66f6bc6f40cee9cf5ae86f82a4c2d2f212388e36ddfe7d0,True,AD_20240403_snr52_gfplib_plate2(2)_Experiment_Group(1)_B01.fcs,enas_snr_no,AD_20240403_snr52_gfplib_plate2(2),B01,B05,B05,GFP panel,enAsCas12a,,SNR52,,No,B05,,1,20_gen,,No,Figure 2,GFP panel replicate kinetics,results/01_gfp_library_transfer_counts/tables/gfp_lib_standardized_all_replicates.csv
cas12a_precision_editing_figure2_fcs.zip,1107120,913e1e1f992f5edbbbd295989b45a5448fd3a4b93a954009ec22d8644208e5aa,True,AD_20240403_snr52_gfplib_plate2(2)_Experiment_Group(1)_B02.fcs,enas_snr_no,AD_20240403_snr52_gfplib_plate2(2),B02,B05,B05,GFP panel,enAsCas12a,,SNR52,,No,B05,,2,20_gen,,No,Figure 2,GFP panel replicate kinetics,results/01_gfp_library_transfer_counts/tables/gfp_lib_standardized_all_replicates.csv
cas12a_precision_editing_figure2_fcs.zip,1205800,81fe8e21770f337f9f69667f054558b1760e689ced0c58321319f0768c62a507,True,AD_20240403_snr52_gfplib_plate2(2)_Experiment_Group(1)_B03.fcs,enas_snr_no,AD_20240403_snr52_gfplib_plate2(2),B03,C03,C03,GFP panel,enAsCas12a,,SNR52,,No,C03,,1,20_gen,,No,Figure 2,GFP panel replicate kinetics,results/01_gfp_library_transfer_counts/tables/gfp_lib_standardized_all_replicates.csv
cas12a_precision_editing_figure2_fcs.zip,1123160,7d19b58d84b151c620216fae66aa869da5cc0aa32ab092fda90d9afc0d9fcf88,True,AD_20240403_snr52_gfplib_plate2(2)_Experiment_Group(1)_B04.fcs,enas_snr_no,AD_20240403_snr52_gfplib_plate2(2),B04,C03,C03,GFP panel,enAsCas12a,,SNR52,,No,C03,,2,20_gen,,No,Figure 2,GFP panel replicate kinetics,results/01_gfp_library_transfer_counts/tables/gfp_lib_standardized_all_replicates.csv
cas12a_precision_editing_figure2_fcs.zip,1104800,45d3affa8df43988a216cecc71a39679322c0081d864c48e9d562ef4cce75085,True,AD_20240403_snr52_gfplib_plate2(2)_Experiment_Group(1)_B05.fcs,enas_snr_no,AD_20240403_snr52_gfplib_plate2(2),B05,C04,C04,GFP panel,enAsCas12a,,SNR52,,No,C04,,1,20_gen,,No,Figure 2,GFP panel replicate kinetics,results/01_gfp_library_transfer_counts/tables/gfp_lib_standardized_all_replicates.csv
cas12a_precision_editing_figure2_fcs.zip,1104280,6df6492290139eb13247d220bf337ec0efeeb54fd2da10a17b3d7ef1219fbeb3,True,AD_20240403_snr52_gfplib_plate2(2)_Experiment_Group(1)_B06.fcs,enas_snr_no,AD_20240403_snr52_gfplib_plate2(2),B06,C04,C04,GFP panel,enAsCas12a,,SNR52,,No,C04,,2,20_gen,,No,Figure 2,GFP panel replicate kinetics,results/01_gfp_library_transfer_counts/tables/gfp_lib_standardized_all_replicates.csv
cas12a_precision_editing_figure2_fcs.zip,1151200,db65b98b132e31d6f67bebb7c881d09c007dda175e1d479292bf66f4c9011739,True,AD_20240403_snr52_gfplib_plate2(2)_Experiment_Group(1)_B07.fcs,enas_snr_no,AD_20240403_snr52_gfplib_plate2(2),B07,C05,C05,GFP panel,enAsCas12a,,SNR52,,No,C05,,1,20_gen,,No,Figure 2,GFP panel replicate kinetics,results/01_gfp_library_transfer_counts/tables/gfp_lib_standardized_all_replicates.csv
cas12a_precision_editing_figure2_fcs.zip,1150760,a32d559bd1b6d654483611812fba152f5beeb0c368d305146878ae9aee1f4b7a,True,AD_20240403_snr52_gfplib_plate2(2)_Experiment_Group(1)_B08.fcs,enas_snr_no,AD_20240403_snr52_gfplib_plate2(2),B08,C05,C05,GFP panel,enAsCas12a,,SNR52,,No,C05,,2,20_gen,,No,Figure 2,GFP panel replicate kinetics,results/01_gfp_library_transfer_counts/tables/gfp_lib_standardized_all_replicates.csv
cas12a_precision_editing_figure2_fcs.zip,1167000,856e611b953df18702cf0eb1861c6d7541974de8b4f9e54a2c2810feb7e33fb6,True,AD_20240403_snr52_gfplib_plate2(2)_Experiment_Group(1)_C01.fcs,enas_snr_no,AD_20240403_snr52_gfplib_plate2(2),C01,E01,E01,GFP panel,enAsCas12a,,SNR52,,No,E01,,1,20_gen,,No,Figure 2,GFP panel replicate kinetics,results/01_gfp_library_transfer_counts/tables/gfp_lib_standardized_all_replicates.csv
cas12a_precision_editing_figure2_fcs.zip,1292480,2d54babf99f68ceb33389cbe37bfd9818b49754769fad0b9fdde5bbd70264797,True,AD_20240403_snr52_gfplib_plate2(2)_Experiment_Group(1)_C02.fcs,enas_snr_no,AD_20240403_snr52_gfplib_plate2(2),C02,E01,E01,GFP panel,enAsCas12a,,SNR52,,No,E01,,2,20_gen,,No,Figure 2,GFP panel replicate kinetics,results/01_gfp_library_transfer_counts/tables/gfp_lib_standardized_all_replicates.csv
cas12a_precision_editing_figure2_fcs.zip,1240200,d71927bbabeee26ab993986917de6ae51695cfa5af0e1709a1f63a776d0a0975,True,AD_20240403_snr52_gfplib_plate2(2)_Experiment_Group(1)_C03.fcs,enas_snr_no,AD_20240403_snr52_gfplib_plate2(2),C03,E02,E02,GFP panel,enAsCas12a,,SNR52,,No,E02,,1,20_gen,,No,Figure 2,GFP panel replicate kinetics,results/01_gfp_library_transfer_counts/tables/gfp_lib_standardized_all_replicates.csv
cas12a_precision_editing_figure2_fcs.zip,1160320,65a01d4b6cc5d5423edf3d6f86e40bc6f9a69c9722b625da3dc2fc6aa8633a6d,True,AD_20240403_snr52_gfplib_plate2(2)_Experiment_Group(1)_C05.fcs,enas_snr_no,AD_20240403_snr52_gfplib_plate2(2),C05,E05,E05,GFP panel,enAsCas12a,,SNR52,,No,E05,,1,20_gen,,No,Figure 2,GFP panel replicate kinetics,results/01_gfp_library_transfer_counts/tables/gfp_lib_standardized_all_replicates.csv
cas12a_precision_editing_figure2_fcs.zip,1198400,d1bf8bc0bc158af796ceb41c4705121e0d9ab516b23bfee4c5991fd193fd73ac,True,AD_20240403_snr52_gfplib_plate2(2)_Experiment_Group(1)_C06.fcs,enas_snr_no,AD_20240403_snr52_gfplib_plate2(2),C06,E05,E05,GFP panel,enAsCas12a,,SNR52,,No,E05,,2,20_gen,,No,Figure 2,GFP panel replicate kinetics,results/01_gfp_library_transfer_counts/tables/gfp_lib_standardized_all_replicates.csv
cas12a_precision_editing_figure2_fcs.zip,1168560,cd856d899a852fc219b6eb6dabdc072578b922f35ea58c576dfbf7f82402db6f,True,AD_20240403_snr52_gfplib_plate2(2)_Experiment_Group(1)_C07.fcs,enas_snr_no,AD_20240403_snr52_gfplib_plate2(2),C07,G03,G03,GFP panel,enAsCas12a,,SNR52,,No,G03,,1,20_gen,,No,Figure 2,GFP panel replicate kinetics,results/01_gfp_library_transfer_counts/tables/gfp_lib_standardized_all_replicates.csv
cas12a_precision_editing_figure2_fcs.zip,1154520,5c7ea8bfb69a9a2e937dd33b6d84be4221afcdfe4da5819e6b87c7f238f3c122,True,AD_20240403_snr52_gfplib_plate2(2)_Experiment_Group(1)_D01.fcs,enas_snr_no,AD_20240403_snr52_gfplib_plate2(2),D01,H11,H11,GFP panel,enAsCas12a,,SNR52,,No,H11,,1,20_gen,,No,Figure 2,GFP panel replicate kinetics,results/01_gfp_library_transfer_counts/tables/gfp_lib_standardized_all_replicates.csv
cas12a_precision_editing_figure2_fcs.zip,1174760,c7a8fd58def82a398f15cd2840689d66a37d5bb8d8e251f5b9105617d52b4c66,True,AD_20240403_snr52_gfplib_plate2(2)_Experiment_Group(1)_D02.fcs,enas_snr_no,AD_20240403_snr52_gfplib_plate2(2),D02,H11,H11,GFP panel,enAsCas12a,,SNR52,,No,H11,,2,20_gen,,No,Figure 2,GFP panel replicate kinetics,results/01_gfp_library_transfer_counts/tables/gfp_lib_standardized_all_replicates.csv
cas12a_precision_editing_figure2_fcs.zip,1008200,e6c385823a02f6287ea358387cc886bdf633a86c0a8473969f5e9411cf17a9e6,True,AD_20240403_snr52_gfplib_plate2(1)_Experiment_Group_A01.fcs,enas_snr_no,AD_20240403_snr52_gfplib_plate2(1),A01,A01,A01,GFP panel,enAsCas12a,,SNR52,,No,A01,,1,6_gen,,No,Figure 2,GFP panel replicate kinetics,results/01_gfp_library_transfer_counts/tables/gfp_lib_standardized_all_replicates.csv
cas12a_precision_editing_figure2_fcs.zip,1008200,19f285bff20ea2d78a2cfa3fd3d17580bda2937506cf6e6db328948052509857,True,AD_20240403_snr52_gfplib_plate2(1)_Experiment_Group_A02.fcs,enas_snr_no,AD_20240403_snr52_gfplib_plate2(1),A02,A01,A01,GFP panel,enAsCas12a,,SNR52,,No,A01,,2,6_gen,,No,Figure 2,GFP panel replicate kinetics,results/01_gfp_library_transfer_counts/tables/gfp_lib_standardized_all_replicates.csv
cas12a_precision_editing_figure2_fcs.zip,1008200,8100a6dd1119a102b35719fec1df28b4ea40efe9b2929a35915e282a73fe6b81,True,AD_20240403_snr52_gfplib_plate2(1)_Experiment_Group_A03.fcs,enas_snr_no,AD_20240403_snr52_gfplib_plate2(1),A03,A04,A04,GFP panel,enAsCas12a,,SNR52,,No,A04,,1,6_gen,,No,Figure 2,GFP panel replicate kinetics,results/01_gfp_library_transfer_counts/tables/gfp_lib_standardized_all_replicates.csv
cas12a_precision_editing_figure2_fcs.zip,1008200,ec32b9458a546f404eb1e1bc0581b2a4c9ab3ff58a0557ca14c7530d3d6ea897,True,AD_20240403_snr52_gfplib_plate2(1)_Experiment_Group_A04.fcs,enas_snr_no,AD_20240403_snr52_gfplib_plate2(1),A04,A04,A04,GFP panel,enAsCas12a,,SNR52,,No,A04,,2,6_gen,,No,Figure 2,GFP panel replicate kinetics,results/01_gfp_library_transfer_counts/tables/gfp_lib_standardized_all_replicates.csv
cas12a_precision_editing_figure2_fcs.zip,1008200,14c7ac70a5fcb9f7b98268c4e3114922e07338ea4dcb655e189f1a274ab51261,True,AD_20240403_snr52_gfplib_plate2(1)_Experiment_Group_A05.fcs,enas_snr_no,AD_20240403_snr52_gfplib_plate2(1),A05,A09,A09,GFP panel,enAsCas12a,,SNR52,,No,A09,,1,6_gen,,Yes,Figure 2,GFP panel replicate kinetics,results/01_gfp_library_transfer_counts/tables/gfp_lib_standardized_all_replicates.csv
cas12a_precision_editing_figure2_fcs.zip,1008200,9339a0153fef4fb432901ab0a1ac1044f850b2b4efe4e7ea40382abb2ad54b15,True,AD_20240403_snr52_gfplib_plate2(1)_Experiment_Group_A06.fcs,enas_snr_no,AD_20240403_snr52_gfplib_plate2(1),A06,A09,A09,GFP panel,enAsCas12a,,SNR52,,No,A09,,2,6_gen,,Yes,Figure 2,GFP panel replicate kinetics,results/01_gfp_library_transfer_counts/tables/gfp_lib_standardized_all_replicates.csv
cas12a_precision_editing_figure2_fcs.zip,1008200,b8bb7234e1276fa2e35118e04a40f95ffecaddaa2a0f967634ded51b3846b764,True,AD_20240403_snr52_gfplib_plate2(1)_Experiment_Group_A07.fcs,enas_snr_no,AD_20240403_snr52_gfplib_plate2(1),A07,A12,A12,GFP panel,enAsCas12a,,SNR52,,No,A12,,1,6_gen,,No,Figure 2,GFP panel replicate kinetics,results/01_gfp_library_transfer_counts/tables/gfp_lib_standardized_all_replicates.csv
cas12a_precision_editing_figure2_fcs.zip,1008200,01a813ae9b20df08115d636b6677460a5791883f703fb6b5e342dac87ab6cdb4,True,AD_20240403_snr52_gfplib_plate2(1)_Experiment_Group_A08.fcs,enas_snr_no,AD_20240403_snr52_gfplib_plate2(1),A08,A12,A12,GFP panel,enAsCas12a,,SNR52,,No,A12,,2,6_gen,,No,Figure 2,GFP panel replicate kinetics,results/01_gfp_library_transfer_counts/tables/gfp_lib_standardized_all_replicates.csv
cas12a_precision_editing_figure2_fcs.zip,1008200,72a17fa6a10cbd01476f73b018fd19a71a4045c8f9ae9149d94bb3ea54b7425b,True,AD_20240403_snr52_gfplib_plate2(1)_Experiment_Group_B01.fcs,enas_snr_no,AD_20240403_snr52_gfplib_plate2(1),B01,B05,B05,GFP panel,enAsCas12a,,SNR52,,No,B05,,1,6_gen,,No,Figure 2,GFP panel replicate kinetics,results/01_gfp_library_transfer_counts/tables/gfp_lib_standardized_all_replicates.csv
cas12a_precision_editing_figure2_fcs.zip,1008200,4736d4ff5a577ab34b5209174df18c880cf0fd10619112331067f68dc4a1817c,True,AD_20240403_snr52_gfplib_plate2(1)_Experiment_Group_B02.fcs,enas_snr_no,AD_20240403_snr52_gfplib_plate2(1),B02,B05,B05,GFP panel,enAsCas12a,,SNR52,,No,B05,,2,6_gen,,No,Figure 2,GFP panel replicate kinetics,results/01_gfp_library_transfer_counts/tables/gfp_lib_standardized_all_replicates.csv
cas12a_precision_editing_figure2_fcs.zip,1008200,3227096bf0b5da9f5f98f4991c65bb8ca5584c6c4eea2a173de14a7cb8856abd,True,AD_20240403_snr52_gfplib_plate2(1)_Experiment_Group_B03.fcs,enas_snr_no,AD_20240403_snr52_gfplib_plate2(1),B03,C03,C03,GFP panel,enAsCas12a,,SNR52,,No,C03,,1,6_gen,,No,Figure 2,GFP panel replicate kinetics,results/01_gfp_library_transfer_counts/tables/gfp_lib_standardized_all_replicates.csv
cas12a_precision_editing_figure2_fcs.zip,1008200,18c831db7eb354e0525c0816b8249ced611f8ef7371e43806d0d4a7ab92f3ce0,True,AD_20240403_snr52_gfplib_plate2(1)_Experiment_Group_B04.fcs,enas_snr_no,AD_20240403_snr52_gfplib_plate2(1),B04,C03,C03,GFP panel,enAsCas12a,,SNR52,,No,C03,,2,6_gen,,No,Figure 2,GFP panel replicate kinetics,results/01_gfp_library_transfer_counts/tables/gfp_lib_standardized_all_replicates.csv
cas12a_precision_editing_figure2_fcs.zip,1008200,8eb46ac5689741d68d4b3af9533a340c6e72787d8ecff2db76d20fc236926e1a,True,AD_20240403_snr52_gfplib_plate2(1)_Experiment_Group_B05.fcs,enas_snr_no,AD_20240403_snr52_gfplib_plate2(1),B05,C04,C04,GFP panel,enAsCas12a,,SNR52,,No,C04,,1,6_gen,,No,Figure 2,GFP panel replicate kinetics,results/01_gfp_library_transfer_counts/tables/gfp_lib_standardized_all_replicates.csv
cas12a_precision_editing_figure2_fcs.zip,1008200,04773e12ee8b7802da2f80c83732b2f2a644e5d18baec900b6828e7f9393fcf2,True,AD_20240403_snr52_gfplib_plate2(1)_Experiment_Group_B06.fcs,enas_snr_no,AD_20240403_snr52_gfplib_plate2(1),B06,C04,C04,GFP panel,enAsCas12a,,SNR52,,No,C04,,2,6_gen,,No,Figure 2,GFP panel replicate kinetics,results/01_gfp_library_transfer_counts/tables/gfp_lib_standardized_all_replicates.csv
cas12a_precision_editing_figure2_fcs.zip,1008200,616a5d0e37837479c610ef0cd60cafca50ccadd57472a37409a3afa4f8e89ecf,True,AD_20240403_snr52_gfplib_plate2(1)_Experiment_Group_B07.fcs,enas_snr_no,AD_20240403_snr52_gfplib_plate2(1),B07,C05,C05,GFP panel,enAsCas12a,,SNR52,,No,C05,,1,6_gen,,No,Figure 2,GFP panel replicate kinetics,results/01_gfp_library_transfer_counts/tables/gfp_lib_standardized_all_replicates.csv
cas12a_precision_editing_figure2_fcs.zip,1008200,fc9893707c80a47a3387604a4f3609f5c96961d6de3d6c16416b5df22811861f,True,AD_20240403_snr52_gfplib_plate2(1)_Experiment_Group_B08.fcs,enas_snr_no,AD_20240403_snr52_gfplib_plate2(1),B08,C05,C05,GFP panel,enAsCas12a,,SNR52,,No,C05,,2,6_gen,,No,Figure 2,GFP panel replicate kinetics,results/01_gfp_library_transfer_counts/tables/gfp_lib_standardized_all_replicates.csv
cas12a_precision_editing_figure2_fcs.zip,1008200,297658b0ddb11a9bcefea1a37da33c70c77393842fdc83ad3f144088d461715d,True,AD_20240403_snr52_gfplib_plate2(1)_Experiment_Group_C01.fcs,enas_snr_no,AD_20240403_snr52_gfplib_plate2(1),C01,E01,E01,GFP panel,enAsCas12a,,SNR52,,No,E01,,1,6_gen,,No,Figure 2,GFP panel replicate kinetics,results/01_gfp_library_transfer_counts/tables/gfp_lib_standardized_all_replicates.csv
cas12a_precision_editing_figure2_fcs.zip,1008200,a3f8ce404a37ae76d278506e1640f8533988e995fb44278a74238e7830cf524e,True,AD_20240403_snr52_gfplib_plate2(1)_Experiment_Group_C02.fcs,enas_snr_no,AD_20240403_snr52_gfplib_plate2(1),C02,E01,E01,GFP panel,enAsCas12a,,SNR52,,No,E01,,2,6_gen,,No,Figure 2,GFP panel replicate kinetics,results/01_gfp_library_transfer_counts/tables/gfp_lib_standardized_all_replicates.csv
cas12a_precision_editing_figure2_fcs.zip,1008200,bec0cc5041d6e36f2e9b0e8650f49b62c26126e18fb8986c2c5b135579240445,True,AD_20240403_snr52_gfplib_plate2(1)_Experiment_Group_C03.fcs,enas_snr_no,AD_20240403_snr52_gfplib_plate2(1),C03,E02,E02,GFP panel,enAsCas12a,,SNR52,,No,E02,,1,6_gen,,No,Figure 2,GFP panel replicate kinetics,results/01_gfp_library_transfer_counts/tables/gfp_lib_standardized_all_replicates.csv
cas12a_precision_editing_figure2_fcs.zip,66160,0360a996e7c06fb4dead006cada246e6b526d88b44786563fed59320d905cab3,True,AD_20240403_snr52_gfplib_plate2(1)_Experiment_Group_C04.fcs,enas_snr_no,AD_20240403_snr52_gfplib_plate2(1),C04,E02,E02,GFP panel,enAsCas12a,,SNR52,,No,E02,,2,6_gen,,No,Figure 2,GFP panel replicate kinetics,results/01_gfp_library_transfer_counts/tables/gfp_lib_standardized_all_replicates.csv
cas12a_precision_editing_figure2_fcs.zip,1008200,1d9713d6a5b71c56b72f5ac94368564201b27f0842c40cee99afc76b502131ee,True,AD_20240403_snr52_gfplib_plate2(1)_Experiment_Group_C05.fcs,enas_snr_no,AD_20240403_snr52_gfplib_plate2(1),C05,E05,E05,GFP panel,enAsCas12a,,SNR52,,No,E05,,1,6_gen,,No,Figure 2,GFP panel replicate kinetics,results/01_gfp_library_transfer_counts/tables/gfp_lib_standardized_all_replicates.csv
cas12a_precision_editing_figure2_fcs.zip,1008200,dcfd0c3f6da039a1d978836d58ef9bd132e6ecdca9aa19d8fed12bb035a73e61,True,AD_20240403_snr52_gfplib_plate2(1)_Experiment_Group_C06.fcs,enas_snr_no,AD_20240403_snr52_gfplib_plate2(1),C06,E05,E05,GFP panel,enAsCas12a,,SNR52,,No,E05,,2,6_gen,,No,Figure 2,GFP panel replicate kinetics,results/01_gfp_library_transfer_counts/tables/gfp_lib_standardized_all_replicates.csv
cas12a_precision_editing_figure2_fcs.zip,1008200,4cfbccecce3668d09cc8f0d86b6dd479c77eee7a53cb139c3ac11a4e8aa1b0c4,True,AD_20240403_snr52_gfplib_plate2(1)_Experiment_Group_C07.fcs,enas_snr_no,AD_20240403_snr52_gfplib_plate2(1),C07,G03,G03,GFP panel,enAsCas12a,,SNR52,,No,G03,,1,6_gen,,No,Figure 2,GFP panel replicate kinetics,results/01_gfp_library_transfer_counts/tables/gfp_lib_standardized_all_replicates.csv
cas12a_precision_editing_figure2_fcs.zip,1008200,6f2497bc9df89f743ddea62d3020c270f787f21f0fa03237acb59aaf42e53952,True,AD_20240403_snr52_gfplib_plate2(1)_Experiment_Group_C08.fcs,enas_snr_no,AD_20240403_snr52_gfplib_plate2(1),C08,G03,G03,GFP panel,enAsCas12a,,SNR52,,No,G03,,2,6_gen,,No,Figure 2,GFP panel replicate kinetics,results/01_gfp_library_transfer_counts/tables/gfp_lib_standardized_all_replicates.csv
cas12a_precision_editing_figure2_fcs.zip,1008200,027b8ea34b21a5ca4ef4e188422f7d29afa54311f4fd0036139909a73c671bc1,True,AD_20240403_snr52_gfplib_plate2(1)_Experiment_Group_D01.fcs,enas_snr_no,AD_20240403_snr52_gfplib_plate2(1),D01,H11,H11,GFP panel,enAsCas12a,,SNR52,,No,H11,,1,6_gen,,No,Figure 2,GFP panel replicate kinetics,results/01_gfp_library_transfer_counts/tables/gfp_lib_standardized_all_replicates.csv
cas12a_precision_editing_figure2_fcs.zip,1008200,bb0d0cbdd9cffee20d9c739af121588602d5229cae36f640afb92f216705843f,True,AD_20240403_snr52_gfplib_plate2(1)_Experiment_Group_D02.fcs,enas_snr_no,AD_20240403_snr52_gfplib_plate2(1),D02,H11,H11,GFP panel,enAsCas12a,,SNR52,,No,H11,,2,6_gen,,No,Figure 2,GFP panel replicate kinetics,results/01_gfp_library_transfer_counts/tables/gfp_lib_standardized_all_replicates.csv
cas12a_precision_editing_figure2_fcs.zip,1008200,9e4621a7f2e830f0cfeb0e1efd52775bf1f1ae3059ee4106a9309217988d67da,True,AD_20240403_snr52_gfplib_Experiment_Group_A01.fcs,enas_snr_no,AD_20240403_snr52_gfplib,A01,A01,A01,GFP panel,enAsCas12a,,SNR52,,No,A01,,1,scraped,,No,Figure 2,GFP panel replicate kinetics,results/01_gfp_library_transfer_counts/tables/gfp_lib_standardized_all_replicates.csv
cas12a_precision_editing_figure2_fcs.zip,1008200,340b7992344c93acae4722fb1fceff0715b35357533d84056837d1953174b382,True,AD_20240403_snr52_gfplib_Experiment_Group_A02.fcs,enas_snr_no,AD_20240403_snr52_gfplib,A02,A01,A01,GFP panel,enAsCas12a,,SNR52,,No,A01,,2,scraped,,No,Figure 2,GFP panel replicate kinetics,results/01_gfp_library_transfer_counts/tables/gfp_lib_standardized_all_replicates.csv
cas12a_precision_editing_figure2_fcs.zip,1008200,9ef3139a0fadca80ed9e45063cb7b205a25ed5c8b536553a029b5838fb303bf7,True,AD_20240403_snr52_gfplib_Experiment_Group_A03.fcs,enas_snr_no,AD_20240403_snr52_gfplib,A03,A04,A04,GFP panel,enAsCas12a,,SNR52,,No,A04,,1,scraped,,No,Figure 2,GFP panel replicate kinetics,results/01_gfp_library_transfer_counts/tables/gfp_lib_standardized_all_replicates.csv
cas12a_precision_editing_figure2_fcs.zip,1008200,bec4247aac6db3ffffa9249d2df0a519fd8eebd7a578903a416ffa1f45e186d4,True,AD_20240403_snr52_gfplib_Experiment_Group_A04.fcs,enas_snr_no,AD_20240403_snr52_gfplib,A04,A04,A04,GFP panel,enAsCas12a,,SNR52,,No,A04,,2,scraped,,No,Figure 2,GFP panel replicate kinetics,results/01_gfp_library_transfer_counts/tables/gfp_lib_standardized_all_replicates.csv
cas12a_precision_editing_figure2_fcs.zip,1008200,52a7a97c61513a270db917dbedf32c58749775e42494388228872ea120502e6d,True,AD_20240403_snr52_gfplib_Experiment_Group_A05.fcs,enas_snr_no,AD_20240403_snr52_gfplib,A05,A09,A09,GFP panel,enAsCas12a,,SNR52,,No,A09,,1,scraped,,Yes,Figure 2,GFP panel replicate kinetics,results/01_gfp_library_transfer_counts/tables/gfp_lib_standardized_all_replicates.csv
cas12a_precision_editing_figure2_fcs.zip,1008200,bf2ea62e05f9a771112dfc8b1070fdfa925d3cec641a02a248d5553c86b20853,True,AD_20240403_snr52_gfplib_Experiment_Group_A06.fcs,enas_snr_no,AD_20240403_snr52_gfplib,A06,A09,A09,GFP panel,enAsCas12a,,SNR52,,No,A09,,2,scraped,,Yes,Figure 2,GFP panel replicate kinetics,results/01_gfp_library_transfer_counts/tables/gfp_lib_standardized_all_replicates.csv
cas12a_precision_editing_figure2_fcs.zip,1008200,8f634a7e4c1c02d39d92f96a5720d078b027937adf52803ddcec585425af1590,True,AD_20240403_snr52_gfplib_Experiment_Group_A07.fcs,enas_snr_no,AD_20240403_snr52_gfplib,A07,A12,A12,GFP panel,enAsCas12a,,SNR52,,No,A12,,1,scraped,,No,Figure 2,GFP panel replicate kinetics,results/01_gfp_library_transfer_counts/tables/gfp_lib_standardized_all_replicates.csv
cas12a_precision_editing_figure2_fcs.zip,1008200,a3ea8938c2b5c71705de756c187a38198c5bf0ff02157ed7351da824f7e035c0,True,AD_20240403_snr52_gfplib_Experiment_Group_A08.fcs,enas_snr_no,AD_20240403_snr52_gfplib,A08,A12,A12,GFP panel,enAsCas12a,,SNR52,,No,A12,,2,scraped,,No,Figure 2,GFP panel replicate kinetics,results/01_gfp_library_transfer_counts/tables/gfp_lib_standardized_all_replicates.csv
cas12a_precision_editing_figure2_fcs.zip,1008200,099a5b18df765bdfae65eeb3034f19b5cf206758f881e03a765cbb33607f3451,True,AD_20240403_snr52_gfplib_Experiment_Group_B01.fcs,enas_snr_no,AD_20240403_snr52_gfplib,B01,B05,B05,GFP panel,enAsCas12a,,SNR52,,No,B05,,1,scraped,,No,Figure 2,GFP panel replicate kinetics,results/01_gfp_library_transfer_counts/tables/gfp_lib_standardized_all_replicates.csv
cas12a_precision_editing_figure2_fcs.zip,1008200,ba1569cf50ad4926d02b7671e0a452d302c6ac387062629386f8b7026ad45b9d,True,AD_20240403_snr52_gfplib_Experiment_Group_B02.fcs,enas_snr_no,AD_20240403_snr52_gfplib,B02,B05,B05,GFP panel,enAsCas12a,,SNR52,,No,B05,,2,scraped,,No,Figure 2,GFP panel replicate kinetics,results/01_gfp_library_transfer_counts/tables/gfp_lib_standardized_all_replicates.csv
cas12a_precision_editing_figure2_fcs.zip,1008200,16d622b383b025d2a68d6abaf83134147e026700fca5c63988bcab23c8339a4d,True,AD_20240403_snr52_gfplib_Experiment_Group_B03.fcs,enas_snr_no,AD_20240403_snr52_gfplib,B03,C03,C03,GFP panel,enAsCas12a,,SNR52,,No,C03,,1,scraped,,No,Figure 2,GFP panel replicate kinetics,results/01_gfp_library_transfer_counts/tables/gfp_lib_standardized_all_replicates.csv
cas12a_precision_editing_figure2_fcs.zip,1008200,dfcdeb76ea651d37b6c23554b165a6c454976fdcf383bdd3b67004ed8fe62354,True,AD_20240403_snr52_gfplib_Experiment_Group_B04.fcs,enas_snr_no,AD_20240403_snr52_gfplib,B04,C03,C03,GFP panel,enAsCas12a,,SNR52,,No,C03,,2,scraped,,No,Figure 2,GFP panel replicate kinetics,results/01_gfp_library_transfer_counts/tables/gfp_lib_standardized_all_replicates.csv
cas12a_precision_editing_figure2_fcs.zip,1008200,0ed89e9b5805ae4412cbb8ce71479fe056be07d5b94891d15ebb70b21ed85e93,True,AD_20240403_snr52_gfplib_Experiment_Group_B05.fcs,enas_snr_no,AD_20240403_snr52_gfplib,B05,C04,C04,GFP panel,enAsCas12a,,SNR52,,No,C04,,1,scraped,,No,Figure 2,GFP panel replicate kinetics,results/01_gfp_library_transfer_counts/tables/gfp_lib_standardized_all_replicates.csv
cas12a_precision_editing_figure2_fcs.zip,1008200,2eee843617560c775463f3a3023aa4cbe28c136e7a8314c84977efdb3f78030a,True,AD_20240403_snr52_gfplib_Experiment_Group_B06.fcs,enas_snr_no,AD_20240403_snr52_gfplib,B06,C04,C04,GFP panel,enAsCas12a,,SNR52,,No,C04,,2,scraped,,No,Figure 2,GFP panel replicate kinetics,results/01_gfp_library_transfer_counts/tables/gfp_lib_standardized_all_replicates.csv
cas12a_precision_editing_figure2_fcs.zip,1008200,d9c2cdc993e0257a3611568148cc18b1bd4010fbc0e186b55bb41c11fcea44e5,True,AD_20240403_snr52_gfplib_Experiment_Group_B07.fcs,enas_snr_no,AD_20240403_snr52_gfplib,B07,C05,C05,GFP panel,enAsCas12a,,SNR52,,No,C05,,1,scraped,,No,Figure 2,GFP panel replicate kinetics,results/01_gfp_library_transfer_counts/tables/gfp_lib_standardized_all_replicates.csv
cas12a_precision_editing_figure2_fcs.zip,1008200,e8cbdad92f28ffc3ec18e8a290eec76b9e6a53cdda27374fa2eb8e61d5063ad3,True,AD_20240403_snr52_gfplib_Experiment_Group_B08.fcs,enas_snr_no,AD_20240403_snr52_gfplib,B08,C05,C05,GFP panel,enAsCas12a,,SNR52,,No,C05,,2,scraped,,No,Figure 2,GFP panel replicate kinetics,results/01_gfp_library_transfer_counts/tables/gfp_lib_standardized_all_replicates.csv
cas12a_precision_editing_figure2_fcs.zip,1008200,015fbafe5b1e225ba24350137b29ac299ce31d91885acf98ce303c523510c7b3,True,AD_20240403_snr52_gfplib_Experiment_Group_C01.fcs,enas_snr_no,AD_20240403_snr52_gfplib,C01,E01,E01,GFP panel,enAsCas12a,,SNR52,,No,E01,,1,scraped,,No,Figure 2,GFP panel replicate kinetics,results/01_gfp_library_transfer_counts/tables/gfp_lib_standardized_all_replicates.csv
cas12a_precision_editing_figure2_fcs.zip,1008200,66e5a11f5cd82519a8691cb83123f53199559b2a7af442b7095d794abcfaf149,True,AD_20240403_snr52_gfplib_Experiment_Group_C02.fcs,enas_snr_no,AD_20240403_snr52_gfplib,C02,E01,E01,GFP panel,enAsCas12a,,SNR52,,No,E01,,2,scraped,,No,Figure 2,GFP panel replicate kinetics,results/01_gfp_library_transfer_counts/tables/gfp_lib_standardized_all_replicates.csv
cas12a_precision_editing_figure2_fcs.zip,1008200,213286f754d37f06508acfcb34eaf7fc3475fedd14001e0ce36bbc4774d55fa5,True,AD_20240403_snr52_gfplib_Experiment_Group_C03.fcs,enas_snr_no,AD_20240403_snr52_gfplib,C03,E02,E02,GFP panel,enAsCas12a,,SNR52,,No,E02,,1,scraped,,No,Figure 2,GFP panel replicate kinetics,results/01_gfp_library_transfer_counts/tables/gfp_lib_standardized_all_replicates.csv
cas12a_precision_editing_figure2_fcs.zip,1008200,7344eff704ed4b28cf936bc50715351f77aa4cca935036091b269e0b08e94718,True,AD_20240403_snr52_gfplib_Experiment_Group_C05.fcs,enas_snr_no,AD_20240403_snr52_gfplib,C05,E05,E05,GFP panel,enAsCas12a,,SNR52,,No,E05,,1,scraped,,No,Figure 2,GFP panel replicate kinetics,results/01_gfp_library_transfer_counts/tables/gfp_lib_standardized_all_replicates.csv
cas12a_precision_editing_figure2_fcs.zip,1008200,5e4af5ae12ddb02de296ecf48600d2042e52c17ed678906e55dc2596475ffab7,True,AD_20240403_snr52_gfplib_Experiment_Group_C06.fcs,enas_snr_no,AD_20240403_snr52_gfplib,C06,E05,E05,GFP panel,enAsCas12a,,SNR52,,No,E05,,2,scraped,,No,Figure 2,GFP panel replicate kinetics,results/01_gfp_library_transfer_counts/tables/gfp_lib_standardized_all_replicates.csv
cas12a_precision_editing_figure2_fcs.zip,1008200,74cf61c16696b68c112a5506e39ac16e75cba1f57e5c1d3deffbed44737dc111,True,AD_20240403_snr52_gfplib_Experiment_Group_C07.fcs,enas_snr_no,AD_20240403_snr52_gfplib,C07,G03,G03,GFP panel,enAsCas12a,,SNR52,,No,G03,,1,scraped,,No,Figure 2,GFP panel replicate kinetics,results/01_gfp_library_transfer_counts/tables/gfp_lib_standardized_all_replicates.csv
cas12a_precision_editing_figure2_fcs.zip,1008200,5de28bc84b4fc3e28da610602c6147c9c15413ccbbd4e9fb745a13f253fc6926,True,AD_20240403_snr52_gfplib_Experiment_Group_C08.fcs,enas_snr_no,AD_20240403_snr52_gfplib,C08,G03,G03,GFP panel,enAsCas12a,,SNR52,,No,G03,,2,scraped,,No,Figure 2,GFP panel replicate kinetics,results/01_gfp_library_transfer_counts/tables/gfp_lib_standardized_all_replicates.csv
cas12a_precision_editing_figure2_fcs.zip,1008200,d6e00aba850000a511ca9eea09a5ad17160dec617c013205a8411065b433ce9f,True,AD_20240403_snr52_gfplib_Experiment_Group_D01.fcs,enas_snr_no,AD_20240403_snr52_gfplib,D01,H11,H11,GFP panel,enAsCas12a,,SNR52,,No,H11,,1,scraped,,No,Figure 2,GFP panel replicate kinetics,results/01_gfp_library_transfer_counts/tables/gfp_lib_standardized_all_replicates.csv
cas12a_precision_editing_figure2_fcs.zip,1008200,119427020afc9db4ff88d692cb8c7e99a8c1dc2688069e1d8c15a15aca7eb21e,True,AD_20240403_snr52_gfplib_Experiment_Group_D02.fcs,enas_snr_no,AD_20240403_snr52_gfplib,D02,H11,H11,GFP panel,enAsCas12a,,SNR52,,No,H11,,2,scraped,,No,Figure 2,GFP panel replicate kinetics,results/01_gfp_library_transfer_counts/tables/gfp_lib_standardized_all_replicates.csv
cas12a_precision_editing_figure2_fcs.zip,1008200,9ff15357655ac97dda00415ef5d141bdc3e78279bf1807adecbb5a6a739c1b2b,True,AD_20241205_gfplib_enascas12a_lexA_T1_scraped_Experiment_Group_A09.fcs,enas_snr_yes,AD_20241205_gfplib_enascas12a_lexA_T1_scraped,A09,A01,A01,GFP panel,enAsCas12a,,SNR52,,Yes,A01,,1,11_gen,13.9,No,Figure 2,GFP panel replicate kinetics,results/01_gfp_library_transfer_counts/tables/gfp_lib_standardized_all_replicates.csv
cas12a_precision_editing_figure2_fcs.zip,1008200,f1ce2c4005b64944d812aa423a62573276b1e332d0b53efc721b95948413506c,True,AD_20241205_gfplib_enascas12a_lexA_T1_scraped_Experiment_Group_A10.fcs,enas_snr_yes,AD_20241205_gfplib_enascas12a_lexA_T1_scraped,A10,B05,B05,GFP panel,enAsCas12a,,SNR52,,Yes,B05,,1,11_gen,14.2,No,Figure 2,GFP panel replicate kinetics,results/01_gfp_library_transfer_counts/tables/gfp_lib_standardized_all_replicates.csv
cas12a_precision_editing_figure2_fcs.zip,1008200,d7d05e06e70929f7021a34aadbd9206f2d7846bec798e588a7e0523b0eba3059,True,AD_20241205_gfplib_enascas12a_lexA_T1_scraped_Experiment_Group_A11.fcs,enas_snr_yes,AD_20241205_gfplib_enascas12a_lexA_T1_scraped,A11,E01,E01,GFP panel,enAsCas12a,,SNR52,,Yes,E01,,1,11_gen,14.7,No,Figure 2,GFP panel replicate kinetics,results/01_gfp_library_transfer_counts/tables/gfp_lib_standardized_all_replicates.csv
cas12a_precision_editing_figure2_fcs.zip,1008200,af0cecf919455cce422932c65277721c945ded4da1829941179b5da831d6e10e,True,AD_20241205_gfplib_enascas12a_lexA_T1_scraped_Experiment_Group_A12.fcs,enas_snr_yes,AD_20241205_gfplib_enascas12a_lexA_T1_scraped,A12,H11,H11,GFP panel,enAsCas12a,,SNR52,,Yes,H11,,1,11_gen,15.2,No,Figure 2,GFP panel replicate kinetics,results/01_gfp_library_transfer_counts/tables/gfp_lib_standardized_all_replicates.csv
cas12a_precision_editing_figure2_fcs.zip,1008200,1d38c1719c10c1be87f7e49e58e91f38db1da1a26230919c53331890c1f63b34,True,AD_20241205_gfplib_enascas12a_lexA_T1_scraped_Experiment_Group_B09.fcs,enas_snr_yes,AD_20241205_gfplib_enascas12a_lexA_T1_scraped,B09,A01,A01,GFP panel,enAsCas12a,,SNR52,,Yes,A01,,2,11_gen,13.9,No,Figure 2,GFP panel replicate kinetics,results/01_gfp_library_transfer_counts/tables/gfp_lib_standardized_all_replicates.csv
cas12a_precision_editing_figure2_fcs.zip,1008200,43e88f8f0235ee062f443f249caabda6b3cea270f10d2ff2c157ea67a7384497,True,AD_20241205_gfplib_enascas12a_lexA_T1_scraped_Experiment_Group_B10.fcs,enas_snr_yes,AD_20241205_gfplib_enascas12a_lexA_T1_scraped,B10,B05,B05,GFP panel,enAsCas12a,,SNR52,,Yes,B05,,2,11_gen,14.4,No,Figure 2,GFP panel replicate kinetics,results/01_gfp_library_transfer_counts/tables/gfp_lib_standardized_all_replicates.csv
cas12a_precision_editing_figure2_fcs.zip,1008200,bbddedd08ff6a849c6c6b00db3f5f0b53947a430798583836cf6d7ef89da50ca,True,AD_20241205_gfplib_enascas12a_lexA_T1_scraped_Experiment_Group_B11.fcs,enas_snr_yes,AD_20241205_gfplib_enascas12a_lexA_T1_scraped,B11,E01,E01,GFP panel,enAsCas12a,,SNR52,,Yes,E01,,2,11_gen,14.4,No,Figure 2,GFP panel replicate kinetics,results/01_gfp_library_transfer_counts/tables/gfp_lib_standardized_all_replicates.csv
cas12a_precision_editing_figure2_fcs.zip,1008200,c3ffdd8c2a8ffea86529fc8a8598c39cb2d0378c555f9b5ec9c4924a1b1fb40f,True,AD_20241205_gfplib_enascas12a_lexA_T1_scraped_Experiment_Group_B12.fcs,enas_snr_yes,AD_20241205_gfplib_enascas12a_lexA_T1_scraped,B12,H11,H11,GFP panel,enAsCas12a,,SNR52,,Yes,H11,,2,11_gen,15.4,No,Figure 2,GFP panel replicate kinetics,results/01_gfp_library_transfer_counts/tables/gfp_lib_standardized_all_replicates.csv
cas12a_precision_editing_figure2_fcs.zip,1008200,46797a1ac7b1ca6a8e444e968ec0140601d19bc96e43dc7a1714f52f9c45b1a1,True,AD_20241205_gfplib_enascas12a_lexA_T1_scraped_Experiment_Group_C09.fcs,enas_snr_yes,AD_20241205_gfplib_enascas12a_lexA_T1_scraped,C09,A04,A04,GFP panel,enAsCas12a,,SNR52,,Yes,A04,,1,11_gen,14.3,No,Figure 2,GFP panel replicate kinetics,results/01_gfp_library_transfer_counts/tables/gfp_lib_standardized_all_replicates.csv
cas12a_precision_editing_figure2_fcs.zip,1008200,b1b65fa788c5c4ce60b210a4784fc00a7dc4a79e3d40ef0a2b7c156fd355632b,True,AD_20241205_gfplib_enascas12a_lexA_T1_scraped_Experiment_Group_C10.fcs,enas_snr_yes,AD_20241205_gfplib_enascas12a_lexA_T1_scraped,C10,C03,C03,GFP panel,enAsCas12a,,SNR52,,Yes,C03,,1,11_gen,14.2,No,Figure 2,GFP panel replicate kinetics,results/01_gfp_library_transfer_counts/tables/gfp_lib_standardized_all_replicates.csv
cas12a_precision_editing_figure2_fcs.zip,1008200,31245e50fdcc9b3888d3135dc272b8917c1c58347b212f6cb211f897f966658f,True,AD_20241205_gfplib_enascas12a_lexA_T1_scraped_Experiment_Group_C11.fcs,enas_snr_yes,AD_20241205_gfplib_enascas12a_lexA_T1_scraped,C11,E02,E02,GFP panel,enAsCas12a,,SNR52,,Yes,E02,,1,11_gen,15.2,No,Figure 2,GFP panel replicate kinetics,results/01_gfp_library_transfer_counts/tables/gfp_lib_standardized_all_replicates.csv
cas12a_precision_editing_figure2_fcs.zip,1008200,35fba0a8c94897d83fb4b93530d678557fb6ada1ca18d5c39dd915f74b069640,True,AD_20241205_gfplib_enascas12a_lexA_T1_scraped_Experiment_Group_D09.fcs,enas_snr_yes,AD_20241205_gfplib_enascas12a_lexA_T1_scraped,D09,A04,A04,GFP panel,enAsCas12a,,SNR52,,Yes,A04,,2,11_gen,14.0,No,Figure 2,GFP panel replicate kinetics,results/01_gfp_library_transfer_counts/tables/gfp_lib_standardized_all_replicates.csv
cas12a_precision_editing_figure2_fcs.zip,1008200,5214b13c3a65d514ec1aa0752cd0bdc8c2dbfb03dea70adedfca1e89f7c243e8,True,AD_20241205_gfplib_enascas12a_lexA_T1_scraped_Experiment_Group_D10.fcs,enas_snr_yes,AD_20241205_gfplib_enascas12a_lexA_T1_scraped,D10,C03,C03,GFP panel,enAsCas12a,,SNR52,,Yes,C03,,2,11_gen,14.3,No,Figure 2,GFP panel replicate kinetics,results/01_gfp_library_transfer_counts/tables/gfp_lib_standardized_all_replicates.csv
cas12a_precision_editing_figure2_fcs.zip,1008200,6a2adea988d631d95ec813cacf28f7514b03f38b15d6d4170c159f44baff3f46,True,AD_20241205_gfplib_enascas12a_lexA_T1_scraped_Experiment_Group_D11.fcs,enas_snr_yes,AD_20241205_gfplib_enascas12a_lexA_T1_scraped,D11,E02,E02,GFP panel,enAsCas12a,,SNR52,,Yes,E02,,2,11_gen,15.1,No,Figure 2,GFP panel replicate kinetics,results/01_gfp_library_transfer_counts/tables/gfp_lib_standardized_all_replicates.csv
cas12a_precision_editing_figure2_fcs.zip,1008200,0031b1ec8e77b38adfe0c3bc6a86c633981f95741134c876ff503bb9d757e4de,True,AD_20241205_gfplib_enascas12a_lexA_T1_scraped_Experiment_Group_E09.fcs,enas_snr_yes,AD_20241205_gfplib_enascas12a_lexA_T1_scraped,E09,A09,A09,GFP panel,enAsCas12a,,SNR52,,Yes,A09,,1,11_gen,14.3,Yes,Figure 2,GFP panel replicate kinetics,results/01_gfp_library_transfer_counts/tables/gfp_lib_standardized_all_replicates.csv
cas12a_precision_editing_figure2_fcs.zip,1008200,cd8b7c5a2637b99168e6bb5213634d05a65c8007be0afee1a61cb3b4b7e8e673,True,AD_20241205_gfplib_enascas12a_lexA_T1_scraped_Experiment_Group_E10.fcs,enas_snr_yes,AD_20241205_gfplib_enascas12a_lexA_T1_scraped,E10,C04,C04,GFP panel,enAsCas12a,,SNR52,,Yes,C04,,1,11_gen,12.5,No,Figure 2,GFP panel replicate kinetics,results/01_gfp_library_transfer_counts/tables/gfp_lib_standardized_all_replicates.csv
cas12a_precision_editing_figure2_fcs.zip,1008200,8d41541d3d5418c027819a868d902a757ccfc55963f08f8d228c0775c689e101,True,AD_20241205_gfplib_enascas12a_lexA_T1_scraped_Experiment_Group_E11.fcs,enas_snr_yes,AD_20241205_gfplib_enascas12a_lexA_T1_scraped,E11,E05,E05,GFP panel,enAsCas12a,,SNR52,,Yes,E05,,1,11_gen,13.9,No,Figure 2,GFP panel replicate kinetics,results/01_gfp_library_transfer_counts/tables/gfp_lib_standardized_all_replicates.csv
cas12a_precision_editing_figure2_fcs.zip,1008200,b8ad14c8cd3e796e929096075e322a59ce5ad4ba00c74e4a2bc31b5fa4d19317,True,AD_20241205_gfplib_enascas12a_lexA_T1_scraped_Experiment_Group_F09.fcs,enas_snr_yes,AD_20241205_gfplib_enascas12a_lexA_T1_scraped,F09,A09,A09,GFP panel,enAsCas12a,,SNR52,,Yes,A09,,2,11_gen,14.3,Yes,Figure 2,GFP panel replicate kinetics,results/01_gfp_library_transfer_counts/tables/gfp_lib_standardized_all_replicates.csv
cas12a_precision_editing_figure2_fcs.zip,1008200,36f1bd887c219a7f0c63fd188adab77802b845b94e935cf3cf4c420332899e22,True,AD_20241205_gfplib_enascas12a_lexA_T1_scraped_Experiment_Group_F10.fcs,enas_snr_yes,AD_20241205_gfplib_enascas12a_lexA_T1_scraped,F10,C04,C04,GFP panel,enAsCas12a,,SNR52,,Yes,C04,,2,11_gen,12.4,No,Figure 2,GFP panel replicate kinetics,results/01_gfp_library_transfer_counts/tables/gfp_lib_standardized_all_replicates.csv
cas12a_precision_editing_figure2_fcs.zip,1008200,785220386becb0edc2a5ad0b71af598a3b514d77bc9b561f9addb8085bc0366a,True,AD_20241205_gfplib_enascas12a_lexA_T1_scraped_Experiment_Group_F11.fcs,enas_snr_yes,AD_20241205_gfplib_enascas12a_lexA_T1_scraped,F11,E05,E05,GFP panel,enAsCas12a,,SNR52,,Yes,E05,,2,11_gen,14.2,No,Figure 2,GFP panel replicate kinetics,results/01_gfp_library_transfer_counts/tables/gfp_lib_standardized_all_replicates.csv
cas12a_precision_editing_figure2_fcs.zip,1008200,bd5daeb3fedc56317fc73b57375652fb429012b6c4bde695137c585bf91a5612,True,AD_20241205_gfplib_enascas12a_lexA_T1_scraped_Experiment_Group_G09.fcs,enas_snr_yes,AD_20241205_gfplib_enascas12a_lexA_T1_scraped,G09,A12,A12,GFP panel,enAsCas12a,,SNR52,,Yes,A12,,1,11_gen,12.4,No,Figure 2,GFP panel replicate kinetics,results/01_gfp_library_transfer_counts/tables/gfp_lib_standardized_all_replicates.csv
cas12a_precision_editing_figure2_fcs.zip,1008200,5b2362db208385977cfa5a5bacbd84ff6f4757d327b86c1532989fb11b27dd60,True,AD_20241205_gfplib_enascas12a_lexA_T1_scraped_Experiment_Group_G10.fcs,enas_snr_yes,AD_20241205_gfplib_enascas12a_lexA_T1_scraped,G10,C05,C05,GFP panel,enAsCas12a,,SNR52,,Yes,C05,,1,11_gen,14.1,No,Figure 2,GFP panel replicate kinetics,results/01_gfp_library_transfer_counts/tables/gfp_lib_standardized_all_replicates.csv
cas12a_precision_editing_figure2_fcs.zip,1008200,316a2522fcae5ee4db3140419fbc78e07b8ab2802c6131baabe3eae369bdec20,True,AD_20241205_gfplib_enascas12a_lexA_T1_scraped_Experiment_Group_G11.fcs,enas_snr_yes,AD_20241205_gfplib_enascas12a_lexA_T1_scraped,G11,G03,G03,GFP panel,enAsCas12a,,SNR52,,Yes,G03,,1,11_gen,14.4,No,Figure 2,GFP panel replicate kinetics,results/01_gfp_library_transfer_counts/tables/gfp_lib_standardized_all_replicates.csv
cas12a_precision_editing_figure2_fcs.zip,1008200,590486920d753353b84c95882bf7df6708a12bdba5c158497a86e9e7201ecb90,True,AD_20241205_gfplib_enascas12a_lexA_T1_scraped_Experiment_Group_H09.fcs,enas_snr_yes,AD_20241205_gfplib_enascas12a_lexA_T1_scraped,H09,A12,A12,GFP panel,enAsCas12a,,SNR52,,Yes,A12,,2,11_gen,12.4,No,Figure 2,GFP panel replicate kinetics,results/01_gfp_library_transfer_counts/tables/gfp_lib_standardized_all_replicates.csv
cas12a_precision_editing_figure2_fcs.zip,1008200,b256eef0eaca4ceefdeda0856e8ee69c399800c228bc7464352f47a5cd67e075,True,AD_20241205_gfplib_enascas12a_lexA_T1_scraped_Experiment_Group_H10.fcs,enas_snr_yes,AD_20241205_gfplib_enascas12a_lexA_T1_scraped,H10,C05,C05,GFP panel,enAsCas12a,,SNR52,,Yes,C05,,2,11_gen,14.8,No,Figure 2,GFP panel replicate kinetics,results/01_gfp_library_transfer_counts/tables/gfp_lib_standardized_all_replicates.csv
cas12a_precision_editing_figure2_fcs.zip,1008200,f80dd808b2cd348d7f91630d5b40fedabf1ab0cbbeb5fdc82c88a7d21bfc7ee2,True,AD_20241205_gfplib_enascas12a_lexA_T1_scraped_Experiment_Group_H11.fcs,enas_snr_yes,AD_20241205_gfplib_enascas12a_lexA_T1_scraped,H11,G03,G03,GFP panel,enAsCas12a,,SNR52,,Yes,G03,,2,11_gen,14.5,No,Figure 2,GFP panel replicate kinetics,results/01_gfp_library_transfer_counts/tables/gfp_lib_standardized_all_replicates.csv
cas12a_precision_editing_figure2_fcs.zip,1008200,b374ea6cfa5b7ac9fa8851fd0f3ca9fae9ac41104bfdcfa6e3d47899f154191e,True,AD_20241205_gfplib_enascas12a_lexA_T3_Experiment_Group_A01.fcs,enas_snr_yes,AD_20241205_gfplib_enascas12a_lexA_T3,A01,A01,A01,GFP panel,enAsCas12a,,SNR52,,Yes,A01,,1,20_gen,23.2,No,Figure 2,GFP panel replicate kinetics,results/01_gfp_library_transfer_counts/tables/gfp_lib_standardized_all_replicates.csv
cas12a_precision_editing_figure2_fcs.zip,1008200,101c8fce598cfdcfff4ade056442c8cd5c51492db37cc72bea8776675d318047,True,AD_20241205_gfplib_enascas12a_lexA_T3_Experiment_Group_A02.fcs,enas_snr_yes,AD_20241205_gfplib_enascas12a_lexA_T3,A02,B05,B05,GFP panel,enAsCas12a,,SNR52,,Yes,B05,,1,20_gen,23.6,No,Figure 2,GFP panel replicate kinetics,results/01_gfp_library_transfer_counts/tables/gfp_lib_standardized_all_replicates.csv
cas12a_precision_editing_figure2_fcs.zip,1008200,72b2880e2ec8fe1c12edec1891669b5c100d29d8553e67f71cfe47f6e5a890af,True,AD_20241205_gfplib_enascas12a_lexA_T3_Experiment_Group_A03.fcs,enas_snr_yes,AD_20241205_gfplib_enascas12a_lexA_T3,A03,E01,E01,GFP panel,enAsCas12a,,SNR52,,Yes,E01,,1,20_gen,23.9,No,Figure 2,GFP panel replicate kinetics,results/01_gfp_library_transfer_counts/tables/gfp_lib_standardized_all_replicates.csv
cas12a_precision_editing_figure2_fcs.zip,1008200,149ba65ac378003e987793e8371eb529961ec38cec77e500115f1a9e27cc80a4,True,AD_20241205_gfplib_enascas12a_lexA_T3_Experiment_Group_A04.fcs,enas_snr_yes,AD_20241205_gfplib_enascas12a_lexA_T3,A04,H11,H11,GFP panel,enAsCas12a,,SNR52,,Yes,H11,,1,20_gen,24.6,No,Figure 2,GFP panel replicate kinetics,results/01_gfp_library_transfer_counts/tables/gfp_lib_standardized_all_replicates.csv
cas12a_precision_editing_figure2_fcs.zip,1008200,db12d8cbd15295c0d9c8e5fce58fce5d7a16e5568fe853c6c77e31a0e74cff42,True,AD_20241205_gfplib_enascas12a_lexA_T3_Experiment_Group_B01.fcs,enas_snr_yes,AD_20241205_gfplib_enascas12a_lexA_T3,B01,A01,A01,GFP panel,enAsCas12a,,SNR52,,Yes,A01,,2,20_gen,23.2,No,Figure 2,GFP panel replicate kinetics,results/01_gfp_library_transfer_counts/tables/gfp_lib_standardized_all_replicates.csv
cas12a_precision_editing_figure2_fcs.zip,1008200,7fc5a7f93491105f1d872111720e66bbc5c4ac375b7bc4d2c43c7651c751778c,True,AD_20241205_gfplib_enascas12a_lexA_T3_Experiment_Group_B02.fcs,enas_snr_yes,AD_20241205_gfplib_enascas12a_lexA_T3,B02,B05,B05,GFP panel,enAsCas12a,,SNR52,,Yes,B05,,2,20_gen,23.7,No,Figure 2,GFP panel replicate kinetics,results/01_gfp_library_transfer_counts/tables/gfp_lib_standardized_all_replicates.csv
cas12a_precision_editing_figure2_fcs.zip,1008200,ce7018dad7631282ffcac48ec3dc567f838832c563a47428e178eca6a473cc15,True,AD_20241205_gfplib_enascas12a_lexA_T3_Experiment_Group_B03.fcs,enas_snr_yes,AD_20241205_gfplib_enascas12a_lexA_T3,B03,E01,E01,GFP panel,enAsCas12a,,SNR52,,Yes,E01,,2,20_gen,23.6,No,Figure 2,GFP panel replicate kinetics,results/01_gfp_library_transfer_counts/tables/gfp_lib_standardized_all_replicates.csv
cas12a_precision_editing_figure2_fcs.zip,1008200,5b786b960992f2d9b40f5d62a5131bdb9aa277a4f6825fa68d464ee6c333e616,True,AD_20241205_gfplib_enascas12a_lexA_T3_Experiment_Group_B04.fcs,enas_snr_yes,AD_20241205_gfplib_enascas12a_lexA_T3,B04,H11,H11,GFP panel,enAsCas12a,,SNR52,,Yes,H11,,2,20_gen,24.8,No,Figure 2,GFP panel replicate kinetics,results/01_gfp_library_transfer_counts/tables/gfp_lib_standardized_all_replicates.csv
cas12a_precision_editing_figure2_fcs.zip,1008200,a058df90bf3faf08cbe7c0069e118e381e4229084d8a1e1cecfd1f474b447eba,True,AD_20241205_gfplib_enascas12a_lexA_T3_Experiment_Group_C01.fcs,enas_snr_yes,AD_20241205_gfplib_enascas12a_lexA_T3,C01,A04,A04,GFP panel,enAsCas12a,,SNR52,,Yes,A04,,1,20_gen,23.7,No,Figure 2,GFP panel replicate kinetics,results/01_gfp_library_transfer_counts/tables/gfp_lib_standardized_all_replicates.csv
cas12a_precision_editing_figure2_fcs.zip,1008200,ac34c6131674d57400c557525e3bcef7f3cfe9304aaa3f26d004923a28f39964,True,AD_20241205_gfplib_enascas12a_lexA_T3_Experiment_Group_C02.fcs,enas_snr_yes,AD_20241205_gfplib_enascas12a_lexA_T3,C02,C03,C03,GFP panel,enAsCas12a,,SNR52,,Yes,C03,,1,20_gen,23.6,No,Figure 2,GFP panel replicate kinetics,results/01_gfp_library_transfer_counts/tables/gfp_lib_standardized_all_replicates.csv
cas12a_precision_editing_figure2_fcs.zip,1008200,1d4af01c9cdfae0b6d628bb56a6d656365543da681c83e372083ffa4cb34dc97,True,AD_20241205_gfplib_enascas12a_lexA_T3_Experiment_Group_C03.fcs,enas_snr_yes,AD_20241205_gfplib_enascas12a_lexA_T3,C03,E02,E02,GFP panel,enAsCas12a,,SNR52,,Yes,E02,,1,20_gen,24.7,No,Figure 2,GFP panel replicate kinetics,results/01_gfp_library_transfer_counts/tables/gfp_lib_standardized_all_replicates.csv
cas12a_precision_editing_figure2_fcs.zip,1008200,1fb0cd724f277ec4cea96b344277d1698ffdfc5f36a91a18ecd77ee4a5a0be1a,True,AD_20241205_gfplib_enascas12a_lexA_T3_Experiment_Group_D01.fcs,enas_snr_yes,AD_20241205_gfplib_enascas12a_lexA_T3,D01,A04,A04,GFP panel,enAsCas12a,,SNR52,,Yes,A04,,2,20_gen,23.4,No,Figure 2,GFP panel replicate kinetics,results/01_gfp_library_transfer_counts/tables/gfp_lib_standardized_all_replicates.csv
cas12a_precision_editing_figure2_fcs.zip,1008200,c9ff297443d9c6fa6f83df763f3ce5d1ebf24e162ddd1fcf58e30236b04c2fac,True,AD_20241205_gfplib_enascas12a_lexA_T3_Experiment_Group_D02.fcs,enas_snr_yes,AD_20241205_gfplib_enascas12a_lexA_T3,D02,C03,C03,GFP panel,enAsCas12a,,SNR52,,Yes,C03,,2,20_gen,23.7,No,Figure 2,GFP panel replicate kinetics,results/01_gfp_library_transfer_counts/tables/gfp_lib_standardized_all_replicates.csv
cas12a_precision_editing_figure2_fcs.zip,1008200,a805c3f574d2d1536594016e7d72304ba9c0e2ddd77a2f3a43faf7a7edd51f68,True,AD_20241205_gfplib_enascas12a_lexA_T3_Experiment_Group_D03.fcs,enas_snr_yes,AD_20241205_gfplib_enascas12a_lexA_T3,D03,E02,E02,GFP panel,enAsCas12a,,SNR52,,Yes,E02,,2,20_gen,24.6,No,Figure 2,GFP panel replicate kinetics,results/01_gfp_library_transfer_counts/tables/gfp_lib_standardized_all_replicates.csv
cas12a_precision_editing_figure2_fcs.zip,1008200,664d0afcbdb37adea1227182dee798f6d780855b6a1bc2567fa49235190f34d7,True,AD_20241205_gfplib_enascas12a_lexA_T3_Experiment_Group_E01.fcs,enas_snr_yes,AD_20241205_gfplib_enascas12a_lexA_T3,E01,A09,A09,GFP panel,enAsCas12a,,SNR52,,Yes,A09,,1,20_gen,23.6,Yes,Figure 2,GFP panel replicate kinetics,results/01_gfp_library_transfer_counts/tables/gfp_lib_standardized_all_replicates.csv
cas12a_precision_editing_figure2_fcs.zip,1008200,f3a38493b456a204d4f82cec9249ec65a01d0fd5f34df419936a50cb358a9dce,True,AD_20241205_gfplib_enascas12a_lexA_T3_Experiment_Group_E02.fcs,enas_snr_yes,AD_20241205_gfplib_enascas12a_lexA_T3,E02,C04,C04,GFP panel,enAsCas12a,,SNR52,,Yes,C04,,1,20_gen,21.7,No,Figure 2,GFP panel replicate kinetics,results/01_gfp_library_transfer_counts/tables/gfp_lib_standardized_all_replicates.csv
cas12a_precision_editing_figure2_fcs.zip,1008200,2d4069154fb407ef0a13ce40d8f1552a6879ad0b2ac36c42c9f95d6c4cbd0b2a,True,AD_20241205_gfplib_enascas12a_lexA_T3_Experiment_Group_E03.fcs,enas_snr_yes,AD_20241205_gfplib_enascas12a_lexA_T3,E03,E05,E05,GFP panel,enAsCas12a,,SNR52,,Yes,E05,,1,20_gen,23.4,No,Figure 2,GFP panel replicate kinetics,results/01_gfp_library_transfer_counts/tables/gfp_lib_standardized_all_replicates.csv
cas12a_precision_editing_figure2_fcs.zip,1008200,36153769dea23780229c85c23f577284d22b648e66cdf1401bcc58308d7c1b82,True,AD_20241205_gfplib_enascas12a_lexA_T3_Experiment_Group_F01.fcs,enas_snr_yes,AD_20241205_gfplib_enascas12a_lexA_T3,F01,A09,A09,GFP panel,enAsCas12a,,SNR52,,Yes,A09,,2,20_gen,23.6,Yes,Figure 2,GFP panel replicate kinetics,results/01_gfp_library_transfer_counts/tables/gfp_lib_standardized_all_replicates.csv
cas12a_precision_editing_figure2_fcs.zip,1008200,2acce271362d655236b6614772936ff0335f21181d09a6cc0b5f04dcd7fd5e6b,True,AD_20241205_gfplib_enascas12a_lexA_T3_Experiment_Group_F02.fcs,enas_snr_yes,AD_20241205_gfplib_enascas12a_lexA_T3,F02,C04,C04,GFP panel,enAsCas12a,,SNR52,,Yes,C04,,2,20_gen,21.7,No,Figure 2,GFP panel replicate kinetics,results/01_gfp_library_transfer_counts/tables/gfp_lib_standardized_all_replicates.csv
cas12a_precision_editing_figure2_fcs.zip,1008200,0c4ce2adf617d75129707e53ef826a011258aff1c41145a17f92c12528f15f90,True,AD_20241205_gfplib_enascas12a_lexA_T3_Experiment_Group_F03.fcs,enas_snr_yes,AD_20241205_gfplib_enascas12a_lexA_T3,F03,E05,E05,GFP panel,enAsCas12a,,SNR52,,Yes,E05,,2,20_gen,23.6,No,Figure 2,GFP panel replicate kinetics,results/01_gfp_library_transfer_counts/tables/gfp_lib_standardized_all_replicates.csv
cas12a_precision_editing_figure2_fcs.zip,1008200,1fcf697471596ecb1ea5443605d667fc5c93d3902c9923c0a2628f2618b2e2e9,True,AD_20241205_gfplib_enascas12a_lexA_T3_Experiment_Group_G01.fcs,enas_snr_yes,AD_20241205_gfplib_enascas12a_lexA_T3,G01,A12,A12,GFP panel,enAsCas12a,,SNR52,,Yes,A12,,1,20_gen,21.3,No,Figure 2,GFP panel replicate kinetics,results/01_gfp_library_transfer_counts/tables/gfp_lib_standardized_all_replicates.csv
cas12a_precision_editing_figure2_fcs.zip,1008200,ecc35faf1116229f706f69f4b564f4aef0cab919b1884305f95030eac06e8bb1,True,AD_20241205_gfplib_enascas12a_lexA_T3_Experiment_Group_G02.fcs,enas_snr_yes,AD_20241205_gfplib_enascas12a_lexA_T3,G02,C05,C05,GFP panel,enAsCas12a,,SNR52,,Yes,C05,,1,20_gen,23.5,No,Figure 2,GFP panel replicate kinetics,results/01_gfp_library_transfer_counts/tables/gfp_lib_standardized_all_replicates.csv
cas12a_precision_editing_figure2_fcs.zip,1008200,f8299215c88bd84a480739ca7b53508ffaffae1948a541176e89e40368b71e3e,True,AD_20241205_gfplib_enascas12a_lexA_T3_Experiment_Group_G03.fcs,enas_snr_yes,AD_20241205_gfplib_enascas12a_lexA_T3,G03,G03,G03,GFP panel,enAsCas12a,,SNR52,,Yes,G03,,1,20_gen,23.9,No,Figure 2,GFP panel replicate kinetics,results/01_gfp_library_transfer_counts/tables/gfp_lib_standardized_all_replicates.csv
cas12a_precision_editing_figure2_fcs.zip,1008200,7ca0f914fc64e77b9f82107fd394ce86d77da2712a631956b5839e3ce7620a87,True,AD_20241205_gfplib_enascas12a_lexA_T3_Experiment_Group_H01.fcs,enas_snr_yes,AD_20241205_gfplib_enascas12a_lexA_T3,H01,A12,A12,GFP panel,enAsCas12a,,SNR52,,Yes,A12,,2,20_gen,21.3,No,Figure 2,GFP panel replicate kinetics,results/01_gfp_library_transfer_counts/tables/gfp_lib_standardized_all_replicates.csv
cas12a_precision_editing_figure2_fcs.zip,1008200,ff8fcf350706d9e9e8af7c7b44e8f58238442b6054f4fff39665de76312d08b1,True,AD_20241205_gfplib_enascas12a_lexA_T3_Experiment_Group_H02.fcs,enas_snr_yes,AD_20241205_gfplib_enascas12a_lexA_T3,H02,C05,C05,GFP panel,enAsCas12a,,SNR52,,Yes,C05,,2,20_gen,24.3,No,Figure 2,GFP panel replicate kinetics,results/01_gfp_library_transfer_counts/tables/gfp_lib_standardized_all_replicates.csv
cas12a_precision_editing_figure2_fcs.zip,1008200,54793b8ba81ff62a27d8920e25bfe90800ccaa1453c8647ff803e23aa745716f,True,AD_20241205_gfplib_enascas12a_lexA_T3_Experiment_Group_H03.fcs,enas_snr_yes,AD_20241205_gfplib_enascas12a_lexA_T3,H03,G03,G03,GFP panel,enAsCas12a,,SNR52,,Yes,G03,,2,20_gen,24.1,No,Figure 2,GFP panel replicate kinetics,results/01_gfp_library_transfer_counts/tables/gfp_lib_standardized_all_replicates.csv
cas12a_precision_editing_figure2_fcs.zip,1008200,a11fb1c5615c0caeb1c8c4392e1cc289dadd80b781cfe81b3ae2a807e8a3a877,True,AD_20241205_gfplib_enascas12a_lexA_T1_scraped_Experiment_Group_A01.fcs,enas_snr_yes,AD_20241205_gfplib_enascas12a_lexA_T1_scraped,A01,A01,A01,GFP panel,enAsCas12a,,SNR52,,Yes,A01,,1,6_gen,6.9,No,Figure 2,GFP panel replicate kinetics,results/01_gfp_library_transfer_counts/tables/gfp_lib_standardized_all_replicates.csv
cas12a_precision_editing_figure2_fcs.zip,1008200,8e1f70ff44ea492e8f456124f4d121c22f201bf7fd8c756a33aa6f0843746de6,True,AD_20241205_gfplib_enascas12a_lexA_T1_scraped_Experiment_Group_A02.fcs,enas_snr_yes,AD_20241205_gfplib_enascas12a_lexA_T1_scraped,A02,B05,B05,GFP panel,enAsCas12a,,SNR52,,Yes,B05,,1,6_gen,7.4,No,Figure 2,GFP panel replicate kinetics,results/01_gfp_library_transfer_counts/tables/gfp_lib_standardized_all_replicates.csv
cas12a_precision_editing_figure2_fcs.zip,1008200,a96ba846472ebb3293133c90923192f225a010a0eab93b39e0648665280dc94a,True,AD_20241205_gfplib_enascas12a_lexA_T1_scraped_Experiment_Group_A03.fcs,enas_snr_yes,AD_20241205_gfplib_enascas12a_lexA_T1_scraped,A03,E01,E01,GFP panel,enAsCas12a,,SNR52,,Yes,E01,,1,6_gen,7.4,No,Figure 2,GFP panel replicate kinetics,results/01_gfp_library_transfer_counts/tables/gfp_lib_standardized_all_replicates.csv
cas12a_precision_editing_figure2_fcs.zip,1008200,26667c4cfb9de4ae0877e164c2eaccf28b016be922e12a712a639ab74b983144,True,AD_20241205_gfplib_enascas12a_lexA_T1_scraped_Experiment_Group_A04.fcs,enas_snr_yes,AD_20241205_gfplib_enascas12a_lexA_T1_scraped,A04,H11,H11,GFP panel,enAsCas12a,,SNR52,,Yes,H11,,1,6_gen,8.2,No,Figure 2,GFP panel replicate kinetics,results/01_gfp_library_transfer_counts/tables/gfp_lib_standardized_all_replicates.csv
cas12a_precision_editing_figure2_fcs.zip,1008200,bd6820f4110fdb935ea4fef76008b8f6621918839b34662612f38a8aac964989,True,AD_20241205_gfplib_enascas12a_lexA_T1_scraped_Experiment_Group_B01.fcs,enas_snr_yes,AD_20241205_gfplib_enascas12a_lexA_T1_scraped,B01,A01,A01,GFP panel,enAsCas12a,,SNR52,,Yes,A01,,2,6_gen,6.9,No,Figure 2,GFP panel replicate kinetics,results/01_gfp_library_transfer_counts/tables/gfp_lib_standardized_all_replicates.csv
cas12a_precision_editing_figure2_fcs.zip,1008200,55fff485e985f7b67432c6976dd3ce1d3f575e68f218594386e43d33b596fe29,True,AD_20241205_gfplib_enascas12a_lexA_T1_scraped_Experiment_Group_B02.fcs,enas_snr_yes,AD_20241205_gfplib_enascas12a_lexA_T1_scraped,B02,B05,B05,GFP panel,enAsCas12a,,SNR52,,Yes,B05,,2,6_gen,7.5,No,Figure 2,GFP panel replicate kinetics,results/01_gfp_library_transfer_counts/tables/gfp_lib_standardized_all_replicates.csv
cas12a_precision_editing_figure2_fcs.zip,1008200,bb41fbacd7445329e6694292d8ded5f2b648e126903103c432be45193f301877,True,AD_20241205_gfplib_enascas12a_lexA_T1_scraped_Experiment_Group_B03.fcs,enas_snr_yes,AD_20241205_gfplib_enascas12a_lexA_T1_scraped,B03,E01,E01,GFP panel,enAsCas12a,,SNR52,,Yes,E01,,2,6_gen,7.2,No,Figure 2,GFP panel replicate kinetics,results/01_gfp_library_transfer_counts/tables/gfp_lib_standardized_all_replicates.csv
cas12a_precision_editing_figure2_fcs.zip,1008200,2ea135c2e88aab227a85610348ab08480ef73b641805cde573c4fdaad6e086cd,True,AD_20241205_gfplib_enascas12a_lexA_T1_scraped_Experiment_Group_B04.fcs,enas_snr_yes,AD_20241205_gfplib_enascas12a_lexA_T1_scraped,B04,H11,H11,GFP panel,enAsCas12a,,SNR52,,Yes,H11,,2,6_gen,8.1,No,Figure 2,GFP panel replicate kinetics,results/01_gfp_library_transfer_counts/tables/gfp_lib_standardized_all_replicates.csv
cas12a_precision_editing_figure2_fcs.zip,1008200,6013c91350d15f37067c4b478dea051c947f7fa1392104f18df1f80b46653949,True,AD_20241205_gfplib_enascas12a_lexA_T1_scraped_Experiment_Group_C01.fcs,enas_snr_yes,AD_20241205_gfplib_enascas12a_lexA_T1_scraped,C01,A04,A04,GFP panel,enAsCas12a,,SNR52,,Yes,A04,,1,6_gen,7.3,No,Figure 2,GFP panel replicate kinetics,results/01_gfp_library_transfer_counts/tables/gfp_lib_standardized_all_replicates.csv
cas12a_precision_editing_figure2_fcs.zip,1008200,163a6e7b2cf440b6a95af6bbdb102ff4a86b69801eee80d3c708c4477440c581,True,AD_20241205_gfplib_enascas12a_lexA_T1_scraped_Experiment_Group_C02.fcs,enas_snr_yes,AD_20241205_gfplib_enascas12a_lexA_T1_scraped,C02,C03,C03,GFP panel,enAsCas12a,,SNR52,,Yes,C03,,1,6_gen,7.1,No,Figure 2,GFP panel replicate kinetics,results/01_gfp_library_transfer_counts/tables/gfp_lib_standardized_all_replicates.csv
cas12a_precision_editing_figure2_fcs.zip,1008200,affa8e04881f518320c28b7ab21796191aed5b15752bce7f3a98d0fc7134ada5,True,AD_20241205_gfplib_enascas12a_lexA_T1_scraped_Experiment_Group_C03.fcs,enas_snr_yes,AD_20241205_gfplib_enascas12a_lexA_T1_scraped,C03,E02,E02,GFP panel,enAsCas12a,,SNR52,,Yes,E02,,1,6_gen,8.4,No,Figure 2,GFP panel replicate kinetics,results/01_gfp_library_transfer_counts/tables/gfp_lib_standardized_all_replicates.csv
cas12a_precision_editing_figure2_fcs.zip,1008200,2fe6bfdd42864b7899a1a4b76b75278d1a84b13dbda8c176b61f36c62e628442,True,AD_20241205_gfplib_enascas12a_lexA_T1_scraped_Experiment_Group_D01.fcs,enas_snr_yes,AD_20241205_gfplib_enascas12a_lexA_T1_scraped,D01,A04,A04,GFP panel,enAsCas12a,,SNR52,,Yes,A04,,2,6_gen,7.1,No,Figure 2,GFP panel replicate kinetics,results/01_gfp_library_transfer_counts/tables/gfp_lib_standardized_all_replicates.csv
cas12a_precision_editing_figure2_fcs.zip,1008200,45f30cab3ed22c5f5727e1c3ed966ccb25ab799bf8d97140848442d37ec230c9,True,AD_20241205_gfplib_enascas12a_lexA_T1_scraped_Experiment_Group_D02.fcs,enas_snr_yes,AD_20241205_gfplib_enascas12a_lexA_T1_scraped,D02,C03,C03,GFP panel,enAsCas12a,,SNR52,,Yes,C03,,2,6_gen,7.2,No,Figure 2,GFP panel replicate kinetics,results/01_gfp_library_transfer_counts/tables/gfp_lib_standardized_all_replicates.csv
cas12a_precision_editing_figure2_fcs.zip,1008200,ada6bbd1fd9e39b71a8a142658ef8e3e6a6abbb8afcadd129e3a0a327e397dfe,True,AD_20241205_gfplib_enascas12a_lexA_T1_scraped_Experiment_Group_D03.fcs,enas_snr_yes,AD_20241205_gfplib_enascas12a_lexA_T1_scraped,D03,E02,E02,GFP panel,enAsCas12a,,SNR52,,Yes,E02,,2,6_gen,8.3,No,Figure 2,GFP panel replicate kinetics,results/01_gfp_library_transfer_counts/tables/gfp_lib_standardized_all_replicates.csv
cas12a_precision_editing_figure2_fcs.zip,1008200,75438cc488c3faa8c6b3871ba10acaab2ce438b89dea36f32387a38f1a8c5eb8,True,AD_20241205_gfplib_enascas12a_lexA_T1_scraped_Experiment_Group_E01.fcs,enas_snr_yes,AD_20241205_gfplib_enascas12a_lexA_T1_scraped,E01,A09,A09,GFP panel,enAsCas12a,,SNR52,,Yes,A09,,1,6_gen,7.5,Yes,Figure 2,GFP panel replicate kinetics,results/01_gfp_library_transfer_counts/tables/gfp_lib_standardized_all_replicates.csv
cas12a_precision_editing_figure2_fcs.zip,1008200,92250c8fc09dde8d0a7e2587164b9e7e5f8f060dca754f779177b98b784df4dc,True,AD_20241205_gfplib_enascas12a_lexA_T1_scraped_Experiment_Group_E02.fcs,enas_snr_yes,AD_20241205_gfplib_enascas12a_lexA_T1_scraped,E02,C04,C04,GFP panel,enAsCas12a,,SNR52,,Yes,C04,,1,6_gen,5.8,No,Figure 2,GFP panel replicate kinetics,results/01_gfp_library_transfer_counts/tables/gfp_lib_standardized_all_replicates.csv
cas12a_precision_editing_figure2_fcs.zip,1008200,7518d188a17cb15d3cd2be9f42f278a481ec908e57102a1a6f16333d43eff327,True,AD_20241205_gfplib_enascas12a_lexA_T1_scraped_Experiment_Group_E03.fcs,enas_snr_yes,AD_20241205_gfplib_enascas12a_lexA_T1_scraped,E03,E05,E05,GFP panel,enAsCas12a,,SNR52,,Yes,E05,,1,6_gen,7.1,No,Figure 2,GFP panel replicate kinetics,results/01_gfp_library_transfer_counts/tables/gfp_lib_standardized_all_replicates.csv
cas12a_precision_editing_figure2_fcs.zip,1008200,b31314bd42c37c06e53a65a247cf893b87a4921b2f4b11139d9e1ad7da30e63a,True,AD_20241205_gfplib_enascas12a_lexA_T1_scraped_Experiment_Group_F01.fcs,enas_snr_yes,AD_20241205_gfplib_enascas12a_lexA_T1_scraped,F01,A09,A09,GFP panel,enAsCas12a,,SNR52,,Yes,A09,,2,6_gen,7.3,Yes,Figure 2,GFP panel replicate kinetics,results/01_gfp_library_transfer_counts/tables/gfp_lib_standardized_all_replicates.csv
cas12a_precision_editing_figure2_fcs.zip,1008200,d392d078e3e6bc0422df3db66dafea329f9e1183b0bbbbd17fb2dacb4557c03c,True,AD_20241205_gfplib_enascas12a_lexA_T1_scraped_Experiment_Group_F02.fcs,enas_snr_yes,AD_20241205_gfplib_enascas12a_lexA_T1_scraped,F02,C04,C04,GFP panel,enAsCas12a,,SNR52,,Yes,C04,,2,6_gen,5.9,No,Figure 2,GFP panel replicate kinetics,results/01_gfp_library_transfer_counts/tables/gfp_lib_standardized_all_replicates.csv
cas12a_precision_editing_figure2_fcs.zip,1008200,fff92dec51d7e8100a244a458ab110a4b82a877201eec0b8e16715198b3e20a9,True,AD_20241205_gfplib_enascas12a_lexA_T1_scraped_Experiment_Group_F03.fcs,enas_snr_yes,AD_20241205_gfplib_enascas12a_lexA_T1_scraped,F03,E05,E05,GFP panel,enAsCas12a,,SNR52,,Yes,E05,,2,6_gen,7.4,No,Figure 2,GFP panel replicate kinetics,results/01_gfp_library_transfer_counts/tables/gfp_lib_standardized_all_replicates.csv
cas12a_precision_editing_figure2_fcs.zip,1008200,d1bf1cda3b266135c6bb7c8883ff10aa01a71f406443c8aa93f13cd3582359c8,True,AD_20241205_gfplib_enascas12a_lexA_T1_scraped_Experiment_Group_G01.fcs,enas_snr_yes,AD_20241205_gfplib_enascas12a_lexA_T1_scraped,G01,A12,A12,GFP panel,enAsCas12a,,SNR52,,Yes,A12,,1,6_gen,6.0,No,Figure 2,GFP panel replicate kinetics,results/01_gfp_library_transfer_counts/tables/gfp_lib_standardized_all_replicates.csv
cas12a_precision_editing_figure2_fcs.zip,1008200,b6389d588d4f11a6e220b5758669a242cb2c11603b8a6a78755a22df24b6a458,True,AD_20241205_gfplib_enascas12a_lexA_T1_scraped_Experiment_Group_G02.fcs,enas_snr_yes,AD_20241205_gfplib_enascas12a_lexA_T1_scraped,G02,C05,C05,GFP panel,enAsCas12a,,SNR52,,Yes,C05,,1,6_gen,7.1,No,Figure 2,GFP panel replicate kinetics,results/01_gfp_library_transfer_counts/tables/gfp_lib_standardized_all_replicates.csv
cas12a_precision_editing_figure2_fcs.zip,1008200,ab6125e9c09a211c86db6507e9bb003269ab3265f13c035cf4c0c2b778df240a,True,AD_20241205_gfplib_enascas12a_lexA_T1_scraped_Experiment_Group_G03.fcs,enas_snr_yes,AD_20241205_gfplib_enascas12a_lexA_T1_scraped,G03,G03,G03,GFP panel,enAsCas12a,,SNR52,,Yes,G03,,1,6_gen,7.6,No,Figure 2,GFP panel replicate kinetics,results/01_gfp_library_transfer_counts/tables/gfp_lib_standardized_all_replicates.csv
cas12a_precision_editing_figure2_fcs.zip,1008200,b390a24b07c4e0287122a447356767681bf6096e6fab77d8f87af4ea540da237,True,AD_20241205_gfplib_enascas12a_lexA_T1_scraped_Experiment_Group_H01.fcs,enas_snr_yes,AD_20241205_gfplib_enascas12a_lexA_T1_scraped,H01,A12,A12,GFP panel,enAsCas12a,,SNR52,,Yes,A12,,2,6_gen,6.0,No,Figure 2,GFP panel replicate kinetics,results/01_gfp_library_transfer_counts/tables/gfp_lib_standardized_all_replicates.csv
cas12a_precision_editing_figure2_fcs.zip,1008200,e4d41ac24c0c733f91835b0b28d02016efbeb1fa0b527f63265afb9b2b128b8c,True,AD_20241205_gfplib_enascas12a_lexA_T1_scraped_Experiment_Group_H02.fcs,enas_snr_yes,AD_20241205_gfplib_enascas12a_lexA_T1_scraped,H02,C05,C05,GFP panel,enAsCas12a,,SNR52,,Yes,C05,,2,6_gen,7.9,No,Figure 2,GFP panel replicate kinetics,results/01_gfp_library_transfer_counts/tables/gfp_lib_standardized_all_replicates.csv
cas12a_precision_editing_figure2_fcs.zip,1008200,05a5ba54c3e37c53383cbfa9d358e8771672c308931283afccb3ffa69a4e0a12,True,AD_20241205_gfplib_enascas12a_lexA_T1_scraped_Experiment_Group_H03.fcs,enas_snr_yes,AD_20241205_gfplib_enascas12a_lexA_T1_scraped,H03,G03,G03,GFP panel,enAsCas12a,,SNR52,,Yes,G03,,2,6_gen,7.6,No,Figure 2,GFP panel replicate kinetics,results/01_gfp_library_transfer_counts/tables/gfp_lib_standardized_all_replicates.csv
cas12a_precision_editing_figure2_fcs.zip,1008200,eb431010d52ef034ff290eb259154481e475a9d444eecbff381910a1bbfc5e1d,True,AD_20241205_gfplib_enascas12a_lexA_T1_scraped_Experiment_Group_A05.fcs,enas_snr_yes,AD_20241205_gfplib_enascas12a_lexA_T1_scraped,A05,A01,A01,GFP panel,enAsCas12a,,SNR52,,Yes,A01,,1,scraped,0.0,No,Figure 2,GFP panel replicate kinetics,results/01_gfp_library_transfer_counts/tables/gfp_lib_standardized_all_replicates.csv
cas12a_precision_editing_figure2_fcs.zip,1008200,dc22ca8c49dc9cdabdd643f51af544f119b4f05b607cc5855a7f22d4b6f0cc33,True,AD_20241205_gfplib_enascas12a_lexA_T1_scraped_Experiment_Group_A06.fcs,enas_snr_yes,AD_20241205_gfplib_enascas12a_lexA_T1_scraped,A06,B05,B05,GFP panel,enAsCas12a,,SNR52,,Yes,B05,,1,scraped,0.0,No,Figure 2,GFP panel replicate kinetics,results/01_gfp_library_transfer_counts/tables/gfp_lib_standardized_all_replicates.csv
cas12a_precision_editing_figure2_fcs.zip,1008200,b9fd29a2a91d35d0cc94e2109ffc602de35dd5f1a22495ecd11a2d961646dd61,True,AD_20241205_gfplib_enascas12a_lexA_T1_scraped_Experiment_Group_A07.fcs,enas_snr_yes,AD_20241205_gfplib_enascas12a_lexA_T1_scraped,A07,E01,E01,GFP panel,enAsCas12a,,SNR52,,Yes,E01,,1,scraped,0.0,No,Figure 2,GFP panel replicate kinetics,results/01_gfp_library_transfer_counts/tables/gfp_lib_standardized_all_replicates.csv
cas12a_precision_editing_figure2_fcs.zip,1008200,c6d82a221402e201d51d17d2971f30e82609dc4a605bdcf12795309ef0eb7c8b,True,AD_20241205_gfplib_enascas12a_lexA_T1_scraped_Experiment_Group_A08.fcs,enas_snr_yes,AD_20241205_gfplib_enascas12a_lexA_T1_scraped,A08,H11,H11,GFP panel,enAsCas12a,,SNR52,,Yes,H11,,1,scraped,0.0,No,Figure 2,GFP panel replicate kinetics,results/01_gfp_library_transfer_counts/tables/gfp_lib_standardized_all_replicates.csv
cas12a_precision_editing_figure2_fcs.zip,1008200,a40cbe4f5a525328f4dff9bb8e3b261e4da69a317d08968f90f528ef58db357d,True,AD_20241205_gfplib_enascas12a_lexA_T1_scraped_Experiment_Group_B05.fcs,enas_snr_yes,AD_20241205_gfplib_enascas12a_lexA_T1_scraped,B05,A01,A01,GFP panel,enAsCas12a,,SNR52,,Yes,A01,,2,scraped,0.0,No,Figure 2,GFP panel replicate kinetics,results/01_gfp_library_transfer_counts/tables/gfp_lib_standardized_all_replicates.csv
cas12a_precision_editing_figure2_fcs.zip,1008200,11a8c77b1a65268960689699c630cbefb7cbeee40eac753b6fc99c3fd48700ba,True,AD_20241205_gfplib_enascas12a_lexA_T1_scraped_Experiment_Group_B06.fcs,enas_snr_yes,AD_20241205_gfplib_enascas12a_lexA_T1_scraped,B06,B05,B05,GFP panel,enAsCas12a,,SNR52,,Yes,B05,,2,scraped,0.0,No,Figure 2,GFP panel replicate kinetics,results/01_gfp_library_transfer_counts/tables/gfp_lib_standardized_all_replicates.csv
cas12a_precision_editing_figure2_fcs.zip,1008200,87fdea268cd2b2626f2ca0af6a5e32d64e6c70d71c9ac87f3bc5a2898b34c714,True,AD_20241205_gfplib_enascas12a_lexA_T1_scraped_Experiment_Group_B07.fcs,enas_snr_yes,AD_20241205_gfplib_enascas12a_lexA_T1_scraped,B07,E01,E01,GFP panel,enAsCas12a,,SNR52,,Yes,E01,,2,scraped,0.0,No,Figure 2,GFP panel replicate kinetics,results/01_gfp_library_transfer_counts/tables/gfp_lib_standardized_all_replicates.csv
cas12a_precision_editing_figure2_fcs.zip,1008200,2320d1c63ef7a048eb7e85778ed3650fd3636efadd994154b52b8062f90c7cf3,True,AD_20241205_gfplib_enascas12a_lexA_T1_scraped_Experiment_Group_B08.fcs,enas_snr_yes,AD_20241205_gfplib_enascas12a_lexA_T1_scraped,B08,H11,H11,GFP panel,enAsCas12a,,SNR52,,Yes,H11,,2,scraped,0.0,No,Figure 2,GFP panel replicate kinetics,results/01_gfp_library_transfer_counts/tables/gfp_lib_standardized_all_replicates.csv
cas12a_precision_editing_figure2_fcs.zip,1008200,1c042ce168820b526da0c9f2152723c2643a18a1e25fd2cc74846f5c1db183a0,True,AD_20241205_gfplib_enascas12a_lexA_T1_scraped_Experiment_Group_C05.fcs,enas_snr_yes,AD_20241205_gfplib_enascas12a_lexA_T1_scraped,C05,A04,A04,GFP panel,enAsCas12a,,SNR52,,Yes,A04,,1,scraped,0.0,No,Figure 2,GFP panel replicate kinetics,results/01_gfp_library_transfer_counts/tables/gfp_lib_standardized_all_replicates.csv
cas12a_precision_editing_figure2_fcs.zip,1008200,a3d62fa01db1483cb1af498e536c7f09a283f6d3113a5ec3c47811208ae25145,True,AD_20241205_gfplib_enascas12a_lexA_T1_scraped_Experiment_Group_C06.fcs,enas_snr_yes,AD_20241205_gfplib_enascas12a_lexA_T1_scraped,C06,C03,C03,GFP panel,enAsCas12a,,SNR52,,Yes,C03,,1,scraped,0.0,No,Figure 2,GFP panel replicate kinetics,results/01_gfp_library_transfer_counts/tables/gfp_lib_standardized_all_replicates.csv
cas12a_precision_editing_figure2_fcs.zip,1008200,cfe0b6d8a87a040cb1ecb86aae921249776d1a364603a106bf4ca2a23b0c776b,True,AD_20241205_gfplib_enascas12a_lexA_T1_scraped_Experiment_Group_C07.fcs,enas_snr_yes,AD_20241205_gfplib_enascas12a_lexA_T1_scraped,C07,E02,E02,GFP panel,enAsCas12a,,SNR52,,Yes,E02,,1,scraped,0.0,No,Figure 2,GFP panel replicate kinetics,results/01_gfp_library_transfer_counts/tables/gfp_lib_standardized_all_replicates.csv
cas12a_precision_editing_figure2_fcs.zip,1008200,d75ac296a6c4e8367a3a07ee93fac575e4ed11269ab3c7bc7f8732d7b0498846,True,AD_20241205_gfplib_enascas12a_lexA_T1_scraped_Experiment_Group_D05.fcs,enas_snr_yes,AD_20241205_gfplib_enascas12a_lexA_T1_scraped,D05,A04,A04,GFP panel,enAsCas12a,,SNR52,,Yes,A04,,2,scraped,0.0,No,Figure 2,GFP panel replicate kinetics,results/01_gfp_library_transfer_counts/tables/gfp_lib_standardized_all_replicates.csv
cas12a_precision_editing_figure2_fcs.zip,1008200,ffc600cbd54d041bad696c0f516d254bbe32a81241a911bcbbc805f0fccf0312,True,AD_20241205_gfplib_enascas12a_lexA_T1_scraped_Experiment_Group_D06.fcs,enas_snr_yes,AD_20241205_gfplib_enascas12a_lexA_T1_scraped,D06,C03,C03,GFP panel,enAsCas12a,,SNR52,,Yes,C03,,2,scraped,0.0,No,Figure 2,GFP panel replicate kinetics,results/01_gfp_library_transfer_counts/tables/gfp_lib_standardized_all_replicates.csv
cas12a_precision_editing_figure2_fcs.zip,1008200,8b22830a0ea0ecc3b24e41683898122b7fbd43e13ef944df439ac86f32fd0891,True,AD_20241205_gfplib_enascas12a_lexA_T1_scraped_Experiment_Group_D07.fcs,enas_snr_yes,AD_20241205_gfplib_enascas12a_lexA_T1_scraped,D07,E02,E02,GFP panel,enAsCas12a,,SNR52,,Yes,E02,,2,scraped,0.0,No,Figure 2,GFP panel replicate kinetics,results/01_gfp_library_transfer_counts/tables/gfp_lib_standardized_all_replicates.csv
cas12a_precision_editing_figure2_fcs.zip,1008200,75fd4e17c97ac75b1739d0780098b71d254e04096a5bd7c25b7b48b19614b5dd,True,AD_20241205_gfplib_enascas12a_lexA_T1_scraped_Experiment_Group_E05.fcs,enas_snr_yes,AD_20241205_gfplib_enascas12a_lexA_T1_scraped,E05,A09,A09,GFP panel,enAsCas12a,,SNR52,,Yes,A09,,1,scraped,0.0,Yes,Figure 2,GFP panel replicate kinetics,results/01_gfp_library_transfer_counts/tables/gfp_lib_standardized_all_replicates.csv
cas12a_precision_editing_figure2_fcs.zip,1008200,ab58bbfe7eeb4ff35710418e629b3298316d55dfae7ba11fb763c3b9ad6673cf,True,AD_20241205_gfplib_enascas12a_lexA_T1_scraped_Experiment_Group_E06.fcs,enas_snr_yes,AD_20241205_gfplib_enascas12a_lexA_T1_scraped,E06,C04,C04,GFP panel,enAsCas12a,,SNR52,,Yes,C04,,1,scraped,0.0,No,Figure 2,GFP panel replicate kinetics,results/01_gfp_library_transfer_counts/tables/gfp_lib_standardized_all_replicates.csv
cas12a_precision_editing_figure2_fcs.zip,1008200,40133f4b808008fbb7b61412b3f0fc755fc00956432bb38158d0f584a779819c,True,AD_20241205_gfplib_enascas12a_lexA_T1_scraped_Experiment_Group_E07.fcs,enas_snr_yes,AD_20241205_gfplib_enascas12a_lexA_T1_scraped,E07,E05,E05,GFP panel,enAsCas12a,,SNR52,,Yes,E05,,1,scraped,0.0,No,Figure 2,GFP panel replicate kinetics,results/01_gfp_library_transfer_counts/tables/gfp_lib_standardized_all_replicates.csv
cas12a_precision_editing_figure2_fcs.zip,1008200,c9628365a70c3c44b7562771fe4460e01befcdc1cb2b3daaae8fd184b7649478,True,AD_20241205_gfplib_enascas12a_lexA_T1_scraped_Experiment_Group_F05.fcs,enas_snr_yes,AD_20241205_gfplib_enascas12a_lexA_T1_scraped,F05,A09,A09,GFP panel,enAsCas12a,,SNR52,,Yes,A09,,2,scraped,0.0,Yes,Figure 2,GFP panel replicate kinetics,results/01_gfp_library_transfer_counts/tables/gfp_lib_standardized_all_replicates.csv
cas12a_precision_editing_figure2_fcs.zip,1008200,53bbea804807d49285634eb22b130c2767b161f64d6b3d8e4a873e03665aaf58,True,AD_20241205_gfplib_enascas12a_lexA_T1_scraped_Experiment_Group_F06.fcs,enas_snr_yes,AD_20241205_gfplib_enascas12a_lexA_T1_scraped,F06,C04,C04,GFP panel,enAsCas12a,,SNR52,,Yes,C04,,2,scraped,0.0,No,Figure 2,GFP panel replicate kinetics,results/01_gfp_library_transfer_counts/tables/gfp_lib_standardized_all_replicates.csv
cas12a_precision_editing_figure2_fcs.zip,1008200,680534636b3549371d5a7f4cbb42f166ed4f685b7239986f41b270c30358e2d0,True,AD_20241205_gfplib_enascas12a_lexA_T1_scraped_Experiment_Group_F07.fcs,enas_snr_yes,AD_20241205_gfplib_enascas12a_lexA_T1_scraped,F07,E05,E05,GFP panel,enAsCas12a,,SNR52,,Yes,E05,,2,scraped,0.0,No,Figure 2,GFP panel replicate kinetics,results/01_gfp_library_transfer_counts/tables/gfp_lib_standardized_all_replicates.csv
cas12a_precision_editing_figure2_fcs.zip,1008200,f6c82f6287a4662b36bc27cc8a72d62a8bd781aa9169e78dbd159c383c4ffc59,True,AD_20241205_gfplib_enascas12a_lexA_T1_scraped_Experiment_Group_G05.fcs,enas_snr_yes,AD_20241205_gfplib_enascas12a_lexA_T1_scraped,G05,A12,A12,GFP panel,enAsCas12a,,SNR52,,Yes,A12,,1,scraped,0.0,No,Figure 2,GFP panel replicate kinetics,results/01_gfp_library_transfer_counts/tables/gfp_lib_standardized_all_replicates.csv
cas12a_precision_editing_figure2_fcs.zip,1008200,efa4d19be116bede87f05adfae3e2fcdb86748670ac3c92f485e17213980e180,True,AD_20241205_gfplib_enascas12a_lexA_T1_scraped_Experiment_Group_G06.fcs,enas_snr_yes,AD_20241205_gfplib_enascas12a_lexA_T1_scraped,G06,C05,C05,GFP panel,enAsCas12a,,SNR52,,Yes,C05,,1,scraped,0.0,No,Figure 2,GFP panel replicate kinetics,results/01_gfp_library_transfer_counts/tables/gfp_lib_standardized_all_replicates.csv
cas12a_precision_editing_figure2_fcs.zip,1008200,e46c484449a8fa7e6556fcb5b36417ae98a6e9c279153dd2928b64965b001f1a,True,AD_20241205_gfplib_enascas12a_lexA_T1_scraped_Experiment_Group_G07.fcs,enas_snr_yes,AD_20241205_gfplib_enascas12a_lexA_T1_scraped,G07,G03,G03,GFP panel,enAsCas12a,,SNR52,,Yes,G03,,1,scraped,0.0,No,Figure 2,GFP panel replicate kinetics,results/01_gfp_library_transfer_counts/tables/gfp_lib_standardized_all_replicates.csv
cas12a_precision_editing_figure2_fcs.zip,1008200,0bb3d92af9a243740ddbbd6e8b1733c3ecb23a3c9666f8476cdfa5f74572a946,True,AD_20241205_gfplib_enascas12a_lexA_T1_scraped_Experiment_Group_H05.fcs,enas_snr_yes,AD_20241205_gfplib_enascas12a_lexA_T1_scraped,H05,A12,A12,GFP panel,enAsCas12a,,SNR52,,Yes,A12,,2,scraped,0.0,No,Figure 2,GFP panel replicate kinetics,results/01_gfp_library_transfer_counts/tables/gfp_lib_standardized_all_replicates.csv
cas12a_precision_editing_figure2_fcs.zip,1008200,ec092910c02b93015b3a847d014bb46464c71c1766af382dcc8ed67ebaab89ca,True,AD_20241205_gfplib_enascas12a_lexA_T1_scraped_Experiment_Group_H06.fcs,enas_snr_yes,AD_20241205_gfplib_enascas12a_lexA_T1_scraped,H06,C05,C05,GFP panel,enAsCas12a,,SNR52,,Yes,C05,,2,scraped,0.0,No,Figure 2,GFP panel replicate kinetics,results/01_gfp_library_transfer_counts/tables/gfp_lib_standardized_all_replicates.csv
cas12a_precision_editing_figure2_fcs.zip,1008200,5c68c6b0579642b4dfed0dd61509840c10e6ad1692fc6fa531272124a014131e,True,AD_20241205_gfplib_enascas12a_lexA_T1_scraped_Experiment_Group_H07.fcs,enas_snr_yes,AD_20241205_gfplib_enascas12a_lexA_T1_scraped,H07,G03,G03,GFP panel,enAsCas12a,,SNR52,,Yes,G03,,2,scraped,0.0,No,Figure 2,GFP panel replicate kinetics,results/01_gfp_library_transfer_counts/tables/gfp_lib_standardized_all_replicates.csv
cas12a_precision_editing_figure2_fcs.zip,1008200,4f38c21430080475a192ca8ffffef59978b44fa025d3544fd0b9bc789f7c9969,True,AD_20241203_fnsnrrpr_casvariants_timepoint2_glu_Experiment_Group_A05.fcs,fncas12a_rpr_no,AD_20241203_fnsnrrpr_casvariants_timepoint2_glu,A05,A01,A01,GFP panel,FnCas12a,,RPR1,,No,A01,,1,11_gen,12.3,No,Figure 2,GFP panel replicate kinetics,results/01_gfp_library_transfer_counts/tables/gfp_lib_standardized_all_replicates.csv
cas12a_precision_editing_figure2_fcs.zip,1008200,4aebda0044689c65659a578a1313a1b0aa7d10768c4ef9c15caf6f69dfcc6feb,True,AD_20241203_fnsnrrpr_casvariants_timepoint2_glu_Experiment_Group_A06.fcs,fncas12a_rpr_no,AD_20241203_fnsnrrpr_casvariants_timepoint2_glu,A06,B05,B05,GFP panel,FnCas12a,,RPR1,,No,B05,,1,11_gen,9.7,No,Figure 2,GFP panel replicate kinetics,results/01_gfp_library_transfer_counts/tables/gfp_lib_standardized_all_replicates.csv
cas12a_precision_editing_figure2_fcs.zip,1008200,fb62cfa68723089e00412952efc24e34b9198913c75cbbe045ba9aa903ba23a1,True,AD_20241203_fnsnrrpr_casvariants_timepoint2_glu_Experiment_Group_A07.fcs,fncas12a_rpr_no,AD_20241203_fnsnrrpr_casvariants_timepoint2_glu,A07,E01,E01,GFP panel,FnCas12a,,RPR1,,No,E01,,1,11_gen,13.2,No,Figure 2,GFP panel replicate kinetics,results/01_gfp_library_transfer_counts/tables/gfp_lib_standardized_all_replicates.csv
cas12a_precision_editing_figure2_fcs.zip,1008200,14d15e25034f1e30d9c855da724638e97aaf78484dc2cefccab430fa06217682,True,AD_20241203_fnsnrrpr_casvariants_timepoint2_glu_Experiment_Group_A08.fcs,fncas12a_rpr_no,AD_20241203_fnsnrrpr_casvariants_timepoint2_glu,A08,H11,H11,GFP panel,FnCas12a,,RPR1,,No,H11,,1,11_gen,10.8,No,Figure 2,GFP panel replicate kinetics,results/01_gfp_library_transfer_counts/tables/gfp_lib_standardized_all_replicates.csv
cas12a_precision_editing_figure2_fcs.zip,1008200,7de7eb2c3197186dbd2af8f0df52eb542f27a7d5e8b117b363fff991c78a87d6,True,AD_20241203_fnsnrrpr_casvariants_timepoint2_glu_Experiment_Group_B05.fcs,fncas12a_rpr_no,AD_20241203_fnsnrrpr_casvariants_timepoint2_glu,B05,A01,A01,GFP panel,FnCas12a,,RPR1,,No,A01,,2,11_gen,12.7,No,Figure 2,GFP panel replicate kinetics,results/01_gfp_library_transfer_counts/tables/gfp_lib_standardized_all_replicates.csv
cas12a_precision_editing_figure2_fcs.zip,1008200,02319457f5b9cb998af108d5b96e4b1c9bec0bb35759ba9c020f7fa38915956f,True,AD_20241203_fnsnrrpr_casvariants_timepoint2_glu_Experiment_Group_B06.fcs,fncas12a_rpr_no,AD_20241203_fnsnrrpr_casvariants_timepoint2_glu,B06,B05,B05,GFP panel,FnCas12a,,RPR1,,No,B05,,2,11_gen,9.2,No,Figure 2,GFP panel replicate kinetics,results/01_gfp_library_transfer_counts/tables/gfp_lib_standardized_all_replicates.csv
cas12a_precision_editing_figure2_fcs.zip,1008200,1376beb7d4ac8486d053a28c1039adf12a262943b4f157616ae0a6cea9c0bd88,True,AD_20241203_fnsnrrpr_casvariants_timepoint2_glu_Experiment_Group_B07.fcs,fncas12a_rpr_no,AD_20241203_fnsnrrpr_casvariants_timepoint2_glu,B07,E01,E01,GFP panel,FnCas12a,,RPR1,,No,E01,,2,11_gen,13.2,No,Figure 2,GFP panel replicate kinetics,results/01_gfp_library_transfer_counts/tables/gfp_lib_standardized_all_replicates.csv
cas12a_precision_editing_figure2_fcs.zip,1008200,fc860f67fcabcb813c5e1ca633931392e9bbce8611677fd57a084eb107d25b57,True,AD_20241203_fnsnrrpr_casvariants_timepoint2_glu_Experiment_Group_B08.fcs,fncas12a_rpr_no,AD_20241203_fnsnrrpr_casvariants_timepoint2_glu,B08,H11,H11,GFP panel,FnCas12a,,RPR1,,No,H11,,2,11_gen,10.5,No,Figure 2,GFP panel replicate kinetics,results/01_gfp_library_transfer_counts/tables/gfp_lib_standardized_all_replicates.csv
cas12a_precision_editing_figure2_fcs.zip,1008200,c964262ec9b1156622867d3a570f1d28b89eb798e1080a480f353bec12a2bb33,True,AD_20241203_fnsnrrpr_casvariants_timepoint2_glu_Experiment_Group_C05.fcs,fncas12a_rpr_no,AD_20241203_fnsnrrpr_casvariants_timepoint2_glu,C05,A04,A04,GFP panel,FnCas12a,,RPR1,,No,A04,,1,11_gen,10.8,No,Figure 2,GFP panel replicate kinetics,results/01_gfp_library_transfer_counts/tables/gfp_lib_standardized_all_replicates.csv
cas12a_precision_editing_figure2_fcs.zip,1008200,e3e281df5b0e9b51b963f80d258edcab4b9282449557a70cb4ab4d884a336499,True,AD_20241203_fnsnrrpr_casvariants_timepoint2_glu_Experiment_Group_C06.fcs,fncas12a_rpr_no,AD_20241203_fnsnrrpr_casvariants_timepoint2_glu,C06,C03,C03,GFP panel,FnCas12a,,RPR1,,No,C03,,1,11_gen,10.8,No,Figure 2,GFP panel replicate kinetics,results/01_gfp_library_transfer_counts/tables/gfp_lib_standardized_all_replicates.csv
cas12a_precision_editing_figure2_fcs.zip,1008200,a6218693c4fac3c859f842705c20052cd53fedbc16ffa7ea39456bd61079b03d,True,AD_20241203_fnsnrrpr_casvariants_timepoint2_glu_Experiment_Group_C07.fcs,fncas12a_rpr_no,AD_20241203_fnsnrrpr_casvariants_timepoint2_glu,C07,E02,E02,GFP panel,FnCas12a,,RPR1,,No,E02,,1,11_gen,11.0,No,Figure 2,GFP panel replicate kinetics,results/01_gfp_library_transfer_counts/tables/gfp_lib_standardized_all_replicates.csv
cas12a_precision_editing_figure2_fcs.zip,1008200,408e60b944f452fe7fbf8bb096d4db5c8acd51d477326771f52db5dddeb75fe4,True,AD_20241203_fnsnrrpr_casvariants_timepoint2_glu_Experiment_Group_D05.fcs,fncas12a_rpr_no,AD_20241203_fnsnrrpr_casvariants_timepoint2_glu,D05,A04,A04,GFP panel,FnCas12a,,RPR1,,No,A04,,2,11_gen,11.2,No,Figure 2,GFP panel replicate kinetics,results/01_gfp_library_transfer_counts/tables/gfp_lib_standardized_all_replicates.csv
cas12a_precision_editing_figure2_fcs.zip,1008200,e45dfd68c85f88346562a684b9db59aa310fae31c1f9e4488c89e20fafa8cd42,True,AD_20241203_fnsnrrpr_casvariants_timepoint2_glu_Experiment_Group_D06.fcs,fncas12a_rpr_no,AD_20241203_fnsnrrpr_casvariants_timepoint2_glu,D06,C03,C03,GFP panel,FnCas12a,,RPR1,,No,C03,,2,11_gen,11.3,No,Figure 2,GFP panel replicate kinetics,results/01_gfp_library_transfer_counts/tables/gfp_lib_standardized_all_replicates.csv
cas12a_precision_editing_figure2_fcs.zip,1008200,94b1d5c044288345ec9bfa66e2ac8b4d447b883b3a8f641367e9efc762bc03cb,True,AD_20241203_fnsnrrpr_casvariants_timepoint2_glu_Experiment_Group_D07.fcs,fncas12a_rpr_no,AD_20241203_fnsnrrpr_casvariants_timepoint2_glu,D07,E02,E02,GFP panel,FnCas12a,,RPR1,,No,E02,,2,11_gen,11.1,No,Figure 2,GFP panel replicate kinetics,results/01_gfp_library_transfer_counts/tables/gfp_lib_standardized_all_replicates.csv
cas12a_precision_editing_figure2_fcs.zip,1008200,8680f38b697a22767eca4ce1d70317655f0a632117de493e8a2c65d308b54cdb,True,AD_20241203_fnsnrrpr_casvariants_timepoint2_glu_Experiment_Group_E05.fcs,fncas12a_rpr_no,AD_20241203_fnsnrrpr_casvariants_timepoint2_glu,E05,A09,A09,GFP panel,FnCas12a,,RPR1,,No,A09,,1,11_gen,13.4,Yes,Figure 2,GFP panel replicate kinetics,results/01_gfp_library_transfer_counts/tables/gfp_lib_standardized_all_replicates.csv
cas12a_precision_editing_figure2_fcs.zip,1008200,cc3dd13456ff5076d2dd0cb0ed7ae42e0f0a10fcfc1985ae1b51af0f25ac943d,True,AD_20241203_fnsnrrpr_casvariants_timepoint2_glu_Experiment_Group_E06.fcs,fncas12a_rpr_no,AD_20241203_fnsnrrpr_casvariants_timepoint2_glu,E06,C04,C04,GFP panel,FnCas12a,,RPR1,,No,C04,,1,11_gen,10.8,No,Figure 2,GFP panel replicate kinetics,results/01_gfp_library_transfer_counts/tables/gfp_lib_standardized_all_replicates.csv
cas12a_precision_editing_figure2_fcs.zip,1008200,520156ab7128a37dca11723ef857c6b2477454032eabde0f0c482de1be5f4a04,True,AD_20241203_fnsnrrpr_casvariants_timepoint2_glu_Experiment_Group_E07.fcs,fncas12a_rpr_no,AD_20241203_fnsnrrpr_casvariants_timepoint2_glu,E07,E05,E05,GFP panel,FnCas12a,,RPR1,,No,E05,,1,11_gen,12.8,No,Figure 2,GFP panel replicate kinetics,results/01_gfp_library_transfer_counts/tables/gfp_lib_standardized_all_replicates.csv
cas12a_precision_editing_figure2_fcs.zip,1008200,6cc709afd80d4e6a6563fb5bf3f3ef66f6ebedaff2ace59297a9132d9cf576b4,True,AD_20241203_fnsnrrpr_casvariants_timepoint2_glu_Experiment_Group_F05.fcs,fncas12a_rpr_no,AD_20241203_fnsnrrpr_casvariants_timepoint2_glu,F05,A09,A09,GFP panel,FnCas12a,,RPR1,,No,A09,,2,11_gen,13.5,Yes,Figure 2,GFP panel replicate kinetics,results/01_gfp_library_transfer_counts/tables/gfp_lib_standardized_all_replicates.csv
cas12a_precision_editing_figure2_fcs.zip,1008200,368ec8a12ab7c4d1cede660ce3c570275fab11ec5d51552e5219ec07a315cae3,True,AD_20241203_fnsnrrpr_casvariants_timepoint2_glu_Experiment_Group_F06.fcs,fncas12a_rpr_no,AD_20241203_fnsnrrpr_casvariants_timepoint2_glu,F06,C04,C04,GFP panel,FnCas12a,,RPR1,,No,C04,,2,11_gen,10.6,No,Figure 2,GFP panel replicate kinetics,results/01_gfp_library_transfer_counts/tables/gfp_lib_standardized_all_replicates.csv
cas12a_precision_editing_figure2_fcs.zip,1008200,c91e4f61a5a1ee74b30cf01f29546133bb37a3ebff02d2086b480954bd16f90c,True,AD_20241203_fnsnrrpr_casvariants_timepoint2_glu_Experiment_Group_F07.fcs,fncas12a_rpr_no,AD_20241203_fnsnrrpr_casvariants_timepoint2_glu,F07,E05,E05,GFP panel,FnCas12a,,RPR1,,No,E05,,2,11_gen,13.3,No,Figure 2,GFP panel replicate kinetics,results/01_gfp_library_transfer_counts/tables/gfp_lib_standardized_all_replicates.csv
cas12a_precision_editing_figure2_fcs.zip,1008200,49794c8db62299b21973d295b68fd24fecce6c64daa3962da6d0e9575d216686,True,AD_20241203_fnsnrrpr_casvariants_timepoint2_glu_Experiment_Group_G05.fcs,fncas12a_rpr_no,AD_20241203_fnsnrrpr_casvariants_timepoint2_glu,G05,A12,A12,GFP panel,FnCas12a,,RPR1,,No,A12,,1,11_gen,10.8,No,Figure 2,GFP panel replicate kinetics,results/01_gfp_library_transfer_counts/tables/gfp_lib_standardized_all_replicates.csv
cas12a_precision_editing_figure2_fcs.zip,1008200,ad92e0e8bba3252e398d0f673660145ab38c07931fdcf6daceef8a4eb923eab7,True,AD_20241203_fnsnrrpr_casvariants_timepoint2_glu_Experiment_Group_G06.fcs,fncas12a_rpr_no,AD_20241203_fnsnrrpr_casvariants_timepoint2_glu,G06,C05,C05,GFP panel,FnCas12a,,RPR1,,No,C05,,1,11_gen,13.0,No,Figure 2,GFP panel replicate kinetics,results/01_gfp_library_transfer_counts/tables/gfp_lib_standardized_all_replicates.csv
cas12a_precision_editing_figure2_fcs.zip,1008200,be7d148d1722efe19dd803738047593026a4940d818e6faebdc2b4ec7d11af75,True,AD_20241203_fnsnrrpr_casvariants_timepoint2_glu_Experiment_Group_G07.fcs,fncas12a_rpr_no,AD_20241203_fnsnrrpr_casvariants_timepoint2_glu,G07,G03,G03,GFP panel,FnCas12a,,RPR1,,No,G03,,1,11_gen,12.0,No,Figure 2,GFP panel replicate kinetics,results/01_gfp_library_transfer_counts/tables/gfp_lib_standardized_all_replicates.csv
cas12a_precision_editing_figure2_fcs.zip,1008200,bca4f2ea1b056b04a34f5cbe5a4f156f2ad006bd22d3db59b3dac2572d0a9862,True,AD_20241203_fnsnrrpr_casvariants_timepoint2_glu_Experiment_Group_H05.fcs,fncas12a_rpr_no,AD_20241203_fnsnrrpr_casvariants_timepoint2_glu,H05,A12,A12,GFP panel,FnCas12a,,RPR1,,No,A12,,2,11_gen,10.8,No,Figure 2,GFP panel replicate kinetics,results/01_gfp_library_transfer_counts/tables/gfp_lib_standardized_all_replicates.csv
cas12a_precision_editing_figure2_fcs.zip,1008200,add61a11236f5554c9cb75345e3c0341cd87b0aaa803df49745711739c4d32c4,True,AD_20241203_fnsnrrpr_casvariants_timepoint2_glu_Experiment_Group_H06.fcs,fncas12a_rpr_no,AD_20241203_fnsnrrpr_casvariants_timepoint2_glu,H06,C05,C05,GFP panel,FnCas12a,,RPR1,,No,C05,,2,11_gen,13.1,No,Figure 2,GFP panel replicate kinetics,results/01_gfp_library_transfer_counts/tables/gfp_lib_standardized_all_replicates.csv
cas12a_precision_editing_figure2_fcs.zip,1008200,a8f5550e0a5f13e7b500fd1d0b43d75dcc88dc015d2c0bf6319695731ba24d64,True,AD_20241203_fnsnrrpr_casvariants_timepoint2_glu_Experiment_Group_H07.fcs,fncas12a_rpr_no,AD_20241203_fnsnrrpr_casvariants_timepoint2_glu,H07,G03,G03,GFP panel,FnCas12a,,RPR1,,No,G03,,2,11_gen,11.4,No,Figure 2,GFP panel replicate kinetics,results/01_gfp_library_transfer_counts/tables/gfp_lib_standardized_all_replicates.csv
cas12a_precision_editing_figure2_fcs.zip,1008200,168040a241477972ba95051428960f2aa62e95c9c9575c227aba4ef169b5f572,True,AD_20241203_fnsnrrpr_casvariants_timepoint3_glu_Experiment_Group_A05.fcs,fncas12a_rpr_no,AD_20241203_fnsnrrpr_casvariants_timepoint3_glu,A05,A01,A01,GFP panel,FnCas12a,,RPR1,,No,A01,,1,20_gen,18.7,No,Figure 2,GFP panel replicate kinetics,results/01_gfp_library_transfer_counts/tables/gfp_lib_standardized_all_replicates.csv
cas12a_precision_editing_figure2_fcs.zip,1008200,1031f2870079ab153216c447008eff9c9a5e8dc60fde63da359107a87bda7f18,True,AD_20241203_fnsnrrpr_casvariants_timepoint3_glu_Experiment_Group_A06.fcs,fncas12a_rpr_no,AD_20241203_fnsnrrpr_casvariants_timepoint3_glu,A06,B05,B05,GFP panel,FnCas12a,,RPR1,,No,B05,,1,20_gen,17.9,No,Figure 2,GFP panel replicate kinetics,results/01_gfp_library_transfer_counts/tables/gfp_lib_standardized_all_replicates.csv
cas12a_precision_editing_figure2_fcs.zip,1008200,ebf91b796a20f0d83ad339dc89b488952f5f7f86b88df3411731a1ffe4491b66,True,AD_20241203_fnsnrrpr_casvariants_timepoint3_glu_Experiment_Group_A07.fcs,fncas12a_rpr_no,AD_20241203_fnsnrrpr_casvariants_timepoint3_glu,A07,E01,E01,GFP panel,FnCas12a,,RPR1,,No,E01,,1,20_gen,19.8,No,Figure 2,GFP panel replicate kinetics,results/01_gfp_library_transfer_counts/tables/gfp_lib_standardized_all_replicates.csv
cas12a_precision_editing_figure2_fcs.zip,1008200,ae0dbd8f9e51c5cc7200fd024f02ac0baf210291ccad775669bf536c6d973a77,True,AD_20241203_fnsnrrpr_casvariants_timepoint3_glu_Experiment_Group_A08.fcs,fncas12a_rpr_no,AD_20241203_fnsnrrpr_casvariants_timepoint3_glu,A08,H11,H11,GFP panel,FnCas12a,,RPR1,,No,H11,,1,20_gen,17.3,No,Figure 2,GFP panel replicate kinetics,results/01_gfp_library_transfer_counts/tables/gfp_lib_standardized_all_replicates.csv
cas12a_precision_editing_figure2_fcs.zip,1008200,fe3bb6c13283355f836345c2929e92ebf333d504f5a03d400407e63bf72b53ed,True,AD_20241203_fnsnrrpr_casvariants_timepoint3_glu_Experiment_Group_B05.fcs,fncas12a_rpr_no,AD_20241203_fnsnrrpr_casvariants_timepoint3_glu,B05,A01,A01,GFP panel,FnCas12a,,RPR1,,No,A01,,2,20_gen,19.3,No,Figure 2,GFP panel replicate kinetics,results/01_gfp_library_transfer_counts/tables/gfp_lib_standardized_all_replicates.csv
cas12a_precision_editing_figure2_fcs.zip,1008200,1c85cacb8e242ef9ffafa3f86269c73c23fc738107e54ed61348c0b9306f98e3,True,AD_20241203_fnsnrrpr_casvariants_timepoint3_glu_Experiment_Group_B06.fcs,fncas12a_rpr_no,AD_20241203_fnsnrrpr_casvariants_timepoint3_glu,B06,B05,B05,GFP panel,FnCas12a,,RPR1,,No,B05,,2,20_gen,16.2,No,Figure 2,GFP panel replicate kinetics,results/01_gfp_library_transfer_counts/tables/gfp_lib_standardized_all_replicates.csv
cas12a_precision_editing_figure2_fcs.zip,1008200,109f1de1135a15b4705aa0f5b6119b7141ceb71652e6bd552fae556e7c0eba65,True,AD_20241203_fnsnrrpr_casvariants_timepoint3_glu_Experiment_Group_B07.fcs,fncas12a_rpr_no,AD_20241203_fnsnrrpr_casvariants_timepoint3_glu,B07,E01,E01,GFP panel,FnCas12a,,RPR1,,No,E01,,2,20_gen,19.2,No,Figure 2,GFP panel replicate kinetics,results/01_gfp_library_transfer_counts/tables/gfp_lib_standardized_all_replicates.csv
cas12a_precision_editing_figure2_fcs.zip,1008200,e418c04443bbc01c4df22b64292800750c81d278dc1216282442e48e35dd4b40,True,AD_20241203_fnsnrrpr_casvariants_timepoint3_glu_Experiment_Group_B08.fcs,fncas12a_rpr_no,AD_20241203_fnsnrrpr_casvariants_timepoint3_glu,B08,H11,H11,GFP panel,FnCas12a,,RPR1,,No,H11,,2,20_gen,17.2,No,Figure 2,GFP panel replicate kinetics,results/01_gfp_library_transfer_counts/tables/gfp_lib_standardized_all_replicates.csv
cas12a_precision_editing_figure2_fcs.zip,1008200,56025f82334e8db5129046fb2c742e05891eaf4e66a556c4c6cc9ddb9ddc734b,True,AD_20241203_fnsnrrpr_casvariants_timepoint3_glu_Experiment_Group_C05.fcs,fncas12a_rpr_no,AD_20241203_fnsnrrpr_casvariants_timepoint3_glu,C05,A04,A04,GFP panel,FnCas12a,,RPR1,,No,A04,,1,20_gen,19.7,No,Figure 2,GFP panel replicate kinetics,results/01_gfp_library_transfer_counts/tables/gfp_lib_standardized_all_replicates.csv
cas12a_precision_editing_figure2_fcs.zip,1008200,8f93f8d1e046d6dc743057ef44355fc9c968dde856d6dd59a0099bb8256b61c2,True,AD_20241203_fnsnrrpr_casvariants_timepoint3_glu_Experiment_Group_C06.fcs,fncas12a_rpr_no,AD_20241203_fnsnrrpr_casvariants_timepoint3_glu,C06,C03,C03,GFP panel,FnCas12a,,RPR1,,No,C03,,1,20_gen,16.7,No,Figure 2,GFP panel replicate kinetics,results/01_gfp_library_transfer_counts/tables/gfp_lib_standardized_all_replicates.csv
cas12a_precision_editing_figure2_fcs.zip,1008200,be3dd80714ca04b55837193211936ec918faa84be0799ce325a86dbfeab98436,True,AD_20241203_fnsnrrpr_casvariants_timepoint3_glu_Experiment_Group_C07.fcs,fncas12a_rpr_no,AD_20241203_fnsnrrpr_casvariants_timepoint3_glu,C07,E02,E02,GFP panel,FnCas12a,,RPR1,,No,E02,,1,20_gen,18.0,No,Figure 2,GFP panel replicate kinetics,results/01_gfp_library_transfer_counts/tables/gfp_lib_standardized_all_replicates.csv
cas12a_precision_editing_figure2_fcs.zip,1008200,9f2e59de41a0cdf37bc7d04d73fe19d74411c1e9be7c5f6b31bc1c21e00dbffe,True,AD_20241203_fnsnrrpr_casvariants_timepoint3_glu_Experiment_Group_D05.fcs,fncas12a_rpr_no,AD_20241203_fnsnrrpr_casvariants_timepoint3_glu,D05,A04,A04,GFP panel,FnCas12a,,RPR1,,No,A04,,2,20_gen,20.1,No,Figure 2,GFP panel replicate kinetics,results/01_gfp_library_transfer_counts/tables/gfp_lib_standardized_all_replicates.csv
cas12a_precision_editing_figure2_fcs.zip,1008200,5c68de7bb5ff8f8e0f584af46bff80538e6b74339dd08cf43fdeeea0838a9a80,True,AD_20241203_fnsnrrpr_casvariants_timepoint3_glu_Experiment_Group_D06.fcs,fncas12a_rpr_no,AD_20241203_fnsnrrpr_casvariants_timepoint3_glu,D06,C03,C03,GFP panel,FnCas12a,,RPR1,,No,C03,,2,20_gen,16.1,No,Figure 2,GFP panel replicate kinetics,results/01_gfp_library_transfer_counts/tables/gfp_lib_standardized_all_replicates.csv
cas12a_precision_editing_figure2_fcs.zip,1008200,e5eb01f8ede5e0861e9b26ab5122a13d90407520bc17f3311cfe0de8619e2dd5,True,AD_20241203_fnsnrrpr_casvariants_timepoint3_glu_Experiment_Group_D07.fcs,fncas12a_rpr_no,AD_20241203_fnsnrrpr_casvariants_timepoint3_glu,D07,E02,E02,GFP panel,FnCas12a,,RPR1,,No,E02,,2,20_gen,18.1,No,Figure 2,GFP panel replicate kinetics,results/01_gfp_library_transfer_counts/tables/gfp_lib_standardized_all_replicates.csv
cas12a_precision_editing_figure2_fcs.zip,1008200,b43fd56492355983f22a470c3a9aa0b124e1d04016c6cc76a8e6cec3a6a7fca6,True,AD_20241203_fnsnrrpr_casvariants_timepoint3_glu_Experiment_Group_E05.fcs,fncas12a_rpr_no,AD_20241203_fnsnrrpr_casvariants_timepoint3_glu,E05,A09,A09,GFP panel,FnCas12a,,RPR1,,No,A09,,1,20_gen,19.6,Yes,Figure 2,GFP panel replicate kinetics,results/01_gfp_library_transfer_counts/tables/gfp_lib_standardized_all_replicates.csv
cas12a_precision_editing_figure2_fcs.zip,1008200,116c869222efd71ac5cdccae1386f4e94cdb30d55e736e1a6ace7497b4eaa9eb,True,AD_20241203_fnsnrrpr_casvariants_timepoint3_glu_Experiment_Group_E06.fcs,fncas12a_rpr_no,AD_20241203_fnsnrrpr_casvariants_timepoint3_glu,E06,C04,C04,GFP panel,FnCas12a,,RPR1,,No,C04,,1,20_gen,18.2,No,Figure 2,GFP panel replicate kinetics,results/01_gfp_library_transfer_counts/tables/gfp_lib_standardized_all_replicates.csv
cas12a_precision_editing_figure2_fcs.zip,1008200,9be828e76413a6dbaf1d554a78836200f6db16cac47ee8e0ef43c638af435733,True,AD_20241203_fnsnrrpr_casvariants_timepoint3_glu_Experiment_Group_E07.fcs,fncas12a_rpr_no,AD_20241203_fnsnrrpr_casvariants_timepoint3_glu,E07,E05,E05,GFP panel,FnCas12a,,RPR1,,No,E05,,1,20_gen,19.0,No,Figure 2,GFP panel replicate kinetics,results/01_gfp_library_transfer_counts/tables/gfp_lib_standardized_all_replicates.csv
cas12a_precision_editing_figure2_fcs.zip,1008200,1c5251c4dd59fde4f5e21d2e97579f18636a89f4035fadd2fcc116a989f2d6d2,True,AD_20241203_fnsnrrpr_casvariants_timepoint3_glu_Experiment_Group_F05.fcs,fncas12a_rpr_no,AD_20241203_fnsnrrpr_casvariants_timepoint3_glu,F05,A09,A09,GFP panel,FnCas12a,,RPR1,,No,A09,,2,20_gen,19.4,Yes,Figure 2,GFP panel replicate kinetics,results/01_gfp_library_transfer_counts/tables/gfp_lib_standardized_all_replicates.csv
cas12a_precision_editing_figure2_fcs.zip,1008200,9127f5eea559042162e307ad5096b739bef66896f4759037190a3762a4fe05e2,True,AD_20241203_fnsnrrpr_casvariants_timepoint3_glu_Experiment_Group_F06.fcs,fncas12a_rpr_no,AD_20241203_fnsnrrpr_casvariants_timepoint3_glu,F06,C04,C04,GFP panel,FnCas12a,,RPR1,,No,C04,,2,20_gen,19.4,No,Figure 2,GFP panel replicate kinetics,results/01_gfp_library_transfer_counts/tables/gfp_lib_standardized_all_replicates.csv
cas12a_precision_editing_figure2_fcs.zip,1008200,821dd819676add9af279f6cb4456fc23c65ffd7bbb323a1365430b80f4c4aecb,True,AD_20241203_fnsnrrpr_casvariants_timepoint3_glu_Experiment_Group_F07.fcs,fncas12a_rpr_no,AD_20241203_fnsnrrpr_casvariants_timepoint3_glu,F07,E05,E05,GFP panel,FnCas12a,,RPR1,,No,E05,,2,20_gen,20.4,No,Figure 2,GFP panel replicate kinetics,results/01_gfp_library_transfer_counts/tables/gfp_lib_standardized_all_replicates.csv
cas12a_precision_editing_figure2_fcs.zip,1008200,685b17ee6f8cd8d713cf6b57d921778ee3bab323130854e8a78321acb20a239b,True,AD_20241203_fnsnrrpr_casvariants_timepoint3_glu_Experiment_Group_G05.fcs,fncas12a_rpr_no,AD_20241203_fnsnrrpr_casvariants_timepoint3_glu,G05,A12,A12,GFP panel,FnCas12a,,RPR1,,No,A12,,1,20_gen,19.3,No,Figure 2,GFP panel replicate kinetics,results/01_gfp_library_transfer_counts/tables/gfp_lib_standardized_all_replicates.csv
cas12a_precision_editing_figure2_fcs.zip,1008200,55e502cafc97ebe0e66495a52df58d0281f805bbbe599e3f9d218c65e9aa2822,True,AD_20241203_fnsnrrpr_casvariants_timepoint3_glu_Experiment_Group_G06.fcs,fncas12a_rpr_no,AD_20241203_fnsnrrpr_casvariants_timepoint3_glu,G06,C05,C05,GFP panel,FnCas12a,,RPR1,,No,C05,,1,20_gen,19.5,No,Figure 2,GFP panel replicate kinetics,results/01_gfp_library_transfer_counts/tables/gfp_lib_standardized_all_replicates.csv
cas12a_precision_editing_figure2_fcs.zip,1008200,e8471f6ea64361e7069b8be4b2c8c2b5b8a33a6279e2baa828abf42435f012f0,True,AD_20241203_fnsnrrpr_casvariants_timepoint3_glu_Experiment_Group_G07.fcs,fncas12a_rpr_no,AD_20241203_fnsnrrpr_casvariants_timepoint3_glu,G07,G03,G03,GFP panel,FnCas12a,,RPR1,,No,G03,,1,20_gen,19.7,No,Figure 2,GFP panel replicate kinetics,results/01_gfp_library_transfer_counts/tables/gfp_lib_standardized_all_replicates.csv
cas12a_precision_editing_figure2_fcs.zip,1008200,fc26f2eb6e492c8886634798d1072ff8742eabec60aa68eaf324456ac4815ddf,True,AD_20241203_fnsnrrpr_casvariants_timepoint3_glu_Experiment_Group_H05.fcs,fncas12a_rpr_no,AD_20241203_fnsnrrpr_casvariants_timepoint3_glu,H05,A12,A12,GFP panel,FnCas12a,,RPR1,,No,A12,,2,20_gen,17.2,No,Figure 2,GFP panel replicate kinetics,results/01_gfp_library_transfer_counts/tables/gfp_lib_standardized_all_replicates.csv
cas12a_precision_editing_figure2_fcs.zip,1008200,4388290aadab1ee96987b6ef220f438f6b682bc7d142b93e823cb7717732484b,True,AD_20241203_fnsnrrpr_casvariants_timepoint3_glu_Experiment_Group_H06.fcs,fncas12a_rpr_no,AD_20241203_fnsnrrpr_casvariants_timepoint3_glu,H06,C05,C05,GFP panel,FnCas12a,,RPR1,,No,C05,,2,20_gen,19.8,No,Figure 2,GFP panel replicate kinetics,results/01_gfp_library_transfer_counts/tables/gfp_lib_standardized_all_replicates.csv
cas12a_precision_editing_figure2_fcs.zip,1008200,ef024329b3d25e22fc8bafb1d3224745b489380cafe93a4137fca378d4031a42,True,AD_20241203_fnsnrrpr_casvariants_timepoint3_glu_Experiment_Group_H07.fcs,fncas12a_rpr_no,AD_20241203_fnsnrrpr_casvariants_timepoint3_glu,H07,G03,G03,GFP panel,FnCas12a,,RPR1,,No,G03,,2,20_gen,19.4,No,Figure 2,GFP panel replicate kinetics,results/01_gfp_library_transfer_counts/tables/gfp_lib_standardized_all_replicates.csv
cas12a_precision_editing_figure2_fcs.zip,1008200,f60a2cfe40b463ad997ad412cd0e11f89334d6fb5db7d733e608286a0bf4ae2b,True,AD_20241203_fnsnrrpr_casvariants_timepoint1_Experiment_Group_A05.fcs,fncas12a_rpr_no,AD_20241203_fnsnrrpr_casvariants_timepoint1,A05,A01,A01,GFP panel,FnCas12a,,RPR1,,No,A01,,1,6_gen,5.1,No,Figure 2,GFP panel replicate kinetics,results/01_gfp_library_transfer_counts/tables/gfp_lib_standardized_all_replicates.csv
cas12a_precision_editing_figure2_fcs.zip,260240,a7d8a0cd942d89648b3f26c871a929781433869e287cca790a10fd524bb2f089,True,AD_20241203_fnsnrrpr_casvariants_timepoint1_Experiment_Group_A06.fcs,fncas12a_rpr_no,AD_20241203_fnsnrrpr_casvariants_timepoint1,A06,B05,B05,GFP panel,FnCas12a,,RPR1,,No,B05,,1,6_gen,1.6,No,Figure 2,GFP panel replicate kinetics,results/01_gfp_library_transfer_counts/tables/gfp_lib_standardized_all_replicates.csv
cas12a_precision_editing_figure2_fcs.zip,1008200,60ec4b1ede52639203045c5a53eba384df87d763813d9eee07f69fb5683065c5,True,AD_20241203_fnsnrrpr_casvariants_timepoint1_Experiment_Group_A07.fcs,fncas12a_rpr_no,AD_20241203_fnsnrrpr_casvariants_timepoint1,A07,E01,E01,GFP panel,FnCas12a,,RPR1,,No,E01,,1,6_gen,6.1,No,Figure 2,GFP panel replicate kinetics,results/01_gfp_library_transfer_counts/tables/gfp_lib_standardized_all_replicates.csv
cas12a_precision_editing_figure2_fcs.zip,212240,f16f09f17e752a32b0a54d2afcda6c0bfe61370df4ba4afa114c111cdc94bab6,True,AD_20241203_fnsnrrpr_casvariants_timepoint1_Experiment_Group_A08.fcs,fncas12a_rpr_no,AD_20241203_fnsnrrpr_casvariants_timepoint1,A08,H11,H11,GFP panel,FnCas12a,,RPR1,,No,H11,,1,6_gen,3.2,No,Figure 2,GFP panel replicate kinetics,results/01_gfp_library_transfer_counts/tables/gfp_lib_standardized_all_replicates.csv
cas12a_precision_editing_figure2_fcs.zip,1008200,a64075b0809c6edf8da3dbc2decad31affb23d8f2392bca9f71741816c903796,True,AD_20241203_fnsnrrpr_casvariants_timepoint1_Experiment_Group_B05.fcs,fncas12a_rpr_no,AD_20241203_fnsnrrpr_casvariants_timepoint1,B05,A01,A01,GFP panel,FnCas12a,,RPR1,,No,A01,,2,6_gen,5.5,No,Figure 2,GFP panel replicate kinetics,results/01_gfp_library_transfer_counts/tables/gfp_lib_standardized_all_replicates.csv
cas12a_precision_editing_figure2_fcs.zip,164600,3db19fc9a3706dd209352e33855fdce5b6ae144282752c6f62730dd33e210b2c,True,AD_20241203_fnsnrrpr_casvariants_timepoint1_Experiment_Group_B06.fcs,fncas12a_rpr_no,AD_20241203_fnsnrrpr_casvariants_timepoint1,B06,B05,B05,GFP panel,FnCas12a,,RPR1,,No,B05,,2,6_gen,3.7,No,Figure 2,GFP panel replicate kinetics,results/01_gfp_library_transfer_counts/tables/gfp_lib_standardized_all_replicates.csv
cas12a_precision_editing_figure2_fcs.zip,1008200,68acc74d81d4f92fbb2be6509edd13e8ce0518e19e5167cb6f023b16d261099f,True,AD_20241203_fnsnrrpr_casvariants_timepoint1_Experiment_Group_B07.fcs,fncas12a_rpr_no,AD_20241203_fnsnrrpr_casvariants_timepoint1,B07,E01,E01,GFP panel,FnCas12a,,RPR1,,No,E01,,2,6_gen,6.1,No,Figure 2,GFP panel replicate kinetics,results/01_gfp_library_transfer_counts/tables/gfp_lib_standardized_all_replicates.csv
cas12a_precision_editing_figure2_fcs.zip,165960,73e26b7ca0b001ff4eb2f51081e41726510f34aacde44b1c229d32821c5f94f2,True,AD_20241203_fnsnrrpr_casvariants_timepoint1_Experiment_Group_B08.fcs,fncas12a_rpr_no,AD_20241203_fnsnrrpr_casvariants_timepoint1,B08,H11,H11,GFP panel,FnCas12a,,RPR1,,No,H11,,2,6_gen,3.5,No,Figure 2,GFP panel replicate kinetics,results/01_gfp_library_transfer_counts/tables/gfp_lib_standardized_all_replicates.csv
cas12a_precision_editing_figure2_fcs.zip,576400,c65a2d115c835f61e46f990defeb22b1fc1b080d0396494c219a397f312bdcf7,True,AD_20241203_fnsnrrpr_casvariants_timepoint1_Experiment_Group_C05.fcs,fncas12a_rpr_no,AD_20241203_fnsnrrpr_casvariants_timepoint1,C05,A04,A04,GFP panel,FnCas12a,,RPR1,,No,A04,,1,6_gen,2.3,No,Figure 2,GFP panel replicate kinetics,results/01_gfp_library_transfer_counts/tables/gfp_lib_standardized_all_replicates.csv
cas12a_precision_editing_figure2_fcs.zip,571120,7ca165012ce15ec09c7bd4307afce7fcf255fafd71e847021cb8086cde07e61c,True,AD_20241203_fnsnrrpr_casvariants_timepoint1_Experiment_Group_C06.fcs,fncas12a_rpr_no,AD_20241203_fnsnrrpr_casvariants_timepoint1,C06,C03,C03,GFP panel,FnCas12a,,RPR1,,No,C03,,1,6_gen,4.5,No,Figure 2,GFP panel replicate kinetics,results/01_gfp_library_transfer_counts/tables/gfp_lib_standardized_all_replicates.csv
cas12a_precision_editing_figure2_fcs.zip,843160,7cca190c7612a2b852f4b77e7c75f30f65d2ecaee70cd6a3d037e1773af93e84,True,AD_20241203_fnsnrrpr_casvariants_timepoint1_Experiment_Group_C07.fcs,fncas12a_rpr_no,AD_20241203_fnsnrrpr_casvariants_timepoint1,C07,E02,E02,GFP panel,FnCas12a,,RPR1,,No,E02,,1,6_gen,4.9,No,Figure 2,GFP panel replicate kinetics,results/01_gfp_library_transfer_counts/tables/gfp_lib_standardized_all_replicates.csv
cas12a_precision_editing_figure2_fcs.zip,596280,d2f955fba1d4b8fb039c4f82f5a565938235706265fa08480de039979ee030ee,True,AD_20241203_fnsnrrpr_casvariants_timepoint1_Experiment_Group_D05.fcs,fncas12a_rpr_no,AD_20241203_fnsnrrpr_casvariants_timepoint1,D05,A04,A04,GFP panel,FnCas12a,,RPR1,,No,A04,,2,6_gen,3.2,No,Figure 2,GFP panel replicate kinetics,results/01_gfp_library_transfer_counts/tables/gfp_lib_standardized_all_replicates.csv
cas12a_precision_editing_figure2_fcs.zip,796080,133771c8e22052423eb94f86a773db66371af10e71a99b5037d70712727d422f,True,AD_20241203_fnsnrrpr_casvariants_timepoint1_Experiment_Group_D06.fcs,fncas12a_rpr_no,AD_20241203_fnsnrrpr_casvariants_timepoint1,D06,C03,C03,GFP panel,FnCas12a,,RPR1,,No,C03,,2,6_gen,4.3,No,Figure 2,GFP panel replicate kinetics,results/01_gfp_library_transfer_counts/tables/gfp_lib_standardized_all_replicates.csv
cas12a_precision_editing_figure2_fcs.zip,607080,59e995cccb5103a77ccea5cd3545f2bec9e4505b95d9136bdbc016481b54337b,True,AD_20241203_fnsnrrpr_casvariants_timepoint1_Experiment_Group_D07.fcs,fncas12a_rpr_no,AD_20241203_fnsnrrpr_casvariants_timepoint1,D07,E02,E02,GFP panel,FnCas12a,,RPR1,,No,E02,,2,6_gen,4.6,No,Figure 2,GFP panel replicate kinetics,results/01_gfp_library_transfer_counts/tables/gfp_lib_standardized_all_replicates.csv
cas12a_precision_editing_figure2_fcs.zip,1008200,82303030e96b439d1c1d41fbc6e8693736242071c2817806147d44e8003a2a92,True,AD_20241203_fnsnrrpr_casvariants_timepoint1_Experiment_Group_E05.fcs,fncas12a_rpr_no,AD_20241203_fnsnrrpr_casvariants_timepoint1,E05,A09,A09,GFP panel,FnCas12a,,RPR1,,No,A09,,1,6_gen,7.0,Yes,Figure 2,GFP panel replicate kinetics,results/01_gfp_library_transfer_counts/tables/gfp_lib_standardized_all_replicates.csv
cas12a_precision_editing_figure2_fcs.zip,1008200,cceb788fc9b99c52ee0234fc868502cf5178f7ba76b12e7a100223f8d3a6454e,True,AD_20241203_fnsnrrpr_casvariants_timepoint1_Experiment_Group_E06.fcs,fncas12a_rpr_no,AD_20241203_fnsnrrpr_casvariants_timepoint1,E06,C04,C04,GFP panel,FnCas12a,,RPR1,,No,C04,,1,6_gen,3.2,No,Figure 2,GFP panel replicate kinetics,results/01_gfp_library_transfer_counts/tables/gfp_lib_standardized_all_replicates.csv
cas12a_precision_editing_figure2_fcs.zip,1008200,baa1a2ddc880cb0d9fa1d20c722bb226fe169563952ee53380063c412f44e7a0,True,AD_20241203_fnsnrrpr_casvariants_timepoint1_Experiment_Group_E07.fcs,fncas12a_rpr_no,AD_20241203_fnsnrrpr_casvariants_timepoint1,E07,E05,E05,GFP panel,FnCas12a,,RPR1,,No,E05,,1,6_gen,5.6,No,Figure 2,GFP panel replicate kinetics,results/01_gfp_library_transfer_counts/tables/gfp_lib_standardized_all_replicates.csv
cas12a_precision_editing_figure2_fcs.zip,1008200,5cfcf8489cee619b2cb14d45d9fba27b5f46ad129ae8cb0bde15a062933ade84,True,AD_20241203_fnsnrrpr_casvariants_timepoint1_Experiment_Group_F05.fcs,fncas12a_rpr_no,AD_20241203_fnsnrrpr_casvariants_timepoint1,F05,A09,A09,GFP panel,FnCas12a,,RPR1,,No,A09,,2,6_gen,6.7,Yes,Figure 2,GFP panel replicate kinetics,results/01_gfp_library_transfer_counts/tables/gfp_lib_standardized_all_replicates.csv
cas12a_precision_editing_figure2_fcs.zip,1008200,5e5a30e8caeb7914160df74d4c5db225156adf6637099bd41df06cffd698ea85,True,AD_20241203_fnsnrrpr_casvariants_timepoint1_Experiment_Group_F06.fcs,fncas12a_rpr_no,AD_20241203_fnsnrrpr_casvariants_timepoint1,F06,C04,C04,GFP panel,FnCas12a,,RPR1,,No,C04,,2,6_gen,3.4,No,Figure 2,GFP panel replicate kinetics,results/01_gfp_library_transfer_counts/tables/gfp_lib_standardized_all_replicates.csv
cas12a_precision_editing_figure2_fcs.zip,1008200,d4286e2c647cca179a49b9e2996166aa588cb425a04ac68c1272a38305759146,True,AD_20241203_fnsnrrpr_casvariants_timepoint1_Experiment_Group_F07.fcs,fncas12a_rpr_no,AD_20241203_fnsnrrpr_casvariants_timepoint1,F07,E05,E05,GFP panel,FnCas12a,,RPR1,,No,E05,,2,6_gen,5.7,No,Figure 2,GFP panel replicate kinetics,results/01_gfp_library_transfer_counts/tables/gfp_lib_standardized_all_replicates.csv
cas12a_precision_editing_figure2_fcs.zip,1008200,2c7284228e8619d5193427489a00afe8e24a3807e4de47b2999e99e8d90195ec,True,AD_20241203_fnsnrrpr_casvariants_timepoint1_Experiment_Group_G05.fcs,fncas12a_rpr_no,AD_20241203_fnsnrrpr_casvariants_timepoint1,G05,A12,A12,GFP panel,FnCas12a,,RPR1,,No,A12,,1,6_gen,2.8,No,Figure 2,GFP panel replicate kinetics,results/01_gfp_library_transfer_counts/tables/gfp_lib_standardized_all_replicates.csv
cas12a_precision_editing_figure2_fcs.zip,1008200,c7e9860211f1d0bd46651063a45e0eca1bb3213e115e1dd458acb9575e9a1bd8,True,AD_20241203_fnsnrrpr_casvariants_timepoint1_Experiment_Group_G06.fcs,fncas12a_rpr_no,AD_20241203_fnsnrrpr_casvariants_timepoint1,G06,C05,C05,GFP panel,FnCas12a,,RPR1,,No,C05,,1,6_gen,6.1,No,Figure 2,GFP panel replicate kinetics,results/01_gfp_library_transfer_counts/tables/gfp_lib_standardized_all_replicates.csv
cas12a_precision_editing_figure2_fcs.zip,1008200,3b73c2ff0190cc57169de98918caa9ba40428432aca8270cb6da478649787008,True,AD_20241203_fnsnrrpr_casvariants_timepoint1_Experiment_Group_G07.fcs,fncas12a_rpr_no,AD_20241203_fnsnrrpr_casvariants_timepoint1,G07,G03,G03,GFP panel,FnCas12a,,RPR1,,No,G03,,1,6_gen,4.9,No,Figure 2,GFP panel replicate kinetics,results/01_gfp_library_transfer_counts/tables/gfp_lib_standardized_all_replicates.csv
cas12a_precision_editing_figure2_fcs.zip,1008200,52e177cad4297ba9d737c91707f7fe03d2f2f0941edb8ec9318d19c74db87b1c,True,AD_20241203_fnsnrrpr_casvariants_timepoint1_Experiment_Group_H05.fcs,fncas12a_rpr_no,AD_20241203_fnsnrrpr_casvariants_timepoint1,H05,A12,A12,GFP panel,FnCas12a,,RPR1,,No,A12,,2,6_gen,3.9,No,Figure 2,GFP panel replicate kinetics,results/01_gfp_library_transfer_counts/tables/gfp_lib_standardized_all_replicates.csv
cas12a_precision_editing_figure2_fcs.zip,1008200,0558437516f05375008a40b4183986cdcfb22b03584f9ba770de11580e84bcb4,True,AD_20241203_fnsnrrpr_casvariants_timepoint1_Experiment_Group_H06.fcs,fncas12a_rpr_no,AD_20241203_fnsnrrpr_casvariants_timepoint1,H06,C05,C05,GFP panel,FnCas12a,,RPR1,,No,C05,,2,6_gen,5.9,No,Figure 2,GFP panel replicate kinetics,results/01_gfp_library_transfer_counts/tables/gfp_lib_standardized_all_replicates.csv
cas12a_precision_editing_figure2_fcs.zip,1008200,3a96ffb7f39a22faa276c002e1208f2b9f22d82becffe8859a08b19afd8cf131,True,AD_20241203_fnsnrrpr_casvariants_timepoint1_Experiment_Group_H07.fcs,fncas12a_rpr_no,AD_20241203_fnsnrrpr_casvariants_timepoint1,H07,G03,G03,GFP panel,FnCas12a,,RPR1,,No,G03,,2,6_gen,4.4,No,Figure 2,GFP panel replicate kinetics,results/01_gfp_library_transfer_counts/tables/gfp_lib_standardized_all_replicates.csv
cas12a_precision_editing_figure2_fcs.zip,1008200,3a4b5a28255077bd8fdabfe139d84b8f97f12bf1cc52bae7a1d33bc9237f2ccc,True,AD_20241203_fnsnrrpr_casvariants_scraped_Experiment_Group_A05.fcs,fncas12a_rpr_no,AD_20241203_fnsnrrpr_casvariants_scraped,A05,A12,A12,GFP panel,FnCas12a,,RPR1,,No,A12,,1,scraped,0.0,No,Figure 2,GFP panel replicate kinetics,results/01_gfp_library_transfer_counts/tables/gfp_lib_standardized_all_replicates.csv
cas12a_precision_editing_figure2_fcs.zip,1008200,27b70df909b3e7d31e47690587003c115b2c3cc6f567e6926cfe16dff968ddbc,True,AD_20241203_fnsnrrpr_casvariants_scraped_Experiment_Group_A06.fcs,fncas12a_rpr_no,AD_20241203_fnsnrrpr_casvariants_scraped,A06,C05,C05,GFP panel,FnCas12a,,RPR1,,No,C05,,1,scraped,0.0,No,Figure 2,GFP panel replicate kinetics,results/01_gfp_library_transfer_counts/tables/gfp_lib_standardized_all_replicates.csv
cas12a_precision_editing_figure2_fcs.zip,1008200,06dc3af4411c801a60af6718350e7b0e2d2b5f719e14fa904e2fc194c8441c21,True,AD_20241203_fnsnrrpr_casvariants_scraped_Experiment_Group_A07.fcs,fncas12a_rpr_no,AD_20241203_fnsnrrpr_casvariants_scraped,A07,G03,G03,GFP panel,FnCas12a,,RPR1,,No,G03,,1,scraped,0.0,No,Figure 2,GFP panel replicate kinetics,results/01_gfp_library_transfer_counts/tables/gfp_lib_standardized_all_replicates.csv
cas12a_precision_editing_figure2_fcs.zip,1008200,423457b65dd3ce9a90c8d57d3e25c326c4527a25b0688fb9b32a96001d3acc58,True,AD_20241203_fnsnrrpr_casvariants_scraped_Experiment_Group_B05.fcs,fncas12a_rpr_no,AD_20241203_fnsnrrpr_casvariants_scraped,B05,A12,A12,GFP panel,FnCas12a,,RPR1,,No,A12,,2,scraped,0.0,No,Figure 2,GFP panel replicate kinetics,results/01_gfp_library_transfer_counts/tables/gfp_lib_standardized_all_replicates.csv
cas12a_precision_editing_figure2_fcs.zip,1008200,f42047f2fa724916a1eafbfa1d78adb85fe45b87539fd3191dd96928ecfcce69,True,AD_20241203_fnsnrrpr_casvariants_scraped_Experiment_Group_B06.fcs,fncas12a_rpr_no,AD_20241203_fnsnrrpr_casvariants_scraped,B06,C05,C05,GFP panel,FnCas12a,,RPR1,,No,C05,,2,scraped,0.0,No,Figure 2,GFP panel replicate kinetics,results/01_gfp_library_transfer_counts/tables/gfp_lib_standardized_all_replicates.csv
cas12a_precision_editing_figure2_fcs.zip,1008200,95dc8173b82c8cc6b52cf2ee9298cdbdbe9c0efe946c8c9487933558b2d3fbf0,True,AD_20241203_fnsnrrpr_casvariants_scraped_Experiment_Group_B07.fcs,fncas12a_rpr_no,AD_20241203_fnsnrrpr_casvariants_scraped,B07,G03,G03,GFP panel,FnCas12a,,RPR1,,No,G03,,2,scraped,0.0,No,Figure 2,GFP panel replicate kinetics,results/01_gfp_library_transfer_counts/tables/gfp_lib_standardized_all_replicates.csv
cas12a_precision_editing_figure2_fcs.zip,580000,c1a43957e05f04d449985fc9144d4853f914c5ba02f2e29598697a9a4cfc398b,True,AD_20241203_fnsnrrpr_casvariants_scraped_Experiment_Group_C04.fcs,fncas12a_rpr_no,AD_20241203_fnsnrrpr_casvariants_scraped,C04,A01,A01,GFP panel,FnCas12a,,RPR1,,No,A01,,1,scraped,0.0,No,Figure 2,GFP panel replicate kinetics,results/01_gfp_library_transfer_counts/tables/gfp_lib_standardized_all_replicates.csv
cas12a_precision_editing_figure2_fcs.zip,513760,b633ca4d48ceb7851b252e9b0f722f6090b1de593b36eeadac2b02c3a36feed5,True,AD_20241203_fnsnrrpr_casvariants_scraped_Experiment_Group_C05.fcs,fncas12a_rpr_no,AD_20241203_fnsnrrpr_casvariants_scraped,C05,B05,B05,GFP panel,FnCas12a,,RPR1,,No,B05,,1,scraped,0.0,No,Figure 2,GFP panel replicate kinetics,results/01_gfp_library_transfer_counts/tables/gfp_lib_standardized_all_replicates.csv
cas12a_precision_editing_figure2_fcs.zip,862720,f83ca069608b9070f1f6fe44303719b610a8ae472cb2dedb663cb4623a766938,True,AD_20241203_fnsnrrpr_casvariants_scraped_Experiment_Group_C06.fcs,fncas12a_rpr_no,AD_20241203_fnsnrrpr_casvariants_scraped,C06,E01,E01,GFP panel,FnCas12a,,RPR1,,No,E01,,1,scraped,0.0,No,Figure 2,GFP panel replicate kinetics,results/01_gfp_library_transfer_counts/tables/gfp_lib_standardized_all_replicates.csv
cas12a_precision_editing_figure2_fcs.zip,894640,3347240731a2bdcae0e2839c0b1bec43683c40483c3e6f102272ec99ea1213c8,True,AD_20241203_fnsnrrpr_casvariants_scraped_Experiment_Group_C07.fcs,fncas12a_rpr_no,AD_20241203_fnsnrrpr_casvariants_scraped,C07,H11,H11,GFP panel,FnCas12a,,RPR1,,No,H11,,1,scraped,0.0,No,Figure 2,GFP panel replicate kinetics,results/01_gfp_library_transfer_counts/tables/gfp_lib_standardized_all_replicates.csv
cas12a_precision_editing_figure2_fcs.zip,360920,93c196f06e3eca1cf84d2ca48a41b5f70bea7a989a5f534bb421a5fe1c217098,True,AD_20241203_fnsnrrpr_casvariants_scraped_Experiment_Group_D04.fcs,fncas12a_rpr_no,AD_20241203_fnsnrrpr_casvariants_scraped,D04,A01,A01,GFP panel,FnCas12a,,RPR1,,No,A01,,2,scraped,0.0,No,Figure 2,GFP panel replicate kinetics,results/01_gfp_library_transfer_counts/tables/gfp_lib_standardized_all_replicates.csv
cas12a_precision_editing_figure2_fcs.zip,943160,84eaa37dd6b6813bd050a577c19a120c956d371d7e8622ce08f754989cf8dba9,True,AD_20241203_fnsnrrpr_casvariants_scraped_Experiment_Group_D05.fcs,fncas12a_rpr_no,AD_20241203_fnsnrrpr_casvariants_scraped,D05,B05,B05,GFP panel,FnCas12a,,RPR1,,No,B05,,2,scraped,0.0,No,Figure 2,GFP panel replicate kinetics,results/01_gfp_library_transfer_counts/tables/gfp_lib_standardized_all_replicates.csv
cas12a_precision_editing_figure2_fcs.zip,419560,c5a5d350cac0a42d0650d832ef4f847827b1b0fc1c1a529aee644bda22a4ffe9,True,AD_20241203_fnsnrrpr_casvariants_scraped_Experiment_Group_D06.fcs,fncas12a_rpr_no,AD_20241203_fnsnrrpr_casvariants_scraped,D06,E01,E01,GFP panel,FnCas12a,,RPR1,,No,E01,,2,scraped,0.0,No,Figure 2,GFP panel replicate kinetics,results/01_gfp_library_transfer_counts/tables/gfp_lib_standardized_all_replicates.csv
cas12a_precision_editing_figure2_fcs.zip,431200,2ae87f891780e27d03a24455f3137d7517dcc721b13e60381fe3835fb454252e,True,AD_20241203_fnsnrrpr_casvariants_scraped_Experiment_Group_D07.fcs,fncas12a_rpr_no,AD_20241203_fnsnrrpr_casvariants_scraped,D07,H11,H11,GFP panel,FnCas12a,,RPR1,,No,H11,,2,scraped,0.0,No,Figure 2,GFP panel replicate kinetics,results/01_gfp_library_transfer_counts/tables/gfp_lib_standardized_all_replicates.csv
cas12a_precision_editing_figure2_fcs.zip,617800,33453907615fca1a1644b7b3c6bc3e74a195e8a015587dcab66b4e47b3212145,True,AD_20241203_fnsnrrpr_casvariants_scraped_Experiment_Group_E04.fcs,fncas12a_rpr_no,AD_20241203_fnsnrrpr_casvariants_scraped,E04,A04,A04,GFP panel,FnCas12a,,RPR1,,No,A04,,1,scraped,0.0,No,Figure 2,GFP panel replicate kinetics,results/01_gfp_library_transfer_counts/tables/gfp_lib_standardized_all_replicates.csv
cas12a_precision_editing_figure2_fcs.zip,718360,a242e7a38efe7ed9dfa1937badc9f7d6df758068a5681860a5f90df0ad50938d,True,AD_20241203_fnsnrrpr_casvariants_scraped_Experiment_Group_E05.fcs,fncas12a_rpr_no,AD_20241203_fnsnrrpr_casvariants_scraped,E05,C03,C03,GFP panel,FnCas12a,,RPR1,,No,C03,,1,scraped,0.0,No,Figure 2,GFP panel replicate kinetics,results/01_gfp_library_transfer_counts/tables/gfp_lib_standardized_all_replicates.csv
cas12a_precision_editing_figure2_fcs.zip,570680,95fffad07faeca1a1b3c5b9ac12a8359f3bee34dbb4feaea851d9c0a17248855,True,AD_20241203_fnsnrrpr_casvariants_scraped_Experiment_Group_E06.fcs,fncas12a_rpr_no,AD_20241203_fnsnrrpr_casvariants_scraped,E06,E02,E02,GFP panel,FnCas12a,,RPR1,,No,E02,,1,scraped,0.0,No,Figure 2,GFP panel replicate kinetics,results/01_gfp_library_transfer_counts/tables/gfp_lib_standardized_all_replicates.csv
cas12a_precision_editing_figure2_fcs.zip,257920,d49f523bd693ceb90f40b088310a8d40780d54aad22a0c03100edf886806b9bd,True,AD_20241203_fnsnrrpr_casvariants_scraped_Experiment_Group_F04.fcs,fncas12a_rpr_no,AD_20241203_fnsnrrpr_casvariants_scraped,F04,A04,A04,GFP panel,FnCas12a,,RPR1,,No,A04,,2,scraped,0.0,No,Figure 2,GFP panel replicate kinetics,results/01_gfp_library_transfer_counts/tables/gfp_lib_standardized_all_replicates.csv
cas12a_precision_editing_figure2_fcs.zip,366600,fec56ef693f944d009a87e6faeb07ad210683ae2628118f6cbedfcf963662a96,True,AD_20241203_fnsnrrpr_casvariants_scraped_Experiment_Group_F05.fcs,fncas12a_rpr_no,AD_20241203_fnsnrrpr_casvariants_scraped,F05,C03,C03,GFP panel,FnCas12a,,RPR1,,No,C03,,2,scraped,0.0,No,Figure 2,GFP panel replicate kinetics,results/01_gfp_library_transfer_counts/tables/gfp_lib_standardized_all_replicates.csv
cas12a_precision_editing_figure2_fcs.zip,265640,ce32abc22afd615e640268ed7c65556956a7382359251d8b2beb01733ed3f892,True,AD_20241203_fnsnrrpr_casvariants_scraped_Experiment_Group_F06.fcs,fncas12a_rpr_no,AD_20241203_fnsnrrpr_casvariants_scraped,F06,E02,E02,GFP panel,FnCas12a,,RPR1,,No,E02,,2,scraped,0.0,No,Figure 2,GFP panel replicate kinetics,results/01_gfp_library_transfer_counts/tables/gfp_lib_standardized_all_replicates.csv
cas12a_precision_editing_figure2_fcs.zip,293440,44e97491acbb8af1a6bfef0fac1a782bfd02868641cb148317f5d4c2f6d7839b,True,AD_20241203_fnsnrrpr_casvariants_scraped_Experiment_Group_G04.fcs,fncas12a_rpr_no,AD_20241203_fnsnrrpr_casvariants_scraped,G04,A09,A09,GFP panel,FnCas12a,,RPR1,,No,A09,,1,scraped,0.0,Yes,Figure 2,GFP panel replicate kinetics,results/01_gfp_library_transfer_counts/tables/gfp_lib_standardized_all_replicates.csv
cas12a_precision_editing_figure2_fcs.zip,341400,32e48ae35524bba0408b45c709a51ce562c5b66cb5e528d24e124fb2dd569798,True,AD_20241203_fnsnrrpr_casvariants_scraped_Experiment_Group_G05.fcs,fncas12a_rpr_no,AD_20241203_fnsnrrpr_casvariants_scraped,G05,C04,C04,GFP panel,FnCas12a,,RPR1,,No,C04,,1,scraped,0.0,No,Figure 2,GFP panel replicate kinetics,results/01_gfp_library_transfer_counts/tables/gfp_lib_standardized_all_replicates.csv
cas12a_precision_editing_figure2_fcs.zip,237040,ea9bba2f86942d875a2e7defda691b0f4e71af99e3365520a004f8df004a2cd0,True,AD_20241203_fnsnrrpr_casvariants_scraped_Experiment_Group_G06.fcs,fncas12a_rpr_no,AD_20241203_fnsnrrpr_casvariants_scraped,G06,E05,E05,GFP panel,FnCas12a,,RPR1,,No,E05,,1,scraped,0.0,No,Figure 2,GFP panel replicate kinetics,results/01_gfp_library_transfer_counts/tables/gfp_lib_standardized_all_replicates.csv
cas12a_precision_editing_figure2_fcs.zip,296480,3cc60f2536d40b0412354e4ad6063c49388319c1d6cf8b06d24035958d07e70f,True,AD_20241203_fnsnrrpr_casvariants_scraped_Experiment_Group_H04.fcs,fncas12a_rpr_no,AD_20241203_fnsnrrpr_casvariants_scraped,H04,A09,A09,GFP panel,FnCas12a,,RPR1,,No,A09,,2,scraped,0.0,Yes,Figure 2,GFP panel replicate kinetics,results/01_gfp_library_transfer_counts/tables/gfp_lib_standardized_all_replicates.csv
cas12a_precision_editing_figure2_fcs.zip,320920,9c4d353215b9f4b231c79add2445c8d777f4edfe038f10fb9d3fd8da17159e22,True,AD_20241203_fnsnrrpr_casvariants_scraped_Experiment_Group_H05.fcs,fncas12a_rpr_no,AD_20241203_fnsnrrpr_casvariants_scraped,H05,C04,C04,GFP panel,FnCas12a,,RPR1,,No,C04,,2,scraped,0.0,No,Figure 2,GFP panel replicate kinetics,results/01_gfp_library_transfer_counts/tables/gfp_lib_standardized_all_replicates.csv
cas12a_precision_editing_figure2_fcs.zip,602320,4bd242f7ac0efb5b127b90aea0a529f4e21a8fac1f328a584c9ad19c53212f4d,True,AD_20241203_fnsnrrpr_casvariants_scraped_Experiment_Group_H06.fcs,fncas12a_rpr_no,AD_20241203_fnsnrrpr_casvariants_scraped,H06,E05,E05,GFP panel,FnCas12a,,RPR1,,No,E05,,2,scraped,0.0,No,Figure 2,GFP panel replicate kinetics,results/01_gfp_library_transfer_counts/tables/gfp_lib_standardized_all_replicates.csv
cas12a_precision_editing_figure2_fcs.zip,1008200,4e49abfa794f93f082c535f574ab4eb353ba772366c4a0db76b9a0f951dbcd56,True,AD_20241205_gfplib_fncas12a_lexA_snrrpr_timepoint3_Experiment_Group_A05.fcs,fncas12a_rpr_yes,AD_20241205_gfplib_fncas12a_lexA_snrrpr_timepoint3,A05,A01,A01,GFP panel,FnCas12a,,RPR1,,Yes,A01,,1,11_gen,12.1,No,Figure 2,GFP panel replicate kinetics,results/01_gfp_library_transfer_counts/tables/gfp_lib_standardized_all_replicates.csv
cas12a_precision_editing_figure2_fcs.zip,738200,28680f3acd49b2d6f9bf3cdca36f583af6c763e3dcc853f85338d93bb45b440b,True,AD_20241205_gfplib_fncas12a_lexA_snrrpr_timepoint3_Experiment_Group_A06.fcs,fncas12a_rpr_yes,AD_20241205_gfplib_fncas12a_lexA_snrrpr_timepoint3,A06,B05,B05,GFP panel,FnCas12a,,RPR1,,Yes,B05,,1,11_gen,10.3,No,Figure 2,GFP panel replicate kinetics,results/01_gfp_library_transfer_counts/tables/gfp_lib_standardized_all_replicates.csv
cas12a_precision_editing_figure2_fcs.zip,273040,952304dbdd1e0f7f58a3930b8eda86dfa784198ddbdb15259af9cf61706d15b9,True,AD_20241205_gfplib_fncas12a_lexA_snrrpr_timepoint3_Experiment_Group_A07.fcs,fncas12a_rpr_yes,AD_20241205_gfplib_fncas12a_lexA_snrrpr_timepoint3,A07,E01,E01,GFP panel,FnCas12a,,RPR1,,Yes,E01,,1,11_gen,10.7,No,Figure 2,GFP panel replicate kinetics,results/01_gfp_library_transfer_counts/tables/gfp_lib_standardized_all_replicates.csv
cas12a_precision_editing_figure2_fcs.zip,1008200,a3bf69ba229f7148b38c90f2c5ed0847167fb072552c25068ec609491f5d74ef,True,AD_20241205_gfplib_fncas12a_lexA_snrrpr_timepoint3_Experiment_Group_A08.fcs,fncas12a_rpr_yes,AD_20241205_gfplib_fncas12a_lexA_snrrpr_timepoint3,A08,H11,H11,GFP panel,FnCas12a,,RPR1,,Yes,H11,,1,11_gen,9.2,No,Figure 2,GFP panel replicate kinetics,results/01_gfp_library_transfer_counts/tables/gfp_lib_standardized_all_replicates.csv
cas12a_precision_editing_figure2_fcs.zip,1008200,eb285e3b978ceaea02b89277e0c476e77b7152e3855640b9c0751b31091ffb37,True,AD_20241205_gfplib_fncas12a_lexA_snrrpr_timepoint3_Experiment_Group_B05.fcs,fncas12a_rpr_yes,AD_20241205_gfplib_fncas12a_lexA_snrrpr_timepoint3,B05,A01,A01,GFP panel,FnCas12a,,RPR1,,Yes,A01,,2,11_gen,11.9,No,Figure 2,GFP panel replicate kinetics,results/01_gfp_library_transfer_counts/tables/gfp_lib_standardized_all_replicates.csv
cas12a_precision_editing_figure2_fcs.zip,1008200,1d2b58deefc1e3a53cf37b7be3456bddb9d84a9edaf5cce6155a57c1719eeff6,True,AD_20241205_gfplib_fncas12a_lexA_snrrpr_timepoint3_Experiment_Group_B06.fcs,fncas12a_rpr_yes,AD_20241205_gfplib_fncas12a_lexA_snrrpr_timepoint3,B06,B05,B05,GFP panel,FnCas12a,,RPR1,,Yes,B05,,2,11_gen,10.7,No,Figure 2,GFP panel replicate kinetics,results/01_gfp_library_transfer_counts/tables/gfp_lib_standardized_all_replicates.csv
cas12a_precision_editing_figure2_fcs.zip,220240,024b1d4de46641ca6683bb1bb8b7562cd458d7ed1068a9c9e5f0029ddbde3eaa,True,AD_20241205_gfplib_fncas12a_lexA_snrrpr_timepoint3_Experiment_Group_B07.fcs,fncas12a_rpr_yes,AD_20241205_gfplib_fncas12a_lexA_snrrpr_timepoint3,B07,E01,E01,GFP panel,FnCas12a,,RPR1,,Yes,E01,,2,11_gen,8.8,No,Figure 2,GFP panel replicate kinetics,results/01_gfp_library_transfer_counts/tables/gfp_lib_standardized_all_replicates.csv
cas12a_precision_editing_figure2_fcs.zip,753880,aa9cc1116fa6b059c809dfb020387a7d1c5664eaa5fccba47cd025a6531af21b,True,AD_20241205_gfplib_fncas12a_lexA_snrrpr_timepoint3_Experiment_Group_B08.fcs,fncas12a_rpr_yes,AD_20241205_gfplib_fncas12a_lexA_snrrpr_timepoint3,B08,H11,H11,GFP panel,FnCas12a,,RPR1,,Yes,H11,,2,11_gen,9.9,No,Figure 2,GFP panel replicate kinetics,results/01_gfp_library_transfer_counts/tables/gfp_lib_standardized_all_replicates.csv
cas12a_precision_editing_figure2_fcs.zip,1008200,140d7951ce6d20d20f7022bcc84d2c6ce3be71bb1f8f46bd942581c372b2da39,True,AD_20241205_gfplib_fncas12a_lexA_snrrpr_timepoint3_Experiment_Group_C05.fcs,fncas12a_rpr_yes,AD_20241205_gfplib_fncas12a_lexA_snrrpr_timepoint3,C05,A04,A04,GFP panel,FnCas12a,,RPR1,,Yes,A04,,1,11_gen,11.7,No,Figure 2,GFP panel replicate kinetics,results/01_gfp_library_transfer_counts/tables/gfp_lib_standardized_all_replicates.csv
cas12a_precision_editing_figure2_fcs.zip,1008200,1915df7d95dbfdffc790f567e17c24eda271008f172d7c44123f02e57e72812b,True,AD_20241205_gfplib_fncas12a_lexA_snrrpr_timepoint3_Experiment_Group_C06.fcs,fncas12a_rpr_yes,AD_20241205_gfplib_fncas12a_lexA_snrrpr_timepoint3,C06,C03,C03,GFP panel,FnCas12a,,RPR1,,Yes,C03,,1,11_gen,10.1,No,Figure 2,GFP panel replicate kinetics,results/01_gfp_library_transfer_counts/tables/gfp_lib_standardized_all_replicates.csv
cas12a_precision_editing_figure2_fcs.zip,1008200,57c266841404f325cc1f58ecfd667132df3dd85f4beeacfb01c1cb7559e39910,True,AD_20241205_gfplib_fncas12a_lexA_snrrpr_timepoint3_Experiment_Group_C07.fcs,fncas12a_rpr_yes,AD_20241205_gfplib_fncas12a_lexA_snrrpr_timepoint3,C07,E02,E02,GFP panel,FnCas12a,,RPR1,,Yes,E02,,1,11_gen,10.0,No,Figure 2,GFP panel replicate kinetics,results/01_gfp_library_transfer_counts/tables/gfp_lib_standardized_all_replicates.csv
cas12a_precision_editing_figure2_fcs.zip,1008200,825d88d5557b2fa4cf779695d07f79b8132b24ca10ed39b0e79a303efa728d03,True,AD_20241205_gfplib_fncas12a_lexA_snrrpr_timepoint3_Experiment_Group_D05.fcs,fncas12a_rpr_yes,AD_20241205_gfplib_fncas12a_lexA_snrrpr_timepoint3,D05,A04,A04,GFP panel,FnCas12a,,RPR1,,Yes,A04,,2,11_gen,11.9,No,Figure 2,GFP panel replicate kinetics,results/01_gfp_library_transfer_counts/tables/gfp_lib_standardized_all_replicates.csv
cas12a_precision_editing_figure2_fcs.zip,1008200,d4637c705bffcf7a2e9688efea54725c9b675bf0f539be0ad09abafa4396d0da,True,AD_20241205_gfplib_fncas12a_lexA_snrrpr_timepoint3_Experiment_Group_D06.fcs,fncas12a_rpr_yes,AD_20241205_gfplib_fncas12a_lexA_snrrpr_timepoint3,D06,C03,C03,GFP panel,FnCas12a,,RPR1,,Yes,C03,,2,11_gen,10.6,No,Figure 2,GFP panel replicate kinetics,results/01_gfp_library_transfer_counts/tables/gfp_lib_standardized_all_replicates.csv
cas12a_precision_editing_figure2_fcs.zip,1008200,8f182b12aa4cc61816e616ff440623d02aa7bfeff61569dea83801d1094bb6d4,True,AD_20241205_gfplib_fncas12a_lexA_snrrpr_timepoint3_Experiment_Group_D07.fcs,fncas12a_rpr_yes,AD_20241205_gfplib_fncas12a_lexA_snrrpr_timepoint3,D07,E02,E02,GFP panel,FnCas12a,,RPR1,,Yes,E02,,2,11_gen,10.2,No,Figure 2,GFP panel replicate kinetics,results/01_gfp_library_transfer_counts/tables/gfp_lib_standardized_all_replicates.csv
cas12a_precision_editing_figure2_fcs.zip,1008200,0db12c3b74a30b3de82945da1f65d076a05ed9816c6d38fff56d975560a59608,True,AD_20241205_gfplib_fncas12a_lexA_snrrpr_timepoint3_Experiment_Group_E05.fcs,fncas12a_rpr_yes,AD_20241205_gfplib_fncas12a_lexA_snrrpr_timepoint3,E05,A09,A09,GFP panel,FnCas12a,,RPR1,,Yes,A09,,1,11_gen,12.0,Yes,Figure 2,GFP panel replicate kinetics,results/01_gfp_library_transfer_counts/tables/gfp_lib_standardized_all_replicates.csv
cas12a_precision_editing_figure2_fcs.zip,1008200,09fd409e88b3cdfca64a9c27a8526b6a86912da9e55358a14befdd958e9cba43,True,AD_20241205_gfplib_fncas12a_lexA_snrrpr_timepoint3_Experiment_Group_E06.fcs,fncas12a_rpr_yes,AD_20241205_gfplib_fncas12a_lexA_snrrpr_timepoint3,E06,C04,C04,GFP panel,FnCas12a,,RPR1,,Yes,C04,,1,11_gen,11.1,No,Figure 2,GFP panel replicate kinetics,results/01_gfp_library_transfer_counts/tables/gfp_lib_standardized_all_replicates.csv
cas12a_precision_editing_figure2_fcs.zip,1008200,9768b8e1ccc1523041084a8bde8d7d72c726f913a792c116d2c8abf4eee6a802,True,AD_20241205_gfplib_fncas12a_lexA_snrrpr_timepoint3_Experiment_Group_E07.fcs,fncas12a_rpr_yes,AD_20241205_gfplib_fncas12a_lexA_snrrpr_timepoint3,E07,E05,E05,GFP panel,FnCas12a,,RPR1,,Yes,E05,,1,11_gen,10.6,No,Figure 2,GFP panel replicate kinetics,results/01_gfp_library_transfer_counts/tables/gfp_lib_standardized_all_replicates.csv
cas12a_precision_editing_figure2_fcs.zip,1008200,a006b534440e748a3b44568077efb7ec1f7f3849892f625edbb1caf3e1f7a616,True,AD_20241205_gfplib_fncas12a_lexA_snrrpr_timepoint3_Experiment_Group_F05.fcs,fncas12a_rpr_yes,AD_20241205_gfplib_fncas12a_lexA_snrrpr_timepoint3,F05,A09,A09,GFP panel,FnCas12a,,RPR1,,Yes,A09,,2,11_gen,11.5,Yes,Figure 2,GFP panel replicate kinetics,results/01_gfp_library_transfer_counts/tables/gfp_lib_standardized_all_replicates.csv
cas12a_precision_editing_figure2_fcs.zip,1008200,94a9afca088a903bda1c9e889b17190bf1400b760045a66c52d3caed5c36231b,True,AD_20241205_gfplib_fncas12a_lexA_snrrpr_timepoint3_Experiment_Group_F06.fcs,fncas12a_rpr_yes,AD_20241205_gfplib_fncas12a_lexA_snrrpr_timepoint3,F06,C04,C04,GFP panel,FnCas12a,,RPR1,,Yes,C04,,2,11_gen,10.4,No,Figure 2,GFP panel replicate kinetics,results/01_gfp_library_transfer_counts/tables/gfp_lib_standardized_all_replicates.csv
cas12a_precision_editing_figure2_fcs.zip,1008200,1e1cfbd1ba82a9380de32adb7533483cd487cb245757c514fd734235f73d5e4e,True,AD_20241205_gfplib_fncas12a_lexA_snrrpr_timepoint3_Experiment_Group_F07.fcs,fncas12a_rpr_yes,AD_20241205_gfplib_fncas12a_lexA_snrrpr_timepoint3,F07,E05,E05,GFP panel,FnCas12a,,RPR1,,Yes,E05,,2,11_gen,11.5,No,Figure 2,GFP panel replicate kinetics,results/01_gfp_library_transfer_counts/tables/gfp_lib_standardized_all_replicates.csv
cas12a_precision_editing_figure2_fcs.zip,1008200,2797dd8f978cc107c38a5fbe1bde0b54738cc4f148cf8d3bc385c1a61585f94a,True,AD_20241205_gfplib_fncas12a_lexA_snrrpr_timepoint3_Experiment_Group_G05.fcs,fncas12a_rpr_yes,AD_20241205_gfplib_fncas12a_lexA_snrrpr_timepoint3,G05,A12,A12,GFP panel,FnCas12a,,RPR1,,Yes,A12,,1,11_gen,11.9,No,Figure 2,GFP panel replicate kinetics,results/01_gfp_library_transfer_counts/tables/gfp_lib_standardized_all_replicates.csv
cas12a_precision_editing_figure2_fcs.zip,1008200,e9c35e83274517268ca51033cccb726c73f08bf885471f2e4bd0f2fbe37a6aa9,True,AD_20241205_gfplib_fncas12a_lexA_snrrpr_timepoint3_Experiment_Group_G06.fcs,fncas12a_rpr_yes,AD_20241205_gfplib_fncas12a_lexA_snrrpr_timepoint3,G06,C05,C05,GFP panel,FnCas12a,,RPR1,,Yes,C05,,1,11_gen,11.0,No,Figure 2,GFP panel replicate kinetics,results/01_gfp_library_transfer_counts/tables/gfp_lib_standardized_all_replicates.csv
cas12a_precision_editing_figure2_fcs.zip,253880,122b975f7635776a2b2c1dd85cc334855e1d4e0506573d17e5b1746c11f3c84a,True,AD_20241205_gfplib_fncas12a_lexA_snrrpr_timepoint3_Experiment_Group_G07.fcs,fncas12a_rpr_yes,AD_20241205_gfplib_fncas12a_lexA_snrrpr_timepoint3,G07,G03,G03,GFP panel,FnCas12a,,RPR1,,Yes,G03,,1,11_gen,9.8,No,Figure 2,GFP panel replicate kinetics,results/01_gfp_library_transfer_counts/tables/gfp_lib_standardized_all_replicates.csv
cas12a_precision_editing_figure2_fcs.zip,1008200,c8a3ca08f7d38dfd2bbeaa6fdddd5c720eeb9d4ff2d3c690adb29ad83bd4a602,True,AD_20241205_gfplib_fncas12a_lexA_snrrpr_timepoint3_Experiment_Group_H05.fcs,fncas12a_rpr_yes,AD_20241205_gfplib_fncas12a_lexA_snrrpr_timepoint3,H05,A12,A12,GFP panel,FnCas12a,,RPR1,,Yes,A12,,2,11_gen,12.0,No,Figure 2,GFP panel replicate kinetics,results/01_gfp_library_transfer_counts/tables/gfp_lib_standardized_all_replicates.csv
cas12a_precision_editing_figure2_fcs.zip,1008200,a32a68dfe67c2f904e875efc5e3cc6c0e2fd273542e21a86d888d285aa4115ef,True,AD_20241205_gfplib_fncas12a_lexA_snrrpr_timepoint3_Experiment_Group_H06.fcs,fncas12a_rpr_yes,AD_20241205_gfplib_fncas12a_lexA_snrrpr_timepoint3,H06,C05,C05,GFP panel,FnCas12a,,RPR1,,Yes,C05,,2,11_gen,10.8,No,Figure 2,GFP panel replicate kinetics,results/01_gfp_library_transfer_counts/tables/gfp_lib_standardized_all_replicates.csv
cas12a_precision_editing_figure2_fcs.zip,1008200,39902c0b6230561f1fa4e348f1589a208a50fb32c56452e5891faa4712af705a,True,AD_20241205_gfplib_fncas12a_lexA_snrrpr_timepoint3_Experiment_Group_H07.fcs,fncas12a_rpr_yes,AD_20241205_gfplib_fncas12a_lexA_snrrpr_timepoint3,H07,G03,G03,GFP panel,FnCas12a,,RPR1,,Yes,G03,,2,11_gen,10.6,No,Figure 2,GFP panel replicate kinetics,results/01_gfp_library_transfer_counts/tables/gfp_lib_standardized_all_replicates.csv
cas12a_precision_editing_figure2_fcs.zip,1008200,213978313589629642fbb4b5e77932f3e3b5e06067e1a584bea1c66b210606bf,True,AD_20241205_gfplib_fncas12a_lexA_snrrpr_timepoint4_Experiment_Group_A05.fcs,fncas12a_rpr_yes,AD_20241205_gfplib_fncas12a_lexA_snrrpr_timepoint4,A05,A01,A01,GFP panel,FnCas12a,,RPR1,,Yes,A01,,1,20_gen,20.9,No,Figure 2,GFP panel replicate kinetics,results/01_gfp_library_transfer_counts/tables/gfp_lib_standardized_all_replicates.csv
cas12a_precision_editing_figure2_fcs.zip,1008200,c8d21ba4d20af7a4ac0d53a4fac76e030bb8e94340e957e958d93c1790e729e3,True,AD_20241205_gfplib_fncas12a_lexA_snrrpr_timepoint4_Experiment_Group_A06.fcs,fncas12a_rpr_yes,AD_20241205_gfplib_fncas12a_lexA_snrrpr_timepoint4,A06,B05,B05,GFP panel,FnCas12a,,RPR1,,Yes,B05,,1,20_gen,16.2,No,Figure 2,GFP panel replicate kinetics,results/01_gfp_library_transfer_counts/tables/gfp_lib_standardized_all_replicates.csv
cas12a_precision_editing_figure2_fcs.zip,1008200,67b1006abb0732808433e6a0291bac8689682fbd7ba672f78c264247dffbf633,True,AD_20241205_gfplib_fncas12a_lexA_snrrpr_timepoint4_Experiment_Group_A07.fcs,fncas12a_rpr_yes,AD_20241205_gfplib_fncas12a_lexA_snrrpr_timepoint4,A07,E01,E01,GFP panel,FnCas12a,,RPR1,,Yes,E01,,1,20_gen,15.6,No,Figure 2,GFP panel replicate kinetics,results/01_gfp_library_transfer_counts/tables/gfp_lib_standardized_all_replicates.csv
cas12a_precision_editing_figure2_fcs.zip,1008200,c1ed7902709e897a8e20009ab9d0430f47f5c0e8f897b44d9a24de27331d2e49,True,AD_20241205_gfplib_fncas12a_lexA_snrrpr_timepoint4_Experiment_Group_A08.fcs,fncas12a_rpr_yes,AD_20241205_gfplib_fncas12a_lexA_snrrpr_timepoint4,A08,H11,H11,GFP panel,FnCas12a,,RPR1,,Yes,H11,,1,20_gen,16.9,No,Figure 2,GFP panel replicate kinetics,results/01_gfp_library_transfer_counts/tables/gfp_lib_standardized_all_replicates.csv
cas12a_precision_editing_figure2_fcs.zip,1008200,2dee6f92684f5ed55b493edba6759d3cd5f40f754cf132bb89bbb0ac92def716,True,AD_20241205_gfplib_fncas12a_lexA_snrrpr_timepoint4_Experiment_Group_B05.fcs,fncas12a_rpr_yes,AD_20241205_gfplib_fncas12a_lexA_snrrpr_timepoint4,B05,A01,A01,GFP panel,FnCas12a,,RPR1,,Yes,A01,,2,20_gen,20.2,No,Figure 2,GFP panel replicate kinetics,results/01_gfp_library_transfer_counts/tables/gfp_lib_standardized_all_replicates.csv
cas12a_precision_editing_figure2_fcs.zip,1008200,f95c74bf761181a9a70ff3e919547f20d21cc8495c8471c5d93835962b6540d5,True,AD_20241205_gfplib_fncas12a_lexA_snrrpr_timepoint4_Experiment_Group_B06.fcs,fncas12a_rpr_yes,AD_20241205_gfplib_fncas12a_lexA_snrrpr_timepoint4,B06,B05,B05,GFP panel,FnCas12a,,RPR1,,Yes,B05,,2,20_gen,18.7,No,Figure 2,GFP panel replicate kinetics,results/01_gfp_library_transfer_counts/tables/gfp_lib_standardized_all_replicates.csv
cas12a_precision_editing_figure2_fcs.zip,1008200,9c2cac1a7834bcebf13633ed074fc486dad4443044131b5d08c453b63db37de2,True,AD_20241205_gfplib_fncas12a_lexA_snrrpr_timepoint4_Experiment_Group_B07.fcs,fncas12a_rpr_yes,AD_20241205_gfplib_fncas12a_lexA_snrrpr_timepoint4,B07,E01,E01,GFP panel,FnCas12a,,RPR1,,Yes,E01,,2,20_gen,15.1,No,Figure 2,GFP panel replicate kinetics,results/01_gfp_library_transfer_counts/tables/gfp_lib_standardized_all_replicates.csv
cas12a_precision_editing_figure2_fcs.zip,1008200,f8a4f95cfbeb254ac4eb39ac83bfe186532a620b032160f2846b5707237109fc,True,AD_20241205_gfplib_fncas12a_lexA_snrrpr_timepoint4_Experiment_Group_B08.fcs,fncas12a_rpr_yes,AD_20241205_gfplib_fncas12a_lexA_snrrpr_timepoint4,B08,H11,H11,GFP panel,FnCas12a,,RPR1,,Yes,H11,,2,20_gen,15.1,No,Figure 2,GFP panel replicate kinetics,results/01_gfp_library_transfer_counts/tables/gfp_lib_standardized_all_replicates.csv
cas12a_precision_editing_figure2_fcs.zip,1008200,799657711b30c28a45701c7d54258df8ff03e77930d7a6956edd56862939493e,True,AD_20241205_gfplib_fncas12a_lexA_snrrpr_timepoint4_Experiment_Group_C05.fcs,fncas12a_rpr_yes,AD_20241205_gfplib_fncas12a_lexA_snrrpr_timepoint4,C05,A04,A04,GFP panel,FnCas12a,,RPR1,,Yes,A04,,1,20_gen,20.2,No,Figure 2,GFP panel replicate kinetics,results/01_gfp_library_transfer_counts/tables/gfp_lib_standardized_all_replicates.csv
cas12a_precision_editing_figure2_fcs.zip,1008200,4eb67c052303a1de9db703798585e8f7d4f8d658e9d1ecac47df6be968ade501,True,AD_20241205_gfplib_fncas12a_lexA_snrrpr_timepoint4_Experiment_Group_C06.fcs,fncas12a_rpr_yes,AD_20241205_gfplib_fncas12a_lexA_snrrpr_timepoint4,C06,C03,C03,GFP panel,FnCas12a,,RPR1,,Yes,C03,,1,20_gen,18.0,No,Figure 2,GFP panel replicate kinetics,results/01_gfp_library_transfer_counts/tables/gfp_lib_standardized_all_replicates.csv
cas12a_precision_editing_figure2_fcs.zip,1008200,95322f818c814e1fbacaf90ed4daf79b85c63e8e6c961d0d7696b878420d0a0b,True,AD_20241205_gfplib_fncas12a_lexA_snrrpr_timepoint4_Experiment_Group_C07.fcs,fncas12a_rpr_yes,AD_20241205_gfplib_fncas12a_lexA_snrrpr_timepoint4,C07,E02,E02,GFP panel,FnCas12a,,RPR1,,Yes,E02,,1,20_gen,18.5,No,Figure 2,GFP panel replicate kinetics,results/01_gfp_library_transfer_counts/tables/gfp_lib_standardized_all_replicates.csv
cas12a_precision_editing_figure2_fcs.zip,1008200,a856e510edb1e2b23127a291a82e94d7d47f8e9baba32142ce5cbed5facc0901,True,AD_20241205_gfplib_fncas12a_lexA_snrrpr_timepoint4_Experiment_Group_D05.fcs,fncas12a_rpr_yes,AD_20241205_gfplib_fncas12a_lexA_snrrpr_timepoint4,D05,A04,A04,GFP panel,FnCas12a,,RPR1,,Yes,A04,,2,20_gen,20.6,No,Figure 2,GFP panel replicate kinetics,results/01_gfp_library_transfer_counts/tables/gfp_lib_standardized_all_replicates.csv
cas12a_precision_editing_figure2_fcs.zip,1008200,5ae62c969f81efc3981df548bcc5a2d505819c19900d3de07c40e2f79df4fc0a,True,AD_20241205_gfplib_fncas12a_lexA_snrrpr_timepoint4_Experiment_Group_D06.fcs,fncas12a_rpr_yes,AD_20241205_gfplib_fncas12a_lexA_snrrpr_timepoint4,D06,C03,C03,GFP panel,FnCas12a,,RPR1,,Yes,C03,,2,20_gen,18.8,No,Figure 2,GFP panel replicate kinetics,results/01_gfp_library_transfer_counts/tables/gfp_lib_standardized_all_replicates.csv
cas12a_precision_editing_figure2_fcs.zip,1008200,26b87727e7ed13f3b51d42f17d712a146e76f27e8176cb2bae6b6e810f85ae28,True,AD_20241205_gfplib_fncas12a_lexA_snrrpr_timepoint4_Experiment_Group_D07.fcs,fncas12a_rpr_yes,AD_20241205_gfplib_fncas12a_lexA_snrrpr_timepoint4,D07,E02,E02,GFP panel,FnCas12a,,RPR1,,Yes,E02,,2,20_gen,19.1,No,Figure 2,GFP panel replicate kinetics,results/01_gfp_library_transfer_counts/tables/gfp_lib_standardized_all_replicates.csv
cas12a_precision_editing_figure2_fcs.zip,1008200,affffd1272d0e040ff6fefc6e6f6fe138d5f77db39dc98acbd4723b2a230ab7d,True,AD_20241205_gfplib_fncas12a_lexA_snrrpr_timepoint4_Experiment_Group_E05.fcs,fncas12a_rpr_yes,AD_20241205_gfplib_fncas12a_lexA_snrrpr_timepoint4,E05,A09,A09,GFP panel,FnCas12a,,RPR1,,Yes,A09,,1,20_gen,20.1,Yes,Figure 2,GFP panel replicate kinetics,results/01_gfp_library_transfer_counts/tables/gfp_lib_standardized_all_replicates.csv
cas12a_precision_editing_figure2_fcs.zip,1008200,c8250f9e8168320b321dc4e01b939a02be1459f392402287c24b9bc7f090a8c1,True,AD_20241205_gfplib_fncas12a_lexA_snrrpr_timepoint4_Experiment_Group_E06.fcs,fncas12a_rpr_yes,AD_20241205_gfplib_fncas12a_lexA_snrrpr_timepoint4,E06,C04,C04,GFP panel,FnCas12a,,RPR1,,Yes,C04,,1,20_gen,19.2,No,Figure 2,GFP panel replicate kinetics,results/01_gfp_library_transfer_counts/tables/gfp_lib_standardized_all_replicates.csv
cas12a_precision_editing_figure2_fcs.zip,1008200,928ad931fb2b4ccc7c1db08dfb55cc6494061c49140d08ca8f6345bec8d462ac,True,AD_20241205_gfplib_fncas12a_lexA_snrrpr_timepoint4_Experiment_Group_E07.fcs,fncas12a_rpr_yes,AD_20241205_gfplib_fncas12a_lexA_snrrpr_timepoint4,E07,E05,E05,GFP panel,FnCas12a,,RPR1,,Yes,E05,,1,20_gen,18.7,No,Figure 2,GFP panel replicate kinetics,results/01_gfp_library_transfer_counts/tables/gfp_lib_standardized_all_replicates.csv
cas12a_precision_editing_figure2_fcs.zip,1008200,8950f123fa58199aa3890f8c307f569596e3a347c4ec753359ef207003227faa,True,AD_20241205_gfplib_fncas12a_lexA_snrrpr_timepoint4_Experiment_Group_F05.fcs,fncas12a_rpr_yes,AD_20241205_gfplib_fncas12a_lexA_snrrpr_timepoint4,F05,A09,A09,GFP panel,FnCas12a,,RPR1,,Yes,A09,,2,20_gen,20.1,Yes,Figure 2,GFP panel replicate kinetics,results/01_gfp_library_transfer_counts/tables/gfp_lib_standardized_all_replicates.csv
cas12a_precision_editing_figure2_fcs.zip,1008200,c8575395f6718311ede184c21ce5465bd24846a91b55879130179f54339632ac,True,AD_20241205_gfplib_fncas12a_lexA_snrrpr_timepoint4_Experiment_Group_F06.fcs,fncas12a_rpr_yes,AD_20241205_gfplib_fncas12a_lexA_snrrpr_timepoint4,F06,C04,C04,GFP panel,FnCas12a,,RPR1,,Yes,C04,,2,20_gen,19.0,No,Figure 2,GFP panel replicate kinetics,results/01_gfp_library_transfer_counts/tables/gfp_lib_standardized_all_replicates.csv
cas12a_precision_editing_figure2_fcs.zip,1008200,ef021ee779e8d2e7ef1977cb5d8c8155ffd9a2ef97084b561aee1f2d6e7711f0,True,AD_20241205_gfplib_fncas12a_lexA_snrrpr_timepoint4_Experiment_Group_F07.fcs,fncas12a_rpr_yes,AD_20241205_gfplib_fncas12a_lexA_snrrpr_timepoint4,F07,E05,E05,GFP panel,FnCas12a,,RPR1,,Yes,E05,,2,20_gen,20.3,No,Figure 2,GFP panel replicate kinetics,results/01_gfp_library_transfer_counts/tables/gfp_lib_standardized_all_replicates.csv
cas12a_precision_editing_figure2_fcs.zip,1008200,60433468ba0504c17fdd0c183e122ea25c9b65df7221fd2210391d7da9b9f653,True,AD_20241205_gfplib_fncas12a_lexA_snrrpr_timepoint4_Experiment_Group_G05.fcs,fncas12a_rpr_yes,AD_20241205_gfplib_fncas12a_lexA_snrrpr_timepoint4,G05,A12,A12,GFP panel,FnCas12a,,RPR1,,Yes,A12,,1,20_gen,19.2,No,Figure 2,GFP panel replicate kinetics,results/01_gfp_library_transfer_counts/tables/gfp_lib_standardized_all_replicates.csv
cas12a_precision_editing_figure2_fcs.zip,1008200,9ee5b637076b74aec012eda0c496cdbc53891c73e2d3baf0003bccb7cea257f9,True,AD_20241205_gfplib_fncas12a_lexA_snrrpr_timepoint4_Experiment_Group_G06.fcs,fncas12a_rpr_yes,AD_20241205_gfplib_fncas12a_lexA_snrrpr_timepoint4,G06,C05,C05,GFP panel,FnCas12a,,RPR1,,Yes,C05,,1,20_gen,19.6,No,Figure 2,GFP panel replicate kinetics,results/01_gfp_library_transfer_counts/tables/gfp_lib_standardized_all_replicates.csv
cas12a_precision_editing_figure2_fcs.zip,1008200,bc32bbfd1c6b5e46d35910d55e764be43c6b69bfab467cb9ef0ad4eab47e6244,True,AD_20241205_gfplib_fncas12a_lexA_snrrpr_timepoint4_Experiment_Group_G07.fcs,fncas12a_rpr_yes,AD_20241205_gfplib_fncas12a_lexA_snrrpr_timepoint4,G07,G03,G03,GFP panel,FnCas12a,,RPR1,,Yes,G03,,1,20_gen,16.9,No,Figure 2,GFP panel replicate kinetics,results/01_gfp_library_transfer_counts/tables/gfp_lib_standardized_all_replicates.csv
cas12a_precision_editing_figure2_fcs.zip,1008200,1c86dd60908722ee3f34ba0ddb7145be85fd955cbfd69ddc2bb6be7c927b2077,True,AD_20241205_gfplib_fncas12a_lexA_snrrpr_timepoint4_Experiment_Group_H05.fcs,fncas12a_rpr_yes,AD_20241205_gfplib_fncas12a_lexA_snrrpr_timepoint4,H05,A12,A12,GFP panel,FnCas12a,,RPR1,,Yes,A12,,2,20_gen,20.4,No,Figure 2,GFP panel replicate kinetics,results/01_gfp_library_transfer_counts/tables/gfp_lib_standardized_all_replicates.csv
cas12a_precision_editing_figure2_fcs.zip,1008200,9104a23e97158be97fce1025313848f47316c97f47f49bbf0c72d2e2ff7ec104,True,AD_20241205_gfplib_fncas12a_lexA_snrrpr_timepoint4_Experiment_Group_H06.fcs,fncas12a_rpr_yes,AD_20241205_gfplib_fncas12a_lexA_snrrpr_timepoint4,H06,C05,C05,GFP panel,FnCas12a,,RPR1,,Yes,C05,,2,20_gen,18.8,No,Figure 2,GFP panel replicate kinetics,results/01_gfp_library_transfer_counts/tables/gfp_lib_standardized_all_replicates.csv
cas12a_precision_editing_figure2_fcs.zip,1008200,a34de06864f24c745e0294299a451ef636eb668d577bad3961463bb1be653efb,True,AD_20241205_gfplib_fncas12a_lexA_snrrpr_timepoint4_Experiment_Group_H07.fcs,fncas12a_rpr_yes,AD_20241205_gfplib_fncas12a_lexA_snrrpr_timepoint4,H07,G03,G03,GFP panel,FnCas12a,,RPR1,,Yes,G03,,2,20_gen,19.3,No,Figure 2,GFP panel replicate kinetics,results/01_gfp_library_transfer_counts/tables/gfp_lib_standardized_all_replicates.csv
cas12a_precision_editing_figure2_fcs.zip,1008200,e4809a74eb59b0cdd8c0d52b581aa8c9fa48312e04c2abfe60bdfc7b79e5809d,True,AD_20241205_gfplib_fncas12a_lexA_snrrpr_timepoint2_Experiment_Group_rpr_A08.fcs,fncas12a_rpr_yes,AD_20241205_gfplib_fncas12a_lexA_snrrpr_timepoint2,A08,A01,A01,GFP panel,FnCas12a,,RPR1,,Yes,A01,,1,6_gen,5.4,No,Figure 2,GFP panel replicate kinetics,results/01_gfp_library_transfer_counts/tables/gfp_lib_standardized_all_replicates.csv
cas12a_precision_editing_figure2_fcs.zip,1008200,0e750540bd598693d58fa7362af38b5e4568af29ca7bdac87cb97fbf2c484abb,True,AD_20241205_gfplib_fncas12a_lexA_snrrpr_timepoint2_Experiment_Group_rpr_A09.fcs,fncas12a_rpr_yes,AD_20241205_gfplib_fncas12a_lexA_snrrpr_timepoint2,A09,B05,B05,GFP panel,FnCas12a,,RPR1,,Yes,B05,,1,6_gen,6.1,No,Figure 2,GFP panel replicate kinetics,results/01_gfp_library_transfer_counts/tables/gfp_lib_standardized_all_replicates.csv
cas12a_precision_editing_figure2_fcs.zip,1008200,58d67c853ae6b64512a88b44787af21ed83d58c6cb106928f4ca7f9d2c21bc44,True,AD_20241205_gfplib_fncas12a_lexA_snrrpr_timepoint2_Experiment_Group_rpr_A10.fcs,fncas12a_rpr_yes,AD_20241205_gfplib_fncas12a_lexA_snrrpr_timepoint2,A10,E01,E01,GFP panel,FnCas12a,,RPR1,,Yes,E01,,1,6_gen,6.8,No,Figure 2,GFP panel replicate kinetics,results/01_gfp_library_transfer_counts/tables/gfp_lib_standardized_all_replicates.csv
cas12a_precision_editing_figure2_fcs.zip,1008200,c60ca887b1d51756dabcc92405e928b4e4588aa21cebcecdbca64d2427d8db42,True,AD_20241205_gfplib_fncas12a_lexA_snrrpr_timepoint2_Experiment_Group_rpr_A11.fcs,fncas12a_rpr_yes,AD_20241205_gfplib_fncas12a_lexA_snrrpr_timepoint2,A11,H11,H11,GFP panel,FnCas12a,,RPR1,,Yes,H11,,1,6_gen,4.8,No,Figure 2,GFP panel replicate kinetics,results/01_gfp_library_transfer_counts/tables/gfp_lib_standardized_all_replicates.csv
cas12a_precision_editing_figure2_fcs.zip,1008200,e5ef50869b6eeae138fd5d914ae8bc29fbb152bcdee1e3a4ff65fc5880b300ec,True,AD_20241205_gfplib_fncas12a_lexA_snrrpr_timepoint2_Experiment_Group_rpr_B08.fcs,fncas12a_rpr_yes,AD_20241205_gfplib_fncas12a_lexA_snrrpr_timepoint2,B08,A01,A01,GFP panel,FnCas12a,,RPR1,,Yes,A01,,2,6_gen,7.1,No,Figure 2,GFP panel replicate kinetics,results/01_gfp_library_transfer_counts/tables/gfp_lib_standardized_all_replicates.csv
cas12a_precision_editing_figure2_fcs.zip,1008200,c2a9656e30d862e6317d9b84c5fd780a94f92c6572d1d069c43cc58538a741c1,True,AD_20241205_gfplib_fncas12a_lexA_snrrpr_timepoint2_Experiment_Group_rpr_B09.fcs,fncas12a_rpr_yes,AD_20241205_gfplib_fncas12a_lexA_snrrpr_timepoint2,B09,B05,B05,GFP panel,FnCas12a,,RPR1,,Yes,B05,,2,6_gen,5.9,No,Figure 2,GFP panel replicate kinetics,results/01_gfp_library_transfer_counts/tables/gfp_lib_standardized_all_replicates.csv
cas12a_precision_editing_figure2_fcs.zip,1008200,1fe853b20f165dd2f3e11d1fa3383c00bb15ace9ecbbc5b9bcd9ed0867dde826,True,AD_20241205_gfplib_fncas12a_lexA_snrrpr_timepoint2_Experiment_Group_rpr_B10.fcs,fncas12a_rpr_yes,AD_20241205_gfplib_fncas12a_lexA_snrrpr_timepoint2,B10,E01,E01,GFP panel,FnCas12a,,RPR1,,Yes,E01,,2,6_gen,6.3,No,Figure 2,GFP panel replicate kinetics,results/01_gfp_library_transfer_counts/tables/gfp_lib_standardized_all_replicates.csv
cas12a_precision_editing_figure2_fcs.zip,1008200,a2c21f6cc73cedfa9f56295c7f7c18562bde13a9619615aa2e6e76a1b2cf837d,True,AD_20241205_gfplib_fncas12a_lexA_snrrpr_timepoint2_Experiment_Group_rpr_B11.fcs,fncas12a_rpr_yes,AD_20241205_gfplib_fncas12a_lexA_snrrpr_timepoint2,B11,H11,H11,GFP panel,FnCas12a,,RPR1,,Yes,H11,,2,6_gen,6.0,No,Figure 2,GFP panel replicate kinetics,results/01_gfp_library_transfer_counts/tables/gfp_lib_standardized_all_replicates.csv
cas12a_precision_editing_figure2_fcs.zip,1008200,ea3eeb71edc8d899a478e79c0074c16c720497be3ba7b72dd1094456ecc20c63,True,AD_20241205_gfplib_fncas12a_lexA_snrrpr_timepoint2_Experiment_Group_rpr_C08.fcs,fncas12a_rpr_yes,AD_20241205_gfplib_fncas12a_lexA_snrrpr_timepoint2,C08,A04,A04,GFP panel,FnCas12a,,RPR1,,Yes,A04,,1,6_gen,6.6,No,Figure 2,GFP panel replicate kinetics,results/01_gfp_library_transfer_counts/tables/gfp_lib_standardized_all_replicates.csv
cas12a_precision_editing_figure2_fcs.zip,1008200,45b9f7b823ad0b461f5744ca42090754ccb95c97d927158fad48d30d98eb3169,True,AD_20241205_gfplib_fncas12a_lexA_snrrpr_timepoint2_Experiment_Group_rpr_C09.fcs,fncas12a_rpr_yes,AD_20241205_gfplib_fncas12a_lexA_snrrpr_timepoint2,C09,C03,C03,GFP panel,FnCas12a,,RPR1,,Yes,C03,,1,6_gen,6.2,No,Figure 2,GFP panel replicate kinetics,results/01_gfp_library_transfer_counts/tables/gfp_lib_standardized_all_replicates.csv
cas12a_precision_editing_figure2_fcs.zip,1008200,9d4aa09bf5ef10f9c16938d7ea0dbf422d2b7e7fb1c24e59cce879294b841872,True,AD_20241205_gfplib_fncas12a_lexA_snrrpr_timepoint2_Experiment_Group_rpr_C10.fcs,fncas12a_rpr_yes,AD_20241205_gfplib_fncas12a_lexA_snrrpr_timepoint2,C10,E02,E02,GFP panel,FnCas12a,,RPR1,,Yes,E02,,1,6_gen,5.6,No,Figure 2,GFP panel replicate kinetics,results/01_gfp_library_transfer_counts/tables/gfp_lib_standardized_all_replicates.csv
cas12a_precision_editing_figure2_fcs.zip,1008200,66df4cd46b1009516eed789ac867424cb8e9eafd0aef968e77cec0ddb665ca2c,True,AD_20241205_gfplib_fncas12a_lexA_snrrpr_timepoint2_Experiment_Group_rpr_D08.fcs,fncas12a_rpr_yes,AD_20241205_gfplib_fncas12a_lexA_snrrpr_timepoint2,D08,A04,A04,GFP panel,FnCas12a,,RPR1,,Yes,A04,,2,6_gen,6.6,No,Figure 2,GFP panel replicate kinetics,results/01_gfp_library_transfer_counts/tables/gfp_lib_standardized_all_replicates.csv
cas12a_precision_editing_figure2_fcs.zip,1008200,7047bec7be7394637f4ed20ecdf2ffb1b27f87bcc1da5ed84b25a5a9c6c20861,True,AD_20241205_gfplib_fncas12a_lexA_snrrpr_timepoint2_Experiment_Group_rpr_D09.fcs,fncas12a_rpr_yes,AD_20241205_gfplib_fncas12a_lexA_snrrpr_timepoint2,D09,C03,C03,GFP panel,FnCas12a,,RPR1,,Yes,C03,,2,6_gen,6.4,No,Figure 2,GFP panel replicate kinetics,results/01_gfp_library_transfer_counts/tables/gfp_lib_standardized_all_replicates.csv
cas12a_precision_editing_figure2_fcs.zip,1008200,b1bbcb854d576378880291a1b308662f4377b360e625fc4eae05a5ecf6e859f8,True,AD_20241205_gfplib_fncas12a_lexA_snrrpr_timepoint2_Experiment_Group_rpr_D10.fcs,fncas12a_rpr_yes,AD_20241205_gfplib_fncas12a_lexA_snrrpr_timepoint2,D10,E02,E02,GFP panel,FnCas12a,,RPR1,,Yes,E02,,2,6_gen,5.0,No,Figure 2,GFP panel replicate kinetics,results/01_gfp_library_transfer_counts/tables/gfp_lib_standardized_all_replicates.csv
cas12a_precision_editing_figure2_fcs.zip,1008200,b47978df5f08f2444ba8fbc532428db8b59aeee3808a51174ba5989aee1f9b31,True,AD_20241205_gfplib_fncas12a_lexA_snrrpr_timepoint2_Experiment_Group_rpr_E08.fcs,fncas12a_rpr_yes,AD_20241205_gfplib_fncas12a_lexA_snrrpr_timepoint2,E08,A09,A09,GFP panel,FnCas12a,,RPR1,,Yes,A09,,1,6_gen,7.5,Yes,Figure 2,GFP panel replicate kinetics,results/01_gfp_library_transfer_counts/tables/gfp_lib_standardized_all_replicates.csv
cas12a_precision_editing_figure2_fcs.zip,1008200,ea507b03813dca53fd8d5afceec91c1e04e66acd0b9032108ddaeaef17e288e0,True,AD_20241205_gfplib_fncas12a_lexA_snrrpr_timepoint2_Experiment_Group_rpr_E09.fcs,fncas12a_rpr_yes,AD_20241205_gfplib_fncas12a_lexA_snrrpr_timepoint2,E09,C04,C04,GFP panel,FnCas12a,,RPR1,,Yes,C04,,1,6_gen,6.3,No,Figure 2,GFP panel replicate kinetics,results/01_gfp_library_transfer_counts/tables/gfp_lib_standardized_all_replicates.csv
cas12a_precision_editing_figure2_fcs.zip,1008200,04a0417023eda3cc0f0a43e653d755e6af8a3395d10a01ae01f480e38384c145,True,AD_20241205_gfplib_fncas12a_lexA_snrrpr_timepoint2_Experiment_Group_rpr_E10.fcs,fncas12a_rpr_yes,AD_20241205_gfplib_fncas12a_lexA_snrrpr_timepoint2,E10,E05,E05,GFP panel,FnCas12a,,RPR1,,Yes,E05,,1,6_gen,6.8,No,Figure 2,GFP panel replicate kinetics,results/01_gfp_library_transfer_counts/tables/gfp_lib_standardized_all_replicates.csv
cas12a_precision_editing_figure2_fcs.zip,1008200,ec74e97a4f66cbb5be613d1b56cd0b842a42f203b9e4548d47e04cdfe379f5e0,True,AD_20241205_gfplib_fncas12a_lexA_snrrpr_timepoint2_Experiment_Group_rpr_F08.fcs,fncas12a_rpr_yes,AD_20241205_gfplib_fncas12a_lexA_snrrpr_timepoint2,F08,A09,A09,GFP panel,FnCas12a,,RPR1,,Yes,A09,,2,6_gen,7.2,Yes,Figure 2,GFP panel replicate kinetics,results/01_gfp_library_transfer_counts/tables/gfp_lib_standardized_all_replicates.csv
cas12a_precision_editing_figure2_fcs.zip,1008200,fe292bbef75111ddd7f661f8a4133e9935c9de86f0ae2c10ecaf783cfd8b62c2,True,AD_20241205_gfplib_fncas12a_lexA_snrrpr_timepoint2_Experiment_Group_rpr_F09.fcs,fncas12a_rpr_yes,AD_20241205_gfplib_fncas12a_lexA_snrrpr_timepoint2,F09,C04,C04,GFP panel,FnCas12a,,RPR1,,Yes,C04,,2,6_gen,6.2,No,Figure 2,GFP panel replicate kinetics,results/01_gfp_library_transfer_counts/tables/gfp_lib_standardized_all_replicates.csv
cas12a_precision_editing_figure2_fcs.zip,1008200,d64a65fc063486657153307c9c415fc18a326af28a7d9cf3d131de004b7e6b15,True,AD_20241205_gfplib_fncas12a_lexA_snrrpr_timepoint2_Experiment_Group_rpr_F10.fcs,fncas12a_rpr_yes,AD_20241205_gfplib_fncas12a_lexA_snrrpr_timepoint2,F10,E05,E05,GFP panel,FnCas12a,,RPR1,,Yes,E05,,2,6_gen,6.6,No,Figure 2,GFP panel replicate kinetics,results/01_gfp_library_transfer_counts/tables/gfp_lib_standardized_all_replicates.csv
cas12a_precision_editing_figure2_fcs.zip,1008200,53a2ce56116d290182f53b09fec1b38a1446ab9fe7c9fd5dc1ac9df12121e831,True,AD_20241205_gfplib_fncas12a_lexA_snrrpr_timepoint2_Experiment_Group_rpr_G08.fcs,fncas12a_rpr_yes,AD_20241205_gfplib_fncas12a_lexA_snrrpr_timepoint2,G08,A12,A12,GFP panel,FnCas12a,,RPR1,,Yes,A12,,1,6_gen,7.3,No,Figure 2,GFP panel replicate kinetics,results/01_gfp_library_transfer_counts/tables/gfp_lib_standardized_all_replicates.csv
cas12a_precision_editing_figure2_fcs.zip,1008200,4083c090b30a7c616f925d878b8e47283f1f92f08f3271e9dbbd6c545533b99a,True,AD_20241205_gfplib_fncas12a_lexA_snrrpr_timepoint2_Experiment_Group_rpr_G09.fcs,fncas12a_rpr_yes,AD_20241205_gfplib_fncas12a_lexA_snrrpr_timepoint2,G09,C05,C05,GFP panel,FnCas12a,,RPR1,,Yes,C05,,1,6_gen,6.6,No,Figure 2,GFP panel replicate kinetics,results/01_gfp_library_transfer_counts/tables/gfp_lib_standardized_all_replicates.csv
cas12a_precision_editing_figure2_fcs.zip,1008200,bcf77a07a052804e71f43140b5269f506599f0b442754d12683f12a612de9ee2,True,AD_20241205_gfplib_fncas12a_lexA_snrrpr_timepoint2_Experiment_Group_rpr_G10.fcs,fncas12a_rpr_yes,AD_20241205_gfplib_fncas12a_lexA_snrrpr_timepoint2,G10,G03,G03,GFP panel,FnCas12a,,RPR1,,Yes,G03,,1,6_gen,7.1,No,Figure 2,GFP panel replicate kinetics,results/01_gfp_library_transfer_counts/tables/gfp_lib_standardized_all_replicates.csv
cas12a_precision_editing_figure2_fcs.zip,1008200,b6ff476d4317ea9a8fa1383f4efc77ff6c8aaf75e3eed2dd4c3c5e5db81b117d,True,AD_20241205_gfplib_fncas12a_lexA_snrrpr_timepoint2_Experiment_Group_rpr_H08.fcs,fncas12a_rpr_yes,AD_20241205_gfplib_fncas12a_lexA_snrrpr_timepoint2,H08,A12,A12,GFP panel,FnCas12a,,RPR1,,Yes,A12,,2,6_gen,7.1,No,Figure 2,GFP panel replicate kinetics,results/01_gfp_library_transfer_counts/tables/gfp_lib_standardized_all_replicates.csv
cas12a_precision_editing_figure2_fcs.zip,1008200,1c818509deb9586f0ab659685ae939edf6cf6c3035a6d1526732b7107b472c96,True,AD_20241205_gfplib_fncas12a_lexA_snrrpr_timepoint2_Experiment_Group_rpr_H09.fcs,fncas12a_rpr_yes,AD_20241205_gfplib_fncas12a_lexA_snrrpr_timepoint2,H09,C05,C05,GFP panel,FnCas12a,,RPR1,,Yes,C05,,2,6_gen,7.0,No,Figure 2,GFP panel replicate kinetics,results/01_gfp_library_transfer_counts/tables/gfp_lib_standardized_all_replicates.csv
cas12a_precision_editing_figure2_fcs.zip,1008200,caa3bdbaf4060966fda95984b5f15db14693619258fa9db2318ddb49820f7717,True,AD_20241205_gfplib_fncas12a_lexA_snrrpr_timepoint2_Experiment_Group_rpr_H10.fcs,fncas12a_rpr_yes,AD_20241205_gfplib_fncas12a_lexA_snrrpr_timepoint2,H10,G03,G03,GFP panel,FnCas12a,,RPR1,,Yes,G03,,2,6_gen,5.9,No,Figure 2,GFP panel replicate kinetics,results/01_gfp_library_transfer_counts/tables/gfp_lib_standardized_all_replicates.csv
cas12a_precision_editing_figure2_fcs.zip,1008200,ab2ad51f7c4bf87b356ca04a50e8dedb4ee55d8391a8b3ecdaf119ca97501e1f,True,AD_20241205_gfplib_fncas12a_lexA_snrrpr_scraped_Experiment_Group_A05.fcs,fncas12a_rpr_yes,AD_20241205_gfplib_fncas12a_lexA_snrrpr_scraped,A05,A01,A01,GFP panel,FnCas12a,,RPR1,,Yes,A01,,1,scraped,0.0,No,Figure 2,GFP panel replicate kinetics,results/01_gfp_library_transfer_counts/tables/gfp_lib_standardized_all_replicates.csv
cas12a_precision_editing_figure2_fcs.zip,1008200,617875f41507bbe301ac786f31e84279bf73ffd9ba28b32d64d4880913017165,True,AD_20241205_gfplib_fncas12a_lexA_snrrpr_scraped_Experiment_Group_A06.fcs,fncas12a_rpr_yes,AD_20241205_gfplib_fncas12a_lexA_snrrpr_scraped,A06,B05,B05,GFP panel,FnCas12a,,RPR1,,Yes,B05,,1,scraped,0.0,No,Figure 2,GFP panel replicate kinetics,results/01_gfp_library_transfer_counts/tables/gfp_lib_standardized_all_replicates.csv
cas12a_precision_editing_figure2_fcs.zip,1008200,bbcd7fac1e4c036d13e4bcff18bbf988c50afc4865521b3f39d2664d1419c756,True,AD_20241205_gfplib_fncas12a_lexA_snrrpr_scraped_Experiment_Group_A07.fcs,fncas12a_rpr_yes,AD_20241205_gfplib_fncas12a_lexA_snrrpr_scraped,A07,E01,E01,GFP panel,FnCas12a,,RPR1,,Yes,E01,,1,scraped,0.0,No,Figure 2,GFP panel replicate kinetics,results/01_gfp_library_transfer_counts/tables/gfp_lib_standardized_all_replicates.csv
cas12a_precision_editing_figure2_fcs.zip,1008200,e70286b5580b0f7612c537a3c4d2c80b396829d8e91ffc535226a45a90bfdf6a,True,AD_20241205_gfplib_fncas12a_lexA_snrrpr_scraped_Experiment_Group_A08.fcs,fncas12a_rpr_yes,AD_20241205_gfplib_fncas12a_lexA_snrrpr_scraped,A08,H11,H11,GFP panel,FnCas12a,,RPR1,,Yes,H11,,1,scraped,0.0,No,Figure 2,GFP panel replicate kinetics,results/01_gfp_library_transfer_counts/tables/gfp_lib_standardized_all_replicates.csv
cas12a_precision_editing_figure2_fcs.zip,1008200,fdba39349b74c0d7754c2f032cf78fc6a8d1a14e99305c161ce946cc02f03cb1,True,AD_20241205_gfplib_fncas12a_lexA_snrrpr_scraped_Experiment_Group_B05.fcs,fncas12a_rpr_yes,AD_20241205_gfplib_fncas12a_lexA_snrrpr_scraped,B05,A01,A01,GFP panel,FnCas12a,,RPR1,,Yes,A01,,2,scraped,0.0,No,Figure 2,GFP panel replicate kinetics,results/01_gfp_library_transfer_counts/tables/gfp_lib_standardized_all_replicates.csv
cas12a_precision_editing_figure2_fcs.zip,1008200,7491262dab4284232490d84ffba15ec4f96961cea8615c51d0aded9c371177ad,True,AD_20241205_gfplib_fncas12a_lexA_snrrpr_scraped_Experiment_Group_B06.fcs,fncas12a_rpr_yes,AD_20241205_gfplib_fncas12a_lexA_snrrpr_scraped,B06,B05,B05,GFP panel,FnCas12a,,RPR1,,Yes,B05,,2,scraped,0.0,No,Figure 2,GFP panel replicate kinetics,results/01_gfp_library_transfer_counts/tables/gfp_lib_standardized_all_replicates.csv
cas12a_precision_editing_figure2_fcs.zip,1008200,288bb58297aa56e95e7cfd30380865ad79f392103a7e998081d41dedfbb7fb6e,True,AD_20241205_gfplib_fncas12a_lexA_snrrpr_scraped_Experiment_Group_B07.fcs,fncas12a_rpr_yes,AD_20241205_gfplib_fncas12a_lexA_snrrpr_scraped,B07,E01,E01,GFP panel,FnCas12a,,RPR1,,Yes,E01,,2,scraped,0.0,No,Figure 2,GFP panel replicate kinetics,results/01_gfp_library_transfer_counts/tables/gfp_lib_standardized_all_replicates.csv
cas12a_precision_editing_figure2_fcs.zip,1008200,431820aec18e2dc2825108f801fd7b03adcf7f54eb2fa47c758d58cf1d763978,True,AD_20241205_gfplib_fncas12a_lexA_snrrpr_scraped_Experiment_Group_B08.fcs,fncas12a_rpr_yes,AD_20241205_gfplib_fncas12a_lexA_snrrpr_scraped,B08,H11,H11,GFP panel,FnCas12a,,RPR1,,Yes,H11,,2,scraped,0.0,No,Figure 2,GFP panel replicate kinetics,results/01_gfp_library_transfer_counts/tables/gfp_lib_standardized_all_replicates.csv
cas12a_precision_editing_figure2_fcs.zip,1008200,3b3e70c99dec5d264595468b415bb69e6d31e8465a95ada6cbea1214b0a21f39,True,AD_20241205_gfplib_fncas12a_lexA_snrrpr_scraped_Experiment_Group_C05.fcs,fncas12a_rpr_yes,AD_20241205_gfplib_fncas12a_lexA_snrrpr_scraped,C05,A04,A04,GFP panel,FnCas12a,,RPR1,,Yes,A04,,1,scraped,0.0,No,Figure 2,GFP panel replicate kinetics,results/01_gfp_library_transfer_counts/tables/gfp_lib_standardized_all_replicates.csv
cas12a_precision_editing_figure2_fcs.zip,1008200,e1e907468c41f4e3eb68ceeb3c83f4d9c06746cc356ec05dac67093a3a2bc27c,True,AD_20241205_gfplib_fncas12a_lexA_snrrpr_scraped_Experiment_Group_C06.fcs,fncas12a_rpr_yes,AD_20241205_gfplib_fncas12a_lexA_snrrpr_scraped,C06,C03,C03,GFP panel,FnCas12a,,RPR1,,Yes,C03,,1,scraped,0.0,No,Figure 2,GFP panel replicate kinetics,results/01_gfp_library_transfer_counts/tables/gfp_lib_standardized_all_replicates.csv
cas12a_precision_editing_figure2_fcs.zip,1008200,d33bf9a32e9b06210a9ba66306179f2b76bc1475393743be15cf55ca7d0c76ea,True,AD_20241205_gfplib_fncas12a_lexA_snrrpr_scraped_Experiment_Group_C07.fcs,fncas12a_rpr_yes,AD_20241205_gfplib_fncas12a_lexA_snrrpr_scraped,C07,E02,E02,GFP panel,FnCas12a,,RPR1,,Yes,E02,,1,scraped,0.0,No,Figure 2,GFP panel replicate kinetics,results/01_gfp_library_transfer_counts/tables/gfp_lib_standardized_all_replicates.csv
cas12a_precision_editing_figure2_fcs.zip,1008200,263b0c7632fce915e351609039110e25b727166a87e2f3009796f6cca6a93912,True,AD_20241205_gfplib_fncas12a_lexA_snrrpr_scraped_Experiment_Group_D05.fcs,fncas12a_rpr_yes,AD_20241205_gfplib_fncas12a_lexA_snrrpr_scraped,D05,A04,A04,GFP panel,FnCas12a,,RPR1,,Yes,A04,,2,scraped,0.0,No,Figure 2,GFP panel replicate kinetics,results/01_gfp_library_transfer_counts/tables/gfp_lib_standardized_all_replicates.csv
cas12a_precision_editing_figure2_fcs.zip,1008200,0e55f601efb7d0ed0c122aec2afdd76952ece8901b10badf7acf51eb641b49b4,True,AD_20241205_gfplib_fncas12a_lexA_snrrpr_scraped_Experiment_Group_D06.fcs,fncas12a_rpr_yes,AD_20241205_gfplib_fncas12a_lexA_snrrpr_scraped,D06,C03,C03,GFP panel,FnCas12a,,RPR1,,Yes,C03,,2,scraped,0.0,No,Figure 2,GFP panel replicate kinetics,results/01_gfp_library_transfer_counts/tables/gfp_lib_standardized_all_replicates.csv
cas12a_precision_editing_figure2_fcs.zip,1008200,54cd30bcfc7bb1c56ac2c4c924f042d248f3c9bcd82294af065a45116cee10b6,True,AD_20241205_gfplib_fncas12a_lexA_snrrpr_scraped_Experiment_Group_D07.fcs,fncas12a_rpr_yes,AD_20241205_gfplib_fncas12a_lexA_snrrpr_scraped,D07,E02,E02,GFP panel,FnCas12a,,RPR1,,Yes,E02,,2,scraped,0.0,No,Figure 2,GFP panel replicate kinetics,results/01_gfp_library_transfer_counts/tables/gfp_lib_standardized_all_replicates.csv
cas12a_precision_editing_figure2_fcs.zip,1008200,532d188d6e7437043e56f13f6a21d83edd7a59cfe87b9ef9d7d00a4a1a503ee1,True,AD_20241205_gfplib_fncas12a_lexA_snrrpr_scraped_Experiment_Group_E05.fcs,fncas12a_rpr_yes,AD_20241205_gfplib_fncas12a_lexA_snrrpr_scraped,E05,A09,A09,GFP panel,FnCas12a,,RPR1,,Yes,A09,,1,scraped,0.0,Yes,Figure 2,GFP panel replicate kinetics,results/01_gfp_library_transfer_counts/tables/gfp_lib_standardized_all_replicates.csv
cas12a_precision_editing_figure2_fcs.zip,1008200,85cf4fb08d02730f57c432b3b9784362020cd726acfbe17a184fa8cacd60d33f,True,AD_20241205_gfplib_fncas12a_lexA_snrrpr_scraped_Experiment_Group_E06.fcs,fncas12a_rpr_yes,AD_20241205_gfplib_fncas12a_lexA_snrrpr_scraped,E06,C04,C04,GFP panel,FnCas12a,,RPR1,,Yes,C04,,1,scraped,0.0,No,Figure 2,GFP panel replicate kinetics,results/01_gfp_library_transfer_counts/tables/gfp_lib_standardized_all_replicates.csv
cas12a_precision_editing_figure2_fcs.zip,1008200,cce934dcdd8054cf53977eb9284f4623303fe817ae3ec29517612e718c54ac73,True,AD_20241205_gfplib_fncas12a_lexA_snrrpr_scraped_Experiment_Group_E07.fcs,fncas12a_rpr_yes,AD_20241205_gfplib_fncas12a_lexA_snrrpr_scraped,E07,E05,E05,GFP panel,FnCas12a,,RPR1,,Yes,E05,,1,scraped,0.0,No,Figure 2,GFP panel replicate kinetics,results/01_gfp_library_transfer_counts/tables/gfp_lib_standardized_all_replicates.csv
cas12a_precision_editing_figure2_fcs.zip,1008200,a9db66d2006d524be5f020d645c1a6b7712fd7b30dff61f2cf30050c867cdbb5,True,AD_20241205_gfplib_fncas12a_lexA_snrrpr_scraped_Experiment_Group_F05.fcs,fncas12a_rpr_yes,AD_20241205_gfplib_fncas12a_lexA_snrrpr_scraped,F05,A09,A09,GFP panel,FnCas12a,,RPR1,,Yes,A09,,2,scraped,0.0,Yes,Figure 2,GFP panel replicate kinetics,results/01_gfp_library_transfer_counts/tables/gfp_lib_standardized_all_replicates.csv
cas12a_precision_editing_figure2_fcs.zip,1008200,5a7923e032399ea616d1de2095972dfaa6a902a479c43761764bc04713dac07f,True,AD_20241205_gfplib_fncas12a_lexA_snrrpr_scraped_Experiment_Group_F06.fcs,fncas12a_rpr_yes,AD_20241205_gfplib_fncas12a_lexA_snrrpr_scraped,F06,C04,C04,GFP panel,FnCas12a,,RPR1,,Yes,C04,,2,scraped,0.0,No,Figure 2,GFP panel replicate kinetics,results/01_gfp_library_transfer_counts/tables/gfp_lib_standardized_all_replicates.csv
cas12a_precision_editing_figure2_fcs.zip,1008200,c619920c29b41f285f6ab871b2eb6bafdd76b2b68cb0d2661236ffa6b87c6d5d,True,AD_20241205_gfplib_fncas12a_lexA_snrrpr_scraped_Experiment_Group_F07.fcs,fncas12a_rpr_yes,AD_20241205_gfplib_fncas12a_lexA_snrrpr_scraped,F07,E05,E05,GFP panel,FnCas12a,,RPR1,,Yes,E05,,2,scraped,0.0,No,Figure 2,GFP panel replicate kinetics,results/01_gfp_library_transfer_counts/tables/gfp_lib_standardized_all_replicates.csv
cas12a_precision_editing_figure2_fcs.zip,1008200,dfaa2fcb2bba4f721c2867cc4b1549bf3c66714c1bcdcd29c4e3535d74ac74d1,True,AD_20241205_gfplib_fncas12a_lexA_snrrpr_scraped_Experiment_Group_G05.fcs,fncas12a_rpr_yes,AD_20241205_gfplib_fncas12a_lexA_snrrpr_scraped,G05,A12,A12,GFP panel,FnCas12a,,RPR1,,Yes,A12,,1,scraped,0.0,No,Figure 2,GFP panel replicate kinetics,results/01_gfp_library_transfer_counts/tables/gfp_lib_standardized_all_replicates.csv
cas12a_precision_editing_figure2_fcs.zip,1008200,ffccb40fd931995255dbb8ed2ff25dd6b0fe5570e4a4ff0fc2becbaf1192c2b3,True,AD_20241205_gfplib_fncas12a_lexA_snrrpr_scraped_Experiment_Group_G06.fcs,fncas12a_rpr_yes,AD_20241205_gfplib_fncas12a_lexA_snrrpr_scraped,G06,C05,C05,GFP panel,FnCas12a,,RPR1,,Yes,C05,,1,scraped,0.0,No,Figure 2,GFP panel replicate kinetics,results/01_gfp_library_transfer_counts/tables/gfp_lib_standardized_all_replicates.csv
cas12a_precision_editing_figure2_fcs.zip,1008200,ed7a545b98d1778f860ad0920c713a9c90ccfea4ec97fd10051652a55c21957a,True,AD_20241205_gfplib_fncas12a_lexA_snrrpr_scraped_Experiment_Group_G07.fcs,fncas12a_rpr_yes,AD_20241205_gfplib_fncas12a_lexA_snrrpr_scraped,G07,G03,G03,GFP panel,FnCas12a,,RPR1,,Yes,G03,,1,scraped,0.0,No,Figure 2,GFP panel replicate kinetics,results/01_gfp_library_transfer_counts/tables/gfp_lib_standardized_all_replicates.csv
cas12a_precision_editing_figure2_fcs.zip,1008200,f2d356ac82290bef2c32ad80290b26690b4fda8ea1bcfda21ef4b01aa54c1696,True,AD_20241205_gfplib_fncas12a_lexA_snrrpr_scraped_Experiment_Group_H05.fcs,fncas12a_rpr_yes,AD_20241205_gfplib_fncas12a_lexA_snrrpr_scraped,H05,A12,A12,GFP panel,FnCas12a,,RPR1,,Yes,A12,,2,scraped,0.0,No,Figure 2,GFP panel replicate kinetics,results/01_gfp_library_transfer_counts/tables/gfp_lib_standardized_all_replicates.csv
cas12a_precision_editing_figure2_fcs.zip,1008200,f6f35dd97c3072e118eed5612013472cfd26de35c946eef26862b9138322b29a,True,AD_20241205_gfplib_fncas12a_lexA_snrrpr_scraped_Experiment_Group_H06.fcs,fncas12a_rpr_yes,AD_20241205_gfplib_fncas12a_lexA_snrrpr_scraped,H06,C05,C05,GFP panel,FnCas12a,,RPR1,,Yes,C05,,2,scraped,0.0,No,Figure 2,GFP panel replicate kinetics,results/01_gfp_library_transfer_counts/tables/gfp_lib_standardized_all_replicates.csv
cas12a_precision_editing_figure2_fcs.zip,1008200,83c1210ecdf74e3727c84fb006dff81e73bad8e0686f6c032589b1d56603c605,True,AD_20241205_gfplib_fncas12a_lexA_snrrpr_scraped_Experiment_Group_H07.fcs,fncas12a_rpr_yes,AD_20241205_gfplib_fncas12a_lexA_snrrpr_scraped,H07,G03,G03,GFP panel,FnCas12a,,RPR1,,Yes,G03,,2,scraped,0.0,No,Figure 2,GFP panel replicate kinetics,results/01_gfp_library_transfer_counts/tables/gfp_lib_standardized_all_replicates.csv
cas12a_precision_editing_figure2_fcs.zip,1008200,2893c7d79887c31e8d291f8241b3e1d07eb584473cc40d8d6abb1c27ddffc345,True,AD_20241203_fnsnrrpr_casvariants_timepoint2_glu_Experiment_Group_A01.fcs,fncas12a_snr_no,AD_20241203_fnsnrrpr_casvariants_timepoint2_glu,A01,A01,A01,GFP panel,FnCas12a,,SNR52,,No,A01,,1,11_gen,11.4,No,Figure 2,GFP panel replicate kinetics,results/01_gfp_library_transfer_counts/tables/gfp_lib_standardized_all_replicates.csv
cas12a_precision_editing_figure2_fcs.zip,1008200,b17fd7a48a86803c1a32aed072b741ffac649dcbb54c5546ae96a90a1fea73c9,True,AD_20241203_fnsnrrpr_casvariants_timepoint2_glu_Experiment_Group_A02.fcs,fncas12a_snr_no,AD_20241203_fnsnrrpr_casvariants_timepoint2_glu,A02,B05,B05,GFP panel,FnCas12a,,SNR52,,No,B05,,1,11_gen,10.0,No,Figure 2,GFP panel replicate kinetics,results/01_gfp_library_transfer_counts/tables/gfp_lib_standardized_all_replicates.csv
cas12a_precision_editing_figure2_fcs.zip,1008200,cbc944367be3e2a0e176c1718b955465c88374f089114e8f143a9f140f26be15,True,AD_20241203_fnsnrrpr_casvariants_timepoint2_glu_Experiment_Group_A03.fcs,fncas12a_snr_no,AD_20241203_fnsnrrpr_casvariants_timepoint2_glu,A03,E01,E01,GFP panel,FnCas12a,,SNR52,,No,E01,,1,11_gen,13.0,No,Figure 2,GFP panel replicate kinetics,results/01_gfp_library_transfer_counts/tables/gfp_lib_standardized_all_replicates.csv
cas12a_precision_editing_figure2_fcs.zip,1008200,855d9bd21701caaaa57eaddf05353bea829cb18301a426dfb31f0cc0b899c4d4,True,AD_20241203_fnsnrrpr_casvariants_timepoint2_glu_Experiment_Group_A04.fcs,fncas12a_snr_no,AD_20241203_fnsnrrpr_casvariants_timepoint2_glu,A04,H11,H11,GFP panel,FnCas12a,,SNR52,,No,H11,,1,11_gen,11.3,No,Figure 2,GFP panel replicate kinetics,results/01_gfp_library_transfer_counts/tables/gfp_lib_standardized_all_replicates.csv
cas12a_precision_editing_figure2_fcs.zip,1008200,0758b1c49308c0866e130ba5c33939809868d2f320c6e5547b44a87f66a89716,True,AD_20241203_fnsnrrpr_casvariants_timepoint2_glu_Experiment_Group_B01.fcs,fncas12a_snr_no,AD_20241203_fnsnrrpr_casvariants_timepoint2_glu,B01,A01,A01,GFP panel,FnCas12a,,SNR52,,No,A01,,2,11_gen,11.9,No,Figure 2,GFP panel replicate kinetics,results/01_gfp_library_transfer_counts/tables/gfp_lib_standardized_all_replicates.csv
cas12a_precision_editing_figure2_fcs.zip,1008200,8e77e4907971ba1b17c431345991e93a738ce8e73cea5724e3e5ee37a7c8f2fa,True,AD_20241203_fnsnrrpr_casvariants_timepoint2_glu_Experiment_Group_B02.fcs,fncas12a_snr_no,AD_20241203_fnsnrrpr_casvariants_timepoint2_glu,B02,B05,B05,GFP panel,FnCas12a,,SNR52,,No,B05,,2,11_gen,10.0,No,Figure 2,GFP panel replicate kinetics,results/01_gfp_library_transfer_counts/tables/gfp_lib_standardized_all_replicates.csv
cas12a_precision_editing_figure2_fcs.zip,1008200,fe3f6e327319a663872edeec2d30298fc79b3908cb58a5765dc7515d5ffc2299,True,AD_20241203_fnsnrrpr_casvariants_timepoint2_glu_Experiment_Group_B03.fcs,fncas12a_snr_no,AD_20241203_fnsnrrpr_casvariants_timepoint2_glu,B03,E01,E01,GFP panel,FnCas12a,,SNR52,,No,E01,,2,11_gen,12.9,No,Figure 2,GFP panel replicate kinetics,results/01_gfp_library_transfer_counts/tables/gfp_lib_standardized_all_replicates.csv
cas12a_precision_editing_figure2_fcs.zip,1008200,de63d3025fa5ea28eebe6c6485c746cc11fb94214e8ca70eba365e571cb8116c,True,AD_20241203_fnsnrrpr_casvariants_timepoint2_glu_Experiment_Group_B04.fcs,fncas12a_snr_no,AD_20241203_fnsnrrpr_casvariants_timepoint2_glu,B04,H11,H11,GFP panel,FnCas12a,,SNR52,,No,H11,,2,11_gen,10.0,No,Figure 2,GFP panel replicate kinetics,results/01_gfp_library_transfer_counts/tables/gfp_lib_standardized_all_replicates.csv
cas12a_precision_editing_figure2_fcs.zip,1008200,da9f9e2a0bad15aa553a49671bbd7c945faa731a146faf75bf8679fa574f21ee,True,AD_20241203_fnsnrrpr_casvariants_timepoint2_glu_Experiment_Group_C01.fcs,fncas12a_snr_no,AD_20241203_fnsnrrpr_casvariants_timepoint2_glu,C01,A04,A04,GFP panel,FnCas12a,,SNR52,,No,A04,,1,11_gen,10.5,No,Figure 2,GFP panel replicate kinetics,results/01_gfp_library_transfer_counts/tables/gfp_lib_standardized_all_replicates.csv
cas12a_precision_editing_figure2_fcs.zip,1008200,b1ba7e18c00e6035caa27ad4ecd65f8f76aa235dc7597474320bc7bf78a4116f,True,AD_20241203_fnsnrrpr_casvariants_timepoint2_glu_Experiment_Group_C02.fcs,fncas12a_snr_no,AD_20241203_fnsnrrpr_casvariants_timepoint2_glu,C02,C03,C03,GFP panel,FnCas12a,,SNR52,,No,C03,,1,11_gen,10.1,No,Figure 2,GFP panel replicate kinetics,results/01_gfp_library_transfer_counts/tables/gfp_lib_standardized_all_replicates.csv
cas12a_precision_editing_figure2_fcs.zip,1008200,098dc650a6092855ec600abe4a95dd70473eeaf31ce7a7ce10f85fb3b121cdeb,True,AD_20241203_fnsnrrpr_casvariants_timepoint2_glu_Experiment_Group_C03.fcs,fncas12a_snr_no,AD_20241203_fnsnrrpr_casvariants_timepoint2_glu,C03,E02,E02,GFP panel,FnCas12a,,SNR52,,No,E02,,1,11_gen,10.8,No,Figure 2,GFP panel replicate kinetics,results/01_gfp_library_transfer_counts/tables/gfp_lib_standardized_all_replicates.csv
cas12a_precision_editing_figure2_fcs.zip,1008200,f1f3b88c42dad01212b3f6f6a381d99699e1f4b3d0cc245d31cfdfce342d9b3f,True,AD_20241203_fnsnrrpr_casvariants_timepoint2_glu_Experiment_Group_D01.fcs,fncas12a_snr_no,AD_20241203_fnsnrrpr_casvariants_timepoint2_glu,D01,A04,A04,GFP panel,FnCas12a,,SNR52,,No,A04,,2,11_gen,10.5,No,Figure 2,GFP panel replicate kinetics,results/01_gfp_library_transfer_counts/tables/gfp_lib_standardized_all_replicates.csv
cas12a_precision_editing_figure2_fcs.zip,1008200,fe0b4b0b557232e4229ecdea33ef969fe7fb829be1dbdcdd52e4cc7199bb2f0a,True,AD_20241203_fnsnrrpr_casvariants_timepoint2_glu_Experiment_Group_D02.fcs,fncas12a_snr_no,AD_20241203_fnsnrrpr_casvariants_timepoint2_glu,D02,C03,C03,GFP panel,FnCas12a,,SNR52,,No,C03,,2,11_gen,10.1,No,Figure 2,GFP panel replicate kinetics,results/01_gfp_library_transfer_counts/tables/gfp_lib_standardized_all_replicates.csv
cas12a_precision_editing_figure2_fcs.zip,1008200,ffa9db398a19aec67a3aa9e3b4b3e3b50c7a764486df1233e6aae5de52049a00,True,AD_20241203_fnsnrrpr_casvariants_timepoint2_glu_Experiment_Group_D03.fcs,fncas12a_snr_no,AD_20241203_fnsnrrpr_casvariants_timepoint2_glu,D03,E02,E02,GFP panel,FnCas12a,,SNR52,,No,E02,,2,11_gen,11.2,No,Figure 2,GFP panel replicate kinetics,results/01_gfp_library_transfer_counts/tables/gfp_lib_standardized_all_replicates.csv
cas12a_precision_editing_figure2_fcs.zip,1008200,5366234d06fc709f8cd3a509cea1b495b68f1562aeff9832b55466aea1e83c12,True,AD_20241203_fnsnrrpr_casvariants_timepoint2_glu_Experiment_Group_E01.fcs,fncas12a_snr_no,AD_20241203_fnsnrrpr_casvariants_timepoint2_glu,E01,A09,A09,GFP panel,FnCas12a,,SNR52,,No,A09,,1,11_gen,14.4,Yes,Figure 2,GFP panel replicate kinetics,results/01_gfp_library_transfer_counts/tables/gfp_lib_standardized_all_replicates.csv
cas12a_precision_editing_figure2_fcs.zip,1008200,099d7fb6b3a1a19317351eba529ee448507abb8803ad44dd43094cf2897b7a9a,True,AD_20241203_fnsnrrpr_casvariants_timepoint2_glu_Experiment_Group_E02.fcs,fncas12a_snr_no,AD_20241203_fnsnrrpr_casvariants_timepoint2_glu,E02,C04,C04,GFP panel,FnCas12a,,SNR52,,No,C04,,1,11_gen,10.7,No,Figure 2,GFP panel replicate kinetics,results/01_gfp_library_transfer_counts/tables/gfp_lib_standardized_all_replicates.csv
cas12a_precision_editing_figure2_fcs.zip,1008200,c8fc67bbc7f25b61a53fe35f88e0795944549c42666e65069061bcdc9f9b7c7c,True,AD_20241203_fnsnrrpr_casvariants_timepoint2_glu_Experiment_Group_E03.fcs,fncas12a_snr_no,AD_20241203_fnsnrrpr_casvariants_timepoint2_glu,E03,E05,E05,GFP panel,FnCas12a,,SNR52,,No,E05,,1,11_gen,13.0,No,Figure 2,GFP panel replicate kinetics,results/01_gfp_library_transfer_counts/tables/gfp_lib_standardized_all_replicates.csv
cas12a_precision_editing_figure2_fcs.zip,1008200,6f592c414311279a542ab5346c9a5aef34b28c70737e0bd1ad8331197c24e562,True,AD_20241203_fnsnrrpr_casvariants_timepoint2_glu_Experiment_Group_F01.fcs,fncas12a_snr_no,AD_20241203_fnsnrrpr_casvariants_timepoint2_glu,F01,A09,A09,GFP panel,FnCas12a,,SNR52,,No,A09,,2,11_gen,13.9,Yes,Figure 2,GFP panel replicate kinetics,results/01_gfp_library_transfer_counts/tables/gfp_lib_standardized_all_replicates.csv
cas12a_precision_editing_figure2_fcs.zip,1008200,56b9e801953745b04de19e05126e26c09feb997c5d7d907939fd83aaa1d3b1b5,True,AD_20241203_fnsnrrpr_casvariants_timepoint2_glu_Experiment_Group_F02.fcs,fncas12a_snr_no,AD_20241203_fnsnrrpr_casvariants_timepoint2_glu,F02,C04,C04,GFP panel,FnCas12a,,SNR52,,No,C04,,2,11_gen,10.8,No,Figure 2,GFP panel replicate kinetics,results/01_gfp_library_transfer_counts/tables/gfp_lib_standardized_all_replicates.csv
cas12a_precision_editing_figure2_fcs.zip,1008200,1a71ec24c65bd4d32b32306e42d0cc3ef498722585c4ac6f458a882434bec9d5,True,AD_20241203_fnsnrrpr_casvariants_timepoint2_glu_Experiment_Group_F03.fcs,fncas12a_snr_no,AD_20241203_fnsnrrpr_casvariants_timepoint2_glu,F03,E05,E05,GFP panel,FnCas12a,,SNR52,,No,E05,,2,11_gen,13.5,No,Figure 2,GFP panel replicate kinetics,results/01_gfp_library_transfer_counts/tables/gfp_lib_standardized_all_replicates.csv
cas12a_precision_editing_figure2_fcs.zip,1008200,af86398a6e2a4c9e4aa47195b23dab92ec5f213c85733c4a96e50fcc6998a41f,True,AD_20241203_fnsnrrpr_casvariants_timepoint2_glu_Experiment_Group_G01.fcs,fncas12a_snr_no,AD_20241203_fnsnrrpr_casvariants_timepoint2_glu,G01,A12,A12,GFP panel,FnCas12a,,SNR52,,No,A12,,1,11_gen,13.3,No,Figure 2,GFP panel replicate kinetics,results/01_gfp_library_transfer_counts/tables/gfp_lib_standardized_all_replicates.csv
cas12a_precision_editing_figure2_fcs.zip,1008200,3824c9c0ab6f0aafe24d440a17551a574fb331db40178441270ba921ef9a3605,True,AD_20241203_fnsnrrpr_casvariants_timepoint2_glu_Experiment_Group_G02.fcs,fncas12a_snr_no,AD_20241203_fnsnrrpr_casvariants_timepoint2_glu,G02,C05,C05,GFP panel,FnCas12a,,SNR52,,No,C05,,1,11_gen,13.8,No,Figure 2,GFP panel replicate kinetics,results/01_gfp_library_transfer_counts/tables/gfp_lib_standardized_all_replicates.csv
cas12a_precision_editing_figure2_fcs.zip,1008200,4e2a13f429dd630f90c8c2221a670f374f06737bd6d9abafadccea8537a7adce,True,AD_20241203_fnsnrrpr_casvariants_timepoint2_glu_Experiment_Group_G03.fcs,fncas12a_snr_no,AD_20241203_fnsnrrpr_casvariants_timepoint2_glu,G03,G03,G03,GFP panel,FnCas12a,,SNR52,,No,G03,,1,11_gen,11.8,No,Figure 2,GFP panel replicate kinetics,results/01_gfp_library_transfer_counts/tables/gfp_lib_standardized_all_replicates.csv
cas12a_precision_editing_figure2_fcs.zip,1008200,89123e2912334124227c5c62c55960f985cd9893458a094ea0430bd9dbe7d425,True,AD_20241203_fnsnrrpr_casvariants_timepoint2_glu_Experiment_Group_H01.fcs,fncas12a_snr_no,AD_20241203_fnsnrrpr_casvariants_timepoint2_glu,H01,A12,A12,GFP panel,FnCas12a,,SNR52,,No,A12,,2,11_gen,13.5,No,Figure 2,GFP panel replicate kinetics,results/01_gfp_library_transfer_counts/tables/gfp_lib_standardized_all_replicates.csv
cas12a_precision_editing_figure2_fcs.zip,1008200,e8e31c2bcea76e345bb04f5a999533b777c87084a8a9fd715645d7335ba39177,True,AD_20241203_fnsnrrpr_casvariants_timepoint2_glu_Experiment_Group_H02.fcs,fncas12a_snr_no,AD_20241203_fnsnrrpr_casvariants_timepoint2_glu,H02,C05,C05,GFP panel,FnCas12a,,SNR52,,No,C05,,2,11_gen,14.2,No,Figure 2,GFP panel replicate kinetics,results/01_gfp_library_transfer_counts/tables/gfp_lib_standardized_all_replicates.csv
cas12a_precision_editing_figure2_fcs.zip,1008200,ae5a9ce3601df2be650786eeadba3a3349c508ab38e27c5d700131879b61ff55,True,AD_20241203_fnsnrrpr_casvariants_timepoint2_glu_Experiment_Group_H03.fcs,fncas12a_snr_no,AD_20241203_fnsnrrpr_casvariants_timepoint2_glu,H03,G03,G03,GFP panel,FnCas12a,,SNR52,,No,G03,,2,11_gen,12.2,No,Figure 2,GFP panel replicate kinetics,results/01_gfp_library_transfer_counts/tables/gfp_lib_standardized_all_replicates.csv
cas12a_precision_editing_figure2_fcs.zip,1008200,9ff3280db8bb183909dc2fd32a3a6958a080f8b29354e86c4b3719bc5aa6473e,True,AD_20241203_fnsnrrpr_casvariants_timepoint3_glu_Experiment_Group_A01.fcs,fncas12a_snr_no,AD_20241203_fnsnrrpr_casvariants_timepoint3_glu,A01,A01,A01,GFP panel,FnCas12a,,SNR52,,No,A01,,1,20_gen,18.2,No,Figure 2,GFP panel replicate kinetics,results/01_gfp_library_transfer_counts/tables/gfp_lib_standardized_all_replicates.csv
cas12a_precision_editing_figure2_fcs.zip,1008200,031c3615006636b48b53c509f55d92889eb4184e8a108025f002e63d19118156,True,AD_20241203_fnsnrrpr_casvariants_timepoint3_glu_Experiment_Group_A02.fcs,fncas12a_snr_no,AD_20241203_fnsnrrpr_casvariants_timepoint3_glu,A02,B05,B05,GFP panel,FnCas12a,,SNR52,,No,B05,,1,20_gen,16.6,No,Figure 2,GFP panel replicate kinetics,results/01_gfp_library_transfer_counts/tables/gfp_lib_standardized_all_replicates.csv
cas12a_precision_editing_figure2_fcs.zip,1008200,46d99d85109b4019b5abb58ac688a876072cfbde832854bd2e931798b86c0f4f,True,AD_20241203_fnsnrrpr_casvariants_timepoint3_glu_Experiment_Group_A03.fcs,fncas12a_snr_no,AD_20241203_fnsnrrpr_casvariants_timepoint3_glu,A03,E01,E01,GFP panel,FnCas12a,,SNR52,,No,E01,,1,20_gen,20.2,No,Figure 2,GFP panel replicate kinetics,results/01_gfp_library_transfer_counts/tables/gfp_lib_standardized_all_replicates.csv
cas12a_precision_editing_figure2_fcs.zip,1008200,3385ee26a79e8e6de558939b6db3dcbfcd3a4869bb9d6185bafe9c988d0ecd74,True,AD_20241203_fnsnrrpr_casvariants_timepoint3_glu_Experiment_Group_A04.fcs,fncas12a_snr_no,AD_20241203_fnsnrrpr_casvariants_timepoint3_glu,A04,H11,H11,GFP panel,FnCas12a,,SNR52,,No,H11,,1,20_gen,17.4,No,Figure 2,GFP panel replicate kinetics,results/01_gfp_library_transfer_counts/tables/gfp_lib_standardized_all_replicates.csv
cas12a_precision_editing_figure2_fcs.zip,1008200,4127c2376cacb3dc81de0a3b02f663e1a005f486621ce0d7142c48a019677ef1,True,AD_20241203_fnsnrrpr_casvariants_timepoint3_glu_Experiment_Group_B01.fcs,fncas12a_snr_no,AD_20241203_fnsnrrpr_casvariants_timepoint3_glu,B01,A01,A01,GFP panel,FnCas12a,,SNR52,,No,A01,,2,20_gen,18.1,No,Figure 2,GFP panel replicate kinetics,results/01_gfp_library_transfer_counts/tables/gfp_lib_standardized_all_replicates.csv
cas12a_precision_editing_figure2_fcs.zip,1008200,fd20be7c87869970f0621d2b17e483808b824fbfaaf98b4d627ceaa710daad04,True,AD_20241203_fnsnrrpr_casvariants_timepoint3_glu_Experiment_Group_B02.fcs,fncas12a_snr_no,AD_20241203_fnsnrrpr_casvariants_timepoint3_glu,B02,B05,B05,GFP panel,FnCas12a,,SNR52,,No,B05,,2,20_gen,17.9,No,Figure 2,GFP panel replicate kinetics,results/01_gfp_library_transfer_counts/tables/gfp_lib_standardized_all_replicates.csv
cas12a_precision_editing_figure2_fcs.zip,1008200,3227f545ad3d94928d0c2855ccb8182dd90eaefaa35b85e083954ab22314d35e,True,AD_20241203_fnsnrrpr_casvariants_timepoint3_glu_Experiment_Group_B03.fcs,fncas12a_snr_no,AD_20241203_fnsnrrpr_casvariants_timepoint3_glu,B03,E01,E01,GFP panel,FnCas12a,,SNR52,,No,E01,,2,20_gen,20.0,No,Figure 2,GFP panel replicate kinetics,results/01_gfp_library_transfer_counts/tables/gfp_lib_standardized_all_replicates.csv
cas12a_precision_editing_figure2_fcs.zip,1008200,43542948764cb169a37e5ab512ea43d62526432c61a70cc836837e1dfa424539,True,AD_20241203_fnsnrrpr_casvariants_timepoint3_glu_Experiment_Group_B04.fcs,fncas12a_snr_no,AD_20241203_fnsnrrpr_casvariants_timepoint3_glu,B04,H11,H11,GFP panel,FnCas12a,,SNR52,,No,H11,,2,20_gen,17.0,No,Figure 2,GFP panel replicate kinetics,results/01_gfp_library_transfer_counts/tables/gfp_lib_standardized_all_replicates.csv
cas12a_precision_editing_figure2_fcs.zip,1008200,bcebb82685b4986e7786ef3c65bd49fe132bb0ae8f7fd9f3fe20754454a08e7d,True,AD_20241203_fnsnrrpr_casvariants_timepoint3_glu_Experiment_Group_C01.fcs,fncas12a_snr_no,AD_20241203_fnsnrrpr_casvariants_timepoint3_glu,C01,A04,A04,GFP panel,FnCas12a,,SNR52,,No,A04,,1,20_gen,17.3,No,Figure 2,GFP panel replicate kinetics,results/01_gfp_library_transfer_counts/tables/gfp_lib_standardized_all_replicates.csv
cas12a_precision_editing_figure2_fcs.zip,1008200,f188516fb44c03b62394554622a68fe30e278c9a47ac2e50bca89dfaf9bf9e1c,True,AD_20241203_fnsnrrpr_casvariants_timepoint3_glu_Experiment_Group_C02.fcs,fncas12a_snr_no,AD_20241203_fnsnrrpr_casvariants_timepoint3_glu,C02,C03,C03,GFP panel,FnCas12a,,SNR52,,No,C03,,1,20_gen,17.8,No,Figure 2,GFP panel replicate kinetics,results/01_gfp_library_transfer_counts/tables/gfp_lib_standardized_all_replicates.csv
cas12a_precision_editing_figure2_fcs.zip,1008200,b870203cf9dad1c2448f4da4829c1b3d423fea4414a0752bd2b8410eb4faf6c9,True,AD_20241203_fnsnrrpr_casvariants_timepoint3_glu_Experiment_Group_C03.fcs,fncas12a_snr_no,AD_20241203_fnsnrrpr_casvariants_timepoint3_glu,C03,E02,E02,GFP panel,FnCas12a,,SNR52,,No,E02,,1,20_gen,17.9,No,Figure 2,GFP panel replicate kinetics,results/01_gfp_library_transfer_counts/tables/gfp_lib_standardized_all_replicates.csv
cas12a_precision_editing_figure2_fcs.zip,1008200,95e8876f33cdb16d71fcd7ec3dca09af09c30cc2721be763240b85ebe7656887,True,AD_20241203_fnsnrrpr_casvariants_timepoint3_glu_Experiment_Group_D01.fcs,fncas12a_snr_no,AD_20241203_fnsnrrpr_casvariants_timepoint3_glu,D01,A04,A04,GFP panel,FnCas12a,,SNR52,,No,A04,,2,20_gen,18.9,No,Figure 2,GFP panel replicate kinetics,results/01_gfp_library_transfer_counts/tables/gfp_lib_standardized_all_replicates.csv
cas12a_precision_editing_figure2_fcs.zip,1008200,3e0cbbab6489ddeeb5810e644e99393186b5ea1fa8ed3e00853d8cba3bcf7da0,True,AD_20241203_fnsnrrpr_casvariants_timepoint3_glu_Experiment_Group_D02.fcs,fncas12a_snr_no,AD_20241203_fnsnrrpr_casvariants_timepoint3_glu,D02,C03,C03,GFP panel,FnCas12a,,SNR52,,No,C03,,2,20_gen,18.6,No,Figure 2,GFP panel replicate kinetics,results/01_gfp_library_transfer_counts/tables/gfp_lib_standardized_all_replicates.csv
cas12a_precision_editing_figure2_fcs.zip,1008200,3de179effcc7c13b95f5d3d0240c6cd62722c02af35b8d6f68630ea8c31d76f7,True,AD_20241203_fnsnrrpr_casvariants_timepoint3_glu_Experiment_Group_D03.fcs,fncas12a_snr_no,AD_20241203_fnsnrrpr_casvariants_timepoint3_glu,D03,E02,E02,GFP panel,FnCas12a,,SNR52,,No,E02,,2,20_gen,18.3,No,Figure 2,GFP panel replicate kinetics,results/01_gfp_library_transfer_counts/tables/gfp_lib_standardized_all_replicates.csv
cas12a_precision_editing_figure2_fcs.zip,1008200,3f6a6236e792699f195fc6b12c0b9ffd5c4c102544e8e31a12f93db934a7b42d,True,AD_20241203_fnsnrrpr_casvariants_timepoint3_glu_Experiment_Group_E01.fcs,fncas12a_snr_no,AD_20241203_fnsnrrpr_casvariants_timepoint3_glu,E01,A09,A09,GFP panel,FnCas12a,,SNR52,,No,A09,,1,20_gen,21.2,Yes,Figure 2,GFP panel replicate kinetics,results/01_gfp_library_transfer_counts/tables/gfp_lib_standardized_all_replicates.csv
cas12a_precision_editing_figure2_fcs.zip,1008200,599d2b5e8338767884ddee56e28e970c6f3ac23c394d6eba46e7743383b4b11c,True,AD_20241203_fnsnrrpr_casvariants_timepoint3_glu_Experiment_Group_E02.fcs,fncas12a_snr_no,AD_20241203_fnsnrrpr_casvariants_timepoint3_glu,E02,C04,C04,GFP panel,FnCas12a,,SNR52,,No,C04,,1,20_gen,17.4,No,Figure 2,GFP panel replicate kinetics,results/01_gfp_library_transfer_counts/tables/gfp_lib_standardized_all_replicates.csv
cas12a_precision_editing_figure2_fcs.zip,1008200,5d27ae6716c96dc8e6057a83d60963da31d9ada6f4d8be8b2a74fda4280131bd,True,AD_20241203_fnsnrrpr_casvariants_timepoint3_glu_Experiment_Group_E03.fcs,fncas12a_snr_no,AD_20241203_fnsnrrpr_casvariants_timepoint3_glu,E03,E05,E05,GFP panel,FnCas12a,,SNR52,,No,E05,,1,20_gen,19.9,No,Figure 2,GFP panel replicate kinetics,results/01_gfp_library_transfer_counts/tables/gfp_lib_standardized_all_replicates.csv
cas12a_precision_editing_figure2_fcs.zip,1008200,dcfd52a1f7ad9ef37a59dfcc21e57b404a946b36cfb6eedbb0560fb31af59283,True,AD_20241203_fnsnrrpr_casvariants_timepoint3_glu_Experiment_Group_F01.fcs,fncas12a_snr_no,AD_20241203_fnsnrrpr_casvariants_timepoint3_glu,F01,A09,A09,GFP panel,FnCas12a,,SNR52,,No,A09,,2,20_gen,20.0,Yes,Figure 2,GFP panel replicate kinetics,results/01_gfp_library_transfer_counts/tables/gfp_lib_standardized_all_replicates.csv
cas12a_precision_editing_figure2_fcs.zip,1008200,9f52afe84bf08606f28063105ff1acd387144b82a8ffffd334d5957395a66a03,True,AD_20241203_fnsnrrpr_casvariants_timepoint3_glu_Experiment_Group_F02.fcs,fncas12a_snr_no,AD_20241203_fnsnrrpr_casvariants_timepoint3_glu,F02,C04,C04,GFP panel,FnCas12a,,SNR52,,No,C04,,2,20_gen,17.4,No,Figure 2,GFP panel replicate kinetics,results/01_gfp_library_transfer_counts/tables/gfp_lib_standardized_all_replicates.csv
cas12a_precision_editing_figure2_fcs.zip,1008200,6df6af63e8a1359c2c76aaeab3a451a0350ffa655cbcc3f9e3b96d70cf7338c7,True,AD_20241203_fnsnrrpr_casvariants_timepoint3_glu_Experiment_Group_F03.fcs,fncas12a_snr_no,AD_20241203_fnsnrrpr_casvariants_timepoint3_glu,F03,E05,E05,GFP panel,FnCas12a,,SNR52,,No,E05,,2,20_gen,19.8,No,Figure 2,GFP panel replicate kinetics,results/01_gfp_library_transfer_counts/tables/gfp_lib_standardized_all_replicates.csv
cas12a_precision_editing_figure2_fcs.zip,1008200,b6f878f5866f63cf6c15285ed3b6d1e992284a85023c53bfe04dbf46a019018b,True,AD_20241203_fnsnrrpr_casvariants_timepoint3_glu_Experiment_Group_G01.fcs,fncas12a_snr_no,AD_20241203_fnsnrrpr_casvariants_timepoint3_glu,G01,A12,A12,GFP panel,FnCas12a,,SNR52,,No,A12,,1,20_gen,19.4,No,Figure 2,GFP panel replicate kinetics,results/01_gfp_library_transfer_counts/tables/gfp_lib_standardized_all_replicates.csv
cas12a_precision_editing_figure2_fcs.zip,1008200,8dee9caf49a2ceee28f2d29d5d0c7b46c34d8a2d1a0728c3a803d4d923a01ca7,True,AD_20241203_fnsnrrpr_casvariants_timepoint3_glu_Experiment_Group_G02.fcs,fncas12a_snr_no,AD_20241203_fnsnrrpr_casvariants_timepoint3_glu,G02,C05,C05,GFP panel,FnCas12a,,SNR52,,No,C05,,1,20_gen,21.2,No,Figure 2,GFP panel replicate kinetics,results/01_gfp_library_transfer_counts/tables/gfp_lib_standardized_all_replicates.csv
cas12a_precision_editing_figure2_fcs.zip,1008200,95f578d2937fbc94ca2968bfa17466a3494a61fcd739b7826db07721f207c976,True,AD_20241203_fnsnrrpr_casvariants_timepoint3_glu_Experiment_Group_G03.fcs,fncas12a_snr_no,AD_20241203_fnsnrrpr_casvariants_timepoint3_glu,G03,G03,G03,GFP panel,FnCas12a,,SNR52,,No,G03,,1,20_gen,19.1,No,Figure 2,GFP panel replicate kinetics,results/01_gfp_library_transfer_counts/tables/gfp_lib_standardized_all_replicates.csv
cas12a_precision_editing_figure2_fcs.zip,1008200,910029565f97482a11fcb9f61cccf7e8584dd6a91685aace1e1a60bef9e12ad8,True,AD_20241203_fnsnrrpr_casvariants_timepoint3_glu_Experiment_Group_H01.fcs,fncas12a_snr_no,AD_20241203_fnsnrrpr_casvariants_timepoint3_glu,H01,A12,A12,GFP panel,FnCas12a,,SNR52,,No,A12,,2,20_gen,19.1,No,Figure 2,GFP panel replicate kinetics,results/01_gfp_library_transfer_counts/tables/gfp_lib_standardized_all_replicates.csv
cas12a_precision_editing_figure2_fcs.zip,1008200,8eef63cf2bfa1233c45093670f2df75772738bfcf205097ecde6e339f988f503,True,AD_20241203_fnsnrrpr_casvariants_timepoint3_glu_Experiment_Group_H02.fcs,fncas12a_snr_no,AD_20241203_fnsnrrpr_casvariants_timepoint3_glu,H02,C05,C05,GFP panel,FnCas12a,,SNR52,,No,C05,,2,20_gen,20.4,No,Figure 2,GFP panel replicate kinetics,results/01_gfp_library_transfer_counts/tables/gfp_lib_standardized_all_replicates.csv
cas12a_precision_editing_figure2_fcs.zip,1008200,76aefede1a7f31206174cb731cb5cac2c24de31b7317392887dee079499de2ee,True,AD_20241203_fnsnrrpr_casvariants_timepoint3_glu_Experiment_Group_H03.fcs,fncas12a_snr_no,AD_20241203_fnsnrrpr_casvariants_timepoint3_glu,H03,G03,G03,GFP panel,FnCas12a,,SNR52,,No,G03,,2,20_gen,19.2,No,Figure 2,GFP panel replicate kinetics,results/01_gfp_library_transfer_counts/tables/gfp_lib_standardized_all_replicates.csv
cas12a_precision_editing_figure2_fcs.zip,1008200,de78054b489a54590f04e316f1ec8b22fc7f39d02104f6861d67c35597d03f7d,True,AD_20241203_fnsnrrpr_casvariants_timepoint1_Experiment_Group_A01.fcs,fncas12a_snr_no,AD_20241203_fnsnrrpr_casvariants_timepoint1,A01,A01,A01,GFP panel,FnCas12a,,SNR52,,No,A01,,1,6_gen,4.4,No,Figure 2,GFP panel replicate kinetics,results/01_gfp_library_transfer_counts/tables/gfp_lib_standardized_all_replicates.csv
cas12a_precision_editing_figure2_fcs.zip,529840,c53e1f11ca45277b643f63e2c1688062cb022a32681d664826aa50d254fd38f0,True,AD_20241203_fnsnrrpr_casvariants_timepoint1_Experiment_Group_A02.fcs,fncas12a_snr_no,AD_20241203_fnsnrrpr_casvariants_timepoint1,A02,B05,B05,GFP panel,FnCas12a,,SNR52,,No,B05,,1,6_gen,4.0,No,Figure 2,GFP panel replicate kinetics,results/01_gfp_library_transfer_counts/tables/gfp_lib_standardized_all_replicates.csv
cas12a_precision_editing_figure2_fcs.zip,1008200,6c24df4f6285ab7fb77cf74c1f5744a1718f10b08dfde9b1dc229cf30e60e578,True,AD_20241203_fnsnrrpr_casvariants_timepoint1_Experiment_Group_A03.fcs,fncas12a_snr_no,AD_20241203_fnsnrrpr_casvariants_timepoint1,A03,E01,E01,GFP panel,FnCas12a,,SNR52,,No,E01,,1,6_gen,6.8,No,Figure 2,GFP panel replicate kinetics,results/01_gfp_library_transfer_counts/tables/gfp_lib_standardized_all_replicates.csv
cas12a_precision_editing_figure2_fcs.zip,1008200,3aaf984f8df82c49a839e9e6543aba1d9c781cb29e987d3fc8a1e85f2d31ca10,True,AD_20241203_fnsnrrpr_casvariants_timepoint1_Experiment_Group_A04.fcs,fncas12a_snr_no,AD_20241203_fnsnrrpr_casvariants_timepoint1,A04,H11,H11,GFP panel,FnCas12a,,SNR52,,No,H11,,1,6_gen,4.6,No,Figure 2,GFP panel replicate kinetics,results/01_gfp_library_transfer_counts/tables/gfp_lib_standardized_all_replicates.csv
cas12a_precision_editing_figure2_fcs.zip,1008200,12a9924c08c965cab6a7247f9a7e0e40703e2528c108eee11dc43f3ec8aca55a,True,AD_20241203_fnsnrrpr_casvariants_timepoint1_Experiment_Group_B01.fcs,fncas12a_snr_no,AD_20241203_fnsnrrpr_casvariants_timepoint1,B01,A01,A01,GFP panel,FnCas12a,,SNR52,,No,A01,,2,6_gen,5.1,No,Figure 2,GFP panel replicate kinetics,results/01_gfp_library_transfer_counts/tables/gfp_lib_standardized_all_replicates.csv
cas12a_precision_editing_figure2_fcs.zip,475880,e827888ecdd460297d43bbf2196720aab802aba3796e09782f512bcfa9010a3e,True,AD_20241203_fnsnrrpr_casvariants_timepoint1_Experiment_Group_B02.fcs,fncas12a_snr_no,AD_20241203_fnsnrrpr_casvariants_timepoint1,B02,B05,B05,GFP panel,FnCas12a,,SNR52,,No,B05,,2,6_gen,2.1,No,Figure 2,GFP panel replicate kinetics,results/01_gfp_library_transfer_counts/tables/gfp_lib_standardized_all_replicates.csv
cas12a_precision_editing_figure2_fcs.zip,1008200,8a8b663485b19cd8fd73d18193ce6d260b2895097c3352cfab5f276eafe9ed62,True,AD_20241203_fnsnrrpr_casvariants_timepoint1_Experiment_Group_B03.fcs,fncas12a_snr_no,AD_20241203_fnsnrrpr_casvariants_timepoint1,B03,E01,E01,GFP panel,FnCas12a,,SNR52,,No,E01,,2,6_gen,6.8,No,Figure 2,GFP panel replicate kinetics,results/01_gfp_library_transfer_counts/tables/gfp_lib_standardized_all_replicates.csv
cas12a_precision_editing_figure2_fcs.zip,586200,dc31950fc907a0d99e4e504bfc5a1373999ffee8eaf127a0f4ccbf635b102f66,True,AD_20241203_fnsnrrpr_casvariants_timepoint1_Experiment_Group_B04.fcs,fncas12a_snr_no,AD_20241203_fnsnrrpr_casvariants_timepoint1,B04,H11,H11,GFP panel,FnCas12a,,SNR52,,No,H11,,2,6_gen,3.8,No,Figure 2,GFP panel replicate kinetics,results/01_gfp_library_transfer_counts/tables/gfp_lib_standardized_all_replicates.csv
cas12a_precision_editing_figure2_fcs.zip,410040,0cc64b2fed76144e80afd1b23bab17cb293af9b936dd5f0a75c590d4cd1ac242,True,AD_20241203_fnsnrrpr_casvariants_timepoint1_Experiment_Group_C01.fcs,fncas12a_snr_no,AD_20241203_fnsnrrpr_casvariants_timepoint1,C01,A04,A04,GFP panel,FnCas12a,,SNR52,,No,A04,,1,6_gen,3.4,No,Figure 2,GFP panel replicate kinetics,results/01_gfp_library_transfer_counts/tables/gfp_lib_standardized_all_replicates.csv
cas12a_precision_editing_figure2_fcs.zip,390920,15200c99216b39f9afb0f297b420492eec4c292fdbe8b3835eaa6a66ba7d1a1e,True,AD_20241203_fnsnrrpr_casvariants_timepoint1_Experiment_Group_C02.fcs,fncas12a_snr_no,AD_20241203_fnsnrrpr_casvariants_timepoint1,C02,C03,C03,GFP panel,FnCas12a,,SNR52,,No,C03,,1,6_gen,2.4,No,Figure 2,GFP panel replicate kinetics,results/01_gfp_library_transfer_counts/tables/gfp_lib_standardized_all_replicates.csv
cas12a_precision_editing_figure2_fcs.zip,1008200,7c0a21757346fd4d947187f430d3a63038236ebf5f4a7c5c6c9b4485eee256c2,True,AD_20241203_fnsnrrpr_casvariants_timepoint1_Experiment_Group_C03.fcs,fncas12a_snr_no,AD_20241203_fnsnrrpr_casvariants_timepoint1,C03,E02,E02,GFP panel,FnCas12a,,SNR52,,No,E02,,1,6_gen,4.8,No,Figure 2,GFP panel replicate kinetics,results/01_gfp_library_transfer_counts/tables/gfp_lib_standardized_all_replicates.csv
cas12a_precision_editing_figure2_fcs.zip,333960,bc6804c4b606b80a161e5591ee1085ae9e3681cf198e40ac5daca8fb8c6bd708,True,AD_20241203_fnsnrrpr_casvariants_timepoint1_Experiment_Group_D01.fcs,fncas12a_snr_no,AD_20241203_fnsnrrpr_casvariants_timepoint1,D01,A04,A04,GFP panel,FnCas12a,,SNR52,,No,A04,,2,6_gen,1.6,No,Figure 2,GFP panel replicate kinetics,results/01_gfp_library_transfer_counts/tables/gfp_lib_standardized_all_replicates.csv
cas12a_precision_editing_figure2_fcs.zip,299400,215a495df4cc22e9817abef12eca2155f9079ec202b4e0bc357a965071cd138b,True,AD_20241203_fnsnrrpr_casvariants_timepoint1_Experiment_Group_D02.fcs,fncas12a_snr_no,AD_20241203_fnsnrrpr_casvariants_timepoint1,D02,C03,C03,GFP panel,FnCas12a,,SNR52,,No,C03,,2,6_gen,2.4,No,Figure 2,GFP panel replicate kinetics,results/01_gfp_library_transfer_counts/tables/gfp_lib_standardized_all_replicates.csv
cas12a_precision_editing_figure2_fcs.zip,974200,ad5911681fdf4564a3a85abbd808c644d8222623a26fa334a55aa747bc4c1bff,True,AD_20241203_fnsnrrpr_casvariants_timepoint1_Experiment_Group_D03.fcs,fncas12a_snr_no,AD_20241203_fnsnrrpr_casvariants_timepoint1,D03,E02,E02,GFP panel,FnCas12a,,SNR52,,No,E02,,2,6_gen,5.1,No,Figure 2,GFP panel replicate kinetics,results/01_gfp_library_transfer_counts/tables/gfp_lib_standardized_all_replicates.csv
cas12a_precision_editing_figure2_fcs.zip,1008200,5b3563a69f4094ed56206940975cac2b1898baea45bf7c01bfca82179ac22cfa,True,AD_20241203_fnsnrrpr_casvariants_timepoint1_Experiment_Group_E01.fcs,fncas12a_snr_no,AD_20241203_fnsnrrpr_casvariants_timepoint1,E01,A09,A09,GFP panel,FnCas12a,,SNR52,,No,A09,,1,6_gen,6.9,Yes,Figure 2,GFP panel replicate kinetics,results/01_gfp_library_transfer_counts/tables/gfp_lib_standardized_all_replicates.csv
cas12a_precision_editing_figure2_fcs.zip,889240,166b4f45a98474d912f2313ce3ba1870a9f342c68c059c3e5d1aeaa7f7c95092,True,AD_20241203_fnsnrrpr_casvariants_timepoint1_Experiment_Group_E02.fcs,fncas12a_snr_no,AD_20241203_fnsnrrpr_casvariants_timepoint1,E02,C04,C04,GFP panel,FnCas12a,,SNR52,,No,C04,,1,6_gen,4.2,No,Figure 2,GFP panel replicate kinetics,results/01_gfp_library_transfer_counts/tables/gfp_lib_standardized_all_replicates.csv
cas12a_precision_editing_figure2_fcs.zip,1008200,05cca79387c1b16445ad1a18132238e4ca64f79426b2bf1c7a7973e835cc6113,True,AD_20241203_fnsnrrpr_casvariants_timepoint1_Experiment_Group_E03.fcs,fncas12a_snr_no,AD_20241203_fnsnrrpr_casvariants_timepoint1,E03,E05,E05,GFP panel,FnCas12a,,SNR52,,No,E05,,1,6_gen,6.5,No,Figure 2,GFP panel replicate kinetics,results/01_gfp_library_transfer_counts/tables/gfp_lib_standardized_all_replicates.csv
cas12a_precision_editing_figure2_fcs.zip,1008200,e10efc42b1d0207b1ecf75ef40a9aef129aa47bba95f9000e2082c3954a9ff9a,True,AD_20241203_fnsnrrpr_casvariants_timepoint1_Experiment_Group_F01.fcs,fncas12a_snr_no,AD_20241203_fnsnrrpr_casvariants_timepoint1,F01,A09,A09,GFP panel,FnCas12a,,SNR52,,No,A09,,2,6_gen,6.8,Yes,Figure 2,GFP panel replicate kinetics,results/01_gfp_library_transfer_counts/tables/gfp_lib_standardized_all_replicates.csv
cas12a_precision_editing_figure2_fcs.zip,1008200,6106c85352625aef38b24b4273a9bc2f5c2b1f2823dcecf6ebe2402b857fbf83,True,AD_20241203_fnsnrrpr_casvariants_timepoint1_Experiment_Group_F02.fcs,fncas12a_snr_no,AD_20241203_fnsnrrpr_casvariants_timepoint1,F02,C04,C04,GFP panel,FnCas12a,,SNR52,,No,C04,,2,6_gen,4.4,No,Figure 2,GFP panel replicate kinetics,results/01_gfp_library_transfer_counts/tables/gfp_lib_standardized_all_replicates.csv
cas12a_precision_editing_figure2_fcs.zip,1008200,deef8e9e1dfbb8be4f16d69a0641029d35b38ad09a2ea19d3c35f786f8ea9716,True,AD_20241203_fnsnrrpr_casvariants_timepoint1_Experiment_Group_F03.fcs,fncas12a_snr_no,AD_20241203_fnsnrrpr_casvariants_timepoint1,F03,E05,E05,GFP panel,FnCas12a,,SNR52,,No,E05,,2,6_gen,6.4,No,Figure 2,GFP panel replicate kinetics,results/01_gfp_library_transfer_counts/tables/gfp_lib_standardized_all_replicates.csv
cas12a_precision_editing_figure2_fcs.zip,1008200,0642fd4bb86a5ccf026f1a6417e7d8113d436d21b893e8334aa124a77df3e18d,True,AD_20241203_fnsnrrpr_casvariants_timepoint1_Experiment_Group_G01.fcs,fncas12a_snr_no,AD_20241203_fnsnrrpr_casvariants_timepoint1,G01,A12,A12,GFP panel,FnCas12a,,SNR52,,No,A12,,1,6_gen,6.4,No,Figure 2,GFP panel replicate kinetics,results/01_gfp_library_transfer_counts/tables/gfp_lib_standardized_all_replicates.csv
cas12a_precision_editing_figure2_fcs.zip,1008200,638f1435caf911221cf46fda247bb41bdb1ef3f23ed2920d5100cfe68464ece6,True,AD_20241203_fnsnrrpr_casvariants_timepoint1_Experiment_Group_G02.fcs,fncas12a_snr_no,AD_20241203_fnsnrrpr_casvariants_timepoint1,G02,C05,C05,GFP panel,FnCas12a,,SNR52,,No,C05,,1,6_gen,7.2,No,Figure 2,GFP panel replicate kinetics,results/01_gfp_library_transfer_counts/tables/gfp_lib_standardized_all_replicates.csv
cas12a_precision_editing_figure2_fcs.zip,1008200,0c7f2b00e012d0d6439b94cccbd69113ccaff2e1d7953a9274c2c1016b56145c,True,AD_20241203_fnsnrrpr_casvariants_timepoint1_Experiment_Group_G03.fcs,fncas12a_snr_no,AD_20241203_fnsnrrpr_casvariants_timepoint1,G03,G03,G03,GFP panel,FnCas12a,,SNR52,,No,G03,,1,6_gen,4.5,No,Figure 2,GFP panel replicate kinetics,results/01_gfp_library_transfer_counts/tables/gfp_lib_standardized_all_replicates.csv
cas12a_precision_editing_figure2_fcs.zip,1008200,71698c435f7f693cb0fb2f117cf6d3a640363bffdc5b957438e4ea01e5d839a1,True,AD_20241203_fnsnrrpr_casvariants_timepoint1_Experiment_Group_H01.fcs,fncas12a_snr_no,AD_20241203_fnsnrrpr_casvariants_timepoint1,H01,A12,A12,GFP panel,FnCas12a,,SNR52,,No,A12,,2,6_gen,6.8,No,Figure 2,GFP panel replicate kinetics,results/01_gfp_library_transfer_counts/tables/gfp_lib_standardized_all_replicates.csv
cas12a_precision_editing_figure2_fcs.zip,1008200,6293139e801140111d087d09e1da45560f048abb18d1933957fa57e71a7e6973,True,AD_20241203_fnsnrrpr_casvariants_timepoint1_Experiment_Group_H02.fcs,fncas12a_snr_no,AD_20241203_fnsnrrpr_casvariants_timepoint1,H02,C05,C05,GFP panel,FnCas12a,,SNR52,,No,C05,,2,6_gen,6.9,No,Figure 2,GFP panel replicate kinetics,results/01_gfp_library_transfer_counts/tables/gfp_lib_standardized_all_replicates.csv
cas12a_precision_editing_figure2_fcs.zip,1008200,5df06641c36bb6b76f932703584fbbc63e02d8aaad2823e6eec5e4d76c9ac910,True,AD_20241203_fnsnrrpr_casvariants_timepoint1_Experiment_Group_H03.fcs,fncas12a_snr_no,AD_20241203_fnsnrrpr_casvariants_timepoint1,H03,G03,G03,GFP panel,FnCas12a,,SNR52,,No,G03,,2,6_gen,4.7,No,Figure 2,GFP panel replicate kinetics,results/01_gfp_library_transfer_counts/tables/gfp_lib_standardized_all_replicates.csv
cas12a_precision_editing_figure2_fcs.zip,1008200,b8ef4aa8a744475769249f66a8fe5527fb0eace8280c25fc46cc93984924079d,True,AD_20241203_fnsnrrpr_casvariants_scraped_Experiment_Group_A01.fcs,fncas12a_snr_no,AD_20241203_fnsnrrpr_casvariants_scraped,A01,A01,A01,GFP panel,FnCas12a,,SNR52,,No,A01,,1,scraped,0.0,No,Figure 2,GFP panel replicate kinetics,results/01_gfp_library_transfer_counts/tables/gfp_lib_standardized_all_replicates.csv
cas12a_precision_editing_figure2_fcs.zip,602560,af5a9ace3b7e1050bf5d934f8db57f75291e7caa0715f061fefa240b771c38e3,True,AD_20241203_fnsnrrpr_casvariants_scraped_Experiment_Group_A02.fcs,fncas12a_snr_no,AD_20241203_fnsnrrpr_casvariants_scraped,A02,B05,B05,GFP panel,FnCas12a,,SNR52,,No,B05,,1,scraped,0.0,No,Figure 2,GFP panel replicate kinetics,results/01_gfp_library_transfer_counts/tables/gfp_lib_standardized_all_replicates.csv
cas12a_precision_editing_figure2_fcs.zip,652400,1fc289277db4bfb83733fa2fd92674a4684621604c1fdd2eb9cf23b0b506c821,True,AD_20241203_fnsnrrpr_casvariants_scraped_Experiment_Group_A03.fcs,fncas12a_snr_no,AD_20241203_fnsnrrpr_casvariants_scraped,A03,E01,E01,GFP panel,FnCas12a,,SNR52,,No,E01,,1,scraped,0.0,No,Figure 2,GFP panel replicate kinetics,results/01_gfp_library_transfer_counts/tables/gfp_lib_standardized_all_replicates.csv
cas12a_precision_editing_figure2_fcs.zip,1008200,3b0614e3cd843772d50b1f6a3371fb3c1979a83fdbee0d6c47c76b95140734d2,True,AD_20241203_fnsnrrpr_casvariants_scraped_Experiment_Group_A04.fcs,fncas12a_snr_no,AD_20241203_fnsnrrpr_casvariants_scraped,A04,H11,H11,GFP panel,FnCas12a,,SNR52,,No,H11,,1,scraped,0.0,No,Figure 2,GFP panel replicate kinetics,results/01_gfp_library_transfer_counts/tables/gfp_lib_standardized_all_replicates.csv
cas12a_precision_editing_figure2_fcs.zip,1008200,97a5a265e668b4d39226155b2cbabd1647759b23502902fe979bfdbed916e71a,True,AD_20241203_fnsnrrpr_casvariants_scraped_Experiment_Group_B01.fcs,fncas12a_snr_no,AD_20241203_fnsnrrpr_casvariants_scraped,B01,A01,A01,GFP panel,FnCas12a,,SNR52,,No,A01,,2,scraped,0.0,No,Figure 2,GFP panel replicate kinetics,results/01_gfp_library_transfer_counts/tables/gfp_lib_standardized_all_replicates.csv
cas12a_precision_editing_figure2_fcs.zip,1008200,426439950df802eb8f3ad74593635a52776e05346f82822ba82e7d7a3b1f577d,True,AD_20241203_fnsnrrpr_casvariants_scraped_Experiment_Group_B02.fcs,fncas12a_snr_no,AD_20241203_fnsnrrpr_casvariants_scraped,B02,B05,B05,GFP panel,FnCas12a,,SNR52,,No,B05,,2,scraped,0.0,No,Figure 2,GFP panel replicate kinetics,results/01_gfp_library_transfer_counts/tables/gfp_lib_standardized_all_replicates.csv
cas12a_precision_editing_figure2_fcs.zip,1008200,fde04cc3f208aa4f047e2f51d672ddaeadf1589844b5bcacbece265cb5adb2f4,True,AD_20241203_fnsnrrpr_casvariants_scraped_Experiment_Group_B03.fcs,fncas12a_snr_no,AD_20241203_fnsnrrpr_casvariants_scraped,B03,E01,E01,GFP panel,FnCas12a,,SNR52,,No,E01,,2,scraped,0.0,No,Figure 2,GFP panel replicate kinetics,results/01_gfp_library_transfer_counts/tables/gfp_lib_standardized_all_replicates.csv
cas12a_precision_editing_figure2_fcs.zip,1008200,f66d5d56d748cb0a88933d448fa5931ad0d0e2a529e33011895ec5e0698187e3,True,AD_20241203_fnsnrrpr_casvariants_scraped_Experiment_Group_B04.fcs,fncas12a_snr_no,AD_20241203_fnsnrrpr_casvariants_scraped,B04,H11,H11,GFP panel,FnCas12a,,SNR52,,No,H11,,2,scraped,0.0,No,Figure 2,GFP panel replicate kinetics,results/01_gfp_library_transfer_counts/tables/gfp_lib_standardized_all_replicates.csv
cas12a_precision_editing_figure2_fcs.zip,451320,d435eb221aeade60da0fa5d1587038400c9ed16af537539243ade2bf8cfa8c12,True,AD_20241203_fnsnrrpr_casvariants_scraped_Experiment_Group_C01.fcs,fncas12a_snr_no,AD_20241203_fnsnrrpr_casvariants_scraped,C01,A04,A04,GFP panel,FnCas12a,,SNR52,,No,A04,,1,scraped,0.0,No,Figure 2,GFP panel replicate kinetics,results/01_gfp_library_transfer_counts/tables/gfp_lib_standardized_all_replicates.csv
cas12a_precision_editing_figure2_fcs.zip,570200,3021385b8427a0eb5434859c40109c1f4fe717d680d26d5ad6b61801b17a8f07,True,AD_20241203_fnsnrrpr_casvariants_scraped_Experiment_Group_C02.fcs,fncas12a_snr_no,AD_20241203_fnsnrrpr_casvariants_scraped,C02,C03,C03,GFP panel,FnCas12a,,SNR52,,No,C03,,1,scraped,0.0,No,Figure 2,GFP panel replicate kinetics,results/01_gfp_library_transfer_counts/tables/gfp_lib_standardized_all_replicates.csv
cas12a_precision_editing_figure2_fcs.zip,402640,5ecae6ce4378ac606d6d90bc293e9ed49add5c5be379f339775521b84a3ba9b1,True,AD_20241203_fnsnrrpr_casvariants_scraped_Experiment_Group_C03.fcs,fncas12a_snr_no,AD_20241203_fnsnrrpr_casvariants_scraped,C03,E02,E02,GFP panel,FnCas12a,,SNR52,,No,E02,,1,scraped,0.0,No,Figure 2,GFP panel replicate kinetics,results/01_gfp_library_transfer_counts/tables/gfp_lib_standardized_all_replicates.csv
cas12a_precision_editing_figure2_fcs.zip,464160,8d4137b0ea49b96fd9c649da35f37b62c0349616986c5473cec6b9639e63c4ac,True,AD_20241203_fnsnrrpr_casvariants_scraped_Experiment_Group_D01.fcs,fncas12a_snr_no,AD_20241203_fnsnrrpr_casvariants_scraped,D01,A04,A04,GFP panel,FnCas12a,,SNR52,,No,A04,,2,scraped,0.0,No,Figure 2,GFP panel replicate kinetics,results/01_gfp_library_transfer_counts/tables/gfp_lib_standardized_all_replicates.csv
cas12a_precision_editing_figure2_fcs.zip,414040,7a2e33f397457752a630bdaf6050f7fb264726906a14d12b3299c176a7e583d2,True,AD_20241203_fnsnrrpr_casvariants_scraped_Experiment_Group_D02.fcs,fncas12a_snr_no,AD_20241203_fnsnrrpr_casvariants_scraped,D02,C03,C03,GFP panel,FnCas12a,,SNR52,,No,C03,,2,scraped,0.0,No,Figure 2,GFP panel replicate kinetics,results/01_gfp_library_transfer_counts/tables/gfp_lib_standardized_all_replicates.csv
cas12a_precision_editing_figure2_fcs.zip,464640,c269dc36274ad9d88ed12f4d59cc441d0b5b95a1ebfb46d93f0a0cc091516a2e,True,AD_20241203_fnsnrrpr_casvariants_scraped_Experiment_Group_D03.fcs,fncas12a_snr_no,AD_20241203_fnsnrrpr_casvariants_scraped,D03,E02,E02,GFP panel,FnCas12a,,SNR52,,No,E02,,2,scraped,0.0,No,Figure 2,GFP panel replicate kinetics,results/01_gfp_library_transfer_counts/tables/gfp_lib_standardized_all_replicates.csv
cas12a_precision_editing_figure2_fcs.zip,709080,10a4036ae2ac63f2b16aff26333b020addbcaf616878f717fcd4519755a187e3,True,AD_20241203_fnsnrrpr_casvariants_scraped_Experiment_Group_E01.fcs,fncas12a_snr_no,AD_20241203_fnsnrrpr_casvariants_scraped,E01,A09,A09,GFP panel,FnCas12a,,SNR52,,No,A09,,1,scraped,0.0,Yes,Figure 2,GFP panel replicate kinetics,results/01_gfp_library_transfer_counts/tables/gfp_lib_standardized_all_replicates.csv
cas12a_precision_editing_figure2_fcs.zip,579360,5450ce3d3b8047064638c45ba4180f21c7d53dbefe3300d2b91fdd49b28c5064,True,AD_20241203_fnsnrrpr_casvariants_scraped_Experiment_Group_E02.fcs,fncas12a_snr_no,AD_20241203_fnsnrrpr_casvariants_scraped,E02,C04,C04,GFP panel,FnCas12a,,SNR52,,No,C04,,1,scraped,0.0,No,Figure 2,GFP panel replicate kinetics,results/01_gfp_library_transfer_counts/tables/gfp_lib_standardized_all_replicates.csv
cas12a_precision_editing_figure2_fcs.zip,365880,2e216ef806c9c104c87e68ce10218bc71235787bf97cede6e863d1e00e976eac,True,AD_20241203_fnsnrrpr_casvariants_scraped_Experiment_Group_E03.fcs,fncas12a_snr_no,AD_20241203_fnsnrrpr_casvariants_scraped,E03,E05,E05,GFP panel,FnCas12a,,SNR52,,No,E05,,1,scraped,0.0,No,Figure 2,GFP panel replicate kinetics,results/01_gfp_library_transfer_counts/tables/gfp_lib_standardized_all_replicates.csv
cas12a_precision_editing_figure2_fcs.zip,470360,546effecca2925bb8c4a33250b54e7f33243bb270bfd5ec581a0e7d452f5ac20,True,AD_20241203_fnsnrrpr_casvariants_scraped_Experiment_Group_F01.fcs,fncas12a_snr_no,AD_20241203_fnsnrrpr_casvariants_scraped,F01,A09,A09,GFP panel,FnCas12a,,SNR52,,No,A09,,2,scraped,0.0,Yes,Figure 2,GFP panel replicate kinetics,results/01_gfp_library_transfer_counts/tables/gfp_lib_standardized_all_replicates.csv
cas12a_precision_editing_figure2_fcs.zip,496480,c6c2e2b2810b6daa38b31e7c496765073a01e3b66e34a96f93c58ba04ae3fb3e,True,AD_20241203_fnsnrrpr_casvariants_scraped_Experiment_Group_F02.fcs,fncas12a_snr_no,AD_20241203_fnsnrrpr_casvariants_scraped,F02,C04,C04,GFP panel,FnCas12a,,SNR52,,No,C04,,2,scraped,0.0,No,Figure 2,GFP panel replicate kinetics,results/01_gfp_library_transfer_counts/tables/gfp_lib_standardized_all_replicates.csv
cas12a_precision_editing_figure2_fcs.zip,455960,d56f122e26ba03a38d2a5bbb38d0d0cee4d662f3c2d95153490823ac53dcc740,True,AD_20241203_fnsnrrpr_casvariants_scraped_Experiment_Group_F03.fcs,fncas12a_snr_no,AD_20241203_fnsnrrpr_casvariants_scraped,F03,E05,E05,GFP panel,FnCas12a,,SNR52,,No,E05,,2,scraped,0.0,No,Figure 2,GFP panel replicate kinetics,results/01_gfp_library_transfer_counts/tables/gfp_lib_standardized_all_replicates.csv
cas12a_precision_editing_figure2_fcs.zip,482840,7ea1a0eead6f04ab869f3211c566ee9fce4a6d457d5e1bca03a0cefc6ebf00c6,True,AD_20241203_fnsnrrpr_casvariants_scraped_Experiment_Group_G01.fcs,fncas12a_snr_no,AD_20241203_fnsnrrpr_casvariants_scraped,G01,A12,A12,GFP panel,FnCas12a,,SNR52,,No,A12,,1,scraped,0.0,No,Figure 2,GFP panel replicate kinetics,results/01_gfp_library_transfer_counts/tables/gfp_lib_standardized_all_replicates.csv
cas12a_precision_editing_figure2_fcs.zip,287960,c7e1846128528f9daf30297c18dd02988e54ec149d8a02632c79a2d8b72138f7,True,AD_20241203_fnsnrrpr_casvariants_scraped_Experiment_Group_G02.fcs,fncas12a_snr_no,AD_20241203_fnsnrrpr_casvariants_scraped,G02,C05,C05,GFP panel,FnCas12a,,SNR52,,No,C05,,1,scraped,0.0,No,Figure 2,GFP panel replicate kinetics,results/01_gfp_library_transfer_counts/tables/gfp_lib_standardized_all_replicates.csv
cas12a_precision_editing_figure2_fcs.zip,398040,a19d75ad31f58a48094d1d556fda4d384e74f0a6d67ccaee9ed38a746cfd8a2f,True,AD_20241203_fnsnrrpr_casvariants_scraped_Experiment_Group_G03.fcs,fncas12a_snr_no,AD_20241203_fnsnrrpr_casvariants_scraped,G03,G03,G03,GFP panel,FnCas12a,,SNR52,,No,G03,,1,scraped,0.0,No,Figure 2,GFP panel replicate kinetics,results/01_gfp_library_transfer_counts/tables/gfp_lib_standardized_all_replicates.csv
cas12a_precision_editing_figure2_fcs.zip,629360,d86999d85aab6e0f493f3c0d051a7eaaf32e64e73dff86f38459ae10ca62d4d8,True,AD_20241203_fnsnrrpr_casvariants_scraped_Experiment_Group_H01.fcs,fncas12a_snr_no,AD_20241203_fnsnrrpr_casvariants_scraped,H01,A12,A12,GFP panel,FnCas12a,,SNR52,,No,A12,,2,scraped,0.0,No,Figure 2,GFP panel replicate kinetics,results/01_gfp_library_transfer_counts/tables/gfp_lib_standardized_all_replicates.csv
cas12a_precision_editing_figure2_fcs.zip,262600,520e93ae95a3678f90b8c83b55548d805cfba2c4d4b17b07a6409bf3addf67f3,True,AD_20241203_fnsnrrpr_casvariants_scraped_Experiment_Group_H02.fcs,fncas12a_snr_no,AD_20241203_fnsnrrpr_casvariants_scraped,H02,C05,C05,GFP panel,FnCas12a,,SNR52,,No,C05,,2,scraped,0.0,No,Figure 2,GFP panel replicate kinetics,results/01_gfp_library_transfer_counts/tables/gfp_lib_standardized_all_replicates.csv
cas12a_precision_editing_figure2_fcs.zip,648760,987c345125d8d3f6dbf4dffd3deb93209649bc544116c5e26773d8388489a9b7,True,AD_20241203_fnsnrrpr_casvariants_scraped_Experiment_Group_H03.fcs,fncas12a_snr_no,AD_20241203_fnsnrrpr_casvariants_scraped,H03,G03,G03,GFP panel,FnCas12a,,SNR52,,No,G03,,2,scraped,0.0,No,Figure 2,GFP panel replicate kinetics,results/01_gfp_library_transfer_counts/tables/gfp_lib_standardized_all_replicates.csv
cas12a_precision_editing_figure2_fcs.zip,1008200,dc75d1127bd0b02da53f0608765ccaeaa57eaaa23d4fca8b569b80a1f17a2838,True,AD_20241205_gfplib_fncas12a_lexA_snrrpr_timepoint3_Experiment_Group_A01.fcs,fncas12a_snr_yes,AD_20241205_gfplib_fncas12a_lexA_snrrpr_timepoint3,A01,A01,A01,GFP panel,FnCas12a,,SNR52,,Yes,A01,,1,11_gen,10.2,No,Figure 2,GFP panel replicate kinetics,results/01_gfp_library_transfer_counts/tables/gfp_lib_standardized_all_replicates.csv
cas12a_precision_editing_figure2_fcs.zip,1008200,753933c5f35206accecea6ec32555be773ac1aaedbe483eb873151b5b780e07e,True,AD_20241205_gfplib_fncas12a_lexA_snrrpr_timepoint3_Experiment_Group_A02.fcs,fncas12a_snr_yes,AD_20241205_gfplib_fncas12a_lexA_snrrpr_timepoint3,A02,B05,B05,GFP panel,FnCas12a,,SNR52,,Yes,B05,,1,11_gen,8.0,No,Figure 2,GFP panel replicate kinetics,results/01_gfp_library_transfer_counts/tables/gfp_lib_standardized_all_replicates.csv
cas12a_precision_editing_figure2_fcs.zip,1008200,fc4c928e1383dcafe0ba7f7dd83b2b3924eccc0865ad725b693f3ac328b8fd48,True,AD_20241205_gfplib_fncas12a_lexA_snrrpr_timepoint3_Experiment_Group_A03.fcs,fncas12a_snr_yes,AD_20241205_gfplib_fncas12a_lexA_snrrpr_timepoint3,A03,E01,E01,GFP panel,FnCas12a,,SNR52,,Yes,E01,,1,11_gen,8.3,No,Figure 2,GFP panel replicate kinetics,results/01_gfp_library_transfer_counts/tables/gfp_lib_standardized_all_replicates.csv
cas12a_precision_editing_figure2_fcs.zip,1008200,fcf71ca063317a2cd1f37cec7ed452ab47b629a73cd7980c3fdb3ba56a0f323b,True,AD_20241205_gfplib_fncas12a_lexA_snrrpr_timepoint3_Experiment_Group_A04.fcs,fncas12a_snr_yes,AD_20241205_gfplib_fncas12a_lexA_snrrpr_timepoint3,A04,H11,H11,GFP panel,FnCas12a,,SNR52,,Yes,H11,,1,11_gen,9.2,No,Figure 2,GFP panel replicate kinetics,results/01_gfp_library_transfer_counts/tables/gfp_lib_standardized_all_replicates.csv
cas12a_precision_editing_figure2_fcs.zip,1008200,833cb6477c9e446279751862149a0372919325fa1fdcb1e7dc15f357ed78d2b8,True,AD_20241205_gfplib_fncas12a_lexA_snrrpr_timepoint3_Experiment_Group_B01.fcs,fncas12a_snr_yes,AD_20241205_gfplib_fncas12a_lexA_snrrpr_timepoint3,B01,A01,A01,GFP panel,FnCas12a,,SNR52,,Yes,A01,,2,11_gen,9.8,No,Figure 2,GFP panel replicate kinetics,results/01_gfp_library_transfer_counts/tables/gfp_lib_standardized_all_replicates.csv
cas12a_precision_editing_figure2_fcs.zip,1008200,59e5c1d43c016d10b879369170c4b1f77315935185b01c9d61e35d65988dbeee,True,AD_20241205_gfplib_fncas12a_lexA_snrrpr_timepoint3_Experiment_Group_B02.fcs,fncas12a_snr_yes,AD_20241205_gfplib_fncas12a_lexA_snrrpr_timepoint3,B02,B05,B05,GFP panel,FnCas12a,,SNR52,,Yes,B05,,2,11_gen,9.2,No,Figure 2,GFP panel replicate kinetics,results/01_gfp_library_transfer_counts/tables/gfp_lib_standardized_all_replicates.csv
cas12a_precision_editing_figure2_fcs.zip,1008200,f91a17460d6dea78e243d79a325d1d9f985c376b10a0e14a59354b0e2fe87381,True,AD_20241205_gfplib_fncas12a_lexA_snrrpr_timepoint3_Experiment_Group_B03.fcs,fncas12a_snr_yes,AD_20241205_gfplib_fncas12a_lexA_snrrpr_timepoint3,B03,E01,E01,GFP panel,FnCas12a,,SNR52,,Yes,E01,,2,11_gen,8.2,No,Figure 2,GFP panel replicate kinetics,results/01_gfp_library_transfer_counts/tables/gfp_lib_standardized_all_replicates.csv
cas12a_precision_editing_figure2_fcs.zip,977000,f68dff472db82552335e8f67ca5de86db06584e963ea1c0c593e4b2d19e0684c,True,AD_20241205_gfplib_fncas12a_lexA_snrrpr_timepoint3_Experiment_Group_B04.fcs,fncas12a_snr_yes,AD_20241205_gfplib_fncas12a_lexA_snrrpr_timepoint3,B04,H11,H11,GFP panel,FnCas12a,,SNR52,,Yes,H11,,2,11_gen,7.5,No,Figure 2,GFP panel replicate kinetics,results/01_gfp_library_transfer_counts/tables/gfp_lib_standardized_all_replicates.csv
cas12a_precision_editing_figure2_fcs.zip,1008200,81ef4dd4c53eaf5cb272d0b2be72a6946b7009ffd7c58a302e0619d4b268e1f1,True,AD_20241205_gfplib_fncas12a_lexA_snrrpr_timepoint3_Experiment_Group_C01.fcs,fncas12a_snr_yes,AD_20241205_gfplib_fncas12a_lexA_snrrpr_timepoint3,C01,A04,A04,GFP panel,FnCas12a,,SNR52,,Yes,A04,,1,11_gen,10.5,No,Figure 2,GFP panel replicate kinetics,results/01_gfp_library_transfer_counts/tables/gfp_lib_standardized_all_replicates.csv
cas12a_precision_editing_figure2_fcs.zip,1008200,1a0f0c803ea89056992a50161b46629a0e9bbee200cacb41b590ccb81a09df66,True,AD_20241205_gfplib_fncas12a_lexA_snrrpr_timepoint3_Experiment_Group_C02.fcs,fncas12a_snr_yes,AD_20241205_gfplib_fncas12a_lexA_snrrpr_timepoint3,C02,C03,C03,GFP panel,FnCas12a,,SNR52,,Yes,C03,,1,11_gen,10.1,No,Figure 2,GFP panel replicate kinetics,results/01_gfp_library_transfer_counts/tables/gfp_lib_standardized_all_replicates.csv
cas12a_precision_editing_figure2_fcs.zip,1008200,a2ea2495fb2a36583e594481a28a709504eb59a747c9b3cc83ebd08e71068b18,True,AD_20241205_gfplib_fncas12a_lexA_snrrpr_timepoint3_Experiment_Group_C03.fcs,fncas12a_snr_yes,AD_20241205_gfplib_fncas12a_lexA_snrrpr_timepoint3,C03,E02,E02,GFP panel,FnCas12a,,SNR52,,Yes,E02,,1,11_gen,9.0,No,Figure 2,GFP panel replicate kinetics,results/01_gfp_library_transfer_counts/tables/gfp_lib_standardized_all_replicates.csv
cas12a_precision_editing_figure2_fcs.zip,1008200,e3d5a6976d86e31592539a81dd05606f7e9f27ddcb8c17f7b7c17f8ec582297d,True,AD_20241205_gfplib_fncas12a_lexA_snrrpr_timepoint3_Experiment_Group_D01.fcs,fncas12a_snr_yes,AD_20241205_gfplib_fncas12a_lexA_snrrpr_timepoint3,D01,A04,A04,GFP panel,FnCas12a,,SNR52,,Yes,A04,,2,11_gen,11.7,No,Figure 2,GFP panel replicate kinetics,results/01_gfp_library_transfer_counts/tables/gfp_lib_standardized_all_replicates.csv
cas12a_precision_editing_figure2_fcs.zip,1008200,3905afcd8fb98f42c5e2563b9449062b6501afb77d650f017779b7827e03e609,True,AD_20241205_gfplib_fncas12a_lexA_snrrpr_timepoint3_Experiment_Group_D02.fcs,fncas12a_snr_yes,AD_20241205_gfplib_fncas12a_lexA_snrrpr_timepoint3,D02,C03,C03,GFP panel,FnCas12a,,SNR52,,Yes,C03,,2,11_gen,9.9,No,Figure 2,GFP panel replicate kinetics,results/01_gfp_library_transfer_counts/tables/gfp_lib_standardized_all_replicates.csv
cas12a_precision_editing_figure2_fcs.zip,828120,78f23b92e16fde1fc318e455e1f1d4526874066e7ca1ac2663005f8154ef6229,True,AD_20241205_gfplib_fncas12a_lexA_snrrpr_timepoint3_Experiment_Group_D03.fcs,fncas12a_snr_yes,AD_20241205_gfplib_fncas12a_lexA_snrrpr_timepoint3,D03,E02,E02,GFP panel,FnCas12a,,SNR52,,Yes,E02,,2,11_gen,8.7,No,Figure 2,GFP panel replicate kinetics,results/01_gfp_library_transfer_counts/tables/gfp_lib_standardized_all_replicates.csv
cas12a_precision_editing_figure2_fcs.zip,982600,886e93ea36b35497bf9de951aef49fc7628607bf5cbdb18bd0860f4d4907686e,True,AD_20241205_gfplib_fncas12a_lexA_snrrpr_timepoint3_Experiment_Group_E01.fcs,fncas12a_snr_yes,AD_20241205_gfplib_fncas12a_lexA_snrrpr_timepoint3,E01,A09,A09,GFP panel,FnCas12a,,SNR52,,Yes,A09,,1,11_gen,10.9,Yes,Figure 2,GFP panel replicate kinetics,results/01_gfp_library_transfer_counts/tables/gfp_lib_standardized_all_replicates.csv
cas12a_precision_editing_figure2_fcs.zip,969120,14320e62332637b3e2c38d27f3bc4fe34c6c55caa20258a3d59ab60be9510b6c,True,AD_20241205_gfplib_fncas12a_lexA_snrrpr_timepoint3_Experiment_Group_E02.fcs,fncas12a_snr_yes,AD_20241205_gfplib_fncas12a_lexA_snrrpr_timepoint3,E02,C04,C04,GFP panel,FnCas12a,,SNR52,,Yes,C04,,1,11_gen,10.4,No,Figure 2,GFP panel replicate kinetics,results/01_gfp_library_transfer_counts/tables/gfp_lib_standardized_all_replicates.csv
cas12a_precision_editing_figure2_fcs.zip,1008200,8a5892e89fe1d6ef9ab7b54b98ca0d9c15e11cb3e10855c65200d6c527291733,True,AD_20241205_gfplib_fncas12a_lexA_snrrpr_timepoint3_Experiment_Group_E03.fcs,fncas12a_snr_yes,AD_20241205_gfplib_fncas12a_lexA_snrrpr_timepoint3,E03,E05,E05,GFP panel,FnCas12a,,SNR52,,Yes,E05,,1,11_gen,10.1,No,Figure 2,GFP panel replicate kinetics,results/01_gfp_library_transfer_counts/tables/gfp_lib_standardized_all_replicates.csv
cas12a_precision_editing_figure2_fcs.zip,901960,feeec3729c685809f6cd51843d5e14d3c9ee447afab5efae9a59c4cf31b1a867,True,AD_20241205_gfplib_fncas12a_lexA_snrrpr_timepoint3_Experiment_Group_F01.fcs,fncas12a_snr_yes,AD_20241205_gfplib_fncas12a_lexA_snrrpr_timepoint3,F01,A09,A09,GFP panel,FnCas12a,,SNR52,,Yes,A09,,2,11_gen,10.3,Yes,Figure 2,GFP panel replicate kinetics,results/01_gfp_library_transfer_counts/tables/gfp_lib_standardized_all_replicates.csv
cas12a_precision_editing_figure2_fcs.zip,330040,d397e66aaf1de1d968a3ff1af5ac2b1723bf29fb44ab05fb9379370a93843cb1,True,AD_20241205_gfplib_fncas12a_lexA_snrrpr_timepoint3_Experiment_Group_F02.fcs,fncas12a_snr_yes,AD_20241205_gfplib_fncas12a_lexA_snrrpr_timepoint3,F02,C04,C04,GFP panel,FnCas12a,,SNR52,,Yes,C04,,2,11_gen,10.7,No,Figure 2,GFP panel replicate kinetics,results/01_gfp_library_transfer_counts/tables/gfp_lib_standardized_all_replicates.csv
cas12a_precision_editing_figure2_fcs.zip,649080,21b12a424f7b936be6882b8d5cb6129ecd5110ad6446b3d68407c7e797737ead,True,AD_20241205_gfplib_fncas12a_lexA_snrrpr_timepoint3_Experiment_Group_F03.fcs,fncas12a_snr_yes,AD_20241205_gfplib_fncas12a_lexA_snrrpr_timepoint3,F03,E05,E05,GFP panel,FnCas12a,,SNR52,,Yes,E05,,2,11_gen,11.0,No,Figure 2,GFP panel replicate kinetics,results/01_gfp_library_transfer_counts/tables/gfp_lib_standardized_all_replicates.csv
cas12a_precision_editing_figure2_fcs.zip,1008200,5b172bac41fb49cc382373791280450f189e9be00f8fe5c52d6c0ed45fd3cc3a,True,AD_20241205_gfplib_fncas12a_lexA_snrrpr_timepoint3_Experiment_Group_G01.fcs,fncas12a_snr_yes,AD_20241205_gfplib_fncas12a_lexA_snrrpr_timepoint3,G01,A12,A12,GFP panel,FnCas12a,,SNR52,,Yes,A12,,1,11_gen,10.4,No,Figure 2,GFP panel replicate kinetics,results/01_gfp_library_transfer_counts/tables/gfp_lib_standardized_all_replicates.csv
cas12a_precision_editing_figure2_fcs.zip,900240,23fca2a1f0fabb553bb525584367da4205effcc01abf46dc45b122f578eac66a,True,AD_20241205_gfplib_fncas12a_lexA_snrrpr_timepoint3_Experiment_Group_G02.fcs,fncas12a_snr_yes,AD_20241205_gfplib_fncas12a_lexA_snrrpr_timepoint3,G02,C05,C05,GFP panel,FnCas12a,,SNR52,,Yes,C05,,1,11_gen,11.0,No,Figure 2,GFP panel replicate kinetics,results/01_gfp_library_transfer_counts/tables/gfp_lib_standardized_all_replicates.csv
cas12a_precision_editing_figure2_fcs.zip,888680,191e40d66bd45fd67f9019679b8d1f65118f84b19ab1bdf9cfc93c384b10379f,True,AD_20241205_gfplib_fncas12a_lexA_snrrpr_timepoint3_Experiment_Group_G03.fcs,fncas12a_snr_yes,AD_20241205_gfplib_fncas12a_lexA_snrrpr_timepoint3,G03,G03,G03,GFP panel,FnCas12a,,SNR52,,Yes,G03,,1,11_gen,8.0,No,Figure 2,GFP panel replicate kinetics,results/01_gfp_library_transfer_counts/tables/gfp_lib_standardized_all_replicates.csv
cas12a_precision_editing_figure2_fcs.zip,1008200,1a5e2a9c74a50b6d9bc2a03c40424c652488df79dd3c913dd22805839c5d0a41,True,AD_20241205_gfplib_fncas12a_lexA_snrrpr_timepoint3_Experiment_Group_H01.fcs,fncas12a_snr_yes,AD_20241205_gfplib_fncas12a_lexA_snrrpr_timepoint3,H01,A12,A12,GFP panel,FnCas12a,,SNR52,,Yes,A12,,2,11_gen,11.0,No,Figure 2,GFP panel replicate kinetics,results/01_gfp_library_transfer_counts/tables/gfp_lib_standardized_all_replicates.csv
cas12a_precision_editing_figure2_fcs.zip,947400,a79a9106c3234770b368d2eb1ba732991aa9f0cb0e986d943c6053fb4d901443,True,AD_20241205_gfplib_fncas12a_lexA_snrrpr_timepoint3_Experiment_Group_H02.fcs,fncas12a_snr_yes,AD_20241205_gfplib_fncas12a_lexA_snrrpr_timepoint3,H02,C05,C05,GFP panel,FnCas12a,,SNR52,,Yes,C05,,2,11_gen,11.2,No,Figure 2,GFP panel replicate kinetics,results/01_gfp_library_transfer_counts/tables/gfp_lib_standardized_all_replicates.csv
cas12a_precision_editing_figure2_fcs.zip,1008200,9d7dddcc9abbcfa94072dcb5c36781e46fd4191e21c6675ff2beb8db327765e1,True,AD_20241205_gfplib_fncas12a_lexA_snrrpr_timepoint3_Experiment_Group_H03.fcs,fncas12a_snr_yes,AD_20241205_gfplib_fncas12a_lexA_snrrpr_timepoint3,H03,G03,G03,GFP panel,FnCas12a,,SNR52,,Yes,G03,,2,11_gen,9.9,No,Figure 2,GFP panel replicate kinetics,results/01_gfp_library_transfer_counts/tables/gfp_lib_standardized_all_replicates.csv
cas12a_precision_editing_figure2_fcs.zip,1008200,d66bbd9a13327b1c85ec6008873b012c76da4d4b7fe6f68759a4f8e868d0ba33,True,AD_20241205_gfplib_fncas12a_lexA_snrrpr_timepoint4_Experiment_Group_A01.fcs,fncas12a_snr_yes,AD_20241205_gfplib_fncas12a_lexA_snrrpr_timepoint4,A01,A01,A01,GFP panel,FnCas12a,,SNR52,,Yes,A01,,1,20_gen,18.5,No,Figure 2,GFP panel replicate kinetics,results/01_gfp_library_transfer_counts/tables/gfp_lib_standardized_all_replicates.csv
cas12a_precision_editing_figure2_fcs.zip,1008200,609628759516397764209d3b242960de21a1cb2c55fa478472e0cd2662c5f496,True,AD_20241205_gfplib_fncas12a_lexA_snrrpr_timepoint4_Experiment_Group_A02.fcs,fncas12a_snr_yes,AD_20241205_gfplib_fncas12a_lexA_snrrpr_timepoint4,A02,B05,B05,GFP panel,FnCas12a,,SNR52,,Yes,B05,,1,20_gen,15.9,No,Figure 2,GFP panel replicate kinetics,results/01_gfp_library_transfer_counts/tables/gfp_lib_standardized_all_replicates.csv
cas12a_precision_editing_figure2_fcs.zip,1008200,3e44325de6311d0297f74e7229d19ebc1f6f36ab8b158563634d975e74255559,True,AD_20241205_gfplib_fncas12a_lexA_snrrpr_timepoint4_Experiment_Group_A03.fcs,fncas12a_snr_yes,AD_20241205_gfplib_fncas12a_lexA_snrrpr_timepoint4,A03,E01,E01,GFP panel,FnCas12a,,SNR52,,Yes,E01,,1,20_gen,16.4,No,Figure 2,GFP panel replicate kinetics,results/01_gfp_library_transfer_counts/tables/gfp_lib_standardized_all_replicates.csv
cas12a_precision_editing_figure2_fcs.zip,1008200,b4b5112e88fe5dd44bddb72ae784227e06febd5e3b981927e7be6b8660d445c1,True,AD_20241205_gfplib_fncas12a_lexA_snrrpr_timepoint4_Experiment_Group_A04.fcs,fncas12a_snr_yes,AD_20241205_gfplib_fncas12a_lexA_snrrpr_timepoint4,A04,H11,H11,GFP panel,FnCas12a,,SNR52,,Yes,H11,,1,20_gen,16.5,No,Figure 2,GFP panel replicate kinetics,results/01_gfp_library_transfer_counts/tables/gfp_lib_standardized_all_replicates.csv
cas12a_precision_editing_figure2_fcs.zip,1008200,59086c20d5d6847207c90c30cc0c8bdaeb3ee6021b4ff91981167d6d2f5eec89,True,AD_20241205_gfplib_fncas12a_lexA_snrrpr_timepoint4_Experiment_Group_B01.fcs,fncas12a_snr_yes,AD_20241205_gfplib_fncas12a_lexA_snrrpr_timepoint4,B01,A01,A01,GFP panel,FnCas12a,,SNR52,,Yes,A01,,2,20_gen,18.5,No,Figure 2,GFP panel replicate kinetics,results/01_gfp_library_transfer_counts/tables/gfp_lib_standardized_all_replicates.csv
cas12a_precision_editing_figure2_fcs.zip,1008200,44136110cac425f068c8fac8c8abfa6844ae177232eba73bfd939a5c7811c985,True,AD_20241205_gfplib_fncas12a_lexA_snrrpr_timepoint4_Experiment_Group_B02.fcs,fncas12a_snr_yes,AD_20241205_gfplib_fncas12a_lexA_snrrpr_timepoint4,B02,B05,B05,GFP panel,FnCas12a,,SNR52,,Yes,B05,,2,20_gen,17.5,No,Figure 2,GFP panel replicate kinetics,results/01_gfp_library_transfer_counts/tables/gfp_lib_standardized_all_replicates.csv
cas12a_precision_editing_figure2_fcs.zip,1008200,5c44c1d00f4b1cfd141b672e9a2b616755b06cc770f98e30a491e5a2f876d1e5,True,AD_20241205_gfplib_fncas12a_lexA_snrrpr_timepoint4_Experiment_Group_B03.fcs,fncas12a_snr_yes,AD_20241205_gfplib_fncas12a_lexA_snrrpr_timepoint4,B03,E01,E01,GFP panel,FnCas12a,,SNR52,,Yes,E01,,2,20_gen,15.5,No,Figure 2,GFP panel replicate kinetics,results/01_gfp_library_transfer_counts/tables/gfp_lib_standardized_all_replicates.csv
cas12a_precision_editing_figure2_fcs.zip,1008200,08214d7bcb35d5b7aab651cf07217b364924302a705a2f03c90c9a71468293ec,True,AD_20241205_gfplib_fncas12a_lexA_snrrpr_timepoint4_Experiment_Group_B04.fcs,fncas12a_snr_yes,AD_20241205_gfplib_fncas12a_lexA_snrrpr_timepoint4,B04,H11,H11,GFP panel,FnCas12a,,SNR52,,Yes,H11,,2,20_gen,14.7,No,Figure 2,GFP panel replicate kinetics,results/01_gfp_library_transfer_counts/tables/gfp_lib_standardized_all_replicates.csv
cas12a_precision_editing_figure2_fcs.zip,1008200,ad9befda534defe29c6b26cb905e565feeb5969f2384fcea7fb743d55a0a58d9,True,AD_20241205_gfplib_fncas12a_lexA_snrrpr_timepoint4_Experiment_Group_C01.fcs,fncas12a_snr_yes,AD_20241205_gfplib_fncas12a_lexA_snrrpr_timepoint4,C01,A04,A04,GFP panel,FnCas12a,,SNR52,,Yes,A04,,1,20_gen,19.1,No,Figure 2,GFP panel replicate kinetics,results/01_gfp_library_transfer_counts/tables/gfp_lib_standardized_all_replicates.csv
cas12a_precision_editing_figure2_fcs.zip,1008200,6d515b20c155984733d2fa5552b063ac65cd1b5e982d454d7363f34ffbdf158f,True,AD_20241205_gfplib_fncas12a_lexA_snrrpr_timepoint4_Experiment_Group_C02.fcs,fncas12a_snr_yes,AD_20241205_gfplib_fncas12a_lexA_snrrpr_timepoint4,C02,C03,C03,GFP panel,FnCas12a,,SNR52,,Yes,C03,,1,20_gen,18.1,No,Figure 2,GFP panel replicate kinetics,results/01_gfp_library_transfer_counts/tables/gfp_lib_standardized_all_replicates.csv
cas12a_precision_editing_figure2_fcs.zip,1008200,59819213de0d606520f0d0a61b5b1cc71d6f18c452819e5be535afbc26cd2175,True,AD_20241205_gfplib_fncas12a_lexA_snrrpr_timepoint4_Experiment_Group_C03.fcs,fncas12a_snr_yes,AD_20241205_gfplib_fncas12a_lexA_snrrpr_timepoint4,C03,E02,E02,GFP panel,FnCas12a,,SNR52,,Yes,E02,,1,20_gen,16.9,No,Figure 2,GFP panel replicate kinetics,results/01_gfp_library_transfer_counts/tables/gfp_lib_standardized_all_replicates.csv
cas12a_precision_editing_figure2_fcs.zip,1008200,1b34cc63b6c09dbd5cac723fdc95e626afc23d77196c0c21f2c7f147a6e30795,True,AD_20241205_gfplib_fncas12a_lexA_snrrpr_timepoint4_Experiment_Group_D01.fcs,fncas12a_snr_yes,AD_20241205_gfplib_fncas12a_lexA_snrrpr_timepoint4,D01,A04,A04,GFP panel,FnCas12a,,SNR52,,Yes,A04,,2,20_gen,20.0,No,Figure 2,GFP panel replicate kinetics,results/01_gfp_library_transfer_counts/tables/gfp_lib_standardized_all_replicates.csv
cas12a_precision_editing_figure2_fcs.zip,1008200,3b1f4499042dd2a5538e971b8dee2cd7a78f3a176b65dbb2171df0429e345ecb,True,AD_20241205_gfplib_fncas12a_lexA_snrrpr_timepoint4_Experiment_Group_D02.fcs,fncas12a_snr_yes,AD_20241205_gfplib_fncas12a_lexA_snrrpr_timepoint4,D02,C03,C03,GFP panel,FnCas12a,,SNR52,,Yes,C03,,2,20_gen,17.8,No,Figure 2,GFP panel replicate kinetics,results/01_gfp_library_transfer_counts/tables/gfp_lib_standardized_all_replicates.csv
cas12a_precision_editing_figure2_fcs.zip,1008200,c145fc528344db8a303ed8689ccf1ecb41a3327f5c9b416a25b9f53af0149b10,True,AD_20241205_gfplib_fncas12a_lexA_snrrpr_timepoint4_Experiment_Group_D03.fcs,fncas12a_snr_yes,AD_20241205_gfplib_fncas12a_lexA_snrrpr_timepoint4,D03,E02,E02,GFP panel,FnCas12a,,SNR52,,Yes,E02,,2,20_gen,17.2,No,Figure 2,GFP panel replicate kinetics,results/01_gfp_library_transfer_counts/tables/gfp_lib_standardized_all_replicates.csv
cas12a_precision_editing_figure2_fcs.zip,1008200,a46abaa416550e97292660ec101e41069528d84616fac23fed381434494d1122,True,AD_20241205_gfplib_fncas12a_lexA_snrrpr_timepoint4_Experiment_Group_E01.fcs,fncas12a_snr_yes,AD_20241205_gfplib_fncas12a_lexA_snrrpr_timepoint4,E01,A09,A09,GFP panel,FnCas12a,,SNR52,,Yes,A09,,1,20_gen,18.6,Yes,Figure 2,GFP panel replicate kinetics,results/01_gfp_library_transfer_counts/tables/gfp_lib_standardized_all_replicates.csv
cas12a_precision_editing_figure2_fcs.zip,1008200,27a53b1928f793a51aff04a7dac2906053067dd6a6671fd014ebbc5147758e52,True,AD_20241205_gfplib_fncas12a_lexA_snrrpr_timepoint4_Experiment_Group_E02.fcs,fncas12a_snr_yes,AD_20241205_gfplib_fncas12a_lexA_snrrpr_timepoint4,E02,C04,C04,GFP panel,FnCas12a,,SNR52,,Yes,C04,,1,20_gen,18.8,No,Figure 2,GFP panel replicate kinetics,results/01_gfp_library_transfer_counts/tables/gfp_lib_standardized_all_replicates.csv
cas12a_precision_editing_figure2_fcs.zip,1008200,ae4836b0ccc3cec5de0f2e5cbb420f547459ac9de7440cade1b226334ca02f9d,True,AD_20241205_gfplib_fncas12a_lexA_snrrpr_timepoint4_Experiment_Group_E03.fcs,fncas12a_snr_yes,AD_20241205_gfplib_fncas12a_lexA_snrrpr_timepoint4,E03,E05,E05,GFP panel,FnCas12a,,SNR52,,Yes,E05,,1,20_gen,18.2,No,Figure 2,GFP panel replicate kinetics,results/01_gfp_library_transfer_counts/tables/gfp_lib_standardized_all_replicates.csv
cas12a_precision_editing_figure2_fcs.zip,1008200,8e3f3b1f2dbc18802e5398056f6663d1d846702d367ea161bf4cc349e876e59f,True,AD_20241205_gfplib_fncas12a_lexA_snrrpr_timepoint4_Experiment_Group_F01.fcs,fncas12a_snr_yes,AD_20241205_gfplib_fncas12a_lexA_snrrpr_timepoint4,F01,A09,A09,GFP panel,FnCas12a,,SNR52,,Yes,A09,,2,20_gen,18.5,Yes,Figure 2,GFP panel replicate kinetics,results/01_gfp_library_transfer_counts/tables/gfp_lib_standardized_all_replicates.csv
cas12a_precision_editing_figure2_fcs.zip,1008200,716f22c51df0b2e0ab0fd5eef692d5cc1a1806b7308ccc293796a76a24b8c376,True,AD_20241205_gfplib_fncas12a_lexA_snrrpr_timepoint4_Experiment_Group_F02.fcs,fncas12a_snr_yes,AD_20241205_gfplib_fncas12a_lexA_snrrpr_timepoint4,F02,C04,C04,GFP panel,FnCas12a,,SNR52,,Yes,C04,,2,20_gen,17.2,No,Figure 2,GFP panel replicate kinetics,results/01_gfp_library_transfer_counts/tables/gfp_lib_standardized_all_replicates.csv
cas12a_precision_editing_figure2_fcs.zip,1008200,7efaebfafb0a7e380e0b1fc906ccf9cf7898befedbcf43da07944bf7e775fb28,True,AD_20241205_gfplib_fncas12a_lexA_snrrpr_timepoint4_Experiment_Group_F03.fcs,fncas12a_snr_yes,AD_20241205_gfplib_fncas12a_lexA_snrrpr_timepoint4,F03,E05,E05,GFP panel,FnCas12a,,SNR52,,Yes,E05,,2,20_gen,18.4,No,Figure 2,GFP panel replicate kinetics,results/01_gfp_library_transfer_counts/tables/gfp_lib_standardized_all_replicates.csv
cas12a_precision_editing_figure2_fcs.zip,1008200,f132b10519d07973617a698d6c23a707e0eef98ad06bd81ba4ee59d58eaa4f3a,True,AD_20241205_gfplib_fncas12a_lexA_snrrpr_timepoint4_Experiment_Group_G01.fcs,fncas12a_snr_yes,AD_20241205_gfplib_fncas12a_lexA_snrrpr_timepoint4,G01,A12,A12,GFP panel,FnCas12a,,SNR52,,Yes,A12,,1,20_gen,18.7,No,Figure 2,GFP panel replicate kinetics,results/01_gfp_library_transfer_counts/tables/gfp_lib_standardized_all_replicates.csv
cas12a_precision_editing_figure2_fcs.zip,1008200,077483960f1bfa1cbd08023395282a11c1668875dd2ce01b37e6bb43304d482d,True,AD_20241205_gfplib_fncas12a_lexA_snrrpr_timepoint4_Experiment_Group_G02.fcs,fncas12a_snr_yes,AD_20241205_gfplib_fncas12a_lexA_snrrpr_timepoint4,G02,C05,C05,GFP panel,FnCas12a,,SNR52,,Yes,C05,,1,20_gen,19.1,No,Figure 2,GFP panel replicate kinetics,results/01_gfp_library_transfer_counts/tables/gfp_lib_standardized_all_replicates.csv
cas12a_precision_editing_figure2_fcs.zip,1008200,5d487845c4975d11632cb08d5f1edf186c3cbd96eede4833df2c5a363ec8f0b4,True,AD_20241205_gfplib_fncas12a_lexA_snrrpr_timepoint4_Experiment_Group_G03.fcs,fncas12a_snr_yes,AD_20241205_gfplib_fncas12a_lexA_snrrpr_timepoint4,G03,G03,G03,GFP panel,FnCas12a,,SNR52,,Yes,G03,,1,20_gen,16.3,No,Figure 2,GFP panel replicate kinetics,results/01_gfp_library_transfer_counts/tables/gfp_lib_standardized_all_replicates.csv
cas12a_precision_editing_figure2_fcs.zip,1008200,12a0debe0b70cfd5b02c92c87df5bbca221c0c96ba31c7a89985493339d7c17b,True,AD_20241205_gfplib_fncas12a_lexA_snrrpr_timepoint4_Experiment_Group_H01.fcs,fncas12a_snr_yes,AD_20241205_gfplib_fncas12a_lexA_snrrpr_timepoint4,H01,A12,A12,GFP panel,FnCas12a,,SNR52,,Yes,A12,,2,20_gen,18.9,No,Figure 2,GFP panel replicate kinetics,results/01_gfp_library_transfer_counts/tables/gfp_lib_standardized_all_replicates.csv
cas12a_precision_editing_figure2_fcs.zip,1008200,8b5db1084e5f649cb6d02059b6df277e68d1572c917b57df19f7df242e99e157,True,AD_20241205_gfplib_fncas12a_lexA_snrrpr_timepoint4_Experiment_Group_H02.fcs,fncas12a_snr_yes,AD_20241205_gfplib_fncas12a_lexA_snrrpr_timepoint4,H02,C05,C05,GFP panel,FnCas12a,,SNR52,,Yes,C05,,2,20_gen,18.9,No,Figure 2,GFP panel replicate kinetics,results/01_gfp_library_transfer_counts/tables/gfp_lib_standardized_all_replicates.csv
cas12a_precision_editing_figure2_fcs.zip,1008200,e40da77cca096835639017120659a7cbe654777cc0a3193c58c1bbce46d98010,True,AD_20241205_gfplib_fncas12a_lexA_snrrpr_timepoint4_Experiment_Group_H03.fcs,fncas12a_snr_yes,AD_20241205_gfplib_fncas12a_lexA_snrrpr_timepoint4,H03,G03,G03,GFP panel,FnCas12a,,SNR52,,Yes,G03,,2,20_gen,18.4,No,Figure 2,GFP panel replicate kinetics,results/01_gfp_library_transfer_counts/tables/gfp_lib_standardized_all_replicates.csv
cas12a_precision_editing_figure2_fcs.zip,1008200,27c78c854963a5d64f7229f4d6f84bc115febe48e1095d5f43fed0e3a1e56950,True,AD_20241205_gfplib_fncas12a_lexA_snrrpr_timepoint2_Experiment_Group_snr_A04.fcs,fncas12a_snr_yes,AD_20241205_gfplib_fncas12a_lexA_snrrpr_timepoint2,A04,A01,A01,GFP panel,FnCas12a,,SNR52,,Yes,A01,,1,6_gen,7.1,No,Figure 2,GFP panel replicate kinetics,results/01_gfp_library_transfer_counts/tables/gfp_lib_standardized_all_replicates.csv
cas12a_precision_editing_figure2_fcs.zip,1008200,590ab947f8229297fcbc28ce2f547c2928c78a9c6c6095e10c9ff4e5f26e49db,True,AD_20241205_gfplib_fncas12a_lexA_snrrpr_timepoint2_Experiment_Group_snr_A05.fcs,fncas12a_snr_yes,AD_20241205_gfplib_fncas12a_lexA_snrrpr_timepoint2,A05,B05,B05,GFP panel,FnCas12a,,SNR52,,Yes,B05,,1,6_gen,4.4,No,Figure 2,GFP panel replicate kinetics,results/01_gfp_library_transfer_counts/tables/gfp_lib_standardized_all_replicates.csv
cas12a_precision_editing_figure2_fcs.zip,1008200,037d3ed5889c6710be9418922c372fe0420c5a6b5a2d256d52b6b8c7a13b3fa5,True,AD_20241205_gfplib_fncas12a_lexA_snrrpr_timepoint2_Experiment_Group_snr_A06.fcs,fncas12a_snr_yes,AD_20241205_gfplib_fncas12a_lexA_snrrpr_timepoint2,A06,E01,E01,GFP panel,FnCas12a,,SNR52,,Yes,E01,,1,6_gen,5.0,No,Figure 2,GFP panel replicate kinetics,results/01_gfp_library_transfer_counts/tables/gfp_lib_standardized_all_replicates.csv
cas12a_precision_editing_figure2_fcs.zip,1008200,400bc4230214b502adca08e937831238c59bd0b3b15e0ff39b17ed1459843a82,True,AD_20241205_gfplib_fncas12a_lexA_snrrpr_timepoint2_Experiment_Group_snr_A07.fcs,fncas12a_snr_yes,AD_20241205_gfplib_fncas12a_lexA_snrrpr_timepoint2,A07,H11,H11,GFP panel,FnCas12a,,SNR52,,Yes,H11,,1,6_gen,5.4,No,Figure 2,GFP panel replicate kinetics,results/01_gfp_library_transfer_counts/tables/gfp_lib_standardized_all_replicates.csv
cas12a_precision_editing_figure2_fcs.zip,1008200,ee640ea98897c187f0e21fbe5ffea6a04a6492ebaa78da469c0766e899748519,True,AD_20241205_gfplib_fncas12a_lexA_snrrpr_timepoint2_Experiment_Group_snr_B04.fcs,fncas12a_snr_yes,AD_20241205_gfplib_fncas12a_lexA_snrrpr_timepoint2,B04,A01,A01,GFP panel,FnCas12a,,SNR52,,Yes,A01,,2,6_gen,7.0,No,Figure 2,GFP panel replicate kinetics,results/01_gfp_library_transfer_counts/tables/gfp_lib_standardized_all_replicates.csv
cas12a_precision_editing_figure2_fcs.zip,1008200,a908bd45b378b452662226578708366bb8831b688a4220e6156f570d601775a2,True,AD_20241205_gfplib_fncas12a_lexA_snrrpr_timepoint2_Experiment_Group_snr_B05.fcs,fncas12a_snr_yes,AD_20241205_gfplib_fncas12a_lexA_snrrpr_timepoint2,B05,B05,B05,GFP panel,FnCas12a,,SNR52,,Yes,B05,,2,6_gen,5.7,No,Figure 2,GFP panel replicate kinetics,results/01_gfp_library_transfer_counts/tables/gfp_lib_standardized_all_replicates.csv
cas12a_precision_editing_figure2_fcs.zip,1008200,4ffe6beea70bcd667c66c83aa762a1d16d8f4dc66c6af7f40bd943bcb8e2f57a,True,AD_20241205_gfplib_fncas12a_lexA_snrrpr_timepoint2_Experiment_Group_snr_B06.fcs,fncas12a_snr_yes,AD_20241205_gfplib_fncas12a_lexA_snrrpr_timepoint2,B06,E01,E01,GFP panel,FnCas12a,,SNR52,,Yes,E01,,2,6_gen,4.0,No,Figure 2,GFP panel replicate kinetics,results/01_gfp_library_transfer_counts/tables/gfp_lib_standardized_all_replicates.csv
cas12a_precision_editing_figure2_fcs.zip,1008200,5a0561a778ab70e4538e9d1402ad834e7e8c9e7a5ec4476cb12801188cd9359d,True,AD_20241205_gfplib_fncas12a_lexA_snrrpr_timepoint2_Experiment_Group_snr_B07.fcs,fncas12a_snr_yes,AD_20241205_gfplib_fncas12a_lexA_snrrpr_timepoint2,B07,H11,H11,GFP panel,FnCas12a,,SNR52,,Yes,H11,,2,6_gen,4.4,No,Figure 2,GFP panel replicate kinetics,results/01_gfp_library_transfer_counts/tables/gfp_lib_standardized_all_replicates.csv
cas12a_precision_editing_figure2_fcs.zip,1008200,556ddf2910063171249e7071a4f6a2f5cfeb362370bc60bc45366408c6817520,True,AD_20241205_gfplib_fncas12a_lexA_snrrpr_timepoint2_Experiment_Group_snr_C04.fcs,fncas12a_snr_yes,AD_20241205_gfplib_fncas12a_lexA_snrrpr_timepoint2,C04,A04,A04,GFP panel,FnCas12a,,SNR52,,Yes,A04,,1,6_gen,6.8,No,Figure 2,GFP panel replicate kinetics,results/01_gfp_library_transfer_counts/tables/gfp_lib_standardized_all_replicates.csv
cas12a_precision_editing_figure2_fcs.zip,1008200,4c000b5270654c63ab7e198b480c841ee39daaf8a0b748224ace1333ddd0cd9e,True,AD_20241205_gfplib_fncas12a_lexA_snrrpr_timepoint2_Experiment_Group_snr_C05.fcs,fncas12a_snr_yes,AD_20241205_gfplib_fncas12a_lexA_snrrpr_timepoint2,C05,C03,C03,GFP panel,FnCas12a,,SNR52,,Yes,C03,,1,6_gen,5.8,No,Figure 2,GFP panel replicate kinetics,results/01_gfp_library_transfer_counts/tables/gfp_lib_standardized_all_replicates.csv
cas12a_precision_editing_figure2_fcs.zip,1008200,588f4860e444260f9254e8c6957295f0446974458f5e7af3b6060259aa232ba9,True,AD_20241205_gfplib_fncas12a_lexA_snrrpr_timepoint2_Experiment_Group_snr_C06.fcs,fncas12a_snr_yes,AD_20241205_gfplib_fncas12a_lexA_snrrpr_timepoint2,C06,E02,E02,GFP panel,FnCas12a,,SNR52,,Yes,E02,,1,6_gen,4.9,No,Figure 2,GFP panel replicate kinetics,results/01_gfp_library_transfer_counts/tables/gfp_lib_standardized_all_replicates.csv
cas12a_precision_editing_figure2_fcs.zip,1008200,4e71e69bb6fa6f4ec83153209069beae86541b1653128c7c6e58438943b99096,True,AD_20241205_gfplib_fncas12a_lexA_snrrpr_timepoint2_Experiment_Group_snr_D04.fcs,fncas12a_snr_yes,AD_20241205_gfplib_fncas12a_lexA_snrrpr_timepoint2,D04,A04,A04,GFP panel,FnCas12a,,SNR52,,Yes,A04,,2,6_gen,6.9,No,Figure 2,GFP panel replicate kinetics,results/01_gfp_library_transfer_counts/tables/gfp_lib_standardized_all_replicates.csv
cas12a_precision_editing_figure2_fcs.zip,1008200,c45f14f8b3f3ea7d5fd066925ee67556c103c84693ffb62e69718d3f99ea32ec,True,AD_20241205_gfplib_fncas12a_lexA_snrrpr_timepoint2_Experiment_Group_snr_D05.fcs,fncas12a_snr_yes,AD_20241205_gfplib_fncas12a_lexA_snrrpr_timepoint2,D05,C03,C03,GFP panel,FnCas12a,,SNR52,,Yes,C03,,2,6_gen,5.9,No,Figure 2,GFP panel replicate kinetics,results/01_gfp_library_transfer_counts/tables/gfp_lib_standardized_all_replicates.csv
cas12a_precision_editing_figure2_fcs.zip,1008200,cd90ca44a28884b5d1ffcb36b086f4e192f0330320e2580f9c036489d0552bbe,True,AD_20241205_gfplib_fncas12a_lexA_snrrpr_timepoint2_Experiment_Group_snr_D06.fcs,fncas12a_snr_yes,AD_20241205_gfplib_fncas12a_lexA_snrrpr_timepoint2,D06,E02,E02,GFP panel,FnCas12a,,SNR52,,Yes,E02,,2,6_gen,5.9,No,Figure 2,GFP panel replicate kinetics,results/01_gfp_library_transfer_counts/tables/gfp_lib_standardized_all_replicates.csv
cas12a_precision_editing_figure2_fcs.zip,1008200,b53e8878ed25661f468b2dca10f4f59f2bb97f8852caf01a23912002684cb311,True,AD_20241205_gfplib_fncas12a_lexA_snrrpr_timepoint2_Experiment_Group_snr_E04.fcs,fncas12a_snr_yes,AD_20241205_gfplib_fncas12a_lexA_snrrpr_timepoint2,E04,A09,A09,GFP panel,FnCas12a,,SNR52,,Yes,A09,,1,6_gen,7.1,Yes,Figure 2,GFP panel replicate kinetics,results/01_gfp_library_transfer_counts/tables/gfp_lib_standardized_all_replicates.csv
cas12a_precision_editing_figure2_fcs.zip,1008200,b301ae9200ae14a18ba5f8b071fc95b0b06bc187ca493ce08d48732b5c8251a6,True,AD_20241205_gfplib_fncas12a_lexA_snrrpr_timepoint2_Experiment_Group_snr_E05.fcs,fncas12a_snr_yes,AD_20241205_gfplib_fncas12a_lexA_snrrpr_timepoint2,E05,C04,C04,GFP panel,FnCas12a,,SNR52,,Yes,C04,,1,6_gen,6.7,No,Figure 2,GFP panel replicate kinetics,results/01_gfp_library_transfer_counts/tables/gfp_lib_standardized_all_replicates.csv
cas12a_precision_editing_figure2_fcs.zip,1008200,3697c5e203012620532b28fc516cc24266b75b6887c37893244f9d0be6abe37e,True,AD_20241205_gfplib_fncas12a_lexA_snrrpr_timepoint2_Experiment_Group_snr_E06.fcs,fncas12a_snr_yes,AD_20241205_gfplib_fncas12a_lexA_snrrpr_timepoint2,E06,E05,E05,GFP panel,FnCas12a,,SNR52,,Yes,E05,,1,6_gen,6.6,No,Figure 2,GFP panel replicate kinetics,results/01_gfp_library_transfer_counts/tables/gfp_lib_standardized_all_replicates.csv
cas12a_precision_editing_figure2_fcs.zip,1008200,653560c66e423d0c9bd550b55564e3a8fb9c7a6b9857751a056abb0bc7b25c00,True,AD_20241205_gfplib_fncas12a_lexA_snrrpr_timepoint2_Experiment_Group_snr_F04.fcs,fncas12a_snr_yes,AD_20241205_gfplib_fncas12a_lexA_snrrpr_timepoint2,F04,A09,A09,GFP panel,FnCas12a,,SNR52,,Yes,A09,,2,6_gen,7.2,Yes,Figure 2,GFP panel replicate kinetics,results/01_gfp_library_transfer_counts/tables/gfp_lib_standardized_all_replicates.csv
cas12a_precision_editing_figure2_fcs.zip,1008200,665640fff5f21c640d4712e36cd972bdbe79ef8442987e52473e4f322001ba50,True,AD_20241205_gfplib_fncas12a_lexA_snrrpr_timepoint2_Experiment_Group_snr_F05.fcs,fncas12a_snr_yes,AD_20241205_gfplib_fncas12a_lexA_snrrpr_timepoint2,F05,C04,C04,GFP panel,FnCas12a,,SNR52,,Yes,C04,,2,6_gen,6.8,No,Figure 2,GFP panel replicate kinetics,results/01_gfp_library_transfer_counts/tables/gfp_lib_standardized_all_replicates.csv
cas12a_precision_editing_figure2_fcs.zip,1008200,521dc4dee34d188c84080c9149f4e479274b0d31a26cc06af08855e8840ec7ed,True,AD_20241205_gfplib_fncas12a_lexA_snrrpr_timepoint2_Experiment_Group_snr_F06.fcs,fncas12a_snr_yes,AD_20241205_gfplib_fncas12a_lexA_snrrpr_timepoint2,F06,E05,E05,GFP panel,FnCas12a,,SNR52,,Yes,E05,,2,6_gen,7.1,No,Figure 2,GFP panel replicate kinetics,results/01_gfp_library_transfer_counts/tables/gfp_lib_standardized_all_replicates.csv
cas12a_precision_editing_figure2_fcs.zip,1008200,fd25a1546775f02c27a793b6223b622a1a0600e5d3261c49e55b7c07c4723c98,True,AD_20241205_gfplib_fncas12a_lexA_snrrpr_timepoint2_Experiment_Group_snr_G04.fcs,fncas12a_snr_yes,AD_20241205_gfplib_fncas12a_lexA_snrrpr_timepoint2,G04,A12,A12,GFP panel,FnCas12a,,SNR52,,Yes,A12,,1,6_gen,7.1,No,Figure 2,GFP panel replicate kinetics,results/01_gfp_library_transfer_counts/tables/gfp_lib_standardized_all_replicates.csv
cas12a_precision_editing_figure2_fcs.zip,1008200,4c7ceac6643724d41f901c31803c4a39a1767e02eabf801df98684dcbeab3ab9,True,AD_20241205_gfplib_fncas12a_lexA_snrrpr_timepoint2_Experiment_Group_snr_G05.fcs,fncas12a_snr_yes,AD_20241205_gfplib_fncas12a_lexA_snrrpr_timepoint2,G05,C05,C05,GFP panel,FnCas12a,,SNR52,,Yes,C05,,1,6_gen,7.5,No,Figure 2,GFP panel replicate kinetics,results/01_gfp_library_transfer_counts/tables/gfp_lib_standardized_all_replicates.csv
cas12a_precision_editing_figure2_fcs.zip,1008200,1610960fba9734582cf33575e1dabb62e1e46f4ac9cd2f146cb7b168f2677a51,True,AD_20241205_gfplib_fncas12a_lexA_snrrpr_timepoint2_Experiment_Group_snr_G06.fcs,fncas12a_snr_yes,AD_20241205_gfplib_fncas12a_lexA_snrrpr_timepoint2,G06,G03,G03,GFP panel,FnCas12a,,SNR52,,Yes,G03,,1,6_gen,4.7,No,Figure 2,GFP panel replicate kinetics,results/01_gfp_library_transfer_counts/tables/gfp_lib_standardized_all_replicates.csv
cas12a_precision_editing_figure2_fcs.zip,1008200,159f7bd90b1d9b2d9ebc0427f0a6d452c4f196467d668570e9fdde0c3cb70fa7,True,AD_20241205_gfplib_fncas12a_lexA_snrrpr_timepoint2_Experiment_Group_snr_H04.fcs,fncas12a_snr_yes,AD_20241205_gfplib_fncas12a_lexA_snrrpr_timepoint2,H04,A12,A12,GFP panel,FnCas12a,,SNR52,,Yes,A12,,2,6_gen,7.4,No,Figure 2,GFP panel replicate kinetics,results/01_gfp_library_transfer_counts/tables/gfp_lib_standardized_all_replicates.csv
cas12a_precision_editing_figure2_fcs.zip,1008200,81ed48904a5ffe93b66fc95dd42732b056e8d4b1ab5543a26398000cf0f6694f,True,AD_20241205_gfplib_fncas12a_lexA_snrrpr_timepoint2_Experiment_Group_snr_H05.fcs,fncas12a_snr_yes,AD_20241205_gfplib_fncas12a_lexA_snrrpr_timepoint2,H05,C05,C05,GFP panel,FnCas12a,,SNR52,,Yes,C05,,2,6_gen,7.2,No,Figure 2,GFP panel replicate kinetics,results/01_gfp_library_transfer_counts/tables/gfp_lib_standardized_all_replicates.csv
cas12a_precision_editing_figure2_fcs.zip,1008200,c1fca787e2dea24f261cdb8c0eaf26817a37b4086f7f37d4d6decadd0e5a65cd,True,AD_20241205_gfplib_fncas12a_lexA_snrrpr_timepoint2_Experiment_Group_snr_H06.fcs,fncas12a_snr_yes,AD_20241205_gfplib_fncas12a_lexA_snrrpr_timepoint2,H06,G03,G03,GFP panel,FnCas12a,,SNR52,,Yes,G03,,2,6_gen,6.2,No,Figure 2,GFP panel replicate kinetics,results/01_gfp_library_transfer_counts/tables/gfp_lib_standardized_all_replicates.csv
cas12a_precision_editing_figure2_fcs.zip,1008200,28ab300c12a484bfed2360c2ac36b5fcb8039632b637150ffd5daf26a785fa75,True,AD_20241205_gfplib_fncas12a_lexA_snrrpr_scraped_Experiment_Group_A01.fcs,fncas12a_snr_yes,AD_20241205_gfplib_fncas12a_lexA_snrrpr_scraped,A01,A01,A01,GFP panel,FnCas12a,,SNR52,,Yes,A01,,1,scraped,0.0,No,Figure 2,GFP panel replicate kinetics,results/01_gfp_library_transfer_counts/tables/gfp_lib_standardized_all_replicates.csv
cas12a_precision_editing_figure2_fcs.zip,1008200,0f91a4b24116a3f818abb772fc9dfd393a97c53ceeaceb39f6e7967733ac6b6a,True,AD_20241205_gfplib_fncas12a_lexA_snrrpr_scraped_Experiment_Group_A02.fcs,fncas12a_snr_yes,AD_20241205_gfplib_fncas12a_lexA_snrrpr_scraped,A02,B05,B05,GFP panel,FnCas12a,,SNR52,,Yes,B05,,1,scraped,0.0,No,Figure 2,GFP panel replicate kinetics,results/01_gfp_library_transfer_counts/tables/gfp_lib_standardized_all_replicates.csv
cas12a_precision_editing_figure2_fcs.zip,1008200,b6466eb9604ccf15717b3e697f025f19f105dea619cdc161ab74d84254681d08,True,AD_20241205_gfplib_fncas12a_lexA_snrrpr_scraped_Experiment_Group_A03.fcs,fncas12a_snr_yes,AD_20241205_gfplib_fncas12a_lexA_snrrpr_scraped,A03,E01,E01,GFP panel,FnCas12a,,SNR52,,Yes,E01,,1,scraped,0.0,No,Figure 2,GFP panel replicate kinetics,results/01_gfp_library_transfer_counts/tables/gfp_lib_standardized_all_replicates.csv
cas12a_precision_editing_figure2_fcs.zip,1008200,b37e287699d13416ef0f6ee469ffd282b5a02698a85b69eb89dd6ed4f8136312,True,AD_20241205_gfplib_fncas12a_lexA_snrrpr_scraped_Experiment_Group_A04.fcs,fncas12a_snr_yes,AD_20241205_gfplib_fncas12a_lexA_snrrpr_scraped,A04,H11,H11,GFP panel,FnCas12a,,SNR52,,Yes,H11,,1,scraped,0.0,No,Figure 2,GFP panel replicate kinetics,results/01_gfp_library_transfer_counts/tables/gfp_lib_standardized_all_replicates.csv
cas12a_precision_editing_figure2_fcs.zip,1008200,6e5e30351c49811330f675273526c2b4a1a00ce04555eba250726c389cec5999,True,AD_20241205_gfplib_fncas12a_lexA_snrrpr_scraped_Experiment_Group_B01.fcs,fncas12a_snr_yes,AD_20241205_gfplib_fncas12a_lexA_snrrpr_scraped,B01,A01,A01,GFP panel,FnCas12a,,SNR52,,Yes,A01,,2,scraped,0.0,No,Figure 2,GFP panel replicate kinetics,results/01_gfp_library_transfer_counts/tables/gfp_lib_standardized_all_replicates.csv
cas12a_precision_editing_figure2_fcs.zip,1008200,b30742bcf490cc832a3b9c5c573796b940fee5d4b58230a980efb36aab3b5fcb,True,AD_20241205_gfplib_fncas12a_lexA_snrrpr_scraped_Experiment_Group_B02.fcs,fncas12a_snr_yes,AD_20241205_gfplib_fncas12a_lexA_snrrpr_scraped,B02,B05,B05,GFP panel,FnCas12a,,SNR52,,Yes,B05,,2,scraped,0.0,No,Figure 2,GFP panel replicate kinetics,results/01_gfp_library_transfer_counts/tables/gfp_lib_standardized_all_replicates.csv
cas12a_precision_editing_figure2_fcs.zip,1008200,c18cd10966498fa51b0557a5fba7d1f39e9323e9ead07df95c3439f3e94ea57c,True,AD_20241205_gfplib_fncas12a_lexA_snrrpr_scraped_Experiment_Group_B03.fcs,fncas12a_snr_yes,AD_20241205_gfplib_fncas12a_lexA_snrrpr_scraped,B03,E01,E01,GFP panel,FnCas12a,,SNR52,,Yes,E01,,2,scraped,0.0,No,Figure 2,GFP panel replicate kinetics,results/01_gfp_library_transfer_counts/tables/gfp_lib_standardized_all_replicates.csv
cas12a_precision_editing_figure2_fcs.zip,1008200,b8b651457ae85b7a23598b5ed2405dde00d8c03cfd86c4fa7347468367567c64,True,AD_20241205_gfplib_fncas12a_lexA_snrrpr_scraped_Experiment_Group_B04.fcs,fncas12a_snr_yes,AD_20241205_gfplib_fncas12a_lexA_snrrpr_scraped,B04,H11,H11,GFP panel,FnCas12a,,SNR52,,Yes,H11,,2,scraped,0.0,No,Figure 2,GFP panel replicate kinetics,results/01_gfp_library_transfer_counts/tables/gfp_lib_standardized_all_replicates.csv
cas12a_precision_editing_figure2_fcs.zip,1008200,96ef59fd94cf45d958e4d2d6766159c3862802f81ae70b6d3ee8e783cc82c985,True,AD_20241205_gfplib_fncas12a_lexA_snrrpr_scraped_Experiment_Group_C01.fcs,fncas12a_snr_yes,AD_20241205_gfplib_fncas12a_lexA_snrrpr_scraped,C01,A04,A04,GFP panel,FnCas12a,,SNR52,,Yes,A04,,1,scraped,0.0,No,Figure 2,GFP panel replicate kinetics,results/01_gfp_library_transfer_counts/tables/gfp_lib_standardized_all_replicates.csv
cas12a_precision_editing_figure2_fcs.zip,1008200,4851eda6693ef32e22b82b168896d5369e1c88a0981e3363af8fa0d9ba17cb13,True,AD_20241205_gfplib_fncas12a_lexA_snrrpr_scraped_Experiment_Group_C02.fcs,fncas12a_snr_yes,AD_20241205_gfplib_fncas12a_lexA_snrrpr_scraped,C02,C03,C03,GFP panel,FnCas12a,,SNR52,,Yes,C03,,1,scraped,0.0,No,Figure 2,GFP panel replicate kinetics,results/01_gfp_library_transfer_counts/tables/gfp_lib_standardized_all_replicates.csv
cas12a_precision_editing_figure2_fcs.zip,1008200,304d8261f08eaafce63616c57f19552ba2f1e94a4f743b14863d747acd6e8b62,True,AD_20241205_gfplib_fncas12a_lexA_snrrpr_scraped_Experiment_Group_C03.fcs,fncas12a_snr_yes,AD_20241205_gfplib_fncas12a_lexA_snrrpr_scraped,C03,E02,E02,GFP panel,FnCas12a,,SNR52,,Yes,E02,,1,scraped,0.0,No,Figure 2,GFP panel replicate kinetics,results/01_gfp_library_transfer_counts/tables/gfp_lib_standardized_all_replicates.csv
cas12a_precision_editing_figure2_fcs.zip,1008200,3d36d508ef4b78fe7a9863dab66db4d71009f7817c83403c742bdcff564a5028,True,AD_20241205_gfplib_fncas12a_lexA_snrrpr_scraped_Experiment_Group_D01.fcs,fncas12a_snr_yes,AD_20241205_gfplib_fncas12a_lexA_snrrpr_scraped,D01,A04,A04,GFP panel,FnCas12a,,SNR52,,Yes,A04,,2,scraped,0.0,No,Figure 2,GFP panel replicate kinetics,results/01_gfp_library_transfer_counts/tables/gfp_lib_standardized_all_replicates.csv
cas12a_precision_editing_figure2_fcs.zip,1008200,41044a8bd67bf3b162bad9c6c55012fb2e15c981fba0934d34d3709b79e04706,True,AD_20241205_gfplib_fncas12a_lexA_snrrpr_scraped_Experiment_Group_D02.fcs,fncas12a_snr_yes,AD_20241205_gfplib_fncas12a_lexA_snrrpr_scraped,D02,C03,C03,GFP panel,FnCas12a,,SNR52,,Yes,C03,,2,scraped,0.0,No,Figure 2,GFP panel replicate kinetics,results/01_gfp_library_transfer_counts/tables/gfp_lib_standardized_all_replicates.csv
cas12a_precision_editing_figure2_fcs.zip,1008200,021c67a46b03762355f286312913e873be3cf2da630d1c2e1ea7852e893b2952,True,AD_20241205_gfplib_fncas12a_lexA_snrrpr_scraped_Experiment_Group_D03.fcs,fncas12a_snr_yes,AD_20241205_gfplib_fncas12a_lexA_snrrpr_scraped,D03,E02,E02,GFP panel,FnCas12a,,SNR52,,Yes,E02,,2,scraped,0.0,No,Figure 2,GFP panel replicate kinetics,results/01_gfp_library_transfer_counts/tables/gfp_lib_standardized_all_replicates.csv
cas12a_precision_editing_figure2_fcs.zip,1008200,fa6f9e2e4d12eaeb4aebe5de76083ed15bc8c497912b3055d2576664363f2772,True,AD_20241205_gfplib_fncas12a_lexA_snrrpr_scraped_Experiment_Group_E01.fcs,fncas12a_snr_yes,AD_20241205_gfplib_fncas12a_lexA_snrrpr_scraped,E01,A09,A09,GFP panel,FnCas12a,,SNR52,,Yes,A09,,1,scraped,0.0,Yes,Figure 2,GFP panel replicate kinetics,results/01_gfp_library_transfer_counts/tables/gfp_lib_standardized_all_replicates.csv
cas12a_precision_editing_figure2_fcs.zip,1008200,77aeb1fd8b1c76b09a7d50addc0299d1f1f4f59665fc8c9f3852069e4f0735ec,True,AD_20241205_gfplib_fncas12a_lexA_snrrpr_scraped_Experiment_Group_E02.fcs,fncas12a_snr_yes,AD_20241205_gfplib_fncas12a_lexA_snrrpr_scraped,E02,C04,C04,GFP panel,FnCas12a,,SNR52,,Yes,C04,,1,scraped,0.0,No,Figure 2,GFP panel replicate kinetics,results/01_gfp_library_transfer_counts/tables/gfp_lib_standardized_all_replicates.csv
cas12a_precision_editing_figure2_fcs.zip,1008200,dd8b88869c0de7f0085349e83e5741d930a30236dd52c2222843e2f641d4eac2,True,AD_20241205_gfplib_fncas12a_lexA_snrrpr_scraped_Experiment_Group_E03.fcs,fncas12a_snr_yes,AD_20241205_gfplib_fncas12a_lexA_snrrpr_scraped,E03,E05,E05,GFP panel,FnCas12a,,SNR52,,Yes,E05,,1,scraped,0.0,No,Figure 2,GFP panel replicate kinetics,results/01_gfp_library_transfer_counts/tables/gfp_lib_standardized_all_replicates.csv
cas12a_precision_editing_figure2_fcs.zip,1008200,8cd1c69dd226c8dec5bd25d7d28dd82eff5223dfd63ff5a3e877d7fd4fb4de1d,True,AD_20241205_gfplib_fncas12a_lexA_snrrpr_scraped_Experiment_Group_F01.fcs,fncas12a_snr_yes,AD_20241205_gfplib_fncas12a_lexA_snrrpr_scraped,F01,A09,A09,GFP panel,FnCas12a,,SNR52,,Yes,A09,,2,scraped,0.0,Yes,Figure 2,GFP panel replicate kinetics,results/01_gfp_library_transfer_counts/tables/gfp_lib_standardized_all_replicates.csv
cas12a_precision_editing_figure2_fcs.zip,1008200,748af5a6c3b473ce56a3c259a03e3b7d54f557ef86d5a6282d5ef435949c5786,True,AD_20241205_gfplib_fncas12a_lexA_snrrpr_scraped_Experiment_Group_F02.fcs,fncas12a_snr_yes,AD_20241205_gfplib_fncas12a_lexA_snrrpr_scraped,F02,C04,C04,GFP panel,FnCas12a,,SNR52,,Yes,C04,,2,scraped,0.0,No,Figure 2,GFP panel replicate kinetics,results/01_gfp_library_transfer_counts/tables/gfp_lib_standardized_all_replicates.csv
cas12a_precision_editing_figure2_fcs.zip,1008200,aea023fe9dc84db1bf30c8eef6e7a1ed923b185c65308714114a4424fc05e4f8,True,AD_20241205_gfplib_fncas12a_lexA_snrrpr_scraped_Experiment_Group_F03.fcs,fncas12a_snr_yes,AD_20241205_gfplib_fncas12a_lexA_snrrpr_scraped,F03,E05,E05,GFP panel,FnCas12a,,SNR52,,Yes,E05,,2,scraped,0.0,No,Figure 2,GFP panel replicate kinetics,results/01_gfp_library_transfer_counts/tables/gfp_lib_standardized_all_replicates.csv
cas12a_precision_editing_figure2_fcs.zip,1008200,8deb5701b65314bf434647e89daaf15d90f4020c5fb0b7e58ddfb4156a2778b6,True,AD_20241205_gfplib_fncas12a_lexA_snrrpr_scraped_Experiment_Group_G01.fcs,fncas12a_snr_yes,AD_20241205_gfplib_fncas12a_lexA_snrrpr_scraped,G01,A12,A12,GFP panel,FnCas12a,,SNR52,,Yes,A12,,1,scraped,0.0,No,Figure 2,GFP panel replicate kinetics,results/01_gfp_library_transfer_counts/tables/gfp_lib_standardized_all_replicates.csv
cas12a_precision_editing_figure2_fcs.zip,1008200,9fd023bce4f483e7d878daa85ce9ff4425674a8281669a690b1697a88359ddfe,True,AD_20241205_gfplib_fncas12a_lexA_snrrpr_scraped_Experiment_Group_G02.fcs,fncas12a_snr_yes,AD_20241205_gfplib_fncas12a_lexA_snrrpr_scraped,G02,C05,C05,GFP panel,FnCas12a,,SNR52,,Yes,C05,,1,scraped,0.0,No,Figure 2,GFP panel replicate kinetics,results/01_gfp_library_transfer_counts/tables/gfp_lib_standardized_all_replicates.csv
cas12a_precision_editing_figure2_fcs.zip,1008200,f568a718a3429b2b4ade77eb82d60f225984bcb5491c5c261382bb65177677a0,True,AD_20241205_gfplib_fncas12a_lexA_snrrpr_scraped_Experiment_Group_G03.fcs,fncas12a_snr_yes,AD_20241205_gfplib_fncas12a_lexA_snrrpr_scraped,G03,G03,G03,GFP panel,FnCas12a,,SNR52,,Yes,G03,,1,scraped,0.0,No,Figure 2,GFP panel replicate kinetics,results/01_gfp_library_transfer_counts/tables/gfp_lib_standardized_all_replicates.csv
cas12a_precision_editing_figure2_fcs.zip,1008200,ca33147aa48566415adfa5e4ac0579c0669078fda257c6ae94acdecf27a98cc5,True,AD_20241205_gfplib_fncas12a_lexA_snrrpr_scraped_Experiment_Group_H01.fcs,fncas12a_snr_yes,AD_20241205_gfplib_fncas12a_lexA_snrrpr_scraped,H01,A12,A12,GFP panel,FnCas12a,,SNR52,,Yes,A12,,2,scraped,0.0,No,Figure 2,GFP panel replicate kinetics,results/01_gfp_library_transfer_counts/tables/gfp_lib_standardized_all_replicates.csv
cas12a_precision_editing_figure2_fcs.zip,1008200,fee1c85885d72100a536c07ba7d65f622e4b8383571d3c3c2bdae828b2d1ca27,True,AD_20241205_gfplib_fncas12a_lexA_snrrpr_scraped_Experiment_Group_H02.fcs,fncas12a_snr_yes,AD_20241205_gfplib_fncas12a_lexA_snrrpr_scraped,H02,C05,C05,GFP panel,FnCas12a,,SNR52,,Yes,C05,,2,scraped,0.0,No,Figure 2,GFP panel replicate kinetics,results/01_gfp_library_transfer_counts/tables/gfp_lib_standardized_all_replicates.csv
cas12a_precision_editing_figure2_fcs.zip,1008200,e324d166b244a04f5aa0252d80560490e2a3b22b989e8be2c8380ae9686a49c0,True,AD_20241205_gfplib_fncas12a_lexA_snrrpr_scraped_Experiment_Group_H03.fcs,fncas12a_snr_yes,AD_20241205_gfplib_fncas12a_lexA_snrrpr_scraped,H03,G03,G03,GFP panel,FnCas12a,,SNR52,,Yes,G03,,2,scraped,0.0,No,Figure 2,GFP panel replicate kinetics,results/01_gfp_library_transfer_counts/tables/gfp_lib_standardized_all_replicates.csv
cas12a_precision_editing_figure1_fcs.zip,1008200,bdd0ad490be75b5540076ca9cfb0a924b0a59a0ebb049dc3580442b45f33ef67,True,VB_20240916_PGK1_proms_P2_Experiment_ys286_T03_A10.fcs,guide_promoters_as_dr,VB_20240916_PGK1_proms_P2,A10,ys286_T03,,OFF,enAsCas12a,PGK1,syn1,As_DR,,A71,ys286,2,11_gen,13.6099913,No,Figure 1,Guide-promoter comparison,processed_data/PGK1_proms_eff_colonies_20260311.csv
cas12a_precision_editing_figure1_fcs.zip,1008200,119555c6b97d8fd17ec04fbdeb281e03f9aa7d7e9f1f79cc6a53cadbdb573d9e,True,VB_20240916_PGK1_proms_P2_Experiment_ys286_T03_A3.fcs,guide_promoters_as_dr,VB_20240916_PGK1_proms_P2,A3,ys286_T03,,OFF,enAsCas12a,PGK1,SNR52,As_DR,,p136,ys286,1,11_gen,14.05273106,No,Figure 1,Guide-promoter comparison,processed_data/PGK1_proms_eff_colonies_20260311.csv
cas12a_precision_editing_figure1_fcs.zip,1008200,cf9a42396df6ad085983bc5b2126315d2a7f5d60185624a9ff8adf72209d838f,True,VB_20240916_PGK1_proms_P2_Experiment_ys286_T03_A4.fcs,guide_promoters_as_dr,VB_20240916_PGK1_proms_P2,A4,ys286_T03,,OFF,enAsCas12a,PGK1,SNR52,As_DR,,p136,ys286,2,11_gen,13.81461451,No,Figure 1,Guide-promoter comparison,processed_data/PGK1_proms_eff_colonies_20260311.csv
cas12a_precision_editing_figure1_fcs.zip,1008200,40419e3c9a368b4b7299657554fa9d7ce8c8e5825b695dbe294b68d453840c3c,True,VB_20240916_PGK1_proms_P2_Experiment_ys286_T03_A5.fcs,guide_promoters_as_dr,VB_20240916_PGK1_proms_P2,A5,ys286_T03,,OFF,enAsCas12a,PGK1,RPR1,As_DR,,A68,ys286,1,11_gen,12.75007049,No,Figure 1,Guide-promoter comparison,processed_data/PGK1_proms_eff_colonies_20260311.csv
cas12a_precision_editing_figure1_fcs.zip,1008200,6c1785dfef198a9c28c316d505a234490dc8dc8d72cd0c8179b19847e3cbde3b,True,VB_20240916_PGK1_proms_P2_Experiment_ys286_T03_A6.fcs,guide_promoters_as_dr,VB_20240916_PGK1_proms_P2,A6,ys286_T03,,OFF,enAsCas12a,PGK1,RPR1,As_DR,,A68,ys286,2,11_gen,13.27593824,No,Figure 1,Guide-promoter comparison,processed_data/PGK1_proms_eff_colonies_20260311.csv
cas12a_precision_editing_figure1_fcs.zip,1008200,9631e2e701a61338988ff56a8d186933a0f7433b3e453e227a2ffb9fda58cb94,True,VB_20240916_PGK1_proms_P2_Experiment_ys286_T03_A7.fcs,guide_promoters_as_dr,VB_20240916_PGK1_proms_P2,A7,ys286_T03,,OFF,enAsCas12a,PGK1,SCR1,As_DR,,A70,ys286,1,11_gen,11.55949181,No,Figure 1,Guide-promoter comparison,processed_data/PGK1_proms_eff_colonies_20260311.csv
cas12a_precision_editing_figure1_fcs.zip,1008200,7b5b8e609bc548b0b578a567c29f96c5786ad2e3001521adc84c68949382a56e,True,VB_20240916_PGK1_proms_P2_Experiment_ys286_T03_A8.fcs,guide_promoters_as_dr,VB_20240916_PGK1_proms_P2,A8,ys286_T03,,OFF,enAsCas12a,PGK1,SCR1,As_DR,,A70,ys286,2,11_gen,12.17771851,No,Figure 1,Guide-promoter comparison,processed_data/PGK1_proms_eff_colonies_20260311.csv
cas12a_precision_editing_figure1_fcs.zip,1008200,6c6ddcbeb2f1ca098475079807f5421266842cbbebea846d5721e63246e46d52,True,VB_20240916_PGK1_proms_P2_Experiment_ys286_T03_A9.fcs,guide_promoters_as_dr,VB_20240916_PGK1_proms_P2,A9,ys286_T03,,OFF,enAsCas12a,PGK1,syn1,As_DR,,A71,ys286,1,11_gen,14.00584908,No,Figure 1,Guide-promoter comparison,processed_data/PGK1_proms_eff_colonies_20260311.csv
cas12a_precision_editing_figure1_fcs.zip,1008200,2f5e9732b788659663cc64d450a0c927a23fedf66c5e51195733ea5a68fd8a48,True,VB_20240916_PGK1_proms_P2_Experiment_ys289_T03_B10.fcs,guide_promoters_as_dr,VB_20240916_PGK1_proms_P2,B10,ys289_T03,,OFF,FnCas12a,PGK1,syn1,As_DR,,A71,ys289,2,11_gen,10.26603689,No,Figure 1,Guide-promoter comparison,processed_data/PGK1_proms_eff_colonies_20260311.csv
cas12a_precision_editing_figure1_fcs.zip,1008200,4f286b42fdb317aa4361018ce9352acd7b18d2d9316c68c73a737a706d102b0b,True,VB_20240916_PGK1_proms_P2_Experiment_ys289_T03_B3.fcs,guide_promoters_as_dr,VB_20240916_PGK1_proms_P2,B3,ys289_T03,,OFF,FnCas12a,PGK1,SNR52,As_DR,,p136,ys289,1,11_gen,13.50462039,No,Figure 1,Guide-promoter comparison,processed_data/PGK1_proms_eff_colonies_20260311.csv
cas12a_precision_editing_figure1_fcs.zip,1008200,ab4457e4498f1282c3fa7e8ad020f4c7821e6801e7e4cd53b2f93cf3b9090263,True,VB_20240916_PGK1_proms_P2_Experiment_ys289_T03_B4.fcs,guide_promoters_as_dr,VB_20240916_PGK1_proms_P2,B4,ys289_T03,,OFF,FnCas12a,PGK1,SNR52,As_DR,,p136,ys289,2,11_gen,13.78168756,No,Figure 1,Guide-promoter comparison,processed_data/PGK1_proms_eff_colonies_20260311.csv
cas12a_precision_editing_figure1_fcs.zip,1008200,7aa083a80a8f872ed73c60a9418c436c10eb1dfd4408508029e9ee111f978a9f,True,VB_20240916_PGK1_proms_P2_Experiment_ys289_T03_B5.fcs,guide_promoters_as_dr,VB_20240916_PGK1_proms_P2,B5,ys289_T03,,OFF,FnCas12a,PGK1,RPR1,As_DR,,A68,ys289,1,11_gen,12.84799691,No,Figure 1,Guide-promoter comparison,processed_data/PGK1_proms_eff_colonies_20260311.csv
cas12a_precision_editing_figure1_fcs.zip,1008200,b640484c9e71e2a61be00a3d2dbeb73f13dde4ebbce8e35f51466ad557c044e1,True,VB_20240916_PGK1_proms_P2_Experiment_ys289_T03_B6.fcs,guide_promoters_as_dr,VB_20240916_PGK1_proms_P2,B6,ys289_T03,,OFF,FnCas12a,PGK1,RPR1,As_DR,,A68,ys289,2,11_gen,12.97842447,No,Figure 1,Guide-promoter comparison,processed_data/PGK1_proms_eff_colonies_20260311.csv
cas12a_precision_editing_figure1_fcs.zip,1008200,737624086ab5a9e4f8342e3456ab7d4d93e79e5ce2ca9fe2e8ed6e94de115a2c,True,VB_20240916_PGK1_proms_P2_Experiment_ys289_T03_B7.fcs,guide_promoters_as_dr,VB_20240916_PGK1_proms_P2,B7,ys289_T03,,OFF,FnCas12a,PGK1,SCR1,As_DR,,A70,ys289,1,11_gen,13.14567746,No,Figure 1,Guide-promoter comparison,processed_data/PGK1_proms_eff_colonies_20260311.csv
cas12a_precision_editing_figure1_fcs.zip,1008200,f6397fd0981c43b8e3246fd3b425b41f90da7b93b497ab91a2a52eb51a78a5e7,True,VB_20240916_PGK1_proms_P2_Experiment_ys289_T03_B8.fcs,guide_promoters_as_dr,VB_20240916_PGK1_proms_P2,B8,ys289_T03,,OFF,FnCas12a,PGK1,SCR1,As_DR,,A70,ys289,2,11_gen,13.58187845,No,Figure 1,Guide-promoter comparison,processed_data/PGK1_proms_eff_colonies_20260311.csv
cas12a_precision_editing_figure1_fcs.zip,1008200,9d94153aa4e2a4c17a5235f48d6bb7a6bf53f0469d546a8bffa7d1b43b8bd3c1,True,VB_20240916_PGK1_proms_P2_Experiment_ys289_T03_B9.fcs,guide_promoters_as_dr,VB_20240916_PGK1_proms_P2,B9,ys289_T03,,OFF,FnCas12a,PGK1,syn1,As_DR,,A71,ys289,1,11_gen,10.54843662,No,Figure 1,Guide-promoter comparison,processed_data/PGK1_proms_eff_colonies_20260311.csv
cas12a_precision_editing_figure1_fcs.zip,1008200,5aa609fc2cf8b9d643c74ecdbff329ef67edb6268405f62baa43b1518cc98088,True,VB_20240916_PGK1_proms_P2_Experiment_ys318_T03_C10.fcs,guide_promoters_as_dr,VB_20240916_PGK1_proms_P2,C10,ys318_T03,,ON,enAsCas12a,PGK1,syn1,As_DR,,A26,ys318,2,11_gen,12.55458885,No,Figure 1,Guide-promoter comparison,processed_data/PGK1_proms_eff_colonies_20260311.csv
cas12a_precision_editing_figure1_fcs.zip,1008200,8749b050937bd6c1e6b889dda7b8ca7c18d76d2261f28b894b6db1921813974a,True,VB_20240916_PGK1_proms_P2_Experiment_ys318_T03_C5.fcs,guide_promoters_as_dr,VB_20240916_PGK1_proms_P2,C5,ys318_T03,,ON,enAsCas12a,PGK1,RPR1,As_DR,,A69,ys318,1,11_gen,11.62410089,No,Figure 1,Guide-promoter comparison,processed_data/PGK1_proms_eff_colonies_20260311.csv
cas12a_precision_editing_figure1_fcs.zip,1008200,8137aeb0aadeec88d88fd8c32d969b0ad5720ee1695266219648ee67bae75837,True,VB_20240916_PGK1_proms_P2_Experiment_ys318_T03_C6.fcs,guide_promoters_as_dr,VB_20240916_PGK1_proms_P2,C6,ys318_T03,,ON,enAsCas12a,PGK1,RPR1,As_DR,,A69,ys318,2,11_gen,12.48607074,No,Figure 1,Guide-promoter comparison,processed_data/PGK1_proms_eff_colonies_20260311.csv
cas12a_precision_editing_figure1_fcs.zip,1008200,493b0cb3bd1925ddb139e2dea87811a32c5a760f85b91593887cd9ff97abf688,True,VB_20240916_PGK1_proms_P2_Experiment_ys318_T03_C7.fcs,guide_promoters_as_dr,VB_20240916_PGK1_proms_P2,C7,ys318_T03,,ON,enAsCas12a,PGK1,SCR1,As_DR,,A14,ys318,1,11_gen,12.55642942,No,Figure 1,Guide-promoter comparison,processed_data/PGK1_proms_eff_colonies_20260311.csv
cas12a_precision_editing_figure1_fcs.zip,1008200,6d3afbbac12c761b6720d6afadd7d9de6f64b7e088da81f06eddf3b9baff043a,True,VB_20240916_PGK1_proms_P2_Experiment_ys318_T03_C8.fcs,guide_promoters_as_dr,VB_20240916_PGK1_proms_P2,C8,ys318_T03,,ON,enAsCas12a,PGK1,SCR1,As_DR,,A14,ys318,2,11_gen,12.89578732,No,Figure 1,Guide-promoter comparison,processed_data/PGK1_proms_eff_colonies_20260311.csv
cas12a_precision_editing_figure1_fcs.zip,1008200,b336f4dda2cdc09cbf15a2b00caf7197ad91efca9f709d824a6745f1c156cd8c,True,VB_20240916_PGK1_proms_P2_Experiment_ys318_T03_C9.fcs,guide_promoters_as_dr,VB_20240916_PGK1_proms_P2,C9,ys318_T03,,ON,enAsCas12a,PGK1,syn1,As_DR,,A26,ys318,1,11_gen,13.13093087,No,Figure 1,Guide-promoter comparison,processed_data/PGK1_proms_eff_colonies_20260311.csv
cas12a_precision_editing_figure1_fcs.zip,868920,ef6f573b317f272b84e7b1b13766d4e8938fe2ef86af6bd6c8bc077864f879a2,True,VB_20240916_PGK1_proms_P2_Experiment_ys321_T03_D10.fcs,guide_promoters_as_dr,VB_20240916_PGK1_proms_P2,D10,ys321_T03,,ON,FnCas12a,PGK1,syn1,As_DR,,A26,ys321,2,11_gen,7.815575429,No,Figure 1,Guide-promoter comparison,processed_data/PGK1_proms_eff_colonies_20260311.csv
cas12a_precision_editing_figure1_fcs.zip,1008200,4f14d6ae4bcd29bcf27e0df1a79e0f4de939644a0655a0bfdee4d2d977f67a34,True,VB_20240916_PGK1_proms_P2_Experiment_ys321_T03_D3.fcs,guide_promoters_as_dr,VB_20240916_PGK1_proms_P2,D3,ys321_T03,,ON,FnCas12a,PGK1,SNR52,As_DR,,A15,ys321,1,11_gen,11.43696134,No,Figure 1,Guide-promoter comparison,processed_data/PGK1_proms_eff_colonies_20260311.csv
cas12a_precision_editing_figure1_fcs.zip,1008200,e9960770ca42f8feb94a0451d92e666f272ffc440f33830f29914360d61546c6,True,VB_20240916_PGK1_proms_P2_Experiment_ys321_T03_D4.fcs,guide_promoters_as_dr,VB_20240916_PGK1_proms_P2,D4,ys321_T03,,ON,FnCas12a,PGK1,SNR52,As_DR,,A15,ys321,2,11_gen,12.66902677,No,Figure 1,Guide-promoter comparison,processed_data/PGK1_proms_eff_colonies_20260311.csv
cas12a_precision_editing_figure1_fcs.zip,1008200,8a99b1813abdf1d206e8597cffc62fd7870a0cd1e6453a9e05bafe985d153c58,True,VB_20240916_PGK1_proms_P2_Experiment_ys321_T03_D5.fcs,guide_promoters_as_dr,VB_20240916_PGK1_proms_P2,D5,ys321_T03,,ON,FnCas12a,PGK1,RPR1,As_DR,,A69,ys321,1,11_gen,11.86021792,No,Figure 1,Guide-promoter comparison,processed_data/PGK1_proms_eff_colonies_20260311.csv
cas12a_precision_editing_figure1_fcs.zip,1008200,34867f83930e7b77f072cbf09b99838a066cb2e1ffbc4ea2cf879de6a3199a95,True,VB_20240916_PGK1_proms_P2_Experiment_ys321_T03_D6.fcs,guide_promoters_as_dr,VB_20240916_PGK1_proms_P2,D6,ys321_T03,,ON,FnCas12a,PGK1,RPR1,As_DR,,A69,ys321,2,11_gen,13.85984534,No,Figure 1,Guide-promoter comparison,processed_data/PGK1_proms_eff_colonies_20260311.csv
cas12a_precision_editing_figure1_fcs.zip,1008200,42fd5f845a7c35f1cda8f9ed7392873cc7537a3621b8527866c2dc4939f56906,True,VB_20240916_PGK1_proms_P2_Experiment_ys321_T03_D7.fcs,guide_promoters_as_dr,VB_20240916_PGK1_proms_P2,D7,ys321_T03,,ON,FnCas12a,PGK1,SCR1,As_DR,,A14,ys321,1,11_gen,12.57137344,No,Figure 1,Guide-promoter comparison,processed_data/PGK1_proms_eff_colonies_20260311.csv
cas12a_precision_editing_figure1_fcs.zip,1008200,a66f92946e7a4b494ed9b854478ba67d0d0f1c07797adbd1a73f8f6d83c26ae1,True,VB_20240916_PGK1_proms_P2_Experiment_ys321_T03_D8.fcs,guide_promoters_as_dr,VB_20240916_PGK1_proms_P2,D8,ys321_T03,,ON,FnCas12a,PGK1,SCR1,As_DR,,A14,ys321,2,11_gen,11.67355642,No,Figure 1,Guide-promoter comparison,processed_data/PGK1_proms_eff_colonies_20260311.csv
cas12a_precision_editing_figure1_fcs.zip,1008200,7dfa0190bc71772cf2a61356b3482d7a68e716e31f88c388ea17469056d7bf65,True,VB_20240916_PGK1_proms_P2_Experiment_ys321_T03_D9.fcs,guide_promoters_as_dr,VB_20240916_PGK1_proms_P2,D9,ys321_T03,,ON,FnCas12a,PGK1,syn1,As_DR,,A26,ys321,1,11_gen,9.977279923,No,Figure 1,Guide-promoter comparison,processed_data/PGK1_proms_eff_colonies_20260311.csv
cas12a_precision_editing_figure1_fcs.zip,1008200,1a8099e719eaeb132e272b31d6c2e9bb62340bfc5d450fff929f61bba6ff3fff,True,VB_20240916_PGK1_proms_P2_Experiment_ys286_T04_E10.fcs,guide_promoters_as_dr,VB_20240916_PGK1_proms_P2,E10,ys286_T04,,OFF,enAsCas12a,PGK1,syn1,As_DR,,A71,ys286,2,20_gen,23.18930723,No,Figure 1,Guide-promoter comparison,processed_data/PGK1_proms_eff_colonies_20260311.csv
cas12a_precision_editing_figure1_fcs.zip,1008200,40053cf52278cd05cf1698965030c8276c81c48d2190d78f6655b59adb45e6f9,True,VB_20240916_PGK1_proms_P2_Experiment_ys286_T04_E3.fcs,guide_promoters_as_dr,VB_20240916_PGK1_proms_P2,E3,ys286_T04,,OFF,enAsCas12a,PGK1,SNR52,As_DR,,p136,ys286,1,20_gen,22.20247818,No,Figure 1,Guide-promoter comparison,processed_data/PGK1_proms_eff_colonies_20260311.csv
cas12a_precision_editing_figure1_fcs.zip,1008200,c5765e9368b7344c85e1175ec372763a4a2564667c79800ca8aea05f53015b31,True,VB_20240916_PGK1_proms_P2_Experiment_ys286_T04_E4.fcs,guide_promoters_as_dr,VB_20240916_PGK1_proms_P2,E4,ys286_T04,,OFF,enAsCas12a,PGK1,SNR52,As_DR,,p136,ys286,2,20_gen,21.66636355,No,Figure 1,Guide-promoter comparison,processed_data/PGK1_proms_eff_colonies_20260311.csv
cas12a_precision_editing_figure1_fcs.zip,1008200,ace8138ee7a8cd0d88745055f156282631235e747d218bab755e8da0795e430c,True,VB_20240916_PGK1_proms_P2_Experiment_ys286_T04_E5.fcs,guide_promoters_as_dr,VB_20240916_PGK1_proms_P2,E5,ys286_T04,,OFF,enAsCas12a,PGK1,RPR1,As_DR,,A68,ys286,1,20_gen,20.34998333,No,Figure 1,Guide-promoter comparison,processed_data/PGK1_proms_eff_colonies_20260311.csv
cas12a_precision_editing_figure1_fcs.zip,1008200,0b0b120dcde1784d25633973aa6dc61e57ae2be65a04a13d63a898ee45b9e186,True,VB_20240916_PGK1_proms_P2_Experiment_ys286_T04_E6.fcs,guide_promoters_as_dr,VB_20240916_PGK1_proms_P2,E6,ys286_T04,,OFF,enAsCas12a,PGK1,RPR1,As_DR,,A68,ys286,2,20_gen,21.11514203,No,Figure 1,Guide-promoter comparison,processed_data/PGK1_proms_eff_colonies_20260311.csv
cas12a_precision_editing_figure1_fcs.zip,1008200,5b4fa8c6f7f105199eb40e00e2ae10b379f565f9a297023806e191a2c24c2cc2,True,VB_20240916_PGK1_proms_P2_Experiment_ys286_T04_E7.fcs,guide_promoters_as_dr,VB_20240916_PGK1_proms_P2,E7,ys286_T04,,OFF,enAsCas12a,PGK1,SCR1,As_DR,,A70,ys286,1,20_gen,19.58739781,No,Figure 1,Guide-promoter comparison,processed_data/PGK1_proms_eff_colonies_20260311.csv
cas12a_precision_editing_figure1_fcs.zip,1008200,65638f7f6eec309bceb827fc9cb94aa3fba16bccdaff2d03756e645edef234bb,True,VB_20240916_PGK1_proms_P2_Experiment_ys286_T04_E8.fcs,guide_promoters_as_dr,VB_20240916_PGK1_proms_P2,E8,ys286_T04,,OFF,enAsCas12a,PGK1,SCR1,As_DR,,A70,ys286,2,20_gen,19.95250557,No,Figure 1,Guide-promoter comparison,processed_data/PGK1_proms_eff_colonies_20260311.csv
cas12a_precision_editing_figure1_fcs.zip,1008200,8cd2a37e89950baebeb76adab93765a9f98bfc682893e1461f9957a09d5709a9,True,VB_20240916_PGK1_proms_P2_Experiment_ys286_T04_E9.fcs,guide_promoters_as_dr,VB_20240916_PGK1_proms_P2,E9,ys286_T04,,OFF,enAsCas12a,PGK1,syn1,As_DR,,A71,ys286,1,20_gen,23.50768626,No,Figure 1,Guide-promoter comparison,processed_data/PGK1_proms_eff_colonies_20260311.csv
cas12a_precision_editing_figure1_fcs.zip,1008200,2b1517f55196c5deab02be1f63c6724145a104a59d39feb03e11b0da6b75ea46,True,VB_20240916_PGK1_proms_P2_Experiment_ys289_T04_F10.fcs,guide_promoters_as_dr,VB_20240916_PGK1_proms_P2,F10,ys289_T04,,OFF,FnCas12a,PGK1,syn1,As_DR,,A71,ys289,2,20_gen,18.73364244,No,Figure 1,Guide-promoter comparison,processed_data/PGK1_proms_eff_colonies_20260311.csv
cas12a_precision_editing_figure1_fcs.zip,1008200,eb8153a3eb1382b4adec5422c3c400f34624a787d0b6d3ca599c20687f1b04ea,True,VB_20240916_PGK1_proms_P2_Experiment_ys289_T04_F3.fcs,guide_promoters_as_dr,VB_20240916_PGK1_proms_P2,F3,ys289_T04,,OFF,FnCas12a,PGK1,SNR52,As_DR,,p136,ys289,1,20_gen,22.92668516,No,Figure 1,Guide-promoter comparison,processed_data/PGK1_proms_eff_colonies_20260311.csv
cas12a_precision_editing_figure1_fcs.zip,1008200,b054fe93e2e0e5e32eb650bd9fc5300501b4b81f19ee37a93917d2e4b5f14c35,True,VB_20240916_PGK1_proms_P2_Experiment_ys289_T04_F4.fcs,guide_promoters_as_dr,VB_20240916_PGK1_proms_P2,F4,ys289_T04,,OFF,FnCas12a,PGK1,SNR52,As_DR,,p136,ys289,2,20_gen,23.14582222,No,Figure 1,Guide-promoter comparison,processed_data/PGK1_proms_eff_colonies_20260311.csv
cas12a_precision_editing_figure1_fcs.zip,1008200,7da122b2012c17b2036dcc7aea26562f097bf78f9e0440f974505a224c672baf,True,VB_20240916_PGK1_proms_P2_Experiment_ys289_T04_F5.fcs,guide_promoters_as_dr,VB_20240916_PGK1_proms_P2,F5,ys289_T04,,OFF,FnCas12a,PGK1,RPR1,As_DR,,A68,ys289,1,20_gen,22.22520744,No,Figure 1,Guide-promoter comparison,processed_data/PGK1_proms_eff_colonies_20260311.csv
cas12a_precision_editing_figure1_fcs.zip,1008200,a554dfb055700123e36a1bd5064fcd8a6919a141f5366fe8c66f2c08c2301e04,True,VB_20240916_PGK1_proms_P2_Experiment_ys289_T04_F6.fcs,guide_promoters_as_dr,VB_20240916_PGK1_proms_P2,F6,ys289_T04,,OFF,FnCas12a,PGK1,RPR1,As_DR,,A68,ys289,2,20_gen,22.04181955,No,Figure 1,Guide-promoter comparison,processed_data/PGK1_proms_eff_colonies_20260311.csv
cas12a_precision_editing_figure1_fcs.zip,1008200,73c6f2585cef5e3610cba86e0885533267bbd1b144adac0797083de082c4da94,True,VB_20240916_PGK1_proms_P2_Experiment_ys289_T04_F7.fcs,guide_promoters_as_dr,VB_20240916_PGK1_proms_P2,F7,ys289_T04,,OFF,FnCas12a,PGK1,SCR1,As_DR,,A70,ys289,1,20_gen,21.87699649,No,Figure 1,Guide-promoter comparison,processed_data/PGK1_proms_eff_colonies_20260311.csv
cas12a_precision_editing_figure1_fcs.zip,1008200,fd7ef9120b4259e07edae13e15b707667c2867eedda9e358d01c9fe2e5634170,True,VB_20240916_PGK1_proms_P2_Experiment_ys289_T04_F8.fcs,guide_promoters_as_dr,VB_20240916_PGK1_proms_P2,F8,ys289_T04,,OFF,FnCas12a,PGK1,SCR1,As_DR,,A70,ys289,2,20_gen,22.57056314,No,Figure 1,Guide-promoter comparison,processed_data/PGK1_proms_eff_colonies_20260311.csv
cas12a_precision_editing_figure1_fcs.zip,1008200,a28a90216a11f50786bad6e2ee4b59363f9d48a358ac7e872239197011051552,True,VB_20240916_PGK1_proms_P2_Experiment_ys289_T04_F9.fcs,guide_promoters_as_dr,VB_20240916_PGK1_proms_P2,F9,ys289_T04,,OFF,FnCas12a,PGK1,syn1,As_DR,,A71,ys289,1,20_gen,19.47324913,No,Figure 1,Guide-promoter comparison,processed_data/PGK1_proms_eff_colonies_20260311.csv
cas12a_precision_editing_figure1_fcs.zip,1008200,d05cd64c3e02eaaaff217118b02a74e4c0de8efbfaadb8fd897240f5c93480fa,True,VB_20240916_PGK1_proms_P2_Experiment_ys318_T04_G10.fcs,guide_promoters_as_dr,VB_20240916_PGK1_proms_P2,G10,ys318_T04,,ON,enAsCas12a,PGK1,syn1,As_DR,,A26,ys318,2,20_gen,21.83999107,No,Figure 1,Guide-promoter comparison,processed_data/PGK1_proms_eff_colonies_20260311.csv
cas12a_precision_editing_figure1_fcs.zip,1008200,71881f945103cd84c6b2ae1e079368e60e2964b2a4bf2b948314beea22d1f702,True,VB_20240916_PGK1_proms_P2_Experiment_ys318_T04_G5.fcs,guide_promoters_as_dr,VB_20240916_PGK1_proms_P2,G5,ys318_T04,,ON,enAsCas12a,PGK1,RPR1,As_DR,,A69,ys318,1,20_gen,21.02070568,No,Figure 1,Guide-promoter comparison,processed_data/PGK1_proms_eff_colonies_20260311.csv
cas12a_precision_editing_figure1_fcs.zip,1008200,d346259614d2eb19e65ccfb289d561e710f2181fe77c622b76295bd169861e1d,True,VB_20240916_PGK1_proms_P2_Experiment_ys318_T04_G6.fcs,guide_promoters_as_dr,VB_20240916_PGK1_proms_P2,G6,ys318_T04,,ON,enAsCas12a,PGK1,RPR1,As_DR,,A69,ys318,2,20_gen,21.90603092,No,Figure 1,Guide-promoter comparison,processed_data/PGK1_proms_eff_colonies_20260311.csv
cas12a_precision_editing_figure1_fcs.zip,1008200,bd990ee7ad47937afd646a64d4449b0877a97d5630c558eba2acfe63a41b9911,True,VB_20240916_PGK1_proms_P2_Experiment_ys318_T04_G7.fcs,guide_promoters_as_dr,VB_20240916_PGK1_proms_P2,G7,ys318_T04,,ON,enAsCas12a,PGK1,SCR1,As_DR,,A14,ys318,1,20_gen,21.62789178,No,Figure 1,Guide-promoter comparison,processed_data/PGK1_proms_eff_colonies_20260311.csv
cas12a_precision_editing_figure1_fcs.zip,1008200,49ed774778469c01cd857d4bb4e390c89cbe4e3bc933ec15a71c964da03d66b9,True,VB_20240916_PGK1_proms_P2_Experiment_ys318_T04_G8.fcs,guide_promoters_as_dr,VB_20240916_PGK1_proms_P2,G8,ys318_T04,,ON,enAsCas12a,PGK1,SCR1,As_DR,,A14,ys318,2,20_gen,22.08808013,No,Figure 1,Guide-promoter comparison,processed_data/PGK1_proms_eff_colonies_20260311.csv
cas12a_precision_editing_figure1_fcs.zip,1008200,feed76c64fe8419cad42be0f26b0b19f7380f8b9b8bb7f89ff0d236d689ead9f,True,VB_20240916_PGK1_proms_P2_Experiment_ys318_T04_G9.fcs,guide_promoters_as_dr,VB_20240916_PGK1_proms_P2,G9,ys318_T04,,ON,enAsCas12a,PGK1,syn1,As_DR,,A26,ys318,1,20_gen,22.70268351,No,Figure 1,Guide-promoter comparison,processed_data/PGK1_proms_eff_colonies_20260311.csv
cas12a_precision_editing_figure1_fcs.zip,1008200,6e4a8d4e0602cf55c991d787ba34d90ada33715e9599ebccbc56b81051c48369,True,VB_20240916_PGK1_proms_P2_Experiment_ys321_T04_H10.fcs,guide_promoters_as_dr,VB_20240916_PGK1_proms_P2,H10,ys321_T04,,ON,FnCas12a,PGK1,syn1,As_DR,,A26,ys321,2,20_gen,16.70431868,No,Figure 1,Guide-promoter comparison,processed_data/PGK1_proms_eff_colonies_20260311.csv
cas12a_precision_editing_figure1_fcs.zip,1008200,cddab124cd35bc96aac93c06792183bddaddaff1add70a6284a14d48ceb427ad,True,VB_20240916_PGK1_proms_P2_Experiment_ys321_T04_H3.fcs,guide_promoters_as_dr,VB_20240916_PGK1_proms_P2,H3,ys321_T04,,ON,FnCas12a,PGK1,SNR52,As_DR,,A15,ys321,1,20_gen,20.66578003,No,Figure 1,Guide-promoter comparison,processed_data/PGK1_proms_eff_colonies_20260311.csv
cas12a_precision_editing_figure1_fcs.zip,1008200,a82f8a8b77a285f2a39e6a1262c9f50ec811e7a5db2b269c5d2c9ef3d7eb5880,True,VB_20240916_PGK1_proms_P2_Experiment_ys321_T04_H4.fcs,guide_promoters_as_dr,VB_20240916_PGK1_proms_P2,H4,ys321_T04,,ON,FnCas12a,PGK1,SNR52,As_DR,,A15,ys321,2,20_gen,21.69139458,No,Figure 1,Guide-promoter comparison,processed_data/PGK1_proms_eff_colonies_20260311.csv
cas12a_precision_editing_figure1_fcs.zip,1008200,154cdafd534ab133b2394f9a3d84c6d3b81e5cde96bb0fc9755b1749d76cba59,True,VB_20240916_PGK1_proms_P2_Experiment_ys321_T04_H5.fcs,guide_promoters_as_dr,VB_20240916_PGK1_proms_P2,H5,ys321_T04,,ON,FnCas12a,PGK1,RPR1,As_DR,,A69,ys321,1,20_gen,21.16399867,No,Figure 1,Guide-promoter comparison,processed_data/PGK1_proms_eff_colonies_20260311.csv
cas12a_precision_editing_figure1_fcs.zip,1008200,b6575af0f80076b5c21c8d506d0de83c47c98677ae1a9e25c7b1c5afceaad1ec,True,VB_20240916_PGK1_proms_P2_Experiment_ys321_T04_H6.fcs,guide_promoters_as_dr,VB_20240916_PGK1_proms_P2,H6,ys321_T04,,ON,FnCas12a,PGK1,RPR1,As_DR,,A69,ys321,2,20_gen,22.96575385,No,Figure 1,Guide-promoter comparison,processed_data/PGK1_proms_eff_colonies_20260311.csv
cas12a_precision_editing_figure1_fcs.zip,1008200,20ec636e4eb6d18a3544a1a8b54d10154223c3cf0f55d0d384b4b188fc3d8a1f,True,VB_20240916_PGK1_proms_P2_Experiment_ys321_T04_H7.fcs,guide_promoters_as_dr,VB_20240916_PGK1_proms_P2,H7,ys321_T04,,ON,FnCas12a,PGK1,SCR1,As_DR,,A14,ys321,1,20_gen,21.84283646,No,Figure 1,Guide-promoter comparison,processed_data/PGK1_proms_eff_colonies_20260311.csv
cas12a_precision_editing_figure1_fcs.zip,1008200,9f5c6fb2523563247bb68fa23fe5ba0a46b2e0cb62e27c4a5cf5bd0de76caf1b,True,VB_20240916_PGK1_proms_P2_Experiment_ys321_T04_H8.fcs,guide_promoters_as_dr,VB_20240916_PGK1_proms_P2,H8,ys321_T04,,ON,FnCas12a,PGK1,SCR1,As_DR,,A14,ys321,2,20_gen,20.54392114,No,Figure 1,Guide-promoter comparison,processed_data/PGK1_proms_eff_colonies_20260311.csv
cas12a_precision_editing_figure1_fcs.zip,1008200,e3bea5f8524cf851aab3d72f92039dd180e02dfa259969914cfe4bf319f36ec7,True,VB_20240916_PGK1_proms_P2_Experiment_ys321_T04_H9.fcs,guide_promoters_as_dr,VB_20240916_PGK1_proms_P2,H9,ys321_T04,,ON,FnCas12a,PGK1,syn1,As_DR,,A26,ys321,1,20_gen,18.66727789,No,Figure 1,Guide-promoter comparison,processed_data/PGK1_proms_eff_colonies_20260311.csv
cas12a_precision_editing_figure1_fcs.zip,1008200,77e79b759aa3a136fe219925003960171cd60fb9e492a14ba79796a5f651bef8,True,VB_20240916_PGK1_proms_Experiment_ys286_T02_E10.fcs,guide_promoters_as_dr,VB_20240916_PGK1_proms,E10,ys286_T02,,OFF,enAsCas12a,PGK1,syn1,As_DR,,A71,ys286,2,6_gen,8.887525271,No,Figure 1,Guide-promoter comparison,processed_data/PGK1_proms_eff_colonies_20260311.csv
cas12a_precision_editing_figure1_fcs.zip,1008200,52110b3ac98355cb341a1c7d6455ca83269251911b6bbafa01e26b2e55aa59e4,True,VB_20240916_PGK1_proms_Experiment_ys286_T02_E3.fcs,guide_promoters_as_dr,VB_20240916_PGK1_proms,E3,ys286_T02,,OFF,enAsCas12a,PGK1,SNR52,As_DR,,p136,ys286,1,6_gen,8.646738698,No,Figure 1,Guide-promoter comparison,processed_data/PGK1_proms_eff_colonies_20260311.csv
cas12a_precision_editing_figure1_fcs.zip,1008200,e4db03c79ae2711fc425a26d560a01aaa3f327468ca0f436d646c864572d6c19,True,VB_20240916_PGK1_proms_Experiment_ys286_T02_E4.fcs,guide_promoters_as_dr,VB_20240916_PGK1_proms,E4,ys286_T02,,OFF,enAsCas12a,PGK1,SNR52,As_DR,,p136,ys286,2,6_gen,8.581953751,No,Figure 1,Guide-promoter comparison,processed_data/PGK1_proms_eff_colonies_20260311.csv
cas12a_precision_editing_figure1_fcs.zip,1008200,b9c73fca871ef652897f908cdacffc1a769dfcff4e6cdf9bbde4d07bc7dbf9f2,True,VB_20240916_PGK1_proms_Experiment_ys286_T02_E5.fcs,guide_promoters_as_dr,VB_20240916_PGK1_proms,E5,ys286_T02,,OFF,enAsCas12a,PGK1,RPR1,As_DR,,A68,ys286,1,6_gen,8.902073579,No,Figure 1,Guide-promoter comparison,processed_data/PGK1_proms_eff_colonies_20260311.csv
cas12a_precision_editing_figure1_fcs.zip,1008200,0db9ef0af4b84017c2f4a0cbcd91c24476b7f464081d0d2f7ebf5fc85da6a7bb,True,VB_20240916_PGK1_proms_Experiment_ys286_T02_E6.fcs,guide_promoters_as_dr,VB_20240916_PGK1_proms,E6,ys286_T02,,OFF,enAsCas12a,PGK1,RPR1,As_DR,,A68,ys286,2,6_gen,9.427941333,No,Figure 1,Guide-promoter comparison,processed_data/PGK1_proms_eff_colonies_20260311.csv
cas12a_precision_editing_figure1_fcs.zip,1008200,9a21ae58b79a0ef82d713da851184022c6c7afb2c3f6758b4a1ed3a6ee4d51da,True,VB_20240916_PGK1_proms_Experiment_ys286_T02_E7.fcs,guide_promoters_as_dr,VB_20240916_PGK1_proms,E7,ys286_T02,,OFF,enAsCas12a,PGK1,SCR1,As_DR,,A70,ys286,1,6_gen,8.711494907,No,Figure 1,Guide-promoter comparison,processed_data/PGK1_proms_eff_colonies_20260311.csv
cas12a_precision_editing_figure1_fcs.zip,1008200,a9649848e6767750b67e2f58f8c2ef287b295be4f28a74f7a79ef865feed861d,True,VB_20240916_PGK1_proms_Experiment_ys286_T02_E8.fcs,guide_promoters_as_dr,VB_20240916_PGK1_proms,E8,ys286_T02,,OFF,enAsCas12a,PGK1,SCR1,As_DR,,A70,ys286,2,6_gen,8.251719093,No,Figure 1,Guide-promoter comparison,processed_data/PGK1_proms_eff_colonies_20260311.csv
cas12a_precision_editing_figure1_fcs.zip,1008200,96ed0c66abdc49b0f7d847175cd4b394407ef6df9ca4a13c0f6b6b515b2c8c52,True,VB_20240916_PGK1_proms_Experiment_ys286_T02_E9.fcs,guide_promoters_as_dr,VB_20240916_PGK1_proms,E9,ys286_T02,,OFF,enAsCas12a,PGK1,syn1,As_DR,,A71,ys286,1,6_gen,8.655351829,No,Figure 1,Guide-promoter comparison,processed_data/PGK1_proms_eff_colonies_20260311.csv
cas12a_precision_editing_figure1_fcs.zip,1008200,195bfe000e0264178d4039bbb3a94682b70a5ff58f767d2761e476d648205caf,True,VB_20240916_PGK1_proms_Experiment_ys289_T02_F10.fcs,guide_promoters_as_dr,VB_20240916_PGK1_proms,F10,ys289_T02,,OFF,FnCas12a,PGK1,syn1,As_DR,,A71,ys289,2,6_gen,5.378511623,No,Figure 1,Guide-promoter comparison,processed_data/PGK1_proms_eff_colonies_20260311.csv
cas12a_precision_editing_figure1_fcs.zip,1008200,908518001362d6618764829d5ef1b41073ecb8bdb48dfed7ab01e0e400877914,True,VB_20240916_PGK1_proms_Experiment_ys289_T02_F3.fcs,guide_promoters_as_dr,VB_20240916_PGK1_proms,F3,ys289_T02,,OFF,FnCas12a,PGK1,SNR52,As_DR,,p136,ys289,1,6_gen,9.504620392,No,Figure 1,Guide-promoter comparison,processed_data/PGK1_proms_eff_colonies_20260311.csv
cas12a_precision_editing_figure1_fcs.zip,1008200,c271a61ca2d2537351de4150aa0267432b49a5feb993e033400ed4c2ed69c89a,True,VB_20240916_PGK1_proms_Experiment_ys289_T02_F4.fcs,guide_promoters_as_dr,VB_20240916_PGK1_proms,F4,ys289_T02,,OFF,FnCas12a,PGK1,SNR52,As_DR,,p136,ys289,2,6_gen,8.61176256,No,Figure 1,Guide-promoter comparison,processed_data/PGK1_proms_eff_colonies_20260311.csv
cas12a_precision_editing_figure1_fcs.zip,1008200,51207e29eb5e9620b6a20e65e8c25058d2b0cc6ba244d3334f9ced55e83d15c4,True,VB_20240916_PGK1_proms_Experiment_ys289_T02_F5.fcs,guide_promoters_as_dr,VB_20240916_PGK1_proms,F5,ys289_T02,,OFF,FnCas12a,PGK1,RPR1,As_DR,,A68,ys289,1,6_gen,8.169925001,No,Figure 1,Guide-promoter comparison,processed_data/PGK1_proms_eff_colonies_20260311.csv
cas12a_precision_editing_figure1_fcs.zip,1008200,17c53e7b64136059f875aa544fdae50c5f8400362c325d509a92c257b8665abb,True,VB_20240916_PGK1_proms_Experiment_ys289_T02_F6.fcs,guide_promoters_as_dr,VB_20240916_PGK1_proms,F6,ys289_T02,,OFF,FnCas12a,PGK1,RPR1,As_DR,,A68,ys289,2,6_gen,8.599912842,No,Figure 1,Guide-promoter comparison,processed_data/PGK1_proms_eff_colonies_20260311.csv
cas12a_precision_editing_figure1_fcs.zip,1008200,ddebbdcd6c2b02b0c8d8f89f33d0b265e07f55ec557de4e715fc78fdb13c9400,True,VB_20240916_PGK1_proms_Experiment_ys289_T02_F7.fcs,guide_promoters_as_dr,VB_20240916_PGK1_proms,F7,ys289_T02,,OFF,FnCas12a,PGK1,SCR1,As_DR,,A70,ys289,1,6_gen,8.145677455,No,Figure 1,Guide-promoter comparison,processed_data/PGK1_proms_eff_colonies_20260311.csv
cas12a_precision_editing_figure1_fcs.zip,1008200,c5773844ced046ab0dbd28b2720ed1f3ed4216cdd92defc46e33ea1bd14919b9,True,VB_20240916_PGK1_proms_Experiment_ys289_T02_F8.fcs,guide_promoters_as_dr,VB_20240916_PGK1_proms,F8,ys289_T02,,OFF,FnCas12a,PGK1,SCR1,As_DR,,A70,ys289,2,6_gen,8.289096702,No,Figure 1,Guide-promoter comparison,processed_data/PGK1_proms_eff_colonies_20260311.csv
cas12a_precision_editing_figure1_fcs.zip,1008200,8bcd2fcd63f86ed4449d0eaba3315ab585cc73dba5ee0d2651a9030c977bcdf3,True,VB_20240916_PGK1_proms_Experiment_ys289_T02_F9.fcs,guide_promoters_as_dr,VB_20240916_PGK1_proms,F9,ys289_T02,,OFF,FnCas12a,PGK1,syn1,As_DR,,A71,ys289,1,6_gen,5.963474124,No,Figure 1,Guide-promoter comparison,processed_data/PGK1_proms_eff_colonies_20260311.csv
cas12a_precision_editing_figure1_fcs.zip,1008200,53874615637330721245cc81a3fd45761b086b31a904e6921bddfa04cdbd01e5,True,VB_20240916_PGK1_proms_Experiment_ys318_T02_G10.fcs,guide_promoters_as_dr,VB_20240916_PGK1_proms,G10,ys318_T02,,ON,enAsCas12a,PGK1,syn1,As_DR,,A26,ys318,2,6_gen,7.321928095,No,Figure 1,Guide-promoter comparison,processed_data/PGK1_proms_eff_colonies_20260311.csv
cas12a_precision_editing_figure1_fcs.zip,1008200,26378bd133df0f8d04a6272a85db420ef67157e6cb286d5465f76acec604c51c,True,VB_20240916_PGK1_proms_Experiment_ys318_T02_G5.fcs,guide_promoters_as_dr,VB_20240916_PGK1_proms,G5,ys318_T02,,ON,enAsCas12a,PGK1,RPR1,As_DR,,A69,ys318,1,6_gen,6.776103988,No,Figure 1,Guide-promoter comparison,processed_data/PGK1_proms_eff_colonies_20260311.csv
cas12a_precision_editing_figure1_fcs.zip,1008200,7ef9a3f5347be0c42cbeecf8feadf73be8edf51083e5e1db8d3a26893bbf532d,True,VB_20240916_PGK1_proms_Experiment_ys318_T02_G6.fcs,guide_promoters_as_dr,VB_20240916_PGK1_proms,G6,ys318_T02,,ON,enAsCas12a,PGK1,RPR1,As_DR,,A69,ys318,2,6_gen,7.053111336,No,Figure 1,Guide-promoter comparison,processed_data/PGK1_proms_eff_colonies_20260311.csv
cas12a_precision_editing_figure1_fcs.zip,1008200,0c0ef4167400e41c6808bd04ee79925581869ee6dda27c7ed2db30eed1298da2,True,VB_20240916_PGK1_proms_Experiment_ys318_T02_G7.fcs,guide_promoters_as_dr,VB_20240916_PGK1_proms,G7,ys318_T02,,ON,enAsCas12a,PGK1,SCR1,As_DR,,A14,ys318,1,6_gen,7.177917792,No,Figure 1,Guide-promoter comparison,processed_data/PGK1_proms_eff_colonies_20260311.csv
cas12a_precision_editing_figure1_fcs.zip,1008200,423808b15b1252254796b7f3e1077e2d7df51d714492155cf74a3f048e978ad1,True,VB_20240916_PGK1_proms_Experiment_ys318_T02_G8.fcs,guide_promoters_as_dr,VB_20240916_PGK1_proms,G8,ys318_T02,,ON,enAsCas12a,PGK1,SCR1,As_DR,,A14,ys318,2,6_gen,7.517275693,No,Figure 1,Guide-promoter comparison,processed_data/PGK1_proms_eff_colonies_20260311.csv
cas12a_precision_editing_figure1_fcs.zip,1008200,32868003d80508dc2364aa45fb71a513aa61f21bf42419da568c9779d0d2dc36,True,VB_20240916_PGK1_proms_Experiment_ys318_T02_G9.fcs,guide_promoters_as_dr,VB_20240916_PGK1_proms,G9,ys318_T02,,ON,enAsCas12a,PGK1,syn1,As_DR,,A26,ys318,1,6_gen,7.452858965,No,Figure 1,Guide-promoter comparison,processed_data/PGK1_proms_eff_colonies_20260311.csv
cas12a_precision_editing_figure1_fcs.zip,553680,b7026a82f6eecd201de74d3bc31734a21411dee3d795b099474e16e11b34d5fb,True,VB_20240916_PGK1_proms_Experiment_ys321_T02_H10.fcs,guide_promoters_as_dr,VB_20240916_PGK1_proms,H10,ys321_T02,,ON,FnCas12a,PGK1,syn1,As_DR,,A26,ys321,2,6_gen,4.678071905,No,Figure 1,Guide-promoter comparison,processed_data/PGK1_proms_eff_colonies_20260311.csv
cas12a_precision_editing_figure1_fcs.zip,1008200,25ebf148959e48d77112d0e0f6ae9374333e50075df9e772fd751181437fa60e,True,VB_20240916_PGK1_proms_Experiment_ys321_T02_H3.fcs,guide_promoters_as_dr,VB_20240916_PGK1_proms,H3,ys321_T02,,ON,FnCas12a,PGK1,SNR52,As_DR,,A15,ys321,1,6_gen,6.510961919,No,Figure 1,Guide-promoter comparison,processed_data/PGK1_proms_eff_colonies_20260311.csv
cas12a_precision_editing_figure1_fcs.zip,1008200,234ffc0466b3f1a6c54e1c7e1039f63ed4dd725b422eaaa96035787d87b2261e,True,VB_20240916_PGK1_proms_Experiment_ys321_T02_H4.fcs,guide_promoters_as_dr,VB_20240916_PGK1_proms,H4,ys321_T02,,ON,FnCas12a,PGK1,SNR52,As_DR,,A15,ys321,2,6_gen,6.99095486,No,Figure 1,Guide-promoter comparison,processed_data/PGK1_proms_eff_colonies_20260311.csv
cas12a_precision_editing_figure1_fcs.zip,1008200,ff49fc5aaaf54db3ab6255e694e24497c818aebdb92ecdabda894ad2fed86edf,True,VB_20240916_PGK1_proms_Experiment_ys321_T02_H5.fcs,guide_promoters_as_dr,VB_20240916_PGK1_proms,H5,ys321_T02,,ON,FnCas12a,PGK1,RPR1,As_DR,,A69,ys321,1,6_gen,6.972692654,No,Figure 1,Guide-promoter comparison,processed_data/PGK1_proms_eff_colonies_20260311.csv
cas12a_precision_editing_figure1_fcs.zip,1008200,6f1c5d5da4a7ddcbae31c38ece462e6a3be635f6ff311b1ffa956ba23ed93e00,True,VB_20240916_PGK1_proms_Experiment_ys321_T02_H6.fcs,guide_promoters_as_dr,VB_20240916_PGK1_proms,H6,ys321_T02,,ON,FnCas12a,PGK1,RPR1,As_DR,,A69,ys321,2,6_gen,7.336283388,No,Figure 1,Guide-promoter comparison,processed_data/PGK1_proms_eff_colonies_20260311.csv
cas12a_precision_editing_figure1_fcs.zip,1008200,95c9313ae6a7ff76e9be3d42e9f49a5de75ca487082d5654917157f6f2093375,True,VB_20240916_PGK1_proms_Experiment_ys321_T02_H7.fcs,guide_promoters_as_dr,VB_20240916_PGK1_proms,H7,ys321_T02,,ON,FnCas12a,PGK1,SCR1,As_DR,,A14,ys321,1,6_gen,7.986410935,No,Figure 1,Guide-promoter comparison,processed_data/PGK1_proms_eff_colonies_20260311.csv
cas12a_precision_editing_figure1_fcs.zip,1008200,47b9adfb5b2706bb5af0311b0c358b3386e464e15c9480c331d8ed9efd36c3a6,True,VB_20240916_PGK1_proms_Experiment_ys321_T02_H8.fcs,guide_promoters_as_dr,VB_20240916_PGK1_proms,H8,ys321_T02,,ON,FnCas12a,PGK1,SCR1,As_DR,,A14,ys321,2,6_gen,6.5360529,No,Figure 1,Guide-promoter comparison,processed_data/PGK1_proms_eff_colonies_20260311.csv
cas12a_precision_editing_figure1_fcs.zip,1008200,f92b2e00b7ceaec1a199fec6008a0d21a7fbbb4ed9423c753d9f2e77814f355b,True,VB_20240916_PGK1_proms_Experiment_ys321_T02_H9.fcs,guide_promoters_as_dr,VB_20240916_PGK1_proms,H9,ys321_T02,,ON,FnCas12a,PGK1,syn1,As_DR,,A26,ys321,1,6_gen,5.169925001,No,Figure 1,Guide-promoter comparison,processed_data/PGK1_proms_eff_colonies_20260311.csv
cas12a_precision_editing_figure1_fcs.zip,1008200,ce2bdeed386774ded07cbd91387a0901561b1d452f77f471f8d925a52b99dbe9,True,VB_20240916_PGK1_proms_Experiment_ys286_T01_A10.fcs,guide_promoters_as_dr,VB_20240916_PGK1_proms,A10,ys286_T01,,OFF,enAsCas12a,PGK1,syn1,As_DR,,A71,ys286,2,scraped,0.0,No,Figure 1,Guide-promoter comparison,processed_data/PGK1_proms_eff_colonies_20260311.csv
cas12a_precision_editing_figure1_fcs.zip,1008200,6473ffeef9234f4d5ef8b6a6222f60565c82afef82e07766be5c34fadd032dae,True,VB_20240916_PGK1_proms_Experiment_ys286_T01_A3.fcs,guide_promoters_as_dr,VB_20240916_PGK1_proms,A3,ys286_T01,,OFF,enAsCas12a,PGK1,SNR52,As_DR,,p136,ys286,1,scraped,0.0,No,Figure 1,Guide-promoter comparison,processed_data/PGK1_proms_eff_colonies_20260311.csv
cas12a_precision_editing_figure1_fcs.zip,1008200,d4bce0d2573d62e7a8fa1f600ca46b272ca1c621c6e4743a69a042a63d25b5cb,True,VB_20240916_PGK1_proms_Experiment_ys286_T01_A4.fcs,guide_promoters_as_dr,VB_20240916_PGK1_proms,A4,ys286_T01,,OFF,enAsCas12a,PGK1,SNR52,As_DR,,p136,ys286,2,scraped,0.0,No,Figure 1,Guide-promoter comparison,processed_data/PGK1_proms_eff_colonies_20260311.csv
cas12a_precision_editing_figure1_fcs.zip,1008200,4cc55c4c87fd3b7574c1d6525a37f819104f4a80ae1d9aa7219c9ad27a5c2a54,True,VB_20240916_PGK1_proms_Experiment_ys286_T01_A5.fcs,guide_promoters_as_dr,VB_20240916_PGK1_proms,A5,ys286_T01,,OFF,enAsCas12a,PGK1,RPR1,As_DR,,A68,ys286,1,scraped,0.0,No,Figure 1,Guide-promoter comparison,processed_data/PGK1_proms_eff_colonies_20260311.csv
cas12a_precision_editing_figure1_fcs.zip,1008200,30af06004acfbf7c50dee169058fcd6c1ab1dd0b65a4981438dd963b4aee7ae8,True,VB_20240916_PGK1_proms_Experiment_ys286_T01_A6.fcs,guide_promoters_as_dr,VB_20240916_PGK1_proms,A6,ys286_T01,,OFF,enAsCas12a,PGK1,RPR1,As_DR,,A68,ys286,2,scraped,0.0,No,Figure 1,Guide-promoter comparison,processed_data/PGK1_proms_eff_colonies_20260311.csv
cas12a_precision_editing_figure1_fcs.zip,1008200,1e1a08b9e7f613854599c1b451ba088e0653172e9ca49feea29b5c77a685e37a,True,VB_20240916_PGK1_proms_Experiment_ys286_T01_A7.fcs,guide_promoters_as_dr,VB_20240916_PGK1_proms,A7,ys286_T01,,OFF,enAsCas12a,PGK1,SCR1,As_DR,,A70,ys286,1,scraped,0.0,No,Figure 1,Guide-promoter comparison,processed_data/PGK1_proms_eff_colonies_20260311.csv
cas12a_precision_editing_figure1_fcs.zip,1008200,fb6db3e0b6fc631e3546585aa60ca8c70b7f50067a921a604031ac42f8291523,True,VB_20240916_PGK1_proms_Experiment_ys286_T01_A8.fcs,guide_promoters_as_dr,VB_20240916_PGK1_proms,A8,ys286_T01,,OFF,enAsCas12a,PGK1,SCR1,As_DR,,A70,ys286,2,scraped,0.0,No,Figure 1,Guide-promoter comparison,processed_data/PGK1_proms_eff_colonies_20260311.csv
cas12a_precision_editing_figure1_fcs.zip,1008200,784722d4a5990735ccf360b3b5941119e1ac690745c573e2845dfb3287d07837,True,VB_20240916_PGK1_proms_Experiment_ys286_T01_A9.fcs,guide_promoters_as_dr,VB_20240916_PGK1_proms,A9,ys286_T01,,OFF,enAsCas12a,PGK1,syn1,As_DR,,A71,ys286,1,scraped,0.0,No,Figure 1,Guide-promoter comparison,processed_data/PGK1_proms_eff_colonies_20260311.csv
cas12a_precision_editing_figure1_fcs.zip,1008200,6bfb2abdf3fa71e6db1e78de7ac9aefdff04b2ca63038c8ebc05d959201253e1,True,VB_20240916_PGK1_proms_Experiment_ys289_T01_B10.fcs,guide_promoters_as_dr,VB_20240916_PGK1_proms,B10,ys289_T01,,OFF,FnCas12a,PGK1,syn1,As_DR,,A71,ys289,2,scraped,0.0,No,Figure 1,Guide-promoter comparison,processed_data/PGK1_proms_eff_colonies_20260311.csv
cas12a_precision_editing_figure1_fcs.zip,1008200,f9640d4aeac986c6f50b161ffd5fd72c36120f6d08e9ffea18f19269ef0db52c,True,VB_20240916_PGK1_proms_Experiment_ys289_T01_B3.fcs,guide_promoters_as_dr,VB_20240916_PGK1_proms,B3,ys289_T01,,OFF,FnCas12a,PGK1,SNR52,As_DR,,p136,ys289,1,scraped,0.0,No,Figure 1,Guide-promoter comparison,processed_data/PGK1_proms_eff_colonies_20260311.csv
cas12a_precision_editing_figure1_fcs.zip,1008200,14e835cad51913364f542b0350b7e2647d095c7d276b005937ec30f9b72d2234,True,VB_20240916_PGK1_proms_Experiment_ys289_T01_B4.fcs,guide_promoters_as_dr,VB_20240916_PGK1_proms,B4,ys289_T01,,OFF,FnCas12a,PGK1,SNR52,As_DR,,p136,ys289,2,scraped,0.0,No,Figure 1,Guide-promoter comparison,processed_data/PGK1_proms_eff_colonies_20260311.csv
cas12a_precision_editing_figure1_fcs.zip,1008200,89a99b95f290a1dae153a93d2c4ee3a61bc23872d7660adfb55911e1cab74ab1,True,VB_20240916_PGK1_proms_Experiment_ys289_T01_B5.fcs,guide_promoters_as_dr,VB_20240916_PGK1_proms,B5,ys289_T01,,OFF,FnCas12a,PGK1,RPR1,As_DR,,A68,ys289,1,scraped,0.0,No,Figure 1,Guide-promoter comparison,processed_data/PGK1_proms_eff_colonies_20260311.csv
cas12a_precision_editing_figure1_fcs.zip,1008200,b5fa3916dc6b03591eccf30186a5c19f733f18ca47ec6b1a2f756576e4c2e299,True,VB_20240916_PGK1_proms_Experiment_ys289_T01_B6.fcs,guide_promoters_as_dr,VB_20240916_PGK1_proms,B6,ys289_T01,,OFF,FnCas12a,PGK1,RPR1,As_DR,,A68,ys289,2,scraped,0.0,No,Figure 1,Guide-promoter comparison,processed_data/PGK1_proms_eff_colonies_20260311.csv
cas12a_precision_editing_figure1_fcs.zip,1008200,b24020ebfac13eddd4b22c294afaff38ac5190755509ad2d6fa72ca8a3a0152e,True,VB_20240916_PGK1_proms_Experiment_ys289_T01_B7.fcs,guide_promoters_as_dr,VB_20240916_PGK1_proms,B7,ys289_T01,,OFF,FnCas12a,PGK1,SCR1,As_DR,,A70,ys289,1,scraped,0.0,No,Figure 1,Guide-promoter comparison,processed_data/PGK1_proms_eff_colonies_20260311.csv
cas12a_precision_editing_figure1_fcs.zip,1008200,8cedc55865ed16eda65ec9f37b585109c71733d2c47650bea424b646cba4402f,True,VB_20240916_PGK1_proms_Experiment_ys289_T01_B8.fcs,guide_promoters_as_dr,VB_20240916_PGK1_proms,B8,ys289_T01,,OFF,FnCas12a,PGK1,SCR1,As_DR,,A70,ys289,2,scraped,0.0,No,Figure 1,Guide-promoter comparison,processed_data/PGK1_proms_eff_colonies_20260311.csv
cas12a_precision_editing_figure1_fcs.zip,1008200,2adf486bffc8791de9c8e8ac61939a646cf8d31025a9eb6ac5e5b41efbed893a,True,VB_20240916_PGK1_proms_Experiment_ys289_T01_B9.fcs,guide_promoters_as_dr,VB_20240916_PGK1_proms,B9,ys289_T01,,OFF,FnCas12a,PGK1,syn1,As_DR,,A71,ys289,1,scraped,0.0,No,Figure 1,Guide-promoter comparison,processed_data/PGK1_proms_eff_colonies_20260311.csv
cas12a_precision_editing_figure1_fcs.zip,1008200,dfac69c3169ea2037af1bce87e6eaf1efd04cf01392c6dd9bda8cb6459327e8c,True,VB_20240916_PGK1_proms_Experiment_ys318_T01_C10.fcs,guide_promoters_as_dr,VB_20240916_PGK1_proms,C10,ys318_T01,,ON,enAsCas12a,PGK1,syn1,As_DR,,A26,ys318,2,scraped,0.0,No,Figure 1,Guide-promoter comparison,processed_data/PGK1_proms_eff_colonies_20260311.csv
cas12a_precision_editing_figure1_fcs.zip,1008200,3770dc50c0f0c2c9f9eef57c29d6998e8f6a97c9762948b004655877d45725a1,True,VB_20240916_PGK1_proms_Experiment_ys318_T01_C5.fcs,guide_promoters_as_dr,VB_20240916_PGK1_proms,C5,ys318_T01,,ON,enAsCas12a,PGK1,RPR1,As_DR,,A69,ys318,1,scraped,0.0,No,Figure 1,Guide-promoter comparison,processed_data/PGK1_proms_eff_colonies_20260311.csv
cas12a_precision_editing_figure1_fcs.zip,1008200,672173527ec9fa99069c53bb2fe624a245803a515b106322565754a9f5d00ae9,True,VB_20240916_PGK1_proms_Experiment_ys318_T01_C6.fcs,guide_promoters_as_dr,VB_20240916_PGK1_proms,C6,ys318_T01,,ON,enAsCas12a,PGK1,RPR1,As_DR,,A69,ys318,2,scraped,0.0,No,Figure 1,Guide-promoter comparison,processed_data/PGK1_proms_eff_colonies_20260311.csv
cas12a_precision_editing_figure1_fcs.zip,1008200,48a4745341f43d3db2926f661123a5da2ec2f1d3dff94c980b042937283d32ca,True,VB_20240916_PGK1_proms_Experiment_ys318_T01_C7.fcs,guide_promoters_as_dr,VB_20240916_PGK1_proms,C7,ys318_T01,,ON,enAsCas12a,PGK1,SCR1,As_DR,,A14,ys318,1,scraped,0.0,No,Figure 1,Guide-promoter comparison,processed_data/PGK1_proms_eff_colonies_20260311.csv
cas12a_precision_editing_figure1_fcs.zip,1008200,0056b4eb91935e6f234ccb5153f0f9606c93241b9a091c31de3f332af3584294,True,VB_20240916_PGK1_proms_Experiment_ys318_T01_C8.fcs,guide_promoters_as_dr,VB_20240916_PGK1_proms,C8,ys318_T01,,ON,enAsCas12a,PGK1,SCR1,As_DR,,A14,ys318,2,scraped,0.0,No,Figure 1,Guide-promoter comparison,processed_data/PGK1_proms_eff_colonies_20260311.csv
cas12a_precision_editing_figure1_fcs.zip,1008200,40b9d3fab34ca60e46fcc50954f3d8846d1fe7946b4b446f1b2cec6a5560872a,True,VB_20240916_PGK1_proms_Experiment_ys318_T01_C9.fcs,guide_promoters_as_dr,VB_20240916_PGK1_proms,C9,ys318_T01,,ON,enAsCas12a,PGK1,syn1,As_DR,,A26,ys318,1,scraped,0.0,No,Figure 1,Guide-promoter comparison,processed_data/PGK1_proms_eff_colonies_20260311.csv
cas12a_precision_editing_figure1_fcs.zip,1008200,27d3d9ecc7c773b1ec41334d76f3a28dc25906605d0f7c7bc4740a5eda9b7cea,True,VB_20240916_PGK1_proms_Experiment_ys321_T01_D10.fcs,guide_promoters_as_dr,VB_20240916_PGK1_proms,D10,ys321_T01,,ON,FnCas12a,PGK1,syn1,As_DR,,A26,ys321,2,scraped,0.0,No,Figure 1,Guide-promoter comparison,processed_data/PGK1_proms_eff_colonies_20260311.csv
cas12a_precision_editing_figure1_fcs.zip,1008200,43690398f8e754ef2486c9841a3f0f4e5dc3bc81dabb6560d59c420073197424,True,VB_20240916_PGK1_proms_Experiment_ys321_T01_D3.fcs,guide_promoters_as_dr,VB_20240916_PGK1_proms,D3,ys321_T01,,ON,FnCas12a,PGK1,SNR52,As_DR,,A15,ys321,1,scraped,0.0,No,Figure 1,Guide-promoter comparison,processed_data/PGK1_proms_eff_colonies_20260311.csv
cas12a_precision_editing_figure1_fcs.zip,1008200,0f1ce956df86a4a52d9804cb9abe6e0c8e8987d747a3feeec8798f931e7fef43,True,VB_20240916_PGK1_proms_Experiment_ys321_T01_D4.fcs,guide_promoters_as_dr,VB_20240916_PGK1_proms,D4,ys321_T01,,ON,FnCas12a,PGK1,SNR52,As_DR,,A15,ys321,2,scraped,0.0,No,Figure 1,Guide-promoter comparison,processed_data/PGK1_proms_eff_colonies_20260311.csv
cas12a_precision_editing_figure1_fcs.zip,1008200,714563aad37d3f1a1dbc782f70b14393ec09d0a60111a1129cc6719da36e353a,True,VB_20240916_PGK1_proms_Experiment_ys321_T01_D5.fcs,guide_promoters_as_dr,VB_20240916_PGK1_proms,D5,ys321_T01,,ON,FnCas12a,PGK1,RPR1,As_DR,,A69,ys321,1,scraped,0.0,No,Figure 1,Guide-promoter comparison,processed_data/PGK1_proms_eff_colonies_20260311.csv
cas12a_precision_editing_figure1_fcs.zip,1008200,845e1c414ead9a01f5881fbb909eeb26f8cb1dab746cd0ef336657c01e49100e,True,VB_20240916_PGK1_proms_Experiment_ys321_T01_D6.fcs,guide_promoters_as_dr,VB_20240916_PGK1_proms,D6,ys321_T01,,ON,FnCas12a,PGK1,RPR1,As_DR,,A69,ys321,2,scraped,0.0,No,Figure 1,Guide-promoter comparison,processed_data/PGK1_proms_eff_colonies_20260311.csv
cas12a_precision_editing_figure1_fcs.zip,1008200,df87c55fc94a8306bd60169b19c785784602c102ef6e7358ab16d48a678aee71,True,VB_20240916_PGK1_proms_Experiment_ys321_T01_D7.fcs,guide_promoters_as_dr,VB_20240916_PGK1_proms,D7,ys321_T01,,ON,FnCas12a,PGK1,SCR1,As_DR,,A14,ys321,1,scraped,0.0,No,Figure 1,Guide-promoter comparison,processed_data/PGK1_proms_eff_colonies_20260311.csv
cas12a_precision_editing_figure1_fcs.zip,1008200,bb5eb4825312d4793cacf0f11bc0442f0eecb08a06cda994747cb5de52d85cc6,True,VB_20240916_PGK1_proms_Experiment_ys321_T01_D8.fcs,guide_promoters_as_dr,VB_20240916_PGK1_proms,D8,ys321_T01,,ON,FnCas12a,PGK1,SCR1,As_DR,,A14,ys321,2,scraped,0.0,No,Figure 1,Guide-promoter comparison,processed_data/PGK1_proms_eff_colonies_20260311.csv
cas12a_precision_editing_figure1_fcs.zip,1008200,6bbf1b6f219a85007a4c7c971f41fd4ef161f541a9ba041a1f649472d7f2cd7e,True,VB_20240916_PGK1_proms_Experiment_ys321_T01_D9.fcs,guide_promoters_as_dr,VB_20240916_PGK1_proms,D9,ys321_T01,,ON,FnCas12a,PGK1,syn1,As_DR,,A26,ys321,1,scraped,0.0,No,Figure 1,Guide-promoter comparison,processed_data/PGK1_proms_eff_colonies_20260311.csv
cas12a_precision_editing_figure1_fcs.zip,1008200,22108a22fedb2aa49bd1e5ba80e80cffac74d0d6edfc7f289ebc0739aebfece6,True,AD_20260429_TEF_cognate_Experiment_Group(1)_E08.fcs,guide_promoters_cognate,AD_20260429_TEF_cognate,E08,ys289_A83,,OFF,FnCas12a,PGK1,syn1,cognate,,A83,ys289,1,11_gen,14.1,no,Figure 1,Guide-promoter comparison,processed_data/annotated_stats_syn1_dr_pgk1_20260505.csv
cas12a_precision_editing_figure1_fcs.zip,1008200,1ec655c3eba74e8c94c1eb725969d5bd08ea32ee0a25712f06a582d640246cf8,True,AD_20260429_TEF_cognate_Experiment_Group(1)_E09.fcs,guide_promoters_cognate,AD_20260429_TEF_cognate,E09,ys321_A116,,ON,FnCas12a,PGK1,syn1,cognate,,A116,ys321,1,11_gen,14.5,no,Figure 1,Guide-promoter comparison,processed_data/annotated_stats_syn1_dr_pgk1_20260505.csv
cas12a_precision_editing_figure1_fcs.zip,1008200,109dccef3a491af63dd8d8113ce2b98335ef0671b02a344247f524820b86a68d,True,AD_20260429_TEF_cognate_Experiment_Group(1)_E10.fcs,guide_promoters_cognate,AD_20260429_TEF_cognate,E10,ys289_A71,,OFF,FnCas12a,PGK1,syn1,As_DR,,A71,ys289,1,11_gen,11.9,no,Figure 1,Guide-promoter comparison,processed_data/annotated_stats_syn1_dr_pgk1_20260505.csv
cas12a_precision_editing_figure1_fcs.zip,1008200,850a329027ca7d7cdf0c889ff0b892d0a8e137018b7b69c56dbcb4ea829b16bf,True,AD_20260429_TEF_cognate_Experiment_Group(1)_E11.fcs,guide_promoters_cognate,AD_20260429_TEF_cognate,E11,ys321_A26,,ON,FnCas12a,PGK1,syn1,As_DR,,A26,ys321,1,11_gen,13.8,no,Figure 1,Guide-promoter comparison,processed_data/annotated_stats_syn1_dr_pgk1_20260505.csv
cas12a_precision_editing_figure1_fcs.zip,1008200,55e945d222ad3c880de70446dd1c5658e82d47922a418bb9c41c0f54bc1abe99,True,AD_20260429_TEF_cognate_Experiment_Group(1)_F08.fcs,guide_promoters_cognate,AD_20260429_TEF_cognate,F08,ys289_A83,,OFF,FnCas12a,PGK1,syn1,cognate,,A83,ys289,2,11_gen,13.9,no,Figure 1,Guide-promoter comparison,processed_data/annotated_stats_syn1_dr_pgk1_20260505.csv
cas12a_precision_editing_figure1_fcs.zip,1008200,2db9afdb3c8bce97e8959af370585184d140723a0d81fe94da22c60391676971,True,AD_20260429_TEF_cognate_Experiment_Group(1)_F09.fcs,guide_promoters_cognate,AD_20260429_TEF_cognate,F09,ys321_A116,,ON,FnCas12a,PGK1,syn1,cognate,,A116,ys321,2,11_gen,14.5,no,Figure 1,Guide-promoter comparison,processed_data/annotated_stats_syn1_dr_pgk1_20260505.csv
cas12a_precision_editing_figure1_fcs.zip,1008200,d70319e15c18947418f5c20edb4f1da80c31c0579836d51c71317ef87289256c,True,AD_20260429_TEF_cognate_Experiment_Group(1)_F10.fcs,guide_promoters_cognate,AD_20260429_TEF_cognate,F10,ys289_A71,,OFF,FnCas12a,PGK1,syn1,As_DR,,A71,ys289,2,11_gen,11.2,no,Figure 1,Guide-promoter comparison,processed_data/annotated_stats_syn1_dr_pgk1_20260505.csv
cas12a_precision_editing_figure1_fcs.zip,1008200,ea2001caea2cec83d79b1bbe461eaeaa78589b696641a7711b809dd563fd2aa8,True,AD_20260429_TEF_cognate_Experiment_Group(1)_F11.fcs,guide_promoters_cognate,AD_20260429_TEF_cognate,F11,ys321_A26,,ON,FnCas12a,PGK1,syn1,As_DR,,A26,ys321,2,11_gen,11.9,no,Figure 1,Guide-promoter comparison,processed_data/annotated_stats_syn1_dr_pgk1_20260505.csv
cas12a_precision_editing_figure1_fcs.zip,1008200,2a2de0b42395444636b07780d8db55e6ac4f635c7d85e0784ec9bd6f3406b294,True,AD_20260429_TEF_cognate_Experiment_last timepoint_G08.fcs,guide_promoters_cognate,AD_20260429_TEF_cognate,G08,ys289_A83,,OFF,FnCas12a,PGK1,syn1,cognate,,A83,ys289,1,20_gen,22.7,no,Figure 1,Guide-promoter comparison,processed_data/annotated_stats_syn1_dr_pgk1_20260505.csv
cas12a_precision_editing_figure1_fcs.zip,1008200,322b6584933c3272693f17ac0fd5bfafbacf31e1288e4a344d53a5b789d230d6,True,AD_20260429_TEF_cognate_Experiment_last timepoint_G09.fcs,guide_promoters_cognate,AD_20260429_TEF_cognate,G09,ys321_A116,,ON,FnCas12a,PGK1,syn1,cognate,,A116,ys321,1,20_gen,23.3,no,Figure 1,Guide-promoter comparison,processed_data/annotated_stats_syn1_dr_pgk1_20260505.csv
cas12a_precision_editing_figure1_fcs.zip,1008200,627cf8304af5df8505392e4853dd5bb0578eb0b8f5fbe46b2d9ea83bbfdcfc6e,True,AD_20260429_TEF_cognate_Experiment_last timepoint_G10.fcs,guide_promoters_cognate,AD_20260429_TEF_cognate,G10,ys289_A71,,OFF,FnCas12a,PGK1,syn1,As_DR,,A71,ys289,1,20_gen,20.5,no,Figure 1,Guide-promoter comparison,processed_data/annotated_stats_syn1_dr_pgk1_20260505.csv
cas12a_precision_editing_figure1_fcs.zip,1008200,33c666b265cdbe6101494b4f6f51ac1b12e779b7015bb0948c3cba039faa0e93,True,AD_20260429_TEF_cognate_Experiment_last timepoint_G11.fcs,guide_promoters_cognate,AD_20260429_TEF_cognate,G11,ys321_A26,,ON,FnCas12a,PGK1,syn1,As_DR,,A26,ys321,1,20_gen,21.8,no,Figure 1,Guide-promoter comparison,processed_data/annotated_stats_syn1_dr_pgk1_20260505.csv
cas12a_precision_editing_figure1_fcs.zip,1008200,ccd2f1ecfc8c6b63fc0c9a4f83a96d56a2fea099832c4d9729d28db8a3a04419,True,AD_20260429_TEF_cognate_Experiment_last timepoint_H08.fcs,guide_promoters_cognate,AD_20260429_TEF_cognate,H08,ys289_A83,,OFF,FnCas12a,PGK1,syn1,cognate,,A83,ys289,2,20_gen,22.9,no,Figure 1,Guide-promoter comparison,processed_data/annotated_stats_syn1_dr_pgk1_20260505.csv
cas12a_precision_editing_figure1_fcs.zip,1008200,b4f6619c4bd2e703a1b3afcc39a391ac9c563b79b23678da5255b34100bae8c5,True,AD_20260429_TEF_cognate_Experiment_last timepoint_H09.fcs,guide_promoters_cognate,AD_20260429_TEF_cognate,H09,ys321_A116,,ON,FnCas12a,PGK1,syn1,cognate,,A116,ys321,2,20_gen,22.9,no,Figure 1,Guide-promoter comparison,processed_data/annotated_stats_syn1_dr_pgk1_20260505.csv
cas12a_precision_editing_figure1_fcs.zip,1008200,5da3e45b79b04d28d3f77f4aaaa0a44a62ab89a97da3d57cb8e73bb450ec08da,True,AD_20260429_TEF_cognate_Experiment_last timepoint_H10.fcs,guide_promoters_cognate,AD_20260429_TEF_cognate,H10,ys289_A71,,OFF,FnCas12a,PGK1,syn1,As_DR,,A71,ys289,2,20_gen,19.4,no,Figure 1,Guide-promoter comparison,processed_data/annotated_stats_syn1_dr_pgk1_20260505.csv
cas12a_precision_editing_figure1_fcs.zip,1008200,b302cda1c4ec17c69b0653f14167fb986ba38ceefa926edd4a16f1c499b8f9ba,True,AD_20260429_TEF_cognate_Experiment_last timepoint_H11.fcs,guide_promoters_cognate,AD_20260429_TEF_cognate,H11,ys321_A26,,ON,FnCas12a,PGK1,syn1,As_DR,,A26,ys321,2,20_gen,20.4,no,Figure 1,Guide-promoter comparison,processed_data/annotated_stats_syn1_dr_pgk1_20260505.csv
cas12a_precision_editing_figure1_fcs.zip,1008200,05d05f0eb95bc81668a78b8ccc55c24a072e48aefdad9499c5b721140a6fc512,True,AD_20260429_TEF_cognate_Experiment_14h(T01)_C08.fcs,guide_promoters_cognate,AD_20260429_TEF_cognate,C08,ys289_A83,,OFF,FnCas12a,PGK1,syn1,cognate,,A83,ys289,1,6_gen,8.3,no,Figure 1,Guide-promoter comparison,processed_data/annotated_stats_syn1_dr_pgk1_20260505.csv
cas12a_precision_editing_figure1_fcs.zip,1008200,bf18a7f9195306aa22ca05ebb1ce86ec1dbbc332cd39c7b291d2f6cd205c92c3,True,AD_20260429_TEF_cognate_Experiment_14h(T01)_C09.fcs,guide_promoters_cognate,AD_20260429_TEF_cognate,C09,ys321_A116,,ON,FnCas12a,PGK1,syn1,cognate,,A116,ys321,1,6_gen,8.0,no,Figure 1,Guide-promoter comparison,processed_data/annotated_stats_syn1_dr_pgk1_20260505.csv
cas12a_precision_editing_figure1_fcs.zip,1008200,c76c9d904c8972af9621834d7ee7c19a360d45c1d0ab97b656059902367952a6,True,AD_20260429_TEF_cognate_Experiment_14h(T01)_C10.fcs,guide_promoters_cognate,AD_20260429_TEF_cognate,C10,ys289_A71,,OFF,FnCas12a,PGK1,syn1,As_DR,,A71,ys289,1,6_gen,5.9,no,Figure 1,Guide-promoter comparison,processed_data/annotated_stats_syn1_dr_pgk1_20260505.csv
cas12a_precision_editing_figure1_fcs.zip,1008200,6a5621c22743e7b0e2a61bbd3ca822d693f0e278c85b3c3496950c9df1b75b7c,True,AD_20260429_TEF_cognate_Experiment_14h(T01)_C11.fcs,guide_promoters_cognate,AD_20260429_TEF_cognate,C11,ys321_A26,,ON,FnCas12a,PGK1,syn1,As_DR,,A26,ys321,1,6_gen,7.4,no,Figure 1,Guide-promoter comparison,processed_data/annotated_stats_syn1_dr_pgk1_20260505.csv
cas12a_precision_editing_figure1_fcs.zip,1008200,286cfd332691a5704e0f4868a19b98b48471780fd847365e406cd340a361ae56,True,AD_20260429_TEF_cognate_Experiment_14h(T01)_D08.fcs,guide_promoters_cognate,AD_20260429_TEF_cognate,D08,ys289_A83,,OFF,FnCas12a,PGK1,syn1,cognate,,A83,ys289,2,6_gen,8.3,no,Figure 1,Guide-promoter comparison,processed_data/annotated_stats_syn1_dr_pgk1_20260505.csv
cas12a_precision_editing_figure1_fcs.zip,1008200,82eee278b6303ef622eae81ef91e956802375d16116c088b68366c08441331d5,True,AD_20260429_TEF_cognate_Experiment_14h(T01)_D09.fcs,guide_promoters_cognate,AD_20260429_TEF_cognate,D09,ys321_A116,,ON,FnCas12a,PGK1,syn1,cognate,,A116,ys321,2,6_gen,8.4,no,Figure 1,Guide-promoter comparison,processed_data/annotated_stats_syn1_dr_pgk1_20260505.csv
cas12a_precision_editing_figure1_fcs.zip,1008200,2749c7edd3be65e3af6fc6f26be41d1363a8e0a9359f5dc7100a4dce2cd69fd1,True,AD_20260429_TEF_cognate_Experiment_14h(T01)_D10.fcs,guide_promoters_cognate,AD_20260429_TEF_cognate,D10,ys289_A71,,OFF,FnCas12a,PGK1,syn1,As_DR,,A71,ys289,2,6_gen,4.2,no,Figure 1,Guide-promoter comparison,processed_data/annotated_stats_syn1_dr_pgk1_20260505.csv
cas12a_precision_editing_figure1_fcs.zip,1008200,a584b126b801049b7ddce1b0534fb80e11e9a2354757c41ed473f86e2864fd16,True,AD_20260429_TEF_cognate_Experiment_14h(T01)_D11.fcs,guide_promoters_cognate,AD_20260429_TEF_cognate,D11,ys321_A26,,ON,FnCas12a,PGK1,syn1,As_DR,,A26,ys321,2,6_gen,4.9,no,Figure 1,Guide-promoter comparison,processed_data/annotated_stats_syn1_dr_pgk1_20260505.csv
cas12a_precision_editing_figure1_fcs.zip,1008200,491fc5d9e5dc706d58be89283c606707e9cd67109d7e8073b8e05ed09959606b,True,AD_20260429_TEF_cognate_Experiment_Group_A08.fcs,guide_promoters_cognate,AD_20260429_TEF_cognate,A08,ys289_A83,,OFF,FnCas12a,PGK1,syn1,cognate,,A83,ys289,1,scraped,0.0,no,Figure 1,Guide-promoter comparison,processed_data/annotated_stats_syn1_dr_pgk1_20260505.csv
cas12a_precision_editing_figure1_fcs.zip,1008200,9be373f0cd0450ca9772e28ec32b59169caf9e27b0ffd24799e6fd74ab039173,True,AD_20260429_TEF_cognate_Experiment_Group_A09.fcs,guide_promoters_cognate,AD_20260429_TEF_cognate,A09,ys321_A116,,ON,FnCas12a,PGK1,syn1,cognate,,A116,ys321,1,scraped,0.0,no,Figure 1,Guide-promoter comparison,processed_data/annotated_stats_syn1_dr_pgk1_20260505.csv
cas12a_precision_editing_figure1_fcs.zip,1008200,7c124d3d41f62c1b7412be7feb739b02509d145ad2ff7ab16dd2db5afb93d692,True,AD_20260429_TEF_cognate_Experiment_Group_A10.fcs,guide_promoters_cognate,AD_20260429_TEF_cognate,A10,ys289_A71,,OFF,FnCas12a,PGK1,syn1,As_DR,,A71,ys289,1,scraped,0.0,no,Figure 1,Guide-promoter comparison,processed_data/annotated_stats_syn1_dr_pgk1_20260505.csv
cas12a_precision_editing_figure1_fcs.zip,1008200,d0d9e658ba378fedac7d0efdd2e0a7911cc541f0dc8a2af0c2f1c1daab38777c,True,AD_20260429_TEF_cognate_Experiment_Group_A11.fcs,guide_promoters_cognate,AD_20260429_TEF_cognate,A11,ys321_A26,,ON,FnCas12a,PGK1,syn1,As_DR,,A26,ys321,1,scraped,0.0,no,Figure 1,Guide-promoter comparison,processed_data/annotated_stats_syn1_dr_pgk1_20260505.csv
cas12a_precision_editing_figure1_fcs.zip,1008200,4630a03ba9a60daec553cf6255964caf93018d73b2c2fa2f277f36f9ae18dca1,True,AD_20260429_TEF_cognate_Experiment_Group_B08.fcs,guide_promoters_cognate,AD_20260429_TEF_cognate,B08,ys289_A83,,OFF,FnCas12a,PGK1,syn1,cognate,,A83,ys289,2,scraped,0.0,no,Figure 1,Guide-promoter comparison,processed_data/annotated_stats_syn1_dr_pgk1_20260505.csv
cas12a_precision_editing_figure1_fcs.zip,1008200,985f4d33dabb9f64a0e64933e1f01f57ed24f8e18ed6343a4c5e95393ab30f6b,True,AD_20260429_TEF_cognate_Experiment_Group_B09.fcs,guide_promoters_cognate,AD_20260429_TEF_cognate,B09,ys321_A116,,ON,FnCas12a,PGK1,syn1,cognate,,A116,ys321,2,scraped,0.0,no,Figure 1,Guide-promoter comparison,processed_data/annotated_stats_syn1_dr_pgk1_20260505.csv
cas12a_precision_editing_figure1_fcs.zip,1008200,7087c20b1e387f7434ff80db0ab473ce99437ae62a496f9a8c61eb0c0292ea07,True,AD_20260429_TEF_cognate_Experiment_Group_B10.fcs,guide_promoters_cognate,AD_20260429_TEF_cognate,B10,ys289_A71,,OFF,FnCas12a,PGK1,syn1,As_DR,,A71,ys289,2,scraped,0.0,no,Figure 1,Guide-promoter comparison,processed_data/annotated_stats_syn1_dr_pgk1_20260505.csv
cas12a_precision_editing_figure1_fcs.zip,1008200,6830ac8f60a8df4f0f015f675bad531eedf56c0a175a55ab22f240daac8ca33a,True,AD_20260429_TEF_cognate_Experiment_Group_B11.fcs,guide_promoters_cognate,AD_20260429_TEF_cognate,B11,ys321_A26,,ON,FnCas12a,PGK1,syn1,As_DR,,A26,ys321,2,scraped,0.0,no,Figure 1,Guide-promoter comparison,processed_data/annotated_stats_syn1_dr_pgk1_20260505.csv
