dataset_key,name,well_position,replicate,total_gen_in_liquid,timepoint,promoter,donor_recruitment,cas_variant,guide_start,cut_site,strand,position,editing_efficiency,true_colony_count,true_colony_count_original,folder_true_colony_count,colony_folder,colony_image
enas_rpr_no,AD_20241022_gfplib_rpr1_plate1_Experiment_Group_A01.fcs,A01,1,5.2,6_gen,RPR1,No,enAsCas12a,313,317,-,331,88.744,11864,27270,11864,20241021_gfplib_rpr1,20241021_gfplib_rpr1_00001.jpg
enas_rpr_no,AD_20241022_gfplib_rpr1_plate1_Experiment_Group_A02.fcs,B05,1,3.7,6_gen,RPR1,No,enAsCas12a,130,134,-,133,60.4512903661667,10346,2093,10346,20241021_gfplib_rpr1,20241021_gfplib_rpr1_00009.jpg
enas_rpr_no,AD_20241022_gfplib_rpr1_plate1_Experiment_Group_A03.fcs,E01,1,8.3,6_gen,RPR1,No,enAsCas12a,193,212,+,205,99.79599999999999,3219,3138,3219,20241021_gfplib_rpr1,20241021_gfplib_rpr1_00017.jpg
enas_rpr_no,AD_20241022_gfplib_rpr1_plate1_Experiment_Group_A04.fcs,H11,1,4.5,6_gen,RPR1,No,enAsCas12a,140,159,+,157,95.3271028037383,3,3,3,20241021_gfplib_rpr1,20241021_gfplib_rpr1_00025.jpg
enas_rpr_no,AD_20241022_gfplib_rpr1_plate1_Experiment_Group_A05.fcs,A01,1,0,scraped,RPR1,No,enAsCas12a,313,317,-,331,5.344,11864,27270,11864,20241021_gfplib_rpr1,20241021_gfplib_rpr1_00001.jpg
enas_rpr_no,AD_20241022_gfplib_rpr1_plate1_Experiment_Group_A06.fcs,B05,1,0,scraped,RPR1,No,enAsCas12a,130,134,-,133,21.996,10346,2093,10346,20241021_gfplib_rpr1,20241021_gfplib_rpr1_00009.jpg
enas_rpr_no,AD_20241022_gfplib_rpr1_plate1_Experiment_Group_A07.fcs,E01,1,0,scraped,RPR1,No,enAsCas12a,193,212,+,205,99.768,3219,3138,3219,20241021_gfplib_rpr1,20241021_gfplib_rpr1_00017.jpg
enas_rpr_no,AD_20241022_gfplib_rpr1_plate1_Experiment_Group_A08.fcs,H11,1,0,scraped,RPR1,No,enAsCas12a,140,159,+,157,59.459459459459495,3,3,3,20241021_gfplib_rpr1,20241021_gfplib_rpr1_00025.jpg
enas_rpr_no,AD_20241022_gfplib_rpr1_plate1_Experiment_Group_A09.fcs,A01,1,12.9,11_gen,RPR1,No,enAsCas12a,313,317,-,331,94.492,11864,27270,11864,20241021_gfplib_rpr1,20241021_gfplib_rpr1_00001.jpg
enas_rpr_no,AD_20241022_gfplib_rpr1_plate1_Experiment_Group_A10.fcs,B05,1,8.8,11_gen,RPR1,No,enAsCas12a,130,134,-,133,42.984,10346,2093,10346,20241021_gfplib_rpr1,20241021_gfplib_rpr1_00009.jpg
enas_rpr_no,AD_20241022_gfplib_rpr1_plate1_Experiment_Group_A11.fcs,E01,1,15.2,11_gen,RPR1,No,enAsCas12a,193,212,+,205,99.724,3219,3138,3219,20241021_gfplib_rpr1,20241021_gfplib_rpr1_00017.jpg
enas_rpr_no,AD_20241022_gfplib_rpr1_plate1_Experiment_Group_A12.fcs,H11,1,7.2,11_gen,RPR1,No,enAsCas12a,140,159,+,157,36.2469135802469,3,3,3,20241021_gfplib_rpr1,20241021_gfplib_rpr1_00025.jpg
enas_rpr_no,AD_20241022_gfplib_rpr1_plate1_Experiment_Group_B01.fcs,A01,2,5.4,6_gen,RPR1,No,enAsCas12a,313,317,-,331,87.55199999999999,10451,24645,10451,20241021_gfplib_rpr1,20241021_gfplib_rpr1_00002.jpg
enas_rpr_no,AD_20241022_gfplib_rpr1_plate1_Experiment_Group_B02.fcs,B05,2,3.8,6_gen,RPR1,No,enAsCas12a,130,134,-,133,58.4729981378026,10389,1656,10389,20241021_gfplib_rpr1,20241021_gfplib_rpr1_00010.jpg
enas_rpr_no,AD_20241022_gfplib_rpr1_plate1_Experiment_Group_B03.fcs,E01,2,8.1,6_gen,RPR1,No,enAsCas12a,193,212,+,205,99.97200000000001,3223,2837,3223,20241021_gfplib_rpr1,20241021_gfplib_rpr1_00018.jpg
enas_rpr_no,AD_20241022_gfplib_rpr1_plate1_Experiment_Group_B04.fcs,H11,2,8,6_gen,RPR1,No,enAsCas12a,140,159,+,157,21.576,3,2,3,20241021_gfplib_rpr1,20241021_gfplib_rpr1_00026.jpg
enas_rpr_no,AD_20241022_gfplib_rpr1_plate1_Experiment_Group_B05.fcs,A01,2,0,scraped,RPR1,No,enAsCas12a,313,317,-,331,6.343999999999999,10451,24645,10451,20241021_gfplib_rpr1,20241021_gfplib_rpr1_00002.jpg
enas_rpr_no,AD_20241022_gfplib_rpr1_plate1_Experiment_Group_B06.fcs,B05,2,0,scraped,RPR1,No,enAsCas12a,130,134,-,133,19.224,10389,1656,10389,20241021_gfplib_rpr1,20241021_gfplib_rpr1_00010.jpg
enas_rpr_no,AD_20241022_gfplib_rpr1_plate1_Experiment_Group_B07.fcs,E01,2,0,scraped,RPR1,No,enAsCas12a,193,212,+,205,99.936,3223,2837,3223,20241021_gfplib_rpr1,20241021_gfplib_rpr1_00018.jpg
enas_rpr_no,AD_20241022_gfplib_rpr1_plate1_Experiment_Group_B08.fcs,H11,2,0,scraped,RPR1,No,enAsCas12a,140,159,+,157,24.7693168049212,3,2,3,20241021_gfplib_rpr1,20241021_gfplib_rpr1_00026.jpg
enas_rpr_no,AD_20241022_gfplib_rpr1_plate1_Experiment_Group_B09.fcs,A01,2,12.7,11_gen,RPR1,No,enAsCas12a,313,317,-,331,94.528,10451,24645,10451,20241021_gfplib_rpr1,20241021_gfplib_rpr1_00002.jpg
enas_rpr_no,AD_20241022_gfplib_rpr1_plate1_Experiment_Group_B10.fcs,B05,2,7.1,11_gen,RPR1,No,enAsCas12a,130,134,-,133,51.292,10389,1656,10389,20241021_gfplib_rpr1,20241021_gfplib_rpr1_00010.jpg
enas_rpr_no,AD_20241022_gfplib_rpr1_plate1_Experiment_Group_B11.fcs,E01,2,15,11_gen,RPR1,No,enAsCas12a,193,212,+,205,99.996,3223,2837,3223,20241021_gfplib_rpr1,20241021_gfplib_rpr1_00018.jpg
enas_rpr_no,AD_20241022_gfplib_rpr1_plate1_Experiment_Group_B12.fcs,H11,2,16,11_gen,RPR1,No,enAsCas12a,140,159,+,157,23.727999999999998,3,2,3,20241021_gfplib_rpr1,20241021_gfplib_rpr1_00026.jpg
enas_rpr_no,AD_20241022_gfplib_rpr1_plate1_Experiment_Group_C01.fcs,A04,1,8.5,6_gen,RPR1,No,enAsCas12a,214,233,+,217,99.80799999999999,601,6987,601,20241021_gfplib_rpr1,20241021_gfplib_rpr1_00003.jpg
enas_rpr_no,AD_20241022_gfplib_rpr1_plate1_Experiment_Group_C02.fcs,C03,1,8.8,6_gen,RPR1,No,enAsCas12a,214,233,+,214,98.652,450,12788,450,20241021_gfplib_rpr1,20241021_gfplib_rpr1_00011.jpg
enas_rpr_no,AD_20241022_gfplib_rpr1_plate1_Experiment_Group_C03.fcs,E02,1,7.7,6_gen,RPR1,No,enAsCas12a,302,321,+,319,11.272,3,3,3,20241021_gfplib_rpr1,20241021_gfplib_rpr1_00019.jpg
enas_rpr_no,AD_20241022_gfplib_rpr1_plate1_Experiment_Group_C05.fcs,A04,1,0,scraped,RPR1,No,enAsCas12a,214,233,+,217,99.812,601,6987,601,20241021_gfplib_rpr1,20241021_gfplib_rpr1_00003.jpg
enas_rpr_no,AD_20241022_gfplib_rpr1_plate1_Experiment_Group_C06.fcs,C03,1,0,scraped,RPR1,No,enAsCas12a,214,233,+,214,98.328,450,12788,450,20241021_gfplib_rpr1,20241021_gfplib_rpr1_00011.jpg
enas_rpr_no,AD_20241022_gfplib_rpr1_plate1_Experiment_Group_C07.fcs,E02,1,0,scraped,RPR1,No,enAsCas12a,302,321,+,319,29.9267421444572,3,3,3,20241021_gfplib_rpr1,20241021_gfplib_rpr1_00019.jpg
enas_rpr_no,AD_20241022_gfplib_rpr1_plate1_Experiment_Group_C09.fcs,A04,1,14.8,11_gen,RPR1,No,enAsCas12a,214,233,+,217,99.684,601,6987,601,20241021_gfplib_rpr1,20241021_gfplib_rpr1_00003.jpg
enas_rpr_no,AD_20241022_gfplib_rpr1_plate1_Experiment_Group_C10.fcs,C03,1,15.3,11_gen,RPR1,No,enAsCas12a,214,233,+,214,98.124,450,12788,450,20241021_gfplib_rpr1,20241021_gfplib_rpr1_00011.jpg
enas_rpr_no,AD_20241022_gfplib_rpr1_plate1_Experiment_Group_C11.fcs,E02,1,14.2,11_gen,RPR1,No,enAsCas12a,302,321,+,319,13.303999999999998,3,3,3,20241021_gfplib_rpr1,20241021_gfplib_rpr1_00019.jpg
enas_rpr_no,AD_20241022_gfplib_rpr1_plate1_Experiment_Group_D01.fcs,A04,2,8.3,6_gen,RPR1,No,enAsCas12a,214,233,+,217,99.952,679,6103,679,20241021_gfplib_rpr1,20241021_gfplib_rpr1_00004.jpg
enas_rpr_no,AD_20241022_gfplib_rpr1_plate1_Experiment_Group_D02.fcs,C03,2,8.9,6_gen,RPR1,No,enAsCas12a,214,233,+,214,98.55199999999999,471,17166,471,20241021_gfplib_rpr1,20241021_gfplib_rpr1_00012.jpg
enas_rpr_no,AD_20241022_gfplib_rpr1_plate1_Experiment_Group_D03.fcs,E02,2,8.5,6_gen,RPR1,No,enAsCas12a,302,321,+,319,5.9159999999999995,3,4,3,20241021_gfplib_rpr1,20241021_gfplib_rpr1_00020.jpg
enas_rpr_no,AD_20241022_gfplib_rpr1_plate1_Experiment_Group_D05.fcs,A04,2,0,scraped,RPR1,No,enAsCas12a,214,233,+,217,99.936,679,6103,679,20241021_gfplib_rpr1,20241021_gfplib_rpr1_00004.jpg
enas_rpr_no,AD_20241022_gfplib_rpr1_plate1_Experiment_Group_D06.fcs,C03,2,0,scraped,RPR1,No,enAsCas12a,214,233,+,214,98.572,471,17166,471,20241021_gfplib_rpr1,20241021_gfplib_rpr1_00012.jpg
enas_rpr_no,AD_20241022_gfplib_rpr1_plate1_Experiment_Group_D07.fcs,E02,2,0,scraped,RPR1,No,enAsCas12a,302,321,+,319,10.225468402667499,3,4,3,20241021_gfplib_rpr1,20241021_gfplib_rpr1_00020.jpg
enas_rpr_no,AD_20241022_gfplib_rpr1_plate1_Experiment_Group_D09.fcs,A04,2,14.7,11_gen,RPR1,No,enAsCas12a,214,233,+,217,99.964,679,6103,679,20241021_gfplib_rpr1,20241021_gfplib_rpr1_00004.jpg
enas_rpr_no,AD_20241022_gfplib_rpr1_plate1_Experiment_Group_D10.fcs,C03,2,15,11_gen,RPR1,No,enAsCas12a,214,233,+,214,98.128,471,17166,471,20241021_gfplib_rpr1,20241021_gfplib_rpr1_00012.jpg
enas_rpr_no,AD_20241022_gfplib_rpr1_plate1_Experiment_Group_D11.fcs,E02,2,14.8,11_gen,RPR1,No,enAsCas12a,302,321,+,319,9.064,3,4,3,20241021_gfplib_rpr1,20241021_gfplib_rpr1_00020.jpg
enas_rpr_no,AD_20241022_gfplib_rpr1_plate1_Experiment_Group_E01.fcs,A09,1,7.9,6_gen,RPR1,No,enAsCas12a,NA,NA,NA,NA,2.604,16118,45285,16118,20241021_gfplib_rpr1,20241021_gfplib_rpr1_00005.jpg
enas_rpr_no,AD_20241022_gfplib_rpr1_plate1_Experiment_Group_E02.fcs,C04,1,3.6,6_gen,RPR1,No,enAsCas12a,254,273,+,268,91.63199260286639,15693,36059,15693,20241021_gfplib_rpr1,20241021_gfplib_rpr1_00013.jpg
enas_rpr_no,AD_20241022_gfplib_rpr1_plate1_Experiment_Group_E03.fcs,E05,1,8.2,6_gen,RPR1,No,enAsCas12a,392,411,+,394,99.132,5572,10916,5572,20241021_gfplib_rpr1,20241021_gfplib_rpr1_00021.jpg
enas_rpr_no,AD_20241022_gfplib_rpr1_plate1_Experiment_Group_E05.fcs,A09,1,0,scraped,RPR1,No,enAsCas12a,NA,NA,NA,NA,8.028,16118,45285,16118,20241021_gfplib_rpr1,20241021_gfplib_rpr1_00005.jpg
enas_rpr_no,AD_20241022_gfplib_rpr1_plate1_Experiment_Group_E06.fcs,C04,1,0,scraped,RPR1,No,enAsCas12a,254,273,+,268,20.584,15693,36059,15693,20241021_gfplib_rpr1,20241021_gfplib_rpr1_00013.jpg
enas_rpr_no,AD_20241022_gfplib_rpr1_plate1_Experiment_Group_E07.fcs,E05,1,0,scraped,RPR1,No,enAsCas12a,392,411,+,394,97.792,5572,10916,5572,20241021_gfplib_rpr1,20241021_gfplib_rpr1_00021.jpg
enas_rpr_no,AD_20241022_gfplib_rpr1_plate1_Experiment_Group_E09.fcs,A09,1,15,11_gen,RPR1,No,enAsCas12a,NA,NA,NA,NA,0.9759999999999989,16118,45285,16118,20241021_gfplib_rpr1,20241021_gfplib_rpr1_00005.jpg
enas_rpr_no,AD_20241022_gfplib_rpr1_plate1_Experiment_Group_E10.fcs,C04,1,9.8,11_gen,RPR1,No,enAsCas12a,254,273,+,268,99.2,15693,36059,15693,20241021_gfplib_rpr1,20241021_gfplib_rpr1_00013.jpg
enas_rpr_no,AD_20241022_gfplib_rpr1_plate1_Experiment_Group_E11.fcs,E05,1,14.6,11_gen,RPR1,No,enAsCas12a,392,411,+,394,98.896,5572,10916,5572,20241021_gfplib_rpr1,20241021_gfplib_rpr1_00021.jpg
enas_rpr_no,AD_20241022_gfplib_rpr1_plate1_Experiment_Group_F01.fcs,A09,2,8.1,6_gen,RPR1,No,enAsCas12a,NA,NA,NA,NA,2.152,16353,53165,16353,20241021_gfplib_rpr1,20241021_gfplib_rpr1_00006.jpg
enas_rpr_no,AD_20241022_gfplib_rpr1_plate1_Experiment_Group_F02.fcs,C04,2,5,6_gen,RPR1,No,enAsCas12a,254,273,+,268,91.2155546230242,15077,26728,15077,20241021_gfplib_rpr1,20241021_gfplib_rpr1_00014.jpg
enas_rpr_no,AD_20241022_gfplib_rpr1_plate1_Experiment_Group_F03.fcs,E05,2,8.2,6_gen,RPR1,No,enAsCas12a,392,411,+,394,99.356,5512,8846,5512,20241021_gfplib_rpr1,20241021_gfplib_rpr1_00022.jpg
enas_rpr_no,AD_20241022_gfplib_rpr1_plate1_Experiment_Group_F05.fcs,A09,2,0,scraped,RPR1,No,enAsCas12a,NA,NA,NA,NA,8.388,16353,53165,16353,20241021_gfplib_rpr1,20241021_gfplib_rpr1_00006.jpg
enas_rpr_no,AD_20241022_gfplib_rpr1_plate1_Experiment_Group_F06.fcs,C04,2,0,scraped,RPR1,No,enAsCas12a,254,273,+,268,25.291999999999998,15077,26728,15077,20241021_gfplib_rpr1,20241021_gfplib_rpr1_00014.jpg
enas_rpr_no,AD_20241022_gfplib_rpr1_plate1_Experiment_Group_F07.fcs,E05,2,0,scraped,RPR1,No,enAsCas12a,392,411,+,394,98.10799999999999,5512,8846,5512,20241021_gfplib_rpr1,20241021_gfplib_rpr1_00022.jpg
enas_rpr_no,AD_20241022_gfplib_rpr1_plate1_Experiment_Group_F09.fcs,A09,2,15.2,11_gen,RPR1,No,enAsCas12a,NA,NA,NA,NA,1.08,16353,53165,16353,20241021_gfplib_rpr1,20241021_gfplib_rpr1_00006.jpg
enas_rpr_no,AD_20241022_gfplib_rpr1_plate1_Experiment_Group_F10.fcs,C04,2,9.3,11_gen,RPR1,No,enAsCas12a,254,273,+,268,99.356,15077,26728,15077,20241021_gfplib_rpr1,20241021_gfplib_rpr1_00014.jpg
enas_rpr_no,AD_20241022_gfplib_rpr1_plate1_Experiment_Group_F11.fcs,E05,2,15.1,11_gen,RPR1,No,enAsCas12a,392,411,+,394,99.32,5512,8846,5512,20241021_gfplib_rpr1,20241021_gfplib_rpr1_00022.jpg
enas_rpr_no,AD_20241022_gfplib_rpr1_plate1_Experiment_Group_G01.fcs,A12,1,5.3,6_gen,RPR1,No,enAsCas12a,130,134,-,142,93.851492019431,9835,3751,9835,20241021_gfplib_rpr1,20241021_gfplib_rpr1_00007.jpg
enas_rpr_no,AD_20241022_gfplib_rpr1_plate1_Experiment_Group_G02.fcs,C05,1,8.1,6_gen,RPR1,No,enAsCas12a,250,269,+,253,99.6,8758,17511,8758,20241021_gfplib_rpr1,20241021_gfplib_rpr1_00015.jpg
enas_rpr_no,AD_20241022_gfplib_rpr1_plate1_Experiment_Group_G03.fcs,G03,1,8.6,6_gen,RPR1,No,enAsCas12a,140,159,+,154,99.956,1424,1187,1424,20241021_gfplib_rpr1,20241021_gfplib_rpr1_00023.jpg
enas_rpr_no,AD_20241022_gfplib_rpr1_plate1_Experiment_Group_G05.fcs,A12,1,0,scraped,RPR1,No,enAsCas12a,130,134,-,142,53.252,9835,3751,9835,20241021_gfplib_rpr1,20241021_gfplib_rpr1_00007.jpg
enas_rpr_no,AD_20241022_gfplib_rpr1_plate1_Experiment_Group_G06.fcs,C05,1,0,scraped,RPR1,No,enAsCas12a,250,269,+,253,85.128,8758,17511,8758,20241021_gfplib_rpr1,20241021_gfplib_rpr1_00015.jpg
enas_rpr_no,AD_20241022_gfplib_rpr1_plate1_Experiment_Group_G07.fcs,G03,1,0,scraped,RPR1,No,enAsCas12a,140,159,+,154,99.984,1424,1187,1424,20241021_gfplib_rpr1,20241021_gfplib_rpr1_00023.jpg
enas_rpr_no,AD_20241022_gfplib_rpr1_plate1_Experiment_Group_G09.fcs,A12,1,9.7,11_gen,RPR1,No,enAsCas12a,130,134,-,142,96.836,9835,3751,9835,20241021_gfplib_rpr1,20241021_gfplib_rpr1_00007.jpg
enas_rpr_no,AD_20241022_gfplib_rpr1_plate1_Experiment_Group_G10.fcs,C05,1,14.6,11_gen,RPR1,No,enAsCas12a,250,269,+,253,99.564,8758,17511,8758,20241021_gfplib_rpr1,20241021_gfplib_rpr1_00015.jpg
enas_rpr_no,AD_20241022_gfplib_rpr1_plate1_Experiment_Group_G11.fcs,G03,1,15.3,11_gen,RPR1,No,enAsCas12a,140,159,+,154,99.968,1424,1187,1424,20241021_gfplib_rpr1,20241021_gfplib_rpr1_00023.jpg
enas_rpr_no,AD_20241022_gfplib_rpr1_plate1_Experiment_Group_H01.fcs,A12,2,4.3,6_gen,RPR1,No,enAsCas12a,130,134,-,142,92.4291828000815,9379,3800,9379,20241021_gfplib_rpr1,20241021_gfplib_rpr1_00008.jpg
enas_rpr_no,AD_20241022_gfplib_rpr1_plate1_Experiment_Group_H02.fcs,C05,2,7.8,6_gen,RPR1,No,enAsCas12a,250,269,+,253,99.67200000000001,10128,15322,10128,20241021_gfplib_rpr1,20241021_gfplib_rpr1_00016.jpg
enas_rpr_no,AD_20241022_gfplib_rpr1_plate1_Experiment_Group_H03.fcs,G03,2,8.7,6_gen,RPR1,No,enAsCas12a,140,159,+,154,99.524,1534,1273,1534,20241021_gfplib_rpr1,20241021_gfplib_rpr1_00024.jpg
enas_rpr_no,AD_20241022_gfplib_rpr1_plate1_Experiment_Group_H05.fcs,A12,2,0,scraped,RPR1,No,enAsCas12a,130,134,-,142,51.712,9379,3800,9379,20241021_gfplib_rpr1,20241021_gfplib_rpr1_00008.jpg
enas_rpr_no,AD_20241022_gfplib_rpr1_plate1_Experiment_Group_H06.fcs,C05,2,0,scraped,RPR1,No,enAsCas12a,250,269,+,253,80.10000000000001,10128,15322,10128,20241021_gfplib_rpr1,20241021_gfplib_rpr1_00016.jpg
enas_rpr_no,AD_20241022_gfplib_rpr1_plate1_Experiment_Group_H07.fcs,G03,2,0,scraped,RPR1,No,enAsCas12a,140,159,+,154,99.792,1534,1273,1534,20241021_gfplib_rpr1,20241021_gfplib_rpr1_00024.jpg
enas_rpr_no,AD_20241022_gfplib_rpr1_plate1_Experiment_Group_H09.fcs,A12,2,10.1,11_gen,RPR1,No,enAsCas12a,130,134,-,142,90.168,9379,3800,9379,20241021_gfplib_rpr1,20241021_gfplib_rpr1_00008.jpg
enas_rpr_no,AD_20241022_gfplib_rpr1_plate1_Experiment_Group_H10.fcs,C05,2,13.8,11_gen,RPR1,No,enAsCas12a,250,269,+,253,99.732,10128,15322,10128,20241021_gfplib_rpr1,20241021_gfplib_rpr1_00016.jpg
enas_rpr_no,AD_20241022_gfplib_rpr1_plate1_Experiment_Group_H11.fcs,G03,2,15.5,11_gen,RPR1,No,enAsCas12a,140,159,+,154,99.128,1534,1273,1534,20241021_gfplib_rpr1,20241021_gfplib_rpr1_00024.jpg
enas_rpr_no,AD_20241022_gfplib_rpr1_plate2_Experiment_Group_A01.fcs,A01,1,20.6,20_gen,RPR1,No,enAsCas12a,313,317,-,331,98.036,11864,27270,11864,20241021_gfplib_rpr1,20241021_gfplib_rpr1_00001.jpg
enas_rpr_no,AD_20241022_gfplib_rpr1_plate2_Experiment_Group_A02.fcs,B05,1,17.9,20_gen,RPR1,No,enAsCas12a,130,134,-,133,23.388,10346,2093,10346,20241021_gfplib_rpr1,20241021_gfplib_rpr1_00009.jpg
enas_rpr_no,AD_20241022_gfplib_rpr1_plate2_Experiment_Group_A03.fcs,E01,1,23.9,20_gen,RPR1,No,enAsCas12a,193,212,+,205,99.504,3219,3138,3219,20241021_gfplib_rpr1,20241021_gfplib_rpr1_00017.jpg
enas_rpr_no,AD_20241022_gfplib_rpr1_plate2_Experiment_Group_A04.fcs,H11,1,8.7,20_gen,RPR1,No,enAsCas12a,140,159,+,157,97.8747203579418,3,3,3,20241021_gfplib_rpr1,20241021_gfplib_rpr1_00025.jpg
enas_rpr_no,AD_20241022_gfplib_rpr1_plate2_Experiment_Group_B01.fcs,A01,2,20.6,20_gen,RPR1,No,enAsCas12a,313,317,-,331,98.08,10451,24645,10451,20241021_gfplib_rpr1,20241021_gfplib_rpr1_00002.jpg
enas_rpr_no,AD_20241022_gfplib_rpr1_plate2_Experiment_Group_B02.fcs,B05,2,16.2,20_gen,RPR1,No,enAsCas12a,130,134,-,133,41.796,10389,1656,10389,20241021_gfplib_rpr1,20241021_gfplib_rpr1_00010.jpg
enas_rpr_no,AD_20241022_gfplib_rpr1_plate2_Experiment_Group_B03.fcs,E01,2,24,20_gen,RPR1,No,enAsCas12a,193,212,+,205,99.968,3223,2837,3223,20241021_gfplib_rpr1,20241021_gfplib_rpr1_00018.jpg
enas_rpr_no,AD_20241022_gfplib_rpr1_plate2_Experiment_Group_B04.fcs,H11,2,24.6,20_gen,RPR1,No,enAsCas12a,140,159,+,157,21.016000000000002,3,2,3,20241021_gfplib_rpr1,20241021_gfplib_rpr1_00026.jpg
enas_rpr_no,AD_20241022_gfplib_rpr1_plate2_Experiment_Group_C01.fcs,A04,1,23.1,20_gen,RPR1,No,enAsCas12a,214,233,+,217,99.72,601,6987,601,20241021_gfplib_rpr1,20241021_gfplib_rpr1_00003.jpg
enas_rpr_no,AD_20241022_gfplib_rpr1_plate2_Experiment_Group_C02.fcs,C03,1,24.4,20_gen,RPR1,No,enAsCas12a,214,233,+,214,98.02,450,12788,450,20241021_gfplib_rpr1,20241021_gfplib_rpr1_00011.jpg
enas_rpr_no,AD_20241022_gfplib_rpr1_plate2_Experiment_Group_C03.fcs,E02,1,22.5,20_gen,RPR1,No,enAsCas12a,302,321,+,319,19.612,3,3,3,20241021_gfplib_rpr1,20241021_gfplib_rpr1_00019.jpg
enas_rpr_no,AD_20241022_gfplib_rpr1_plate2_Experiment_Group_D01.fcs,A04,2,23.1,20_gen,RPR1,No,enAsCas12a,214,233,+,217,99.964,679,6103,679,20241021_gfplib_rpr1,20241021_gfplib_rpr1_00004.jpg
enas_rpr_no,AD_20241022_gfplib_rpr1_plate2_Experiment_Group_D02.fcs,C03,2,23.7,20_gen,RPR1,No,enAsCas12a,214,233,+,214,97.99600000000001,471,17166,471,20241021_gfplib_rpr1,20241021_gfplib_rpr1_00012.jpg
enas_rpr_no,AD_20241022_gfplib_rpr1_plate2_Experiment_Group_D03.fcs,E02,2,23.2,20_gen,RPR1,No,enAsCas12a,302,321,+,319,11.42,3,4,3,20241021_gfplib_rpr1,20241021_gfplib_rpr1_00020.jpg
enas_rpr_no,AD_20241022_gfplib_rpr1_plate2_Experiment_Group_E01.fcs,A09,1,23,20_gen,RPR1,No,enAsCas12a,NA,NA,NA,NA,1.3679999999999999,16118,45285,16118,20241021_gfplib_rpr1,20241021_gfplib_rpr1_00005.jpg
enas_rpr_no,AD_20241022_gfplib_rpr1_plate2_Experiment_Group_E02.fcs,C04,1,18.9,20_gen,RPR1,No,enAsCas12a,254,273,+,268,98.96000000000001,15693,36059,15693,20241021_gfplib_rpr1,20241021_gfplib_rpr1_00013.jpg
enas_rpr_no,AD_20241022_gfplib_rpr1_plate2_Experiment_Group_E03.fcs,E05,1,23.1,20_gen,RPR1,No,enAsCas12a,392,411,+,394,98.61999999999999,5572,10916,5572,20241021_gfplib_rpr1,20241021_gfplib_rpr1_00021.jpg
enas_rpr_no,AD_20241022_gfplib_rpr1_plate2_Experiment_Group_F01.fcs,A09,2,23.5,20_gen,RPR1,No,enAsCas12a,NA,NA,NA,NA,1.21599999999999,16353,53165,16353,20241021_gfplib_rpr1,20241021_gfplib_rpr1_00006.jpg
enas_rpr_no,AD_20241022_gfplib_rpr1_plate2_Experiment_Group_F02.fcs,C04,2,17.8,20_gen,RPR1,No,enAsCas12a,254,273,+,268,99.3,15077,26728,15077,20241021_gfplib_rpr1,20241021_gfplib_rpr1_00014.jpg
enas_rpr_no,AD_20241022_gfplib_rpr1_plate2_Experiment_Group_F03.fcs,E05,2,23.6,20_gen,RPR1,No,enAsCas12a,392,411,+,394,99.32,5512,8846,5512,20241021_gfplib_rpr1,20241021_gfplib_rpr1_00022.jpg
enas_rpr_no,AD_20241022_gfplib_rpr1_plate2_Experiment_Group_G01.fcs,A12,1,18.5,20_gen,RPR1,No,enAsCas12a,130,134,-,142,97.024,9835,3751,9835,20241021_gfplib_rpr1,20241021_gfplib_rpr1_00007.jpg
enas_rpr_no,AD_20241022_gfplib_rpr1_plate2_Experiment_Group_G02.fcs,C05,1,23.3,20_gen,RPR1,No,enAsCas12a,250,269,+,253,99.532,8758,17511,8758,20241021_gfplib_rpr1,20241021_gfplib_rpr1_00015.jpg
enas_rpr_no,AD_20241022_gfplib_rpr1_plate2_Experiment_Group_G03.fcs,G03,1,24,20_gen,RPR1,No,enAsCas12a,140,159,+,154,99.992,1424,1187,1424,20241021_gfplib_rpr1,20241021_gfplib_rpr1_00023.jpg
enas_rpr_no,AD_20241022_gfplib_rpr1_plate2_Experiment_Group_H01.fcs,A12,2,18.2,20_gen,RPR1,No,enAsCas12a,130,134,-,142,86.064,9379,3800,9379,20241021_gfplib_rpr1,20241021_gfplib_rpr1_00008.jpg
enas_rpr_no,AD_20241022_gfplib_rpr1_plate2_Experiment_Group_H02.fcs,C05,2,22.7,20_gen,RPR1,No,enAsCas12a,250,269,+,253,99.71600000000001,10128,15322,10128,20241021_gfplib_rpr1,20241021_gfplib_rpr1_00016.jpg
enas_rpr_no,AD_20241022_gfplib_rpr1_plate2_Experiment_Group_H03.fcs,G03,2,24.3,20_gen,RPR1,No,enAsCas12a,140,159,+,154,98.22,1534,1273,1534,20241021_gfplib_rpr1,20241021_gfplib_rpr1_00024.jpg
enas_rpr_yes,AD_20241028_gfplib_rpr1_donorrec_plate1_Experiment_Group_A01.fcs,A01,1,6.6,6_gen,RPR1,Yes,enAsCas12a,313,317,-,331,89.476,4292,27270,4292,20241028_rpr1_donorrec,20241028_rpr1_donorrec00001.jpg
enas_rpr_yes,AD_20241028_gfplib_rpr1_donorrec_plate1_Experiment_Group_A02.fcs,B05,1,3.4,6_gen,RPR1,Yes,enAsCas12a,130,134,-,133,89.104,7502,2093,7502,20241028_rpr1_donorrec,20241028_rpr1_donorrec00009.jpg
enas_rpr_yes,AD_20241028_gfplib_rpr1_donorrec_plate1_Experiment_Group_A03.fcs,E01,1,6.6,6_gen,RPR1,Yes,enAsCas12a,193,212,+,205,99.94800000000001,6032,3138,6032,20241028_rpr1_donorrec,20241028_rpr1_donorrec00017.jpg
enas_rpr_yes,AD_20241028_gfplib_rpr1_donorrec_plate1_Experiment_Group_A04.fcs,H11,1,4.3,6_gen,RPR1,Yes,enAsCas12a,140,159,+,157,45.476,8,3,8,20241028_rpr1_donorrec,20241028_rpr1_donorrec00025.jpg
enas_rpr_yes,AD_20241028_gfplib_rpr1_donorrec_plate1_Experiment_Group_A05.fcs,A01,1,0,scraped,RPR1,Yes,enAsCas12a,313,317,-,331,24.156,4292,27270,4292,20241028_rpr1_donorrec,20241028_rpr1_donorrec00001.jpg
enas_rpr_yes,AD_20241028_gfplib_rpr1_donorrec_plate1_Experiment_Group_A06.fcs,B05,1,0,scraped,RPR1,Yes,enAsCas12a,130,134,-,133,65.432,7502,2093,7502,20241028_rpr1_donorrec,20241028_rpr1_donorrec00009.jpg
enas_rpr_yes,AD_20241028_gfplib_rpr1_donorrec_plate1_Experiment_Group_A07.fcs,E01,1,0,scraped,RPR1,Yes,enAsCas12a,193,212,+,205,99.90400000000001,6032,3138,6032,20241028_rpr1_donorrec,20241028_rpr1_donorrec00017.jpg
enas_rpr_yes,AD_20241028_gfplib_rpr1_donorrec_plate1_Experiment_Group_A08.fcs,H11,1,0,scraped,RPR1,Yes,enAsCas12a,140,159,+,157,39.524,8,3,8,20241028_rpr1_donorrec,20241028_rpr1_donorrec00025.jpg
enas_rpr_yes,AD_20241028_gfplib_rpr1_donorrec_plate1_Experiment_Group_A09.fcs,A01,1,14.2,11_gen,RPR1,Yes,enAsCas12a,313,317,-,331,94.17999999999999,4292,27270,4292,20241028_rpr1_donorrec,20241028_rpr1_donorrec00001.jpg
enas_rpr_yes,AD_20241028_gfplib_rpr1_donorrec_plate1_Experiment_Group_A10.fcs,B05,1,9.2,11_gen,RPR1,Yes,enAsCas12a,130,134,-,133,84.312,7502,2093,7502,20241028_rpr1_donorrec,20241028_rpr1_donorrec00009.jpg
enas_rpr_yes,AD_20241028_gfplib_rpr1_donorrec_plate1_Experiment_Group_A11.fcs,E01,1,14.4,11_gen,RPR1,Yes,enAsCas12a,193,212,+,205,99.97200000000001,6032,3138,6032,20241028_rpr1_donorrec,20241028_rpr1_donorrec00017.jpg
enas_rpr_yes,AD_20241028_gfplib_rpr1_donorrec_plate1_Experiment_Group_A12.fcs,H11,1,11.6,11_gen,RPR1,Yes,enAsCas12a,140,159,+,157,40.007999999999996,8,3,8,20241028_rpr1_donorrec,20241028_rpr1_donorrec00025.jpg
enas_rpr_yes,AD_20241028_gfplib_rpr1_donorrec_plate1_Experiment_Group_B01.fcs,A01,2,6.6,6_gen,RPR1,Yes,enAsCas12a,313,317,-,331,90.572,4628,24645,4628,20241028_rpr1_donorrec,20241028_rpr1_donorrec00002.jpg
enas_rpr_yes,AD_20241028_gfplib_rpr1_donorrec_plate1_Experiment_Group_B02.fcs,B05,2,3.1,6_gen,RPR1,Yes,enAsCas12a,130,134,-,133,91.1893726204271,8229,1656,8229,20241028_rpr1_donorrec,20241028_rpr1_donorrec00010.jpg
enas_rpr_yes,AD_20241028_gfplib_rpr1_donorrec_plate1_Experiment_Group_B03.fcs,E01,2,6.5,6_gen,RPR1,Yes,enAsCas12a,193,212,+,205,99.992,6040,2837,6040,20241028_rpr1_donorrec,20241028_rpr1_donorrec00018.jpg
enas_rpr_yes,AD_20241028_gfplib_rpr1_donorrec_plate1_Experiment_Group_B04.fcs,H11,2,5.3,6_gen,RPR1,Yes,enAsCas12a,140,159,+,157,26.156000000000002,5,2,5,20241028_rpr1_donorrec,20241028_rpr1_donorrec00026.jpg
enas_rpr_yes,AD_20241028_gfplib_rpr1_donorrec_plate1_Experiment_Group_B05.fcs,A01,2,0,scraped,RPR1,Yes,enAsCas12a,313,317,-,331,21.052,4628,24645,4628,20241028_rpr1_donorrec,20241028_rpr1_donorrec00002.jpg
enas_rpr_yes,AD_20241028_gfplib_rpr1_donorrec_plate1_Experiment_Group_B06.fcs,B05,2,0,scraped,RPR1,Yes,enAsCas12a,130,134,-,133,67.792,8229,1656,8229,20241028_rpr1_donorrec,20241028_rpr1_donorrec00010.jpg
enas_rpr_yes,AD_20241028_gfplib_rpr1_donorrec_plate1_Experiment_Group_B07.fcs,E01,2,0,scraped,RPR1,Yes,enAsCas12a,193,212,+,205,99.832,6040,2837,6040,20241028_rpr1_donorrec,20241028_rpr1_donorrec00018.jpg
enas_rpr_yes,AD_20241028_gfplib_rpr1_donorrec_plate1_Experiment_Group_B08.fcs,H11,2,0,scraped,RPR1,Yes,enAsCas12a,140,159,+,157,20.983999999999998,5,2,5,20241028_rpr1_donorrec,20241028_rpr1_donorrec00026.jpg
enas_rpr_yes,AD_20241028_gfplib_rpr1_donorrec_plate1_Experiment_Group_B09.fcs,A01,2,14.3,11_gen,RPR1,Yes,enAsCas12a,313,317,-,331,94.792,4628,24645,4628,20241028_rpr1_donorrec,20241028_rpr1_donorrec00002.jpg
enas_rpr_yes,AD_20241028_gfplib_rpr1_donorrec_plate1_Experiment_Group_B10.fcs,B05,2,9.5,11_gen,RPR1,Yes,enAsCas12a,130,134,-,133,89.724,8229,1656,8229,20241028_rpr1_donorrec,20241028_rpr1_donorrec00010.jpg
enas_rpr_yes,AD_20241028_gfplib_rpr1_donorrec_plate1_Experiment_Group_B11.fcs,E01,2,14.2,11_gen,RPR1,Yes,enAsCas12a,193,212,+,205,99.984,6040,2837,6040,20241028_rpr1_donorrec,20241028_rpr1_donorrec00018.jpg
enas_rpr_yes,AD_20241028_gfplib_rpr1_donorrec_plate1_Experiment_Group_B12.fcs,H11,2,13,11_gen,RPR1,Yes,enAsCas12a,140,159,+,157,24.984,5,2,5,20241028_rpr1_donorrec,20241028_rpr1_donorrec00026.jpg
enas_rpr_yes,AD_20241028_gfplib_rpr1_donorrec_plate1_Experiment_Group_C01.fcs,A04,1,6.2,6_gen,RPR1,Yes,enAsCas12a,214,233,+,217,99.856,8099,6987,8099,20241028_rpr1_donorrec,20241028_rpr1_donorrec00003.jpg
enas_rpr_yes,AD_20241028_gfplib_rpr1_donorrec_plate1_Experiment_Group_C02.fcs,C03,1,6.8,6_gen,RPR1,Yes,enAsCas12a,214,233,+,214,99.86,5437,12788,5437,20241028_rpr1_donorrec,20241028_rpr1_donorrec00011.jpg
enas_rpr_yes,AD_20241028_gfplib_rpr1_donorrec_plate1_Experiment_Group_C03.fcs,E02,1,3.4,6_gen,RPR1,Yes,enAsCas12a,302,321,+,319,77.4137217958734,6,3,6,20241028_rpr1_donorrec,20241028_rpr1_donorrec00019.jpg
enas_rpr_yes,AD_20241028_gfplib_rpr1_donorrec_plate1_Experiment_Group_C05.fcs,A04,1,0,scraped,RPR1,Yes,enAsCas12a,214,233,+,217,99.868,8099,6987,8099,20241028_rpr1_donorrec,20241028_rpr1_donorrec00003.jpg
enas_rpr_yes,AD_20241028_gfplib_rpr1_donorrec_plate1_Experiment_Group_C06.fcs,C03,1,0,scraped,RPR1,Yes,enAsCas12a,214,233,+,214,99.804,5437,12788,5437,20241028_rpr1_donorrec,20241028_rpr1_donorrec00011.jpg
enas_rpr_yes,AD_20241028_gfplib_rpr1_donorrec_plate1_Experiment_Group_C07.fcs,E02,1,0,scraped,RPR1,Yes,enAsCas12a,302,321,+,319,50.814828493606,6,3,6,20241028_rpr1_donorrec,20241028_rpr1_donorrec00019.jpg
enas_rpr_yes,AD_20241028_gfplib_rpr1_donorrec_plate1_Experiment_Group_C09.fcs,A04,1,13.8,11_gen,RPR1,Yes,enAsCas12a,214,233,+,217,99.8,8099,6987,8099,20241028_rpr1_donorrec,20241028_rpr1_donorrec00003.jpg
enas_rpr_yes,AD_20241028_gfplib_rpr1_donorrec_plate1_Experiment_Group_C10.fcs,C03,1,14.3,11_gen,RPR1,Yes,enAsCas12a,214,233,+,214,99.68,5437,12788,5437,20241028_rpr1_donorrec,20241028_rpr1_donorrec00011.jpg
enas_rpr_yes,AD_20241028_gfplib_rpr1_donorrec_plate1_Experiment_Group_C11.fcs,E02,1,11.3,11_gen,RPR1,Yes,enAsCas12a,302,321,+,319,81.028,6,3,6,20241028_rpr1_donorrec,20241028_rpr1_donorrec00019.jpg
enas_rpr_yes,AD_20241028_gfplib_rpr1_donorrec_plate1_Experiment_Group_D01.fcs,A04,2,6.1,6_gen,RPR1,Yes,enAsCas12a,214,233,+,217,99.884,8360,6103,8360,20241028_rpr1_donorrec,20241028_rpr1_donorrec00004.jpg
enas_rpr_yes,AD_20241028_gfplib_rpr1_donorrec_plate1_Experiment_Group_D02.fcs,C03,2,7.1,6_gen,RPR1,Yes,enAsCas12a,214,233,+,214,99.924,5552,17166,5552,20241028_rpr1_donorrec,20241028_rpr1_donorrec00012.jpg
enas_rpr_yes,AD_20241028_gfplib_rpr1_donorrec_plate1_Experiment_Group_D03.fcs,E02,2,4.4,6_gen,RPR1,Yes,enAsCas12a,302,321,+,319,29.376,9,4,9,20241028_rpr1_donorrec,20241028_rpr1_donorrec00020.jpg
enas_rpr_yes,AD_20241028_gfplib_rpr1_donorrec_plate1_Experiment_Group_D05.fcs,A04,2,0,scraped,RPR1,Yes,enAsCas12a,214,233,+,217,99.82799999999999,8360,6103,8360,20241028_rpr1_donorrec,20241028_rpr1_donorrec00004.jpg
enas_rpr_yes,AD_20241028_gfplib_rpr1_donorrec_plate1_Experiment_Group_D06.fcs,C03,2,0,scraped,RPR1,Yes,enAsCas12a,214,233,+,214,99.788,5552,17166,5552,20241028_rpr1_donorrec,20241028_rpr1_donorrec00012.jpg
enas_rpr_yes,AD_20241028_gfplib_rpr1_donorrec_plate1_Experiment_Group_D07.fcs,E02,2,0,scraped,RPR1,Yes,enAsCas12a,302,321,+,319,29.04,9,4,9,20241028_rpr1_donorrec,20241028_rpr1_donorrec00020.jpg
enas_rpr_yes,AD_20241028_gfplib_rpr1_donorrec_plate1_Experiment_Group_D09.fcs,A04,2,13.4,11_gen,RPR1,Yes,enAsCas12a,214,233,+,217,99.90400000000001,8360,6103,8360,20241028_rpr1_donorrec,20241028_rpr1_donorrec00004.jpg
enas_rpr_yes,AD_20241028_gfplib_rpr1_donorrec_plate1_Experiment_Group_D10.fcs,C03,2,14.7,11_gen,RPR1,Yes,enAsCas12a,214,233,+,214,99.908,5552,17166,5552,20241028_rpr1_donorrec,20241028_rpr1_donorrec00012.jpg
enas_rpr_yes,AD_20241028_gfplib_rpr1_donorrec_plate1_Experiment_Group_D11.fcs,E02,2,12.4,11_gen,RPR1,Yes,enAsCas12a,302,321,+,319,24.8,9,4,9,20241028_rpr1_donorrec,20241028_rpr1_donorrec00020.jpg
enas_rpr_yes,AD_20241028_gfplib_rpr1_donorrec_plate1_Experiment_Group_E01.fcs,A09,1,7.1,6_gen,RPR1,Yes,enAsCas12a,NA,NA,NA,NA,2.076,11789,45285,11789,20241028_rpr1_donorrec,20241028_rpr1_donorrec00005.jpg
enas_rpr_yes,AD_20241028_gfplib_rpr1_donorrec_plate1_Experiment_Group_E02.fcs,C04,1,4.3,6_gen,RPR1,Yes,enAsCas12a,254,273,+,268,98.39099342868191,16273,36059,16273,20241028_rpr1_donorrec,20241028_rpr1_donorrec00013.jpg
enas_rpr_yes,AD_20241028_gfplib_rpr1_donorrec_plate1_Experiment_Group_E03.fcs,E05,1,6,6_gen,RPR1,Yes,enAsCas12a,392,411,+,394,99.88,7501,10916,7501,20241028_rpr1_donorrec,20241028_rpr1_donorrec00021.jpg
enas_rpr_yes,AD_20241028_gfplib_rpr1_donorrec_plate1_Experiment_Group_E05.fcs,A09,1,0,scraped,RPR1,Yes,enAsCas12a,NA,NA,NA,NA,11.268,11789,45285,11789,20241028_rpr1_donorrec,20241028_rpr1_donorrec00005.jpg
enas_rpr_yes,AD_20241028_gfplib_rpr1_donorrec_plate1_Experiment_Group_E06.fcs,C04,1,0,scraped,RPR1,Yes,enAsCas12a,254,273,+,268,63.876,16273,36059,16273,20241028_rpr1_donorrec,20241028_rpr1_donorrec00013.jpg
enas_rpr_yes,AD_20241028_gfplib_rpr1_donorrec_plate1_Experiment_Group_E07.fcs,E05,1,0,scraped,RPR1,Yes,enAsCas12a,392,411,+,394,97.71600000000001,7501,10916,7501,20241028_rpr1_donorrec,20241028_rpr1_donorrec00021.jpg
enas_rpr_yes,AD_20241028_gfplib_rpr1_donorrec_plate1_Experiment_Group_E09.fcs,A09,1,14.6,11_gen,RPR1,Yes,enAsCas12a,NA,NA,NA,NA,0.8120000000000019,11789,45285,11789,20241028_rpr1_donorrec,20241028_rpr1_donorrec00005.jpg
enas_rpr_yes,AD_20241028_gfplib_rpr1_donorrec_plate1_Experiment_Group_E10.fcs,C04,1,11.1,11_gen,RPR1,Yes,enAsCas12a,254,273,+,268,99.764,16273,36059,16273,20241028_rpr1_donorrec,20241028_rpr1_donorrec00013.jpg
enas_rpr_yes,AD_20241028_gfplib_rpr1_donorrec_plate1_Experiment_Group_E11.fcs,E05,1,13.8,11_gen,RPR1,Yes,enAsCas12a,392,411,+,394,99.872,7501,10916,7501,20241028_rpr1_donorrec,20241028_rpr1_donorrec00021.jpg
enas_rpr_yes,AD_20241028_gfplib_rpr1_donorrec_plate1_Experiment_Group_F01.fcs,A09,2,7.3,6_gen,RPR1,Yes,enAsCas12a,NA,NA,NA,NA,2.332,11289,53165,11289,20241028_rpr1_donorrec,20241028_rpr1_donorrec00006.jpg
enas_rpr_yes,AD_20241028_gfplib_rpr1_donorrec_plate1_Experiment_Group_F02.fcs,C04,2,4.3,6_gen,RPR1,Yes,enAsCas12a,254,273,+,268,97.6231922870916,1,26728,1,20241028_rpr1_donorrec,20241028_rpr1_donorrec00014.jpg
enas_rpr_yes,AD_20241028_gfplib_rpr1_donorrec_plate1_Experiment_Group_F03.fcs,E05,2,4.7,6_gen,RPR1,Yes,enAsCas12a,392,411,+,394,99.488,7591,8846,7591,20241028_rpr1_donorrec,20241028_rpr1_donorrec00022.jpg
enas_rpr_yes,AD_20241028_gfplib_rpr1_donorrec_plate1_Experiment_Group_F05.fcs,A09,2,0,scraped,RPR1,Yes,enAsCas12a,NA,NA,NA,NA,11.588,11289,53165,11289,20241028_rpr1_donorrec,20241028_rpr1_donorrec00006.jpg
enas_rpr_yes,AD_20241028_gfplib_rpr1_donorrec_plate1_Experiment_Group_F07.fcs,E05,2,0,scraped,RPR1,Yes,enAsCas12a,392,411,+,394,97.056,7591,8846,7591,20241028_rpr1_donorrec,20241028_rpr1_donorrec00022.jpg
enas_rpr_yes,AD_20241028_gfplib_rpr1_donorrec_plate1_Experiment_Group_F09.fcs,A09,2,14.5,11_gen,RPR1,Yes,enAsCas12a,NA,NA,NA,NA,0.8079999999999979,11289,53165,11289,20241028_rpr1_donorrec,20241028_rpr1_donorrec00006.jpg
enas_rpr_yes,AD_20241028_gfplib_rpr1_donorrec_plate1_Experiment_Group_F10.fcs,C04,2,11.1,11_gen,RPR1,Yes,enAsCas12a,254,273,+,268,99.804,1,26728,1,20241028_rpr1_donorrec,20241028_rpr1_donorrec00014.jpg
enas_rpr_yes,AD_20241028_gfplib_rpr1_donorrec_plate1_Experiment_Group_F11.fcs,E05,2,12.7,11_gen,RPR1,Yes,enAsCas12a,392,411,+,394,99.208,7591,8846,7591,20241028_rpr1_donorrec,20241028_rpr1_donorrec00022.jpg
enas_rpr_yes,AD_20241028_gfplib_rpr1_donorrec_plate1_Experiment_Group_G01.fcs,A12,1,4.3,6_gen,RPR1,Yes,enAsCas12a,130,134,-,142,98.68400000000001,7912,3751,7912,20241028_rpr1_donorrec,20241028_rpr1_donorrec00007.jpg
enas_rpr_yes,AD_20241028_gfplib_rpr1_donorrec_plate1_Experiment_Group_G02.fcs,C05,1,7,6_gen,RPR1,Yes,enAsCas12a,250,269,+,253,99.888,10010,17511,10010,20241028_rpr1_donorrec,20241028_rpr1_donorrec00015.jpg
enas_rpr_yes,AD_20241028_gfplib_rpr1_donorrec_plate1_Experiment_Group_G03.fcs,G03,1,6.8,6_gen,RPR1,Yes,enAsCas12a,140,159,+,154,99.98,9076,1187,9076,20241028_rpr1_donorrec,20241028_rpr1_donorrec00023.jpg
enas_rpr_yes,AD_20241028_gfplib_rpr1_donorrec_plate1_Experiment_Group_G05.fcs,A12,1,0,scraped,RPR1,Yes,enAsCas12a,130,134,-,142,86.78399999999999,7912,3751,7912,20241028_rpr1_donorrec,20241028_rpr1_donorrec00007.jpg
enas_rpr_yes,AD_20241028_gfplib_rpr1_donorrec_plate1_Experiment_Group_G06.fcs,C05,1,0,scraped,RPR1,Yes,enAsCas12a,250,269,+,253,96.224,10010,17511,10010,20241028_rpr1_donorrec,20241028_rpr1_donorrec00015.jpg
enas_rpr_yes,AD_20241028_gfplib_rpr1_donorrec_plate1_Experiment_Group_G07.fcs,G03,1,0,scraped,RPR1,Yes,enAsCas12a,140,159,+,154,99.932,9076,1187,9076,20241028_rpr1_donorrec,20241028_rpr1_donorrec00023.jpg
enas_rpr_yes,AD_20241028_gfplib_rpr1_donorrec_plate1_Experiment_Group_G09.fcs,A12,1,11.5,11_gen,RPR1,Yes,enAsCas12a,130,134,-,142,99.084,7912,3751,7912,20241028_rpr1_donorrec,20241028_rpr1_donorrec00007.jpg
enas_rpr_yes,AD_20241028_gfplib_rpr1_donorrec_plate1_Experiment_Group_G10.fcs,C05,1,14.9,11_gen,RPR1,Yes,enAsCas12a,250,269,+,253,99.968,10010,17511,10010,20241028_rpr1_donorrec,20241028_rpr1_donorrec00015.jpg
enas_rpr_yes,AD_20241028_gfplib_rpr1_donorrec_plate1_Experiment_Group_G11.fcs,G03,1,14.9,11_gen,RPR1,Yes,enAsCas12a,140,159,+,154,99.996,9076,1187,9076,20241028_rpr1_donorrec,20241028_rpr1_donorrec00023.jpg
enas_rpr_yes,AD_20241028_gfplib_rpr1_donorrec_plate1_Experiment_Group_H01.fcs,A12,2,4.3,6_gen,RPR1,Yes,enAsCas12a,130,134,-,142,99.064,7499,3800,7499,20241028_rpr1_donorrec,20241028_rpr1_donorrec00008.jpg
enas_rpr_yes,AD_20241028_gfplib_rpr1_donorrec_plate1_Experiment_Group_H02.fcs,C05,2,7,6_gen,RPR1,Yes,enAsCas12a,250,269,+,253,99.896,8909,15322,8909,20241028_rpr1_donorrec,20241028_rpr1_donorrec00016.jpg
enas_rpr_yes,AD_20241028_gfplib_rpr1_donorrec_plate1_Experiment_Group_H03.fcs,G03,2,5.4,6_gen,RPR1,Yes,enAsCas12a,140,159,+,154,99.984,8694,1273,8694,20241028_rpr1_donorrec,20241028_rpr1_donorrec00024.jpg
enas_rpr_yes,AD_20241028_gfplib_rpr1_donorrec_plate1_Experiment_Group_H05.fcs,A12,2,0,scraped,RPR1,Yes,enAsCas12a,130,134,-,142,88.82,7499,3800,7499,20241028_rpr1_donorrec,20241028_rpr1_donorrec00008.jpg
enas_rpr_yes,AD_20241028_gfplib_rpr1_donorrec_plate1_Experiment_Group_H06.fcs,C05,2,0,scraped,RPR1,Yes,enAsCas12a,250,269,+,253,95.704,8909,15322,8909,20241028_rpr1_donorrec,20241028_rpr1_donorrec00016.jpg
enas_rpr_yes,AD_20241028_gfplib_rpr1_donorrec_plate1_Experiment_Group_H07.fcs,G03,2,0,scraped,RPR1,Yes,enAsCas12a,140,159,+,154,99.956,8694,1273,8694,20241028_rpr1_donorrec,20241028_rpr1_donorrec00024.jpg
enas_rpr_yes,AD_20241028_gfplib_rpr1_donorrec_plate1_Experiment_Group_H09.fcs,A12,2,11.4,11_gen,RPR1,Yes,enAsCas12a,130,134,-,142,99.556,7499,3800,7499,20241028_rpr1_donorrec,20241028_rpr1_donorrec00008.jpg
enas_rpr_yes,AD_20241028_gfplib_rpr1_donorrec_plate1_Experiment_Group_H10.fcs,C05,2,15,11_gen,RPR1,Yes,enAsCas12a,250,269,+,253,99.96000000000001,8909,15322,8909,20241028_rpr1_donorrec,20241028_rpr1_donorrec00016.jpg
enas_rpr_yes,AD_20241028_gfplib_rpr1_donorrec_plate1_Experiment_Group_H11.fcs,G03,2,13.4,11_gen,RPR1,Yes,enAsCas12a,140,159,+,154,99.992,8694,1273,8694,20241028_rpr1_donorrec,20241028_rpr1_donorrec00024.jpg
enas_rpr_yes,AD_20241028_gfplib_rpr1_donorrec_plate2_Experiment_Group_A01.fcs,A01,1,20.7,20_gen,RPR1,Yes,enAsCas12a,313,317,-,331,97.912,4292,27270,4292,20241028_rpr1_donorrec,20241028_rpr1_donorrec00001.jpg
enas_rpr_yes,AD_20241028_gfplib_rpr1_donorrec_plate2_Experiment_Group_A02.fcs,B05,1,16.1,20_gen,RPR1,Yes,enAsCas12a,130,134,-,133,75.532,7502,2093,7502,20241028_rpr1_donorrec,20241028_rpr1_donorrec00009.jpg
enas_rpr_yes,AD_20241028_gfplib_rpr1_donorrec_plate2_Experiment_Group_A03.fcs,E01,1,21.2,20_gen,RPR1,Yes,enAsCas12a,193,212,+,205,99.98,6032,3138,6032,20241028_rpr1_donorrec,20241028_rpr1_donorrec00017.jpg
enas_rpr_yes,AD_20241028_gfplib_rpr1_donorrec_plate2_Experiment_Group_A04.fcs,H11,1,18.9,20_gen,RPR1,Yes,enAsCas12a,140,159,+,157,40.024,8,3,8,20241028_rpr1_donorrec,20241028_rpr1_donorrec00025.jpg
enas_rpr_yes,AD_20241028_gfplib_rpr1_donorrec_plate2_Experiment_Group_B01.fcs,A01,2,20.8,20_gen,RPR1,Yes,enAsCas12a,313,317,-,331,97.69200000000001,4628,24645,4628,20241028_rpr1_donorrec,20241028_rpr1_donorrec00002.jpg
enas_rpr_yes,AD_20241028_gfplib_rpr1_donorrec_plate2_Experiment_Group_B02.fcs,B05,2,15.9,20_gen,RPR1,Yes,enAsCas12a,130,134,-,133,86.05199999999999,8229,1656,8229,20241028_rpr1_donorrec,20241028_rpr1_donorrec00010.jpg
enas_rpr_yes,AD_20241028_gfplib_rpr1_donorrec_plate2_Experiment_Group_B03.fcs,E01,2,21.2,20_gen,RPR1,Yes,enAsCas12a,193,212,+,205,99.992,6040,2837,6040,20241028_rpr1_donorrec,20241028_rpr1_donorrec00018.jpg
enas_rpr_yes,AD_20241028_gfplib_rpr1_donorrec_plate2_Experiment_Group_B04.fcs,H11,2,20.4,20_gen,RPR1,Yes,enAsCas12a,140,159,+,157,26.076,5,2,5,20241028_rpr1_donorrec,20241028_rpr1_donorrec00026.jpg
enas_rpr_yes,AD_20241028_gfplib_rpr1_donorrec_plate2_Experiment_Group_C01.fcs,A04,1,20.3,20_gen,RPR1,Yes,enAsCas12a,214,233,+,217,99.82799999999999,8099,6987,8099,20241028_rpr1_donorrec,20241028_rpr1_donorrec00003.jpg
enas_rpr_yes,AD_20241028_gfplib_rpr1_donorrec_plate2_Experiment_Group_C02.fcs,C03,1,21.7,20_gen,RPR1,Yes,enAsCas12a,214,233,+,214,99.844,5437,12788,5437,20241028_rpr1_donorrec,20241028_rpr1_donorrec00011.jpg
enas_rpr_yes,AD_20241028_gfplib_rpr1_donorrec_plate2_Experiment_Group_C03.fcs,E02,1,18.2,20_gen,RPR1,Yes,enAsCas12a,302,321,+,319,89.52799999999999,6,3,6,20241028_rpr1_donorrec,20241028_rpr1_donorrec00019.jpg
enas_rpr_yes,AD_20241028_gfplib_rpr1_donorrec_plate2_Experiment_Group_D01.fcs,A04,2,20.2,20_gen,RPR1,Yes,enAsCas12a,214,233,+,217,99.928,8360,6103,8360,20241028_rpr1_donorrec,20241028_rpr1_donorrec00004.jpg
enas_rpr_yes,AD_20241028_gfplib_rpr1_donorrec_plate2_Experiment_Group_D02.fcs,C03,2,21.1,20_gen,RPR1,Yes,enAsCas12a,214,233,+,214,99.96000000000001,5552,17166,5552,20241028_rpr1_donorrec,20241028_rpr1_donorrec00012.jpg
enas_rpr_yes,AD_20241028_gfplib_rpr1_donorrec_plate2_Experiment_Group_D03.fcs,E02,2,19.5,20_gen,RPR1,Yes,enAsCas12a,302,321,+,319,25.588,9,4,9,20241028_rpr1_donorrec,20241028_rpr1_donorrec00020.jpg
enas_rpr_yes,AD_20241028_gfplib_rpr1_donorrec_plate2_Experiment_Group_E01.fcs,A09,1,21.7,20_gen,RPR1,Yes,enAsCas12a,NA,NA,NA,NA,1.024,11789,45285,11789,20241028_rpr1_donorrec,20241028_rpr1_donorrec00005.jpg
enas_rpr_yes,AD_20241028_gfplib_rpr1_donorrec_plate2_Experiment_Group_E02.fcs,C04,1,18,20_gen,RPR1,Yes,enAsCas12a,254,273,+,268,99.648,16273,36059,16273,20241028_rpr1_donorrec,20241028_rpr1_donorrec00013.jpg
enas_rpr_yes,AD_20241028_gfplib_rpr1_donorrec_plate2_Experiment_Group_E03.fcs,E05,1,21.1,20_gen,RPR1,Yes,enAsCas12a,392,411,+,394,99.964,7501,10916,7501,20241028_rpr1_donorrec,20241028_rpr1_donorrec00021.jpg
enas_rpr_yes,AD_20241028_gfplib_rpr1_donorrec_plate2_Experiment_Group_F01.fcs,A09,2,22.2,20_gen,RPR1,Yes,enAsCas12a,NA,NA,NA,NA,0.760000000000005,11289,53165,11289,20241028_rpr1_donorrec,20241028_rpr1_donorrec00006.jpg
enas_rpr_yes,AD_20241028_gfplib_rpr1_donorrec_plate2_Experiment_Group_F02.fcs,C04,2,18.6,20_gen,RPR1,Yes,enAsCas12a,254,273,+,268,99.764,1,26728,1,20241028_rpr1_donorrec,20241028_rpr1_donorrec00014.jpg
enas_rpr_yes,AD_20241028_gfplib_rpr1_donorrec_plate2_Experiment_Group_F03.fcs,E05,2,19.7,20_gen,RPR1,Yes,enAsCas12a,392,411,+,394,99.044,7591,8846,7591,20241028_rpr1_donorrec,20241028_rpr1_donorrec00022.jpg
enas_rpr_yes,AD_20241028_gfplib_rpr1_donorrec_plate2_Experiment_Group_G01.fcs,A12,1,18.6,20_gen,RPR1,Yes,enAsCas12a,130,134,-,142,99.152,7912,3751,7912,20241028_rpr1_donorrec,20241028_rpr1_donorrec00007.jpg
enas_rpr_yes,AD_20241028_gfplib_rpr1_donorrec_plate2_Experiment_Group_G02.fcs,C05,1,23.1,20_gen,RPR1,Yes,enAsCas12a,250,269,+,253,99.984,10010,17511,10010,20241028_rpr1_donorrec,20241028_rpr1_donorrec00015.jpg
enas_rpr_yes,AD_20241028_gfplib_rpr1_donorrec_plate2_Experiment_Group_G03.fcs,G03,1,21.2,20_gen,RPR1,Yes,enAsCas12a,140,159,+,154,99.992,9076,1187,9076,20241028_rpr1_donorrec,20241028_rpr1_donorrec00023.jpg
enas_rpr_yes,AD_20241028_gfplib_rpr1_donorrec_plate2_Experiment_Group_H01.fcs,A12,2,18,20_gen,RPR1,Yes,enAsCas12a,130,134,-,142,99.636,7499,3800,7499,20241028_rpr1_donorrec,20241028_rpr1_donorrec00008.jpg
enas_rpr_yes,AD_20241028_gfplib_rpr1_donorrec_plate2_Experiment_Group_H02.fcs,C05,2,21.8,20_gen,RPR1,Yes,enAsCas12a,250,269,+,253,99.984,8909,15322,8909,20241028_rpr1_donorrec,20241028_rpr1_donorrec00016.jpg
enas_rpr_yes,AD_20241028_gfplib_rpr1_donorrec_plate2_Experiment_Group_H03.fcs,G03,2,20.5,20_gen,RPR1,Yes,enAsCas12a,140,159,+,154,99.996,8694,1273,8694,20241028_rpr1_donorrec,20241028_rpr1_donorrec00024.jpg
enas_snr_no,AD_20240403_snr52_gfplib_Experiment_Group_A01.fcs,A01,1,NA,scraped,SNR52,No,enAsCas12a,313,317,-,331,17.352,14539,27270,14539,20240402_SNR52GFPlib,SNR52gfplib00002.jpg
enas_snr_no,AD_20240403_snr52_gfplib_Experiment_Group_A02.fcs,A01,2,NA,scraped,SNR52,No,enAsCas12a,313,317,-,331,19.088,14782,24645,14782,20240402_SNR52GFPlib,SNR52gfplib00003.jpg
enas_snr_no,AD_20240403_snr52_gfplib_Experiment_Group_A03.fcs,A04,1,NA,scraped,SNR52,No,enAsCas12a,214,233,+,217,96.61999999999999,5963,6987,5963,20240402_SNR52GFPlib,SNR52gfplib00004.jpg
enas_snr_no,AD_20240403_snr52_gfplib_Experiment_Group_A04.fcs,A04,2,NA,scraped,SNR52,No,enAsCas12a,214,233,+,217,97.736,6249,6103,6249,20240402_SNR52GFPlib,SNR52gfplib00005.jpg
enas_snr_no,AD_20240403_snr52_gfplib_Experiment_Group_A05.fcs,A09,1,NA,scraped,SNR52,No,enAsCas12a,NA,NA,NA,NA,5.648000000000001,17320,45285,17320,20240402_SNR52GFPlib,SNR52gfplib00006.jpg
enas_snr_no,AD_20240403_snr52_gfplib_Experiment_Group_A06.fcs,A09,2,NA,scraped,SNR52,No,enAsCas12a,NA,NA,NA,NA,6.832000000000001,17536,53165,17536,20240402_SNR52GFPlib,SNR52gfplib00007.jpg
enas_snr_no,AD_20240403_snr52_gfplib_Experiment_Group_A07.fcs,A12,1,NA,scraped,SNR52,No,enAsCas12a,130,134,-,142,98.064,2467,3751,2467,20240402_SNR52GFPlib,SNR52gfplib00008.jpg
enas_snr_no,AD_20240403_snr52_gfplib_Experiment_Group_A08.fcs,A12,2,NA,scraped,SNR52,No,enAsCas12a,130,134,-,142,98.396,2693,3800,2693,20240402_SNR52GFPlib,SNR52gfplib00009.jpg
enas_snr_no,AD_20240403_snr52_gfplib_Experiment_Group_B01.fcs,B05,1,NA,scraped,SNR52,No,enAsCas12a,130,134,-,133,46.308,380,2093,380,20240402_SNR52GFPlib,SNR52gfplib00010.jpg
enas_snr_no,AD_20240403_snr52_gfplib_Experiment_Group_B02.fcs,B05,2,NA,scraped,SNR52,No,enAsCas12a,130,134,-,133,59.404,371,1656,371,20240402_SNR52GFPlib,SNR52gfplib00011.jpg
enas_snr_no,AD_20240403_snr52_gfplib_Experiment_Group_B03.fcs,C03,1,NA,scraped,SNR52,No,enAsCas12a,214,233,+,214,94.952,7468,12788,7468,20240402_SNR52GFPlib,SNR52gfplib00012.jpg
enas_snr_no,AD_20240403_snr52_gfplib_Experiment_Group_B04.fcs,C03,2,NA,scraped,SNR52,No,enAsCas12a,214,233,+,214,94.932,7328,17166,7328,20240402_SNR52GFPlib,SNR52gfplib00013.jpg
enas_snr_no,AD_20240403_snr52_gfplib_Experiment_Group_B05.fcs,C04,1,NA,scraped,SNR52,No,enAsCas12a,254,273,+,268,20.976,15096,36059,15096,20240402_SNR52GFPlib,SNR52gfplib00014.jpg
enas_snr_no,AD_20240403_snr52_gfplib_Experiment_Group_B06.fcs,C04,2,NA,scraped,SNR52,No,enAsCas12a,254,273,+,268,23.227999999999998,15785,26728,15785,20240402_SNR52GFPlib,SNR52gfplib00015.jpg
enas_snr_no,AD_20240403_snr52_gfplib_Experiment_Group_B07.fcs,C05,1,NA,scraped,SNR52,No,enAsCas12a,250,269,+,253,79.828,10880,17511,10880,20240402_SNR52GFPlib,SNR52gfplib00016.jpg
enas_snr_no,AD_20240403_snr52_gfplib_Experiment_Group_B08.fcs,C05,2,NA,scraped,SNR52,No,enAsCas12a,250,269,+,253,80.812,10378,15322,10378,20240402_SNR52GFPlib,SNR52gfplib00017.jpg
enas_snr_no,AD_20240403_snr52_gfplib_Experiment_Group_C01.fcs,E01,1,NA,scraped,SNR52,No,enAsCas12a,193,212,+,205,99.892,2397,3138,2397,20240402_SNR52GFPlib,SNR52gfplib00018.jpg
enas_snr_no,AD_20240403_snr52_gfplib_Experiment_Group_C02.fcs,E01,2,NA,scraped,SNR52,No,enAsCas12a,193,212,+,205,99.94,2458,2837,2458,20240402_SNR52GFPlib,SNR52gfplib00019.jpg
enas_snr_no,AD_20240403_snr52_gfplib_Experiment_Group_C03.fcs,E02,1,NA,scraped,SNR52,No,enAsCas12a,302,321,+,319,94.876,2,3,2,20240402_SNR52GFPlib,SNR52gfplib00020.jpg
enas_snr_no,AD_20240403_snr52_gfplib_Experiment_Group_C05.fcs,E05,1,NA,scraped,SNR52,No,enAsCas12a,392,411,+,394,96.25200000000001,6683,10916,6683,20240402_SNR52GFPlib,SNR52gfplib00022.jpg
enas_snr_no,AD_20240403_snr52_gfplib_Experiment_Group_C06.fcs,E05,2,NA,scraped,SNR52,No,enAsCas12a,392,411,+,394,96.38,6658,8846,6658,20240402_SNR52GFPlib,SNR52gfplib00023.jpg
enas_snr_no,AD_20240403_snr52_gfplib_Experiment_Group_C07.fcs,G03,1,NA,scraped,SNR52,No,enAsCas12a,140,159,+,154,99.984,1048,1187,1048,20240402_SNR52GFPlib,SNR52gfplib00024.jpg
enas_snr_no,AD_20240403_snr52_gfplib_Experiment_Group_C08.fcs,G03,2,NA,scraped,SNR52,No,enAsCas12a,140,159,+,154,80.95599999999999,1039,1273,1039,20240402_SNR52GFPlib,SNR52gfplib00025.jpg
enas_snr_no,AD_20240403_snr52_gfplib_Experiment_Group_D01.fcs,H11,1,NA,scraped,SNR52,No,enAsCas12a,140,159,+,157,4.256,6,3,6,20240402_SNR52GFPlib,SNR52gfplib00026.jpg
enas_snr_no,AD_20240403_snr52_gfplib_Experiment_Group_D02.fcs,H11,2,NA,scraped,SNR52,No,enAsCas12a,140,159,+,157,15.372,3,2,3,20240402_SNR52GFPlib,SNR52gfplib00027.jpg
enas_snr_no,AD_20240403_snr52_gfplib_plate2(1)_Experiment_19h30_E01.fcs,A01,1,NA,11_gen,SNR52,No,enAsCas12a,313,317,-,331,99.1638349051201,14539,27270,14539,20240402_SNR52GFPlib,SNR52gfplib00002.jpg
enas_snr_no,AD_20240403_snr52_gfplib_plate2(1)_Experiment_19h30_E02.fcs,A01,2,NA,11_gen,SNR52,No,enAsCas12a,313,317,-,331,99.434120975759,14782,24645,14782,20240402_SNR52GFPlib,SNR52gfplib00003.jpg
enas_snr_no,AD_20240403_snr52_gfplib_plate2(1)_Experiment_19h30_E03.fcs,A04,1,NA,11_gen,SNR52,No,enAsCas12a,214,233,+,217,99.69430223564511,5963,6987,5963,20240402_SNR52GFPlib,SNR52gfplib00004.jpg
enas_snr_no,AD_20240403_snr52_gfplib_plate2(1)_Experiment_19h30_E04.fcs,A04,2,NA,11_gen,SNR52,No,enAsCas12a,214,233,+,217,99.9449723027257,6249,6103,6249,20240402_SNR52GFPlib,SNR52gfplib00005.jpg
enas_snr_no,AD_20240403_snr52_gfplib_plate2(1)_Experiment_19h30_E05.fcs,A09,1,NA,11_gen,SNR52,No,enAsCas12a,NA,NA,NA,NA,0.451458983299691,17320,45285,17320,20240402_SNR52GFPlib,SNR52gfplib00006.jpg
enas_snr_no,AD_20240403_snr52_gfplib_plate2(1)_Experiment_19h30_E06.fcs,A09,2,NA,11_gen,SNR52,No,enAsCas12a,NA,NA,NA,NA,0.301841231512223,17536,53165,17536,20240402_SNR52GFPlib,SNR52gfplib00007.jpg
enas_snr_no,AD_20240403_snr52_gfplib_plate2(1)_Experiment_19h30_E07.fcs,A12,1,NA,11_gen,SNR52,No,enAsCas12a,130,134,-,142,96.2222391818667,2467,3751,2467,20240402_SNR52GFPlib,SNR52gfplib00008.jpg
enas_snr_no,AD_20240403_snr52_gfplib_plate2(1)_Experiment_19h30_E08.fcs,A12,2,NA,11_gen,SNR52,No,enAsCas12a,130,134,-,142,99.2568473472515,2693,3800,2693,20240402_SNR52GFPlib,SNR52gfplib00009.jpg
enas_snr_no,AD_20240403_snr52_gfplib_plate2(1)_Experiment_19h30_F01.fcs,B05,1,NA,11_gen,SNR52,No,enAsCas12a,130,134,-,133,23.1559325902537,380,2093,380,20240402_SNR52GFPlib,SNR52gfplib00010.jpg
enas_snr_no,AD_20240403_snr52_gfplib_plate2(1)_Experiment_19h30_F02.fcs,B05,2,NA,11_gen,SNR52,No,enAsCas12a,130,134,-,133,27.6517781377768,371,1656,371,20240402_SNR52GFPlib,SNR52gfplib00011.jpg
enas_snr_no,AD_20240403_snr52_gfplib_plate2(1)_Experiment_19h30_F03.fcs,C03,1,NA,11_gen,SNR52,No,enAsCas12a,214,233,+,214,99.79892516360181,7468,12788,7468,20240402_SNR52GFPlib,SNR52gfplib00012.jpg
enas_snr_no,AD_20240403_snr52_gfplib_plate2(1)_Experiment_19h30_F04.fcs,C03,2,NA,11_gen,SNR52,No,enAsCas12a,214,233,+,214,99.65201939806761,7328,17166,7328,20240402_SNR52GFPlib,SNR52gfplib00013.jpg
enas_snr_no,AD_20240403_snr52_gfplib_plate2(1)_Experiment_19h30_F05.fcs,C04,1,NA,11_gen,SNR52,No,enAsCas12a,254,273,+,268,99.3778918309421,15096,36059,15096,20240402_SNR52GFPlib,SNR52gfplib00014.jpg
enas_snr_no,AD_20240403_snr52_gfplib_plate2(1)_Experiment_19h30_F06.fcs,C04,2,NA,11_gen,SNR52,No,enAsCas12a,254,273,+,268,99.086491739553,15785,26728,15785,20240402_SNR52GFPlib,SNR52gfplib00015.jpg
enas_snr_no,AD_20240403_snr52_gfplib_plate2(1)_Experiment_19h30_F07.fcs,C05,1,NA,11_gen,SNR52,No,enAsCas12a,250,269,+,253,99.8586151728243,10880,17511,10880,20240402_SNR52GFPlib,SNR52gfplib00016.jpg
enas_snr_no,AD_20240403_snr52_gfplib_plate2(1)_Experiment_19h30_F08.fcs,C05,2,NA,11_gen,SNR52,No,enAsCas12a,250,269,+,253,99.955039340577,10378,15322,10378,20240402_SNR52GFPlib,SNR52gfplib00017.jpg
enas_snr_no,AD_20240403_snr52_gfplib_plate2(1)_Experiment_19h30_G01.fcs,E01,1,NA,11_gen,SNR52,No,enAsCas12a,193,212,+,205,99.9777860051833,2397,3138,2397,20240402_SNR52GFPlib,SNR52gfplib00018.jpg
enas_snr_no,AD_20240403_snr52_gfplib_plate2(1)_Experiment_19h30_G02.fcs,E01,2,NA,11_gen,SNR52,No,enAsCas12a,193,212,+,205,99.992781607536,2458,2837,2458,20240402_SNR52GFPlib,SNR52gfplib00019.jpg
enas_snr_no,AD_20240403_snr52_gfplib_plate2(1)_Experiment_19h30_G03.fcs,E02,1,NA,11_gen,SNR52,No,enAsCas12a,302,321,+,319,99.9963386057411,2,3,2,20240402_SNR52GFPlib,SNR52gfplib00020.jpg
enas_snr_no,AD_20240403_snr52_gfplib_plate2(1)_Experiment_19h30_G05.fcs,E05,1,NA,11_gen,SNR52,No,enAsCas12a,392,411,+,394,99.9098156632156,6683,10916,6683,20240402_SNR52GFPlib,SNR52gfplib00022.jpg
enas_snr_no,AD_20240403_snr52_gfplib_plate2(1)_Experiment_19h30_G06.fcs,E05,2,NA,11_gen,SNR52,No,enAsCas12a,392,411,+,394,99.68150507369819,6658,8846,6658,20240402_SNR52GFPlib,SNR52gfplib00023.jpg
enas_snr_no,AD_20240403_snr52_gfplib_plate2(1)_Experiment_19h30_G07.fcs,G03,1,NA,11_gen,SNR52,No,enAsCas12a,140,159,+,154,99.99260737783689,1048,1187,1048,20240402_SNR52GFPlib,SNR52gfplib00024.jpg
enas_snr_no,AD_20240403_snr52_gfplib_plate2(1)_Experiment_19h30_H01.fcs,H11,1,NA,11_gen,SNR52,No,enAsCas12a,140,159,+,157,0.29583637691745795,6,3,6,20240402_SNR52GFPlib,SNR52gfplib00026.jpg
enas_snr_no,AD_20240403_snr52_gfplib_plate2(1)_Experiment_19h30_H02.fcs,H11,2,NA,11_gen,SNR52,No,enAsCas12a,140,159,+,157,2.79273961484542,3,2,3,20240402_SNR52GFPlib,SNR52gfplib00027.jpg
enas_snr_no,AD_20240403_snr52_gfplib_plate2(1)_Experiment_Group_A01.fcs,A01,1,NA,6_gen,SNR52,No,enAsCas12a,313,317,-,331,95.824,14539,27270,14539,20240402_SNR52GFPlib,SNR52gfplib00002.jpg
enas_snr_no,AD_20240403_snr52_gfplib_plate2(1)_Experiment_Group_A02.fcs,A01,2,NA,6_gen,SNR52,No,enAsCas12a,313,317,-,331,95.816,14782,24645,14782,20240402_SNR52GFPlib,SNR52gfplib00003.jpg
enas_snr_no,AD_20240403_snr52_gfplib_plate2(1)_Experiment_Group_A03.fcs,A04,1,NA,6_gen,SNR52,No,enAsCas12a,214,233,+,217,99.556,5963,6987,5963,20240402_SNR52GFPlib,SNR52gfplib00004.jpg
enas_snr_no,AD_20240403_snr52_gfplib_plate2(1)_Experiment_Group_A04.fcs,A04,2,NA,6_gen,SNR52,No,enAsCas12a,214,233,+,217,99.908,6249,6103,6249,20240402_SNR52GFPlib,SNR52gfplib00005.jpg
enas_snr_no,AD_20240403_snr52_gfplib_plate2(1)_Experiment_Group_A05.fcs,A09,1,NA,6_gen,SNR52,No,enAsCas12a,NA,NA,NA,NA,1.192,17320,45285,17320,20240402_SNR52GFPlib,SNR52gfplib00006.jpg
enas_snr_no,AD_20240403_snr52_gfplib_plate2(1)_Experiment_Group_A06.fcs,A09,2,NA,6_gen,SNR52,No,enAsCas12a,NA,NA,NA,NA,1.24,17536,53165,17536,20240402_SNR52GFPlib,SNR52gfplib00007.jpg
enas_snr_no,AD_20240403_snr52_gfplib_plate2(1)_Experiment_Group_A07.fcs,A12,1,NA,6_gen,SNR52,No,enAsCas12a,130,134,-,142,97.352,2467,3751,2467,20240402_SNR52GFPlib,SNR52gfplib00008.jpg
enas_snr_no,AD_20240403_snr52_gfplib_plate2(1)_Experiment_Group_A08.fcs,A12,2,NA,6_gen,SNR52,No,enAsCas12a,130,134,-,142,99.36399999999999,2693,3800,2693,20240402_SNR52GFPlib,SNR52gfplib00009.jpg
enas_snr_no,AD_20240403_snr52_gfplib_plate2(1)_Experiment_Group_B01.fcs,B05,1,NA,6_gen,SNR52,No,enAsCas12a,130,134,-,133,24.732000000000003,380,2093,380,20240402_SNR52GFPlib,SNR52gfplib00010.jpg
enas_snr_no,AD_20240403_snr52_gfplib_plate2(1)_Experiment_Group_B02.fcs,B05,2,NA,6_gen,SNR52,No,enAsCas12a,130,134,-,133,47.524,371,1656,371,20240402_SNR52GFPlib,SNR52gfplib00011.jpg
enas_snr_no,AD_20240403_snr52_gfplib_plate2(1)_Experiment_Group_B03.fcs,C03,1,NA,6_gen,SNR52,No,enAsCas12a,214,233,+,214,99.652,7468,12788,7468,20240402_SNR52GFPlib,SNR52gfplib00012.jpg
enas_snr_no,AD_20240403_snr52_gfplib_plate2(1)_Experiment_Group_B04.fcs,C03,2,NA,6_gen,SNR52,No,enAsCas12a,214,233,+,214,99.336,7328,17166,7328,20240402_SNR52GFPlib,SNR52gfplib00013.jpg
enas_snr_no,AD_20240403_snr52_gfplib_plate2(1)_Experiment_Group_B05.fcs,C04,1,NA,6_gen,SNR52,No,enAsCas12a,254,273,+,268,94.048,15096,36059,15096,20240402_SNR52GFPlib,SNR52gfplib00014.jpg
enas_snr_no,AD_20240403_snr52_gfplib_plate2(1)_Experiment_Group_B06.fcs,C04,2,NA,6_gen,SNR52,No,enAsCas12a,254,273,+,268,95.068,15785,26728,15785,20240402_SNR52GFPlib,SNR52gfplib00015.jpg
enas_snr_no,AD_20240403_snr52_gfplib_plate2(1)_Experiment_Group_B07.fcs,C05,1,NA,6_gen,SNR52,No,enAsCas12a,250,269,+,253,99.644,10880,17511,10880,20240402_SNR52GFPlib,SNR52gfplib00016.jpg
enas_snr_no,AD_20240403_snr52_gfplib_plate2(1)_Experiment_Group_B08.fcs,C05,2,NA,6_gen,SNR52,No,enAsCas12a,250,269,+,253,99.676,10378,15322,10378,20240402_SNR52GFPlib,SNR52gfplib00017.jpg
enas_snr_no,AD_20240403_snr52_gfplib_plate2(1)_Experiment_Group_C01.fcs,E01,1,NA,6_gen,SNR52,No,enAsCas12a,193,212,+,205,99.928,2397,3138,2397,20240402_SNR52GFPlib,SNR52gfplib00018.jpg
enas_snr_no,AD_20240403_snr52_gfplib_plate2(1)_Experiment_Group_C02.fcs,E01,2,NA,6_gen,SNR52,No,enAsCas12a,193,212,+,205,99.97200000000001,2458,2837,2458,20240402_SNR52GFPlib,SNR52gfplib00019.jpg
enas_snr_no,AD_20240403_snr52_gfplib_plate2(1)_Experiment_Group_C03.fcs,E02,1,NA,6_gen,SNR52,No,enAsCas12a,302,321,+,319,99.988,2,3,2,20240402_SNR52GFPlib,SNR52gfplib00020.jpg
enas_snr_no,AD_20240403_snr52_gfplib_plate2(1)_Experiment_Group_C04.fcs,E02,2,NA,6_gen,SNR52,No,enAsCas12a,302,321,+,319,84.9551414768806,0,4,0,20240402_SNR52GFPlib,SNR52gfplib00021.jpg
enas_snr_no,AD_20240403_snr52_gfplib_plate2(1)_Experiment_Group_C05.fcs,E05,1,NA,6_gen,SNR52,No,enAsCas12a,392,411,+,394,99.848,6683,10916,6683,20240402_SNR52GFPlib,SNR52gfplib00022.jpg
enas_snr_no,AD_20240403_snr52_gfplib_plate2(1)_Experiment_Group_C06.fcs,E05,2,NA,6_gen,SNR52,No,enAsCas12a,392,411,+,394,99.576,6658,8846,6658,20240402_SNR52GFPlib,SNR52gfplib00023.jpg
enas_snr_no,AD_20240403_snr52_gfplib_plate2(1)_Experiment_Group_C07.fcs,G03,1,NA,6_gen,SNR52,No,enAsCas12a,140,159,+,154,99.988,1048,1187,1048,20240402_SNR52GFPlib,SNR52gfplib00024.jpg
enas_snr_no,AD_20240403_snr52_gfplib_plate2(1)_Experiment_Group_C08.fcs,G03,2,NA,6_gen,SNR52,No,enAsCas12a,140,159,+,154,99.94,1039,1273,1039,20240402_SNR52GFPlib,SNR52gfplib00025.jpg
enas_snr_no,AD_20240403_snr52_gfplib_plate2(1)_Experiment_Group_D01.fcs,H11,1,NA,6_gen,SNR52,No,enAsCas12a,140,159,+,157,1.02,6,3,6,20240402_SNR52GFPlib,SNR52gfplib00026.jpg
enas_snr_no,AD_20240403_snr52_gfplib_plate2(1)_Experiment_Group_D02.fcs,H11,2,NA,6_gen,SNR52,No,enAsCas12a,140,159,+,157,3.392,3,2,3,20240402_SNR52GFPlib,SNR52gfplib00027.jpg
enas_snr_no,AD_20240403_snr52_gfplib_plate2(2)_Experiment_Group(1)_A01.fcs,A01,1,NA,20_gen,SNR52,No,enAsCas12a,313,317,-,331,99.74773705297521,14539,27270,14539,20240402_SNR52GFPlib,SNR52gfplib00002.jpg
enas_snr_no,AD_20240403_snr52_gfplib_plate2(2)_Experiment_Group(1)_A02.fcs,A01,2,NA,20_gen,SNR52,No,enAsCas12a,313,317,-,331,99.882316292271,14782,24645,14782,20240402_SNR52GFPlib,SNR52gfplib00003.jpg
enas_snr_no,AD_20240403_snr52_gfplib_plate2(2)_Experiment_Group(1)_A03.fcs,A04,1,NA,20_gen,SNR52,No,enAsCas12a,214,233,+,217,99.74731297601251,5963,6987,5963,20240402_SNR52GFPlib,SNR52gfplib00004.jpg
enas_snr_no,AD_20240403_snr52_gfplib_plate2(2)_Experiment_Group(1)_A04.fcs,A04,2,NA,20_gen,SNR52,No,enAsCas12a,214,233,+,217,99.98545666084931,6249,6103,6249,20240402_SNR52GFPlib,SNR52gfplib00005.jpg
enas_snr_no,AD_20240403_snr52_gfplib_plate2(2)_Experiment_Group(1)_A05.fcs,A09,1,NA,20_gen,SNR52,No,enAsCas12a,NA,NA,NA,NA,1.27882673846045,17320,45285,17320,20240402_SNR52GFPlib,SNR52gfplib00006.jpg
enas_snr_no,AD_20240403_snr52_gfplib_plate2(2)_Experiment_Group(1)_A06.fcs,A09,2,NA,20_gen,SNR52,No,enAsCas12a,NA,NA,NA,NA,0.943857931902403,17536,53165,17536,20240402_SNR52GFPlib,SNR52gfplib00007.jpg
enas_snr_no,AD_20240403_snr52_gfplib_plate2(2)_Experiment_Group(1)_A07.fcs,A12,1,NA,20_gen,SNR52,No,enAsCas12a,130,134,-,142,89.2291810048176,2467,3751,2467,20240402_SNR52GFPlib,SNR52gfplib00008.jpg
enas_snr_no,AD_20240403_snr52_gfplib_plate2(2)_Experiment_Group(1)_A08.fcs,A12,2,NA,20_gen,SNR52,No,enAsCas12a,130,134,-,142,99.162817551963,2693,3800,2693,20240402_SNR52GFPlib,SNR52gfplib00009.jpg
enas_snr_no,AD_20240403_snr52_gfplib_plate2(2)_Experiment_Group(1)_B01.fcs,B05,1,NA,20_gen,SNR52,No,enAsCas12a,130,134,-,133,20.929502824070802,380,2093,380,20240402_SNR52GFPlib,SNR52gfplib00010.jpg
enas_snr_no,AD_20240403_snr52_gfplib_plate2(2)_Experiment_Group(1)_B02.fcs,B05,2,NA,20_gen,SNR52,No,enAsCas12a,130,134,-,133,4.11312925417683,371,1656,371,20240402_SNR52GFPlib,SNR52gfplib00011.jpg
enas_snr_no,AD_20240403_snr52_gfplib_plate2(2)_Experiment_Group(1)_B03.fcs,C03,1,NA,20_gen,SNR52,No,enAsCas12a,214,233,+,214,99.73613894455579,7468,12788,7468,20240402_SNR52GFPlib,SNR52gfplib00012.jpg
enas_snr_no,AD_20240403_snr52_gfplib_plate2(2)_Experiment_Group(1)_B04.fcs,C03,2,NA,20_gen,SNR52,No,enAsCas12a,214,233,+,214,99.4690392480448,7328,17166,7328,20240402_SNR52GFPlib,SNR52gfplib00013.jpg
enas_snr_no,AD_20240403_snr52_gfplib_plate2(2)_Experiment_Group(1)_B05.fcs,C04,1,NA,20_gen,SNR52,No,enAsCas12a,254,273,+,268,99.8030275396681,15096,36059,15096,20240402_SNR52GFPlib,SNR52gfplib00014.jpg
enas_snr_no,AD_20240403_snr52_gfplib_plate2(2)_Experiment_Group(1)_B06.fcs,C04,2,NA,20_gen,SNR52,No,enAsCas12a,254,273,+,268,99.04021604262459,15785,26728,15785,20240402_SNR52GFPlib,SNR52gfplib00015.jpg
enas_snr_no,AD_20240403_snr52_gfplib_plate2(2)_Experiment_Group(1)_B07.fcs,C05,1,NA,20_gen,SNR52,No,enAsCas12a,250,269,+,253,99.95450568678919,10880,17511,10880,20240402_SNR52GFPlib,SNR52gfplib00016.jpg
enas_snr_no,AD_20240403_snr52_gfplib_plate2(2)_Experiment_Group(1)_B08.fcs,C05,2,NA,20_gen,SNR52,No,enAsCas12a,250,269,+,253,99.97199271810669,10378,15322,10378,20240402_SNR52GFPlib,SNR52gfplib00017.jpg
enas_snr_no,AD_20240403_snr52_gfplib_plate2(2)_Experiment_Group(1)_C01.fcs,E01,1,NA,20_gen,SNR52,No,enAsCas12a,193,212,+,205,99.98619261304799,2397,3138,2397,20240402_SNR52GFPlib,SNR52gfplib00018.jpg
enas_snr_no,AD_20240403_snr52_gfplib_plate2(2)_Experiment_Group(1)_C02.fcs,E01,2,NA,20_gen,SNR52,No,enAsCas12a,193,212,+,205,99.99688541439559,2458,2837,2458,20240402_SNR52GFPlib,SNR52gfplib00019.jpg
enas_snr_no,AD_20240403_snr52_gfplib_plate2(2)_Experiment_Group(1)_C03.fcs,E02,1,NA,20_gen,SNR52,No,enAsCas12a,302,321,+,319,99.9935064935065,2,3,2,20240402_SNR52GFPlib,SNR52gfplib00020.jpg
enas_snr_no,AD_20240403_snr52_gfplib_plate2(2)_Experiment_Group(1)_C05.fcs,E05,1,NA,20_gen,SNR52,No,enAsCas12a,392,411,+,394,99.9687532548693,6683,10916,6683,20240402_SNR52GFPlib,SNR52gfplib00022.jpg
enas_snr_no,AD_20240403_snr52_gfplib_plate2(2)_Experiment_Group(1)_C06.fcs,E05,2,NA,20_gen,SNR52,No,enAsCas12a,392,411,+,394,99.6740043690136,6658,8846,6658,20240402_SNR52GFPlib,SNR52gfplib00023.jpg
enas_snr_no,AD_20240403_snr52_gfplib_plate2(2)_Experiment_Group(1)_C07.fcs,G03,1,NA,20_gen,SNR52,No,enAsCas12a,140,159,+,154,99.9896583818815,1048,1187,1048,20240402_SNR52GFPlib,SNR52gfplib00024.jpg
enas_snr_no,AD_20240403_snr52_gfplib_plate2(2)_Experiment_Group(1)_D01.fcs,H11,1,NA,20_gen,SNR52,No,enAsCas12a,140,159,+,157,0.97006071603043,6,3,6,20240402_SNR52GFPlib,SNR52gfplib00026.jpg
enas_snr_no,AD_20240403_snr52_gfplib_plate2(2)_Experiment_Group(1)_D02.fcs,H11,2,NA,20_gen,SNR52,No,enAsCas12a,140,159,+,157,3.5351803593471502,3,2,3,20240402_SNR52GFPlib,SNR52gfplib00027.jpg
enas_snr_yes,AD_20241205_gfplib_enascas12a_lexA_T1_scraped_Experiment_Group_A01.fcs,A01,1,6.9,6_gen,SNR52,Yes,enAsCas12a,313,317,-,331,94.552,13335,13335,13335,20241218_enascas12a_lexA_SNR52_gfplib,SMA_P300001.jpg
enas_snr_yes,AD_20241205_gfplib_enascas12a_lexA_T1_scraped_Experiment_Group_A02.fcs,B05,1,7.4,6_gen,SNR52,Yes,enAsCas12a,130,134,-,133,7.687999999999995,4961,4961,4961,20241218_enascas12a_lexA_SNR52_gfplib,SMA_P300009.jpg
enas_snr_yes,AD_20241205_gfplib_enascas12a_lexA_T1_scraped_Experiment_Group_A03.fcs,E01,1,7.4,6_gen,SNR52,Yes,enAsCas12a,193,212,+,205,98.19200000000001,11586,11586,11586,20241218_enascas12a_lexA_SNR52_gfplib,SMA_P300017.jpg
enas_snr_yes,AD_20241205_gfplib_enascas12a_lexA_T1_scraped_Experiment_Group_A04.fcs,H11,1,8.2,6_gen,SNR52,Yes,enAsCas12a,140,159,+,157,1.2800000000000034,496,496,496,20241218_enascas12a_lexA_SNR52_gfplib,SMA_P300025.jpg
enas_snr_yes,AD_20241205_gfplib_enascas12a_lexA_T1_scraped_Experiment_Group_A05.fcs,A01,1,0,scraped,SNR52,Yes,enAsCas12a,313,317,-,331,46.699999999999996,13335,13335,13335,20241218_enascas12a_lexA_SNR52_gfplib,SMA_P300001.jpg
enas_snr_yes,AD_20241205_gfplib_enascas12a_lexA_T1_scraped_Experiment_Group_A06.fcs,B05,1,0,scraped,SNR52,Yes,enAsCas12a,130,134,-,133,28.612000000000005,4961,4961,4961,20241218_enascas12a_lexA_SNR52_gfplib,SMA_P300009.jpg
enas_snr_yes,AD_20241205_gfplib_enascas12a_lexA_T1_scraped_Experiment_Group_A07.fcs,E01,1,0,scraped,SNR52,Yes,enAsCas12a,193,212,+,205,98.096,11586,11586,11586,20241218_enascas12a_lexA_SNR52_gfplib,SMA_P300017.jpg
enas_snr_yes,AD_20241205_gfplib_enascas12a_lexA_T1_scraped_Experiment_Group_A08.fcs,H11,1,0,scraped,SNR52,Yes,enAsCas12a,140,159,+,157,3.059999999999996,496,496,496,20241218_enascas12a_lexA_SNR52_gfplib,SMA_P300025.jpg
enas_snr_yes,AD_20241205_gfplib_enascas12a_lexA_T1_scraped_Experiment_Group_A09.fcs,A01,1,13.9,11_gen,SNR52,Yes,enAsCas12a,313,317,-,331,96.988,13335,13335,13335,20241218_enascas12a_lexA_SNR52_gfplib,SMA_P300001.jpg
enas_snr_yes,AD_20241205_gfplib_enascas12a_lexA_T1_scraped_Experiment_Group_A10.fcs,B05,1,14.2,11_gen,SNR52,Yes,enAsCas12a,130,134,-,133,5.603999999999997,4961,4961,4961,20241218_enascas12a_lexA_SNR52_gfplib,SMA_P300009.jpg
enas_snr_yes,AD_20241205_gfplib_enascas12a_lexA_T1_scraped_Experiment_Group_A11.fcs,E01,1,14.7,11_gen,SNR52,Yes,enAsCas12a,193,212,+,205,98.656,11586,11586,11586,20241218_enascas12a_lexA_SNR52_gfplib,SMA_P300017.jpg
enas_snr_yes,AD_20241205_gfplib_enascas12a_lexA_T1_scraped_Experiment_Group_A12.fcs,H11,1,15.2,11_gen,SNR52,Yes,enAsCas12a,140,159,+,157,1.648000000000005,496,496,496,20241218_enascas12a_lexA_SNR52_gfplib,SMA_P300025.jpg
enas_snr_yes,AD_20241205_gfplib_enascas12a_lexA_T1_scraped_Experiment_Group_B01.fcs,A01,2,6.9,6_gen,SNR52,Yes,enAsCas12a,313,317,-,331,93.416,13433,13433,13433,20241218_enascas12a_lexA_SNR52_gfplib,SMA_P300002.jpg
enas_snr_yes,AD_20241205_gfplib_enascas12a_lexA_T1_scraped_Experiment_Group_B02.fcs,B05,2,7.5,6_gen,SNR52,Yes,enAsCas12a,130,134,-,133,6.184000000000001,4706,4706,4706,20241218_enascas12a_lexA_SNR52_gfplib,SMA_P300010.jpg
enas_snr_yes,AD_20241205_gfplib_enascas12a_lexA_T1_scraped_Experiment_Group_B03.fcs,E01,2,7.2,6_gen,SNR52,Yes,enAsCas12a,193,212,+,205,98.172,13407,13407,13407,20241218_enascas12a_lexA_SNR52_gfplib,SMA_P300018.jpg
enas_snr_yes,AD_20241205_gfplib_enascas12a_lexA_T1_scraped_Experiment_Group_B04.fcs,H11,2,8.1,6_gen,SNR52,Yes,enAsCas12a,140,159,+,157,1.7959999999999976,312,312,312,20241218_enascas12a_lexA_SNR52_gfplib,SMA_P300026.jpg
enas_snr_yes,AD_20241205_gfplib_enascas12a_lexA_T1_scraped_Experiment_Group_B05.fcs,A01,2,0,scraped,SNR52,Yes,enAsCas12a,313,317,-,331,44.955999999999996,13433,13433,13433,20241218_enascas12a_lexA_SNR52_gfplib,SMA_P300002.jpg
enas_snr_yes,AD_20241205_gfplib_enascas12a_lexA_T1_scraped_Experiment_Group_B06.fcs,B05,2,0,scraped,SNR52,Yes,enAsCas12a,130,134,-,133,24.756,4706,4706,4706,20241218_enascas12a_lexA_SNR52_gfplib,SMA_P300010.jpg
enas_snr_yes,AD_20241205_gfplib_enascas12a_lexA_T1_scraped_Experiment_Group_B07.fcs,E01,2,0,scraped,SNR52,Yes,enAsCas12a,193,212,+,205,98.256,13407,13407,13407,20241218_enascas12a_lexA_SNR52_gfplib,SMA_P300018.jpg
enas_snr_yes,AD_20241205_gfplib_enascas12a_lexA_T1_scraped_Experiment_Group_B08.fcs,H11,2,0,scraped,SNR52,Yes,enAsCas12a,140,159,+,157,3.0919999999999948,312,312,312,20241218_enascas12a_lexA_SNR52_gfplib,SMA_P300026.jpg
enas_snr_yes,AD_20241205_gfplib_enascas12a_lexA_T1_scraped_Experiment_Group_B09.fcs,A01,2,13.9,11_gen,SNR52,Yes,enAsCas12a,313,317,-,331,96.528,13433,13433,13433,20241218_enascas12a_lexA_SNR52_gfplib,SMA_P300002.jpg
enas_snr_yes,AD_20241205_gfplib_enascas12a_lexA_T1_scraped_Experiment_Group_B10.fcs,B05,2,14.4,11_gen,SNR52,Yes,enAsCas12a,130,134,-,133,3.8039999999999963,4706,4706,4706,20241218_enascas12a_lexA_SNR52_gfplib,SMA_P300010.jpg
enas_snr_yes,AD_20241205_gfplib_enascas12a_lexA_T1_scraped_Experiment_Group_B11.fcs,E01,2,14.4,11_gen,SNR52,Yes,enAsCas12a,193,212,+,205,98.124,13407,13407,13407,20241218_enascas12a_lexA_SNR52_gfplib,SMA_P300018.jpg
enas_snr_yes,AD_20241205_gfplib_enascas12a_lexA_T1_scraped_Experiment_Group_B12.fcs,H11,2,15.4,11_gen,SNR52,Yes,enAsCas12a,140,159,+,157,1.9360000000000044,312,312,312,20241218_enascas12a_lexA_SNR52_gfplib,SMA_P300026.jpg
enas_snr_yes,AD_20241205_gfplib_enascas12a_lexA_T1_scraped_Experiment_Group_C01.fcs,A04,1,7.3,6_gen,SNR52,Yes,enAsCas12a,214,233,+,217,96.112,11610,11610,11610,20241218_enascas12a_lexA_SNR52_gfplib,SMA_P300003.jpg
enas_snr_yes,AD_20241205_gfplib_enascas12a_lexA_T1_scraped_Experiment_Group_C02.fcs,C03,1,7.1,6_gen,SNR52,Yes,enAsCas12a,214,233,+,214,94.716,12815,12815,12815,20241218_enascas12a_lexA_SNR52_gfplib,SMA_P300011.jpg
enas_snr_yes,AD_20241205_gfplib_enascas12a_lexA_T1_scraped_Experiment_Group_C03.fcs,E02,1,8.4,6_gen,SNR52,Yes,enAsCas12a,302,321,+,319,4.920000000000002,557,557,557,20241218_enascas12a_lexA_SNR52_gfplib,SMA_P300019.jpg
enas_snr_yes,AD_20241205_gfplib_enascas12a_lexA_T1_scraped_Experiment_Group_C05.fcs,A04,1,0,scraped,SNR52,Yes,enAsCas12a,214,233,+,217,88.736,11610,11610,11610,20241218_enascas12a_lexA_SNR52_gfplib,SMA_P300003.jpg
enas_snr_yes,AD_20241205_gfplib_enascas12a_lexA_T1_scraped_Experiment_Group_C06.fcs,C03,1,0,scraped,SNR52,Yes,enAsCas12a,214,233,+,214,83.152,12815,12815,12815,20241218_enascas12a_lexA_SNR52_gfplib,SMA_P300011.jpg
enas_snr_yes,AD_20241205_gfplib_enascas12a_lexA_T1_scraped_Experiment_Group_C07.fcs,E02,1,0,scraped,SNR52,Yes,enAsCas12a,302,321,+,319,6.384,557,557,557,20241218_enascas12a_lexA_SNR52_gfplib,SMA_P300019.jpg
enas_snr_yes,AD_20241205_gfplib_enascas12a_lexA_T1_scraped_Experiment_Group_C09.fcs,A04,1,14.3,11_gen,SNR52,Yes,enAsCas12a,214,233,+,217,95.724,11610,11610,11610,20241218_enascas12a_lexA_SNR52_gfplib,SMA_P300003.jpg
enas_snr_yes,AD_20241205_gfplib_enascas12a_lexA_T1_scraped_Experiment_Group_C10.fcs,C03,1,14.2,11_gen,SNR52,Yes,enAsCas12a,214,233,+,214,95.052,12815,12815,12815,20241218_enascas12a_lexA_SNR52_gfplib,SMA_P300011.jpg
enas_snr_yes,AD_20241205_gfplib_enascas12a_lexA_T1_scraped_Experiment_Group_C11.fcs,E02,1,15.2,11_gen,SNR52,Yes,enAsCas12a,302,321,+,319,4.747999999999997,557,557,557,20241218_enascas12a_lexA_SNR52_gfplib,SMA_P300019.jpg
enas_snr_yes,AD_20241205_gfplib_enascas12a_lexA_T1_scraped_Experiment_Group_D01.fcs,A04,2,7.1,6_gen,SNR52,Yes,enAsCas12a,214,233,+,217,96.128,11103,11103,11103,20241218_enascas12a_lexA_SNR52_gfplib,SMA_P300004.jpg
enas_snr_yes,AD_20241205_gfplib_enascas12a_lexA_T1_scraped_Experiment_Group_D02.fcs,C03,2,7.2,6_gen,SNR52,Yes,enAsCas12a,214,233,+,214,94.38,13972,13972,13972,20241218_enascas12a_lexA_SNR52_gfplib,SMA_P300012.jpg
enas_snr_yes,AD_20241205_gfplib_enascas12a_lexA_T1_scraped_Experiment_Group_D03.fcs,E02,2,8.3,6_gen,SNR52,Yes,enAsCas12a,302,321,+,319,6.476000000000004,521,521,521,20241218_enascas12a_lexA_SNR52_gfplib,SMA_P300020.jpg
enas_snr_yes,AD_20241205_gfplib_enascas12a_lexA_T1_scraped_Experiment_Group_D05.fcs,A04,2,0,scraped,SNR52,Yes,enAsCas12a,214,233,+,217,88.444,11103,11103,11103,20241218_enascas12a_lexA_SNR52_gfplib,SMA_P300004.jpg
enas_snr_yes,AD_20241205_gfplib_enascas12a_lexA_T1_scraped_Experiment_Group_D06.fcs,C03,2,0,scraped,SNR52,Yes,enAsCas12a,214,233,+,214,83.552,13972,13972,13972,20241218_enascas12a_lexA_SNR52_gfplib,SMA_P300012.jpg
enas_snr_yes,AD_20241205_gfplib_enascas12a_lexA_T1_scraped_Experiment_Group_D07.fcs,E02,2,0,scraped,SNR52,Yes,enAsCas12a,302,321,+,319,6.372,521,521,521,20241218_enascas12a_lexA_SNR52_gfplib,SMA_P300020.jpg
enas_snr_yes,AD_20241205_gfplib_enascas12a_lexA_T1_scraped_Experiment_Group_D09.fcs,A04,2,14,11_gen,SNR52,Yes,enAsCas12a,214,233,+,217,95.916,11103,11103,11103,20241218_enascas12a_lexA_SNR52_gfplib,SMA_P300004.jpg
enas_snr_yes,AD_20241205_gfplib_enascas12a_lexA_T1_scraped_Experiment_Group_D10.fcs,C03,2,14.3,11_gen,SNR52,Yes,enAsCas12a,214,233,+,214,94.92399999999999,13972,13972,13972,20241218_enascas12a_lexA_SNR52_gfplib,SMA_P300012.jpg
enas_snr_yes,AD_20241205_gfplib_enascas12a_lexA_T1_scraped_Experiment_Group_D11.fcs,E02,2,15.1,11_gen,SNR52,Yes,enAsCas12a,302,321,+,319,5.488000000000004,521,521,521,20241218_enascas12a_lexA_SNR52_gfplib,SMA_P300020.jpg
enas_snr_yes,AD_20241205_gfplib_enascas12a_lexA_T1_scraped_Experiment_Group_E01.fcs,A09,1,7.5,6_gen,SNR52,Yes,enAsCas12a,NA,NA,NA,NA,2.62,15515,15515,15515,20241218_enascas12a_lexA_SNR52_gfplib,SMA_P300005.jpg
enas_snr_yes,AD_20241205_gfplib_enascas12a_lexA_T1_scraped_Experiment_Group_E02.fcs,C04,1,5.8,6_gen,SNR52,Yes,enAsCas12a,254,273,+,268,93.908,14884,14884,14884,20241218_enascas12a_lexA_SNR52_gfplib,SMA_P300013.jpg
enas_snr_yes,AD_20241205_gfplib_enascas12a_lexA_T1_scraped_Experiment_Group_E03.fcs,E05,1,7.1,6_gen,SNR52,Yes,enAsCas12a,392,411,+,394,95.176,11893,11893,11893,20241218_enascas12a_lexA_SNR52_gfplib,SMA_P300021.jpg
enas_snr_yes,AD_20241205_gfplib_enascas12a_lexA_T1_scraped_Experiment_Group_E05.fcs,A09,1,0,scraped,SNR52,Yes,enAsCas12a,NA,NA,NA,NA,10.351999999999995,15515,15515,15515,20241218_enascas12a_lexA_SNR52_gfplib,SMA_P300005.jpg
enas_snr_yes,AD_20241205_gfplib_enascas12a_lexA_T1_scraped_Experiment_Group_E06.fcs,C04,1,0,scraped,SNR52,Yes,enAsCas12a,254,273,+,268,53.72,14884,14884,14884,20241218_enascas12a_lexA_SNR52_gfplib,SMA_P300013.jpg
enas_snr_yes,AD_20241205_gfplib_enascas12a_lexA_T1_scraped_Experiment_Group_E07.fcs,E05,1,0,scraped,SNR52,Yes,enAsCas12a,392,411,+,394,87.964,11893,11893,11893,20241218_enascas12a_lexA_SNR52_gfplib,SMA_P300021.jpg
enas_snr_yes,AD_20241205_gfplib_enascas12a_lexA_T1_scraped_Experiment_Group_E09.fcs,A09,1,14.3,11_gen,SNR52,Yes,enAsCas12a,NA,NA,NA,NA,0.5040000000000044,15515,15515,15515,20241218_enascas12a_lexA_SNR52_gfplib,SMA_P300005.jpg
enas_snr_yes,AD_20241205_gfplib_enascas12a_lexA_T1_scraped_Experiment_Group_E10.fcs,C04,1,12.5,11_gen,SNR52,Yes,enAsCas12a,254,273,+,268,95.428,14884,14884,14884,20241218_enascas12a_lexA_SNR52_gfplib,SMA_P300013.jpg
enas_snr_yes,AD_20241205_gfplib_enascas12a_lexA_T1_scraped_Experiment_Group_E11.fcs,E05,1,13.9,11_gen,SNR52,Yes,enAsCas12a,392,411,+,394,94.41199999999999,11893,11893,11893,20241218_enascas12a_lexA_SNR52_gfplib,SMA_P300021.jpg
enas_snr_yes,AD_20241205_gfplib_enascas12a_lexA_T1_scraped_Experiment_Group_F01.fcs,A09,2,7.3,6_gen,SNR52,Yes,enAsCas12a,NA,NA,NA,NA,1.9159999999999955,14966,14966,14966,20241218_enascas12a_lexA_SNR52_gfplib,SMA_P300006.jpg
enas_snr_yes,AD_20241205_gfplib_enascas12a_lexA_T1_scraped_Experiment_Group_F02.fcs,C04,2,5.9,6_gen,SNR52,Yes,enAsCas12a,254,273,+,268,94.48,15175,15175,15175,20241218_enascas12a_lexA_SNR52_gfplib,SMA_P300014.jpg
enas_snr_yes,AD_20241205_gfplib_enascas12a_lexA_T1_scraped_Experiment_Group_F03.fcs,E05,2,7.4,6_gen,SNR52,Yes,enAsCas12a,392,411,+,394,95.02000000000001,11187,11187,11187,20241218_enascas12a_lexA_SNR52_gfplib,SMA_P300022.jpg
enas_snr_yes,AD_20241205_gfplib_enascas12a_lexA_T1_scraped_Experiment_Group_F05.fcs,A09,2,0,scraped,SNR52,Yes,enAsCas12a,NA,NA,NA,NA,11.2,14966,14966,14966,20241218_enascas12a_lexA_SNR52_gfplib,SMA_P300006.jpg
enas_snr_yes,AD_20241205_gfplib_enascas12a_lexA_T1_scraped_Experiment_Group_F06.fcs,C04,2,0,scraped,SNR52,Yes,enAsCas12a,254,273,+,268,50.596,15175,15175,15175,20241218_enascas12a_lexA_SNR52_gfplib,SMA_P300014.jpg
enas_snr_yes,AD_20241205_gfplib_enascas12a_lexA_T1_scraped_Experiment_Group_F07.fcs,E05,2,0,scraped,SNR52,Yes,enAsCas12a,392,411,+,394,87.888,11187,11187,11187,20241218_enascas12a_lexA_SNR52_gfplib,SMA_P300022.jpg
enas_snr_yes,AD_20241205_gfplib_enascas12a_lexA_T1_scraped_Experiment_Group_F09.fcs,A09,2,14.3,11_gen,SNR52,Yes,enAsCas12a,NA,NA,NA,NA,0.5920000000000036,14966,14966,14966,20241218_enascas12a_lexA_SNR52_gfplib,SMA_P300006.jpg
enas_snr_yes,AD_20241205_gfplib_enascas12a_lexA_T1_scraped_Experiment_Group_F10.fcs,C04,2,12.4,11_gen,SNR52,Yes,enAsCas12a,254,273,+,268,95.408,15175,15175,15175,20241218_enascas12a_lexA_SNR52_gfplib,SMA_P300014.jpg
enas_snr_yes,AD_20241205_gfplib_enascas12a_lexA_T1_scraped_Experiment_Group_F11.fcs,E05,2,14.2,11_gen,SNR52,Yes,enAsCas12a,392,411,+,394,94.976,11187,11187,11187,20241218_enascas12a_lexA_SNR52_gfplib,SMA_P300022.jpg
enas_snr_yes,AD_20241205_gfplib_enascas12a_lexA_T1_scraped_Experiment_Group_G01.fcs,A12,1,6,6_gen,SNR52,Yes,enAsCas12a,130,134,-,142,84.036,9719,9719,9719,20241218_enascas12a_lexA_SNR52_gfplib,SMA_P300007.jpg
enas_snr_yes,AD_20241205_gfplib_enascas12a_lexA_T1_scraped_Experiment_Group_G02.fcs,C05,1,7.1,6_gen,SNR52,Yes,enAsCas12a,250,269,+,253,97.096,9701,9701,9701,20241218_enascas12a_lexA_SNR52_gfplib,SMA_P300015.jpg
enas_snr_yes,AD_20241205_gfplib_enascas12a_lexA_T1_scraped_Experiment_Group_G03.fcs,G03,1,7.6,6_gen,SNR52,Yes,enAsCas12a,140,159,+,154,99.024,11869,11869,11869,20241218_enascas12a_lexA_SNR52_gfplib,SMA_P300023.jpg
enas_snr_yes,AD_20241205_gfplib_enascas12a_lexA_T1_scraped_Experiment_Group_G05.fcs,A12,1,0,scraped,SNR52,Yes,enAsCas12a,130,134,-,142,92.50399999999999,9719,9719,9719,20241218_enascas12a_lexA_SNR52_gfplib,SMA_P300007.jpg
enas_snr_yes,AD_20241205_gfplib_enascas12a_lexA_T1_scraped_Experiment_Group_G06.fcs,C05,1,0,scraped,SNR52,Yes,enAsCas12a,250,269,+,253,88.152,9701,9701,9701,20241218_enascas12a_lexA_SNR52_gfplib,SMA_P300015.jpg
enas_snr_yes,AD_20241205_gfplib_enascas12a_lexA_T1_scraped_Experiment_Group_G07.fcs,G03,1,0,scraped,SNR52,Yes,enAsCas12a,140,159,+,154,98.92800000000001,11869,11869,11869,20241218_enascas12a_lexA_SNR52_gfplib,SMA_P300023.jpg
enas_snr_yes,AD_20241205_gfplib_enascas12a_lexA_T1_scraped_Experiment_Group_G09.fcs,A12,1,12.4,11_gen,SNR52,Yes,enAsCas12a,130,134,-,142,73.71600000000001,9719,9719,9719,20241218_enascas12a_lexA_SNR52_gfplib,SMA_P300007.jpg
enas_snr_yes,AD_20241205_gfplib_enascas12a_lexA_T1_scraped_Experiment_Group_G10.fcs,C05,1,14.1,11_gen,SNR52,Yes,enAsCas12a,250,269,+,253,97.764,9701,9701,9701,20241218_enascas12a_lexA_SNR52_gfplib,SMA_P300015.jpg
enas_snr_yes,AD_20241205_gfplib_enascas12a_lexA_T1_scraped_Experiment_Group_G11.fcs,G03,1,14.4,11_gen,SNR52,Yes,enAsCas12a,140,159,+,154,98.92,11869,11869,11869,20241218_enascas12a_lexA_SNR52_gfplib,SMA_P300023.jpg
enas_snr_yes,AD_20241205_gfplib_enascas12a_lexA_T1_scraped_Experiment_Group_H01.fcs,A12,2,6,6_gen,SNR52,Yes,enAsCas12a,130,134,-,142,82.17999999999999,9885,9885,9885,20241218_enascas12a_lexA_SNR52_gfplib,SMA_P300008.jpg
enas_snr_yes,AD_20241205_gfplib_enascas12a_lexA_T1_scraped_Experiment_Group_H02.fcs,C05,2,7.9,6_gen,SNR52,Yes,enAsCas12a,250,269,+,253,97.70400000000001,8903,8903,8903,20241218_enascas12a_lexA_SNR52_gfplib,SMA_P300016.jpg
enas_snr_yes,AD_20241205_gfplib_enascas12a_lexA_T1_scraped_Experiment_Group_H03.fcs,G03,2,7.6,6_gen,SNR52,Yes,enAsCas12a,140,159,+,154,98.82,9112,9112,9112,20241218_enascas12a_lexA_SNR52_gfplib,SMA_P300024.jpg
enas_snr_yes,AD_20241205_gfplib_enascas12a_lexA_T1_scraped_Experiment_Group_H05.fcs,A12,2,0,scraped,SNR52,Yes,enAsCas12a,130,134,-,142,93.268,9885,9885,9885,20241218_enascas12a_lexA_SNR52_gfplib,SMA_P300008.jpg
enas_snr_yes,AD_20241205_gfplib_enascas12a_lexA_T1_scraped_Experiment_Group_H06.fcs,C05,2,0,scraped,SNR52,Yes,enAsCas12a,250,269,+,253,91.604,8903,8903,8903,20241218_enascas12a_lexA_SNR52_gfplib,SMA_P300016.jpg
enas_snr_yes,AD_20241205_gfplib_enascas12a_lexA_T1_scraped_Experiment_Group_H07.fcs,G03,2,0,scraped,SNR52,Yes,enAsCas12a,140,159,+,154,98.436,9112,9112,9112,20241218_enascas12a_lexA_SNR52_gfplib,SMA_P300024.jpg
enas_snr_yes,AD_20241205_gfplib_enascas12a_lexA_T1_scraped_Experiment_Group_H09.fcs,A12,2,12.4,11_gen,SNR52,Yes,enAsCas12a,130,134,-,142,70.98,9885,9885,9885,20241218_enascas12a_lexA_SNR52_gfplib,SMA_P300008.jpg
enas_snr_yes,AD_20241205_gfplib_enascas12a_lexA_T1_scraped_Experiment_Group_H10.fcs,C05,2,14.8,11_gen,SNR52,Yes,enAsCas12a,250,269,+,253,98.088,8903,8903,8903,20241218_enascas12a_lexA_SNR52_gfplib,SMA_P300016.jpg
enas_snr_yes,AD_20241205_gfplib_enascas12a_lexA_T1_scraped_Experiment_Group_H11.fcs,G03,2,14.5,11_gen,SNR52,Yes,enAsCas12a,140,159,+,154,98.736,9112,9112,9112,20241218_enascas12a_lexA_SNR52_gfplib,SMA_P300024.jpg
enas_snr_yes,AD_20241205_gfplib_enascas12a_lexA_T3_Experiment_Group_A01.fcs,A01,1,23.2,20_gen,SNR52,Yes,enAsCas12a,313,317,-,331,97.776,13335,13335,13335,20241218_enascas12a_lexA_SNR52_gfplib,SMA_P300001.jpg
enas_snr_yes,AD_20241205_gfplib_enascas12a_lexA_T3_Experiment_Group_A02.fcs,B05,1,23.6,20_gen,SNR52,Yes,enAsCas12a,130,134,-,133,1.6240000000000032,4961,4961,4961,20241218_enascas12a_lexA_SNR52_gfplib,SMA_P300009.jpg
enas_snr_yes,AD_20241205_gfplib_enascas12a_lexA_T3_Experiment_Group_A03.fcs,E01,1,23.9,20_gen,SNR52,Yes,enAsCas12a,193,212,+,205,98.532,11586,11586,11586,20241218_enascas12a_lexA_SNR52_gfplib,SMA_P300017.jpg
enas_snr_yes,AD_20241205_gfplib_enascas12a_lexA_T3_Experiment_Group_A04.fcs,H11,1,24.6,20_gen,SNR52,Yes,enAsCas12a,140,159,+,157,0.9399999999999964,496,496,496,20241218_enascas12a_lexA_SNR52_gfplib,SMA_P300025.jpg
enas_snr_yes,AD_20241205_gfplib_enascas12a_lexA_T3_Experiment_Group_B01.fcs,A01,2,23.2,20_gen,SNR52,Yes,enAsCas12a,313,317,-,331,96.532,13433,13433,13433,20241218_enascas12a_lexA_SNR52_gfplib,SMA_P300002.jpg
enas_snr_yes,AD_20241205_gfplib_enascas12a_lexA_T3_Experiment_Group_B02.fcs,B05,2,23.7,20_gen,SNR52,Yes,enAsCas12a,130,134,-,133,1.5959999999999974,4706,4706,4706,20241218_enascas12a_lexA_SNR52_gfplib,SMA_P300010.jpg
enas_snr_yes,AD_20241205_gfplib_enascas12a_lexA_T3_Experiment_Group_B03.fcs,E01,2,23.6,20_gen,SNR52,Yes,enAsCas12a,193,212,+,205,97.68,13407,13407,13407,20241218_enascas12a_lexA_SNR52_gfplib,SMA_P300018.jpg
enas_snr_yes,AD_20241205_gfplib_enascas12a_lexA_T3_Experiment_Group_B04.fcs,H11,2,24.8,20_gen,SNR52,Yes,enAsCas12a,140,159,+,157,1.315999999999995,312,312,312,20241218_enascas12a_lexA_SNR52_gfplib,SMA_P300026.jpg
enas_snr_yes,AD_20241205_gfplib_enascas12a_lexA_T3_Experiment_Group_C01.fcs,A04,1,23.7,20_gen,SNR52,Yes,enAsCas12a,214,233,+,217,95.012,11610,11610,11610,20241218_enascas12a_lexA_SNR52_gfplib,SMA_P300003.jpg
enas_snr_yes,AD_20241205_gfplib_enascas12a_lexA_T3_Experiment_Group_C02.fcs,C03,1,23.6,20_gen,SNR52,Yes,enAsCas12a,214,233,+,214,93.28,12815,12815,12815,20241218_enascas12a_lexA_SNR52_gfplib,SMA_P300011.jpg
enas_snr_yes,AD_20241205_gfplib_enascas12a_lexA_T3_Experiment_Group_C03.fcs,E02,1,24.7,20_gen,SNR52,Yes,enAsCas12a,302,321,+,319,3.0120000000000036,557,557,557,20241218_enascas12a_lexA_SNR52_gfplib,SMA_P300019.jpg
enas_snr_yes,AD_20241205_gfplib_enascas12a_lexA_T3_Experiment_Group_D01.fcs,A04,2,23.4,20_gen,SNR52,Yes,enAsCas12a,214,233,+,217,95.292,11103,11103,11103,20241218_enascas12a_lexA_SNR52_gfplib,SMA_P300004.jpg
enas_snr_yes,AD_20241205_gfplib_enascas12a_lexA_T3_Experiment_Group_D02.fcs,C03,2,23.7,20_gen,SNR52,Yes,enAsCas12a,214,233,+,214,94.744,13972,13972,13972,20241218_enascas12a_lexA_SNR52_gfplib,SMA_P300012.jpg
enas_snr_yes,AD_20241205_gfplib_enascas12a_lexA_T3_Experiment_Group_D03.fcs,E02,2,24.6,20_gen,SNR52,Yes,enAsCas12a,302,321,+,319,4.032000000000002,521,521,521,20241218_enascas12a_lexA_SNR52_gfplib,SMA_P300020.jpg
enas_snr_yes,AD_20241205_gfplib_enascas12a_lexA_T3_Experiment_Group_E01.fcs,A09,1,23.6,20_gen,SNR52,Yes,enAsCas12a,NA,NA,NA,NA,0.49599999999999644,15515,15515,15515,20241218_enascas12a_lexA_SNR52_gfplib,SMA_P300005.jpg
enas_snr_yes,AD_20241205_gfplib_enascas12a_lexA_T3_Experiment_Group_E02.fcs,C04,1,21.7,20_gen,SNR52,Yes,enAsCas12a,254,273,+,268,93.95599999999999,14884,14884,14884,20241218_enascas12a_lexA_SNR52_gfplib,SMA_P300013.jpg
enas_snr_yes,AD_20241205_gfplib_enascas12a_lexA_T3_Experiment_Group_E03.fcs,E05,1,23.4,20_gen,SNR52,Yes,enAsCas12a,392,411,+,394,92.47999999999999,11893,11893,11893,20241218_enascas12a_lexA_SNR52_gfplib,SMA_P300021.jpg
enas_snr_yes,AD_20241205_gfplib_enascas12a_lexA_T3_Experiment_Group_F01.fcs,A09,2,23.6,20_gen,SNR52,Yes,enAsCas12a,NA,NA,NA,NA,0.6959999999999966,14966,14966,14966,20241218_enascas12a_lexA_SNR52_gfplib,SMA_P300006.jpg
enas_snr_yes,AD_20241205_gfplib_enascas12a_lexA_T3_Experiment_Group_F02.fcs,C04,2,21.7,20_gen,SNR52,Yes,enAsCas12a,254,273,+,268,93.852,15175,15175,15175,20241218_enascas12a_lexA_SNR52_gfplib,SMA_P300014.jpg
enas_snr_yes,AD_20241205_gfplib_enascas12a_lexA_T3_Experiment_Group_F03.fcs,E05,2,23.6,20_gen,SNR52,Yes,enAsCas12a,392,411,+,394,93.568,11187,11187,11187,20241218_enascas12a_lexA_SNR52_gfplib,SMA_P300022.jpg
enas_snr_yes,AD_20241205_gfplib_enascas12a_lexA_T3_Experiment_Group_G01.fcs,A12,1,21.3,20_gen,SNR52,Yes,enAsCas12a,130,134,-,142,56.699999999999996,9719,9719,9719,20241218_enascas12a_lexA_SNR52_gfplib,SMA_P300007.jpg
enas_snr_yes,AD_20241205_gfplib_enascas12a_lexA_T3_Experiment_Group_G02.fcs,C05,1,23.5,20_gen,SNR52,Yes,enAsCas12a,250,269,+,253,97.288,9701,9701,9701,20241218_enascas12a_lexA_SNR52_gfplib,SMA_P300015.jpg
enas_snr_yes,AD_20241205_gfplib_enascas12a_lexA_T3_Experiment_Group_G03.fcs,G03,1,23.9,20_gen,SNR52,Yes,enAsCas12a,140,159,+,154,98.912,11869,11869,11869,20241218_enascas12a_lexA_SNR52_gfplib,SMA_P300023.jpg
enas_snr_yes,AD_20241205_gfplib_enascas12a_lexA_T3_Experiment_Group_H01.fcs,A12,2,21.3,20_gen,SNR52,Yes,enAsCas12a,130,134,-,142,53.268,9885,9885,9885,20241218_enascas12a_lexA_SNR52_gfplib,SMA_P300008.jpg
enas_snr_yes,AD_20241205_gfplib_enascas12a_lexA_T3_Experiment_Group_H02.fcs,C05,2,24.3,20_gen,SNR52,Yes,enAsCas12a,250,269,+,253,97.872,8903,8903,8903,20241218_enascas12a_lexA_SNR52_gfplib,SMA_P300016.jpg
enas_snr_yes,AD_20241205_gfplib_enascas12a_lexA_T3_Experiment_Group_H03.fcs,G03,2,24.1,20_gen,SNR52,Yes,enAsCas12a,140,159,+,154,98.68400000000001,9112,9112,9112,20241218_enascas12a_lexA_SNR52_gfplib,SMA_P300024.jpg
fncas12a_rpr_no,AD_20241203_fnsnrrpr_casvariants_scraped_Experiment_Group_A05.fcs,A12,1,0,scraped,RPR1,No,FnCas12a,130,134,-,142,7.148000000000001,14312,14312,14312,20241123_fncas12a_rpr_gfplib,20241123_fncas12a_snr_gfplib00034.jpg
fncas12a_rpr_no,AD_20241203_fnsnrrpr_casvariants_scraped_Experiment_Group_A06.fcs,C05,1,0,scraped,RPR1,No,FnCas12a,250,269,+,253,3.2439999999999998,15077,15077,15077,20241123_fncas12a_rpr_gfplib,20241123_fncas12a_snr_gfplib00042.jpg
fncas12a_rpr_no,AD_20241203_fnsnrrpr_casvariants_scraped_Experiment_Group_A07.fcs,G03,1,0,scraped,RPR1,No,FnCas12a,140,159,+,154,17.5,16003,16003,16003,20241123_fncas12a_rpr_gfplib,20241123_fncas12a_snr_gfplib00050.jpg
fncas12a_rpr_no,AD_20241203_fnsnrrpr_casvariants_scraped_Experiment_Group_B05.fcs,A12,2,0,scraped,RPR1,No,FnCas12a,130,134,-,142,6.5360000000000005,15225,15225,15225,20241123_fncas12a_rpr_gfplib,20241123_fncas12a_snr_gfplib00035.jpg
fncas12a_rpr_no,AD_20241203_fnsnrrpr_casvariants_scraped_Experiment_Group_B06.fcs,C05,2,0,scraped,RPR1,No,FnCas12a,250,269,+,253,3.376,15184,15184,15184,20241123_fncas12a_rpr_gfplib,20241123_fncas12a_snr_gfplib00043.jpg
fncas12a_rpr_no,AD_20241203_fnsnrrpr_casvariants_scraped_Experiment_Group_B07.fcs,G03,2,0,scraped,RPR1,No,FnCas12a,140,159,+,154,17.916,15865,15865,15865,20241123_fncas12a_rpr_gfplib,20241123_fncas12a_snr_gfplib00051.jpg
fncas12a_rpr_no,AD_20241203_fnsnrrpr_casvariants_scraped_Experiment_Group_C04.fcs,A01,1,0,scraped,RPR1,No,FnCas12a,313,317,-,331,26.9954529555789,8037,8037,8037,20241123_fncas12a_rpr_gfplib,20241123_fncas12a_snr_gfplib00028.jpg
fncas12a_rpr_no,AD_20241203_fnsnrrpr_casvariants_scraped_Experiment_Group_C05.fcs,B05,1,0,scraped,RPR1,No,FnCas12a,130,134,-,133,29.1162275496479,16143,16143,16143,20241123_fncas12a_rpr_gfplib,20241123_fncas12a_snr_gfplib00036.jpg
fncas12a_rpr_no,AD_20241203_fnsnrrpr_casvariants_scraped_Experiment_Group_C06.fcs,E01,1,0,scraped,RPR1,No,FnCas12a,193,212,+,205,92.8708514721715,10008,10008,10008,20241123_fncas12a_rpr_gfplib,20241123_fncas12a_snr_gfplib00044.jpg
fncas12a_rpr_no,AD_20241203_fnsnrrpr_casvariants_scraped_Experiment_Group_C07.fcs,H11,1,0,scraped,RPR1,No,FnCas12a,140,159,+,157,26.709083525111698,15475,15475,15475,20241123_fncas12a_rpr_gfplib,20241123_fncas12a_snr_gfplib00052.jpg
fncas12a_rpr_no,AD_20241203_fnsnrrpr_casvariants_scraped_Experiment_Group_D04.fcs,A01,2,0,scraped,RPR1,No,FnCas12a,313,317,-,331,28.396461782717196,8891,8891,8891,20241123_fncas12a_rpr_gfplib,20241123_fncas12a_snr_gfplib00029.jpg
fncas12a_rpr_no,AD_20241203_fnsnrrpr_casvariants_scraped_Experiment_Group_D05.fcs,B05,2,0,scraped,RPR1,No,FnCas12a,130,134,-,133,17.12158808933,16280,16280,16280,20241123_fncas12a_rpr_gfplib,20241123_fncas12a_snr_gfplib00037.jpg
fncas12a_rpr_no,AD_20241203_fnsnrrpr_casvariants_scraped_Experiment_Group_D06.fcs,E01,2,0,scraped,RPR1,No,FnCas12a,193,212,+,205,91.3263321664722,10544,10544,10544,20241123_fncas12a_rpr_gfplib,20241123_fncas12a_snr_gfplib00045.jpg
fncas12a_rpr_no,AD_20241203_fnsnrrpr_casvariants_scraped_Experiment_Group_D07.fcs,H11,2,0,scraped,RPR1,No,FnCas12a,140,159,+,157,27.678486997635897,15594,15594,15594,20241123_fncas12a_rpr_gfplib,20241123_fncas12a_snr_gfplib00053.jpg
fncas12a_rpr_no,AD_20241203_fnsnrrpr_casvariants_scraped_Experiment_Group_E04.fcs,A04,1,0,scraped,RPR1,No,FnCas12a,214,233,+,217,14.3307086614173,15528,15528,15528,20241123_fncas12a_rpr_gfplib,20241123_fncas12a_snr_gfplib00030.jpg
fncas12a_rpr_no,AD_20241203_fnsnrrpr_casvariants_scraped_Experiment_Group_E05.fcs,C03,1,0,scraped,RPR1,No,FnCas12a,214,233,+,214,12.8309113439225,15682,15682,15682,20241123_fncas12a_rpr_gfplib,20241123_fncas12a_snr_gfplib00038.jpg
fncas12a_rpr_no,AD_20241203_fnsnrrpr_casvariants_scraped_Experiment_Group_E06.fcs,E02,1,0,scraped,RPR1,No,FnCas12a,302,321,+,319,99.039965865453,6132,6132,6132,20241123_fncas12a_rpr_gfplib,20241123_fncas12a_snr_gfplib00046.jpg
fncas12a_rpr_no,AD_20241203_fnsnrrpr_casvariants_scraped_Experiment_Group_F04.fcs,A04,2,0,scraped,RPR1,No,FnCas12a,214,233,+,217,21.271824443376598,15795,15795,15795,20241123_fncas12a_rpr_gfplib,20241123_fncas12a_snr_gfplib00031.jpg
fncas12a_rpr_no,AD_20241203_fnsnrrpr_casvariants_scraped_Experiment_Group_F05.fcs,C03,2,0,scraped,RPR1,No,FnCas12a,214,233,+,214,17.053571428571402,16091,16091,16091,20241123_fncas12a_rpr_gfplib,20241123_fncas12a_snr_gfplib00039.jpg
fncas12a_rpr_no,AD_20241203_fnsnrrpr_casvariants_scraped_Experiment_Group_F06.fcs,E02,2,0,scraped,RPR1,No,FnCas12a,302,321,+,319,98.6326911124922,6096,6096,6096,20241123_fncas12a_rpr_gfplib,20241123_fncas12a_snr_gfplib00047.jpg
fncas12a_rpr_no,AD_20241203_fnsnrrpr_casvariants_scraped_Experiment_Group_G04.fcs,A09,1,0,scraped,RPR1,No,FnCas12a,NA,NA,NA,NA,23.7414107418314,14449,14449,14449,20241123_fncas12a_rpr_gfplib,20241123_fncas12a_snr_gfplib00032.jpg
fncas12a_rpr_no,AD_20241203_fnsnrrpr_casvariants_scraped_Experiment_Group_G05.fcs,C04,1,0,scraped,RPR1,No,FnCas12a,254,273,+,268,18.223289315726298,14936,14936,14936,20241123_fncas12a_rpr_gfplib,20241123_fncas12a_snr_gfplib00040.jpg
fncas12a_rpr_no,AD_20241203_fnsnrrpr_casvariants_scraped_Experiment_Group_G06.fcs,E05,1,0,scraped,RPR1,No,FnCas12a,392,411,+,394,68.9914350638,10634,10634,10634,20241123_fncas12a_rpr_gfplib,20241123_fncas12a_snr_gfplib00048.jpg
fncas12a_rpr_no,AD_20241203_fnsnrrpr_casvariants_scraped_Experiment_Group_H04.fcs,A09,2,0,scraped,RPR1,No,FnCas12a,NA,NA,NA,NA,26.7101429166088,14743,14743,14743,20241123_fncas12a_rpr_gfplib,20241123_fncas12a_snr_gfplib00033.jpg
fncas12a_rpr_no,AD_20241203_fnsnrrpr_casvariants_scraped_Experiment_Group_H05.fcs,C04,2,0,scraped,RPR1,No,FnCas12a,254,273,+,268,28.639038117165498,15420,15420,15420,20241123_fncas12a_rpr_gfplib,20241123_fncas12a_snr_gfplib00041.jpg
fncas12a_rpr_no,AD_20241203_fnsnrrpr_casvariants_scraped_Experiment_Group_H06.fcs,E05,2,0,scraped,RPR1,No,FnCas12a,392,411,+,394,72.3894162795395,9749,9749,9749,20241123_fncas12a_rpr_gfplib,20241123_fncas12a_snr_gfplib00049.jpg
fncas12a_rpr_no,AD_20241203_fnsnrrpr_casvariants_timepoint1_Experiment_Group_A05.fcs,A01,1,5.1,6_gen,RPR1,No,FnCas12a,313,317,-,331,22.244,8037,8037,8037,20241123_fncas12a_rpr_gfplib,20241123_fncas12a_snr_gfplib00028.jpg
fncas12a_rpr_no,AD_20241203_fnsnrrpr_casvariants_timepoint1_Experiment_Group_A06.fcs,B05,1,1.6,6_gen,RPR1,No,FnCas12a,130,134,-,133,79.3048722425012,16143,16143,16143,20241123_fncas12a_rpr_gfplib,20241123_fncas12a_snr_gfplib00036.jpg
fncas12a_rpr_no,AD_20241203_fnsnrrpr_casvariants_timepoint1_Experiment_Group_A07.fcs,E01,1,6.1,6_gen,RPR1,No,FnCas12a,193,212,+,205,99.544,10008,10008,10008,20241123_fncas12a_rpr_gfplib,20241123_fncas12a_snr_gfplib00044.jpg
fncas12a_rpr_no,AD_20241203_fnsnrrpr_casvariants_timepoint1_Experiment_Group_A08.fcs,H11,1,3.2,6_gen,RPR1,No,FnCas12a,140,159,+,157,93.3150362673986,15475,15475,15475,20241123_fncas12a_rpr_gfplib,20241123_fncas12a_snr_gfplib00052.jpg
fncas12a_rpr_no,AD_20241203_fnsnrrpr_casvariants_timepoint1_Experiment_Group_B05.fcs,A01,2,5.5,6_gen,RPR1,No,FnCas12a,313,317,-,331,17.276,8891,8891,8891,20241123_fncas12a_rpr_gfplib,20241123_fncas12a_snr_gfplib00029.jpg
fncas12a_rpr_no,AD_20241203_fnsnrrpr_casvariants_timepoint1_Experiment_Group_B06.fcs,B05,2,3.7,6_gen,RPR1,No,FnCas12a,130,134,-,133,78.7468030690537,16280,16280,16280,20241123_fncas12a_rpr_gfplib,20241123_fncas12a_snr_gfplib00037.jpg
fncas12a_rpr_no,AD_20241203_fnsnrrpr_casvariants_timepoint1_Experiment_Group_B07.fcs,E01,2,6.1,6_gen,RPR1,No,FnCas12a,193,212,+,205,99.628,10544,10544,10544,20241123_fncas12a_rpr_gfplib,20241123_fncas12a_snr_gfplib00045.jpg
fncas12a_rpr_no,AD_20241203_fnsnrrpr_casvariants_timepoint1_Experiment_Group_B08.fcs,H11,2,3.5,6_gen,RPR1,No,FnCas12a,140,159,+,157,94.39655172413791,15594,15594,15594,20241123_fncas12a_rpr_gfplib,20241123_fncas12a_snr_gfplib00053.jpg
fncas12a_rpr_no,AD_20241203_fnsnrrpr_casvariants_timepoint1_Experiment_Group_C05.fcs,A04,1,2.3,6_gen,RPR1,No,FnCas12a,214,233,+,217,51.3551566349877,15528,15528,15528,20241123_fncas12a_rpr_gfplib,20241123_fncas12a_snr_gfplib00030.jpg
fncas12a_rpr_no,AD_20241203_fnsnrrpr_casvariants_timepoint1_Experiment_Group_C06.fcs,C03,1,4.5,6_gen,RPR1,No,FnCas12a,214,233,+,214,24.159738506359698,15682,15682,15682,20241123_fncas12a_rpr_gfplib,20241123_fncas12a_snr_gfplib00038.jpg
fncas12a_rpr_no,AD_20241203_fnsnrrpr_casvariants_timepoint1_Experiment_Group_C07.fcs,E02,1,4.9,6_gen,RPR1,No,FnCas12a,302,321,+,319,97.48970010539429,6132,6132,6132,20241123_fncas12a_rpr_gfplib,20241123_fncas12a_snr_gfplib00046.jpg
fncas12a_rpr_no,AD_20241203_fnsnrrpr_casvariants_timepoint1_Experiment_Group_D05.fcs,A04,2,3.2,6_gen,RPR1,No,FnCas12a,214,233,+,217,45.667256155625104,15795,15795,15795,20241123_fncas12a_rpr_gfplib,20241123_fncas12a_snr_gfplib00031.jpg
fncas12a_rpr_no,AD_20241203_fnsnrrpr_casvariants_timepoint1_Experiment_Group_D06.fcs,C03,2,4.3,6_gen,RPR1,No,FnCas12a,214,233,+,214,21.3179672031274,16091,16091,16091,20241123_fncas12a_rpr_gfplib,20241123_fncas12a_snr_gfplib00039.jpg
fncas12a_rpr_no,AD_20241203_fnsnrrpr_casvariants_timepoint1_Experiment_Group_D07.fcs,E02,2,4.6,6_gen,RPR1,No,FnCas12a,302,321,+,319,96.88084424258619,6096,6096,6096,20241123_fncas12a_rpr_gfplib,20241123_fncas12a_snr_gfplib00047.jpg
fncas12a_rpr_no,AD_20241203_fnsnrrpr_casvariants_timepoint1_Experiment_Group_E05.fcs,A09,1,7,6_gen,RPR1,No,FnCas12a,NA,NA,NA,NA,1.548,14449,14449,14449,20241123_fncas12a_rpr_gfplib,20241123_fncas12a_snr_gfplib00032.jpg
fncas12a_rpr_no,AD_20241203_fnsnrrpr_casvariants_timepoint1_Experiment_Group_E06.fcs,C04,1,3.2,6_gen,RPR1,No,FnCas12a,254,273,+,268,80.58,14936,14936,14936,20241123_fncas12a_rpr_gfplib,20241123_fncas12a_snr_gfplib00040.jpg
fncas12a_rpr_no,AD_20241203_fnsnrrpr_casvariants_timepoint1_Experiment_Group_E07.fcs,E05,1,5.6,6_gen,RPR1,No,FnCas12a,392,411,+,394,99.468,10634,10634,10634,20241123_fncas12a_rpr_gfplib,20241123_fncas12a_snr_gfplib00048.jpg
fncas12a_rpr_no,AD_20241203_fnsnrrpr_casvariants_timepoint1_Experiment_Group_F05.fcs,A09,2,6.7,6_gen,RPR1,No,FnCas12a,NA,NA,NA,NA,1.064,14743,14743,14743,20241123_fncas12a_rpr_gfplib,20241123_fncas12a_snr_gfplib00033.jpg
fncas12a_rpr_no,AD_20241203_fnsnrrpr_casvariants_timepoint1_Experiment_Group_F06.fcs,C04,2,3.4,6_gen,RPR1,No,FnCas12a,254,273,+,268,73.58,15420,15420,15420,20241123_fncas12a_rpr_gfplib,20241123_fncas12a_snr_gfplib00041.jpg
fncas12a_rpr_no,AD_20241203_fnsnrrpr_casvariants_timepoint1_Experiment_Group_F07.fcs,E05,2,5.7,6_gen,RPR1,No,FnCas12a,392,411,+,394,99.14,9749,9749,9749,20241123_fncas12a_rpr_gfplib,20241123_fncas12a_snr_gfplib00049.jpg
fncas12a_rpr_no,AD_20241203_fnsnrrpr_casvariants_timepoint1_Experiment_Group_G05.fcs,A12,1,2.8,6_gen,RPR1,No,FnCas12a,130,134,-,142,88.16000000000001,14312,14312,14312,20241123_fncas12a_rpr_gfplib,20241123_fncas12a_snr_gfplib00034.jpg
fncas12a_rpr_no,AD_20241203_fnsnrrpr_casvariants_timepoint1_Experiment_Group_G06.fcs,C05,1,6.1,6_gen,RPR1,No,FnCas12a,250,269,+,253,5.324,15077,15077,15077,20241123_fncas12a_rpr_gfplib,20241123_fncas12a_snr_gfplib00042.jpg
fncas12a_rpr_no,AD_20241203_fnsnrrpr_casvariants_timepoint1_Experiment_Group_G07.fcs,G03,1,4.9,6_gen,RPR1,No,FnCas12a,140,159,+,154,97.14399999999999,16003,16003,16003,20241123_fncas12a_rpr_gfplib,20241123_fncas12a_snr_gfplib00050.jpg
fncas12a_rpr_no,AD_20241203_fnsnrrpr_casvariants_timepoint1_Experiment_Group_H05.fcs,A12,2,3.9,6_gen,RPR1,No,FnCas12a,130,134,-,142,87.78,15225,15225,15225,20241123_fncas12a_rpr_gfplib,20241123_fncas12a_snr_gfplib00035.jpg
fncas12a_rpr_no,AD_20241203_fnsnrrpr_casvariants_timepoint1_Experiment_Group_H06.fcs,C05,2,5.9,6_gen,RPR1,No,FnCas12a,250,269,+,253,4.508,15184,15184,15184,20241123_fncas12a_rpr_gfplib,20241123_fncas12a_snr_gfplib00043.jpg
fncas12a_rpr_no,AD_20241203_fnsnrrpr_casvariants_timepoint1_Experiment_Group_H07.fcs,G03,2,4.4,6_gen,RPR1,No,FnCas12a,140,159,+,154,96.84,15865,15865,15865,20241123_fncas12a_rpr_gfplib,20241123_fncas12a_snr_gfplib00051.jpg
fncas12a_rpr_no,AD_20241203_fnsnrrpr_casvariants_timepoint2_glu_Experiment_Group_A05.fcs,A01,1,12.3,11_gen,RPR1,No,FnCas12a,313,317,-,331,20.108,8037,8037,8037,20241123_fncas12a_rpr_gfplib,20241123_fncas12a_snr_gfplib00028.jpg
fncas12a_rpr_no,AD_20241203_fnsnrrpr_casvariants_timepoint2_glu_Experiment_Group_A06.fcs,B05,1,9.7,11_gen,RPR1,No,FnCas12a,130,134,-,133,89.452,16143,16143,16143,20241123_fncas12a_rpr_gfplib,20241123_fncas12a_snr_gfplib00036.jpg
fncas12a_rpr_no,AD_20241203_fnsnrrpr_casvariants_timepoint2_glu_Experiment_Group_A07.fcs,E01,1,13.2,11_gen,RPR1,No,FnCas12a,193,212,+,205,99.456,10008,10008,10008,20241123_fncas12a_rpr_gfplib,20241123_fncas12a_snr_gfplib00044.jpg
fncas12a_rpr_no,AD_20241203_fnsnrrpr_casvariants_timepoint2_glu_Experiment_Group_A08.fcs,H11,1,10.8,11_gen,RPR1,No,FnCas12a,140,159,+,157,98.964,15475,15475,15475,20241123_fncas12a_rpr_gfplib,20241123_fncas12a_snr_gfplib00052.jpg
fncas12a_rpr_no,AD_20241203_fnsnrrpr_casvariants_timepoint2_glu_Experiment_Group_B05.fcs,A01,2,12.7,11_gen,RPR1,No,FnCas12a,313,317,-,331,15.323999999999998,8891,8891,8891,20241123_fncas12a_rpr_gfplib,20241123_fncas12a_snr_gfplib00029.jpg
fncas12a_rpr_no,AD_20241203_fnsnrrpr_casvariants_timepoint2_glu_Experiment_Group_B06.fcs,B05,2,9.2,11_gen,RPR1,No,FnCas12a,130,134,-,133,92.43599999999999,16280,16280,16280,20241123_fncas12a_rpr_gfplib,20241123_fncas12a_snr_gfplib00037.jpg
fncas12a_rpr_no,AD_20241203_fnsnrrpr_casvariants_timepoint2_glu_Experiment_Group_B07.fcs,E01,2,13.2,11_gen,RPR1,No,FnCas12a,193,212,+,205,99.476,10544,10544,10544,20241123_fncas12a_rpr_gfplib,20241123_fncas12a_snr_gfplib00045.jpg
fncas12a_rpr_no,AD_20241203_fnsnrrpr_casvariants_timepoint2_glu_Experiment_Group_B08.fcs,H11,2,10.5,11_gen,RPR1,No,FnCas12a,140,159,+,157,98.74000000000001,15594,15594,15594,20241123_fncas12a_rpr_gfplib,20241123_fncas12a_snr_gfplib00053.jpg
fncas12a_rpr_no,AD_20241203_fnsnrrpr_casvariants_timepoint2_glu_Experiment_Group_C05.fcs,A04,1,10.8,11_gen,RPR1,No,FnCas12a,214,233,+,217,45.216,15528,15528,15528,20241123_fncas12a_rpr_gfplib,20241123_fncas12a_snr_gfplib00030.jpg
fncas12a_rpr_no,AD_20241203_fnsnrrpr_casvariants_timepoint2_glu_Experiment_Group_C06.fcs,C03,1,10.8,11_gen,RPR1,No,FnCas12a,214,233,+,214,24.424,15682,15682,15682,20241123_fncas12a_rpr_gfplib,20241123_fncas12a_snr_gfplib00038.jpg
fncas12a_rpr_no,AD_20241203_fnsnrrpr_casvariants_timepoint2_glu_Experiment_Group_C07.fcs,E02,1,11,11_gen,RPR1,No,FnCas12a,302,321,+,319,96.38799999999999,6132,6132,6132,20241123_fncas12a_rpr_gfplib,20241123_fncas12a_snr_gfplib00046.jpg
fncas12a_rpr_no,AD_20241203_fnsnrrpr_casvariants_timepoint2_glu_Experiment_Group_D05.fcs,A04,2,11.2,11_gen,RPR1,No,FnCas12a,214,233,+,217,45.647999999999996,15795,15795,15795,20241123_fncas12a_rpr_gfplib,20241123_fncas12a_snr_gfplib00031.jpg
fncas12a_rpr_no,AD_20241203_fnsnrrpr_casvariants_timepoint2_glu_Experiment_Group_D06.fcs,C03,2,11.3,11_gen,RPR1,No,FnCas12a,214,233,+,214,21.035999999999998,16091,16091,16091,20241123_fncas12a_rpr_gfplib,20241123_fncas12a_snr_gfplib00039.jpg
fncas12a_rpr_no,AD_20241203_fnsnrrpr_casvariants_timepoint2_glu_Experiment_Group_D07.fcs,E02,2,11.1,11_gen,RPR1,No,FnCas12a,302,321,+,319,94.844,6096,6096,6096,20241123_fncas12a_rpr_gfplib,20241123_fncas12a_snr_gfplib00047.jpg
fncas12a_rpr_no,AD_20241203_fnsnrrpr_casvariants_timepoint2_glu_Experiment_Group_E05.fcs,A09,1,13.4,11_gen,RPR1,No,FnCas12a,NA,NA,NA,NA,0.704000000000005,14449,14449,14449,20241123_fncas12a_rpr_gfplib,20241123_fncas12a_snr_gfplib00032.jpg
fncas12a_rpr_no,AD_20241203_fnsnrrpr_casvariants_timepoint2_glu_Experiment_Group_E06.fcs,C04,1,10.8,11_gen,RPR1,No,FnCas12a,254,273,+,268,86.248,14936,14936,14936,20241123_fncas12a_rpr_gfplib,20241123_fncas12a_snr_gfplib00040.jpg
fncas12a_rpr_no,AD_20241203_fnsnrrpr_casvariants_timepoint2_glu_Experiment_Group_E07.fcs,E05,1,12.8,11_gen,RPR1,No,FnCas12a,392,411,+,394,99.80799999999999,10634,10634,10634,20241123_fncas12a_rpr_gfplib,20241123_fncas12a_snr_gfplib00048.jpg
fncas12a_rpr_no,AD_20241203_fnsnrrpr_casvariants_timepoint2_glu_Experiment_Group_F05.fcs,A09,2,13.5,11_gen,RPR1,No,FnCas12a,NA,NA,NA,NA,0.724000000000002,14743,14743,14743,20241123_fncas12a_rpr_gfplib,20241123_fncas12a_snr_gfplib00033.jpg
fncas12a_rpr_no,AD_20241203_fnsnrrpr_casvariants_timepoint2_glu_Experiment_Group_F06.fcs,C04,2,10.6,11_gen,RPR1,No,FnCas12a,254,273,+,268,80.56,15420,15420,15420,20241123_fncas12a_rpr_gfplib,20241123_fncas12a_snr_gfplib00041.jpg
fncas12a_rpr_no,AD_20241203_fnsnrrpr_casvariants_timepoint2_glu_Experiment_Group_F07.fcs,E05,2,13.3,11_gen,RPR1,No,FnCas12a,392,411,+,394,99.272,9749,9749,9749,20241123_fncas12a_rpr_gfplib,20241123_fncas12a_snr_gfplib00049.jpg
fncas12a_rpr_no,AD_20241203_fnsnrrpr_casvariants_timepoint2_glu_Experiment_Group_G05.fcs,A12,1,10.8,11_gen,RPR1,No,FnCas12a,130,134,-,142,94.452,14312,14312,14312,20241123_fncas12a_rpr_gfplib,20241123_fncas12a_snr_gfplib00034.jpg
fncas12a_rpr_no,AD_20241203_fnsnrrpr_casvariants_timepoint2_glu_Experiment_Group_G06.fcs,C05,1,13,11_gen,RPR1,No,FnCas12a,250,269,+,253,5.276,15077,15077,15077,20241123_fncas12a_rpr_gfplib,20241123_fncas12a_snr_gfplib00042.jpg
fncas12a_rpr_no,AD_20241203_fnsnrrpr_casvariants_timepoint2_glu_Experiment_Group_G07.fcs,G03,1,12,11_gen,RPR1,No,FnCas12a,140,159,+,154,99.572,16003,16003,16003,20241123_fncas12a_rpr_gfplib,20241123_fncas12a_snr_gfplib00050.jpg
fncas12a_rpr_no,AD_20241203_fnsnrrpr_casvariants_timepoint2_glu_Experiment_Group_H05.fcs,A12,2,10.8,11_gen,RPR1,No,FnCas12a,130,134,-,142,95.06,15225,15225,15225,20241123_fncas12a_rpr_gfplib,20241123_fncas12a_snr_gfplib00035.jpg
fncas12a_rpr_no,AD_20241203_fnsnrrpr_casvariants_timepoint2_glu_Experiment_Group_H06.fcs,C05,2,13.1,11_gen,RPR1,No,FnCas12a,250,269,+,253,4.0120000000000005,15184,15184,15184,20241123_fncas12a_rpr_gfplib,20241123_fncas12a_snr_gfplib00043.jpg
fncas12a_rpr_no,AD_20241203_fnsnrrpr_casvariants_timepoint2_glu_Experiment_Group_H07.fcs,G03,2,11.4,11_gen,RPR1,No,FnCas12a,140,159,+,154,99.32,15865,15865,15865,20241123_fncas12a_rpr_gfplib,20241123_fncas12a_snr_gfplib00051.jpg
fncas12a_rpr_no,AD_20241203_fnsnrrpr_casvariants_timepoint3_glu_Experiment_Group_A05.fcs,A01,1,18.7,20_gen,RPR1,No,FnCas12a,313,317,-,331,29.387999999999998,8037,8037,8037,20241123_fncas12a_rpr_gfplib,20241123_fncas12a_snr_gfplib00028.jpg
fncas12a_rpr_no,AD_20241203_fnsnrrpr_casvariants_timepoint3_glu_Experiment_Group_A06.fcs,B05,1,17.9,20_gen,RPR1,No,FnCas12a,130,134,-,133,97.26,16143,16143,16143,20241123_fncas12a_rpr_gfplib,20241123_fncas12a_snr_gfplib00036.jpg
fncas12a_rpr_no,AD_20241203_fnsnrrpr_casvariants_timepoint3_glu_Experiment_Group_A07.fcs,E01,1,19.8,20_gen,RPR1,No,FnCas12a,193,212,+,205,99.576,10008,10008,10008,20241123_fncas12a_rpr_gfplib,20241123_fncas12a_snr_gfplib00044.jpg
fncas12a_rpr_no,AD_20241203_fnsnrrpr_casvariants_timepoint3_glu_Experiment_Group_A08.fcs,H11,1,17.3,20_gen,RPR1,No,FnCas12a,140,159,+,157,99.58,15475,15475,15475,20241123_fncas12a_rpr_gfplib,20241123_fncas12a_snr_gfplib00052.jpg
fncas12a_rpr_no,AD_20241203_fnsnrrpr_casvariants_timepoint3_glu_Experiment_Group_B05.fcs,A01,2,19.3,20_gen,RPR1,No,FnCas12a,313,317,-,331,23.28,8891,8891,8891,20241123_fncas12a_rpr_gfplib,20241123_fncas12a_snr_gfplib00029.jpg
fncas12a_rpr_no,AD_20241203_fnsnrrpr_casvariants_timepoint3_glu_Experiment_Group_B06.fcs,B05,2,16.2,20_gen,RPR1,No,FnCas12a,130,134,-,133,97.112,16280,16280,16280,20241123_fncas12a_rpr_gfplib,20241123_fncas12a_snr_gfplib00037.jpg
fncas12a_rpr_no,AD_20241203_fnsnrrpr_casvariants_timepoint3_glu_Experiment_Group_B07.fcs,E01,2,19.2,20_gen,RPR1,No,FnCas12a,193,212,+,205,99.592,10544,10544,10544,20241123_fncas12a_rpr_gfplib,20241123_fncas12a_snr_gfplib00045.jpg
fncas12a_rpr_no,AD_20241203_fnsnrrpr_casvariants_timepoint3_glu_Experiment_Group_B08.fcs,H11,2,17.2,20_gen,RPR1,No,FnCas12a,140,159,+,157,99.072,15594,15594,15594,20241123_fncas12a_rpr_gfplib,20241123_fncas12a_snr_gfplib00053.jpg
fncas12a_rpr_no,AD_20241203_fnsnrrpr_casvariants_timepoint3_glu_Experiment_Group_C05.fcs,A04,1,19.7,20_gen,RPR1,No,FnCas12a,214,233,+,217,64.05999999999999,15528,15528,15528,20241123_fncas12a_rpr_gfplib,20241123_fncas12a_snr_gfplib00030.jpg
fncas12a_rpr_no,AD_20241203_fnsnrrpr_casvariants_timepoint3_glu_Experiment_Group_C06.fcs,C03,1,16.7,20_gen,RPR1,No,FnCas12a,214,233,+,214,34.264,15682,15682,15682,20241123_fncas12a_rpr_gfplib,20241123_fncas12a_snr_gfplib00038.jpg
fncas12a_rpr_no,AD_20241203_fnsnrrpr_casvariants_timepoint3_glu_Experiment_Group_C07.fcs,E02,1,18,20_gen,RPR1,No,FnCas12a,302,321,+,319,96.908,6132,6132,6132,20241123_fncas12a_rpr_gfplib,20241123_fncas12a_snr_gfplib00046.jpg
fncas12a_rpr_no,AD_20241203_fnsnrrpr_casvariants_timepoint3_glu_Experiment_Group_D05.fcs,A04,2,20.1,20_gen,RPR1,No,FnCas12a,214,233,+,217,59.452000000000005,15795,15795,15795,20241123_fncas12a_rpr_gfplib,20241123_fncas12a_snr_gfplib00031.jpg
fncas12a_rpr_no,AD_20241203_fnsnrrpr_casvariants_timepoint3_glu_Experiment_Group_D06.fcs,C03,2,16.1,20_gen,RPR1,No,FnCas12a,214,233,+,214,31.203999999999997,16091,16091,16091,20241123_fncas12a_rpr_gfplib,20241123_fncas12a_snr_gfplib00039.jpg
fncas12a_rpr_no,AD_20241203_fnsnrrpr_casvariants_timepoint3_glu_Experiment_Group_D07.fcs,E02,2,18.1,20_gen,RPR1,No,FnCas12a,302,321,+,319,95.236,6096,6096,6096,20241123_fncas12a_rpr_gfplib,20241123_fncas12a_snr_gfplib00047.jpg
fncas12a_rpr_no,AD_20241203_fnsnrrpr_casvariants_timepoint3_glu_Experiment_Group_E05.fcs,A09,1,19.6,20_gen,RPR1,No,FnCas12a,NA,NA,NA,NA,0.9800000000000029,14449,14449,14449,20241123_fncas12a_rpr_gfplib,20241123_fncas12a_snr_gfplib00032.jpg
fncas12a_rpr_no,AD_20241203_fnsnrrpr_casvariants_timepoint3_glu_Experiment_Group_E06.fcs,C04,1,18.2,20_gen,RPR1,No,FnCas12a,254,273,+,268,92.392,14936,14936,14936,20241123_fncas12a_rpr_gfplib,20241123_fncas12a_snr_gfplib00040.jpg
fncas12a_rpr_no,AD_20241203_fnsnrrpr_casvariants_timepoint3_glu_Experiment_Group_E07.fcs,E05,1,19,20_gen,RPR1,No,FnCas12a,392,411,+,394,99.896,10634,10634,10634,20241123_fncas12a_rpr_gfplib,20241123_fncas12a_snr_gfplib00048.jpg
fncas12a_rpr_no,AD_20241203_fnsnrrpr_casvariants_timepoint3_glu_Experiment_Group_F05.fcs,A09,2,19.4,20_gen,RPR1,No,FnCas12a,NA,NA,NA,NA,0.9159999999999949,14743,14743,14743,20241123_fncas12a_rpr_gfplib,20241123_fncas12a_snr_gfplib00033.jpg
fncas12a_rpr_no,AD_20241203_fnsnrrpr_casvariants_timepoint3_glu_Experiment_Group_F06.fcs,C04,2,19.4,20_gen,RPR1,No,FnCas12a,254,273,+,268,86.42800000000001,15420,15420,15420,20241123_fncas12a_rpr_gfplib,20241123_fncas12a_snr_gfplib00041.jpg
fncas12a_rpr_no,AD_20241203_fnsnrrpr_casvariants_timepoint3_glu_Experiment_Group_F07.fcs,E05,2,20.4,20_gen,RPR1,No,FnCas12a,392,411,+,394,99.532,9749,9749,9749,20241123_fncas12a_rpr_gfplib,20241123_fncas12a_snr_gfplib00049.jpg
fncas12a_rpr_no,AD_20241203_fnsnrrpr_casvariants_timepoint3_glu_Experiment_Group_G05.fcs,A12,1,19.3,20_gen,RPR1,No,FnCas12a,130,134,-,142,98.24000000000001,14312,14312,14312,20241123_fncas12a_rpr_gfplib,20241123_fncas12a_snr_gfplib00034.jpg
fncas12a_rpr_no,AD_20241203_fnsnrrpr_casvariants_timepoint3_glu_Experiment_Group_G06.fcs,C05,1,19.5,20_gen,RPR1,No,FnCas12a,250,269,+,253,7.596,15077,15077,15077,20241123_fncas12a_rpr_gfplib,20241123_fncas12a_snr_gfplib00042.jpg
fncas12a_rpr_no,AD_20241203_fnsnrrpr_casvariants_timepoint3_glu_Experiment_Group_G07.fcs,G03,1,19.7,20_gen,RPR1,No,FnCas12a,140,159,+,154,99.792,16003,16003,16003,20241123_fncas12a_rpr_gfplib,20241123_fncas12a_snr_gfplib00050.jpg
fncas12a_rpr_no,AD_20241203_fnsnrrpr_casvariants_timepoint3_glu_Experiment_Group_H05.fcs,A12,2,17.2,20_gen,RPR1,No,FnCas12a,130,134,-,142,98.34,15225,15225,15225,20241123_fncas12a_rpr_gfplib,20241123_fncas12a_snr_gfplib00035.jpg
fncas12a_rpr_no,AD_20241203_fnsnrrpr_casvariants_timepoint3_glu_Experiment_Group_H06.fcs,C05,2,19.8,20_gen,RPR1,No,FnCas12a,250,269,+,253,6.58,15184,15184,15184,20241123_fncas12a_rpr_gfplib,20241123_fncas12a_snr_gfplib00043.jpg
fncas12a_rpr_no,AD_20241203_fnsnrrpr_casvariants_timepoint3_glu_Experiment_Group_H07.fcs,G03,2,19.4,20_gen,RPR1,No,FnCas12a,140,159,+,154,99.8,15865,15865,15865,20241123_fncas12a_rpr_gfplib,20241123_fncas12a_snr_gfplib00051.jpg
fncas12a_rpr_yes,AD_20241205_gfplib_fncas12a_lexA_snrrpr_scraped_Experiment_Group_A05.fcs,A01,1,0,scraped,RPR1,Yes,FnCas12a,313,317,-,331,3.7479999999999998,11612,11612,11612,20241204_fncas12a_lexA_RPR1,fncas12a_lexA_snr5200027.jpg
fncas12a_rpr_yes,AD_20241205_gfplib_fncas12a_lexA_snrrpr_scraped_Experiment_Group_A06.fcs,B05,1,0,scraped,RPR1,Yes,FnCas12a,130,134,-,133,24.796000000000003,16239,16239,16239,20241204_fncas12a_lexA_RPR1,fncas12a_lexA_snr5200035.jpg
fncas12a_rpr_yes,AD_20241205_gfplib_fncas12a_lexA_snrrpr_scraped_Experiment_Group_A07.fcs,E01,1,0,scraped,RPR1,Yes,FnCas12a,193,212,+,205,98.032,13940,13940,13940,20241204_fncas12a_lexA_RPR1,fncas12a_lexA_snr5200043.jpg
fncas12a_rpr_yes,AD_20241205_gfplib_fncas12a_lexA_snrrpr_scraped_Experiment_Group_A08.fcs,H11,1,0,scraped,RPR1,Yes,FnCas12a,140,159,+,157,43.348,17329,17329,17329,20241204_fncas12a_lexA_RPR1,fncas12a_lexA_snr5200051.jpg
fncas12a_rpr_yes,AD_20241205_gfplib_fncas12a_lexA_snrrpr_scraped_Experiment_Group_B05.fcs,A01,2,0,scraped,RPR1,Yes,FnCas12a,313,317,-,331,3.004,12350,12350,12350,20241204_fncas12a_lexA_RPR1,fncas12a_lexA_snr5200028.jpg
fncas12a_rpr_yes,AD_20241205_gfplib_fncas12a_lexA_snrrpr_scraped_Experiment_Group_B06.fcs,B05,2,0,scraped,RPR1,Yes,FnCas12a,130,134,-,133,18.523999999999997,17078,17078,17078,20241204_fncas12a_lexA_RPR1,fncas12a_lexA_snr5200036.jpg
fncas12a_rpr_yes,AD_20241205_gfplib_fncas12a_lexA_snrrpr_scraped_Experiment_Group_B07.fcs,E01,2,0,scraped,RPR1,Yes,FnCas12a,193,212,+,205,96.664,15257,15257,15257,20241204_fncas12a_lexA_RPR1,fncas12a_lexA_snr5200044.jpg
fncas12a_rpr_yes,AD_20241205_gfplib_fncas12a_lexA_snrrpr_scraped_Experiment_Group_B08.fcs,H11,2,0,scraped,RPR1,Yes,FnCas12a,140,159,+,157,38.896,16848,16848,16848,20241204_fncas12a_lexA_RPR1,fncas12a_lexA_snr5200052.jpg
fncas12a_rpr_yes,AD_20241205_gfplib_fncas12a_lexA_snrrpr_scraped_Experiment_Group_C05.fcs,A04,1,0,scraped,RPR1,Yes,FnCas12a,214,233,+,217,3.688,15892,15892,15892,20241204_fncas12a_lexA_RPR1,fncas12a_lexA_snr5200029.jpg
fncas12a_rpr_yes,AD_20241205_gfplib_fncas12a_lexA_snrrpr_scraped_Experiment_Group_C06.fcs,C03,1,0,scraped,RPR1,Yes,FnCas12a,214,233,+,214,3.62,17209,17209,17209,20241204_fncas12a_lexA_RPR1,fncas12a_lexA_snr5200037.jpg
fncas12a_rpr_yes,AD_20241205_gfplib_fncas12a_lexA_snrrpr_scraped_Experiment_Group_C07.fcs,E02,1,0,scraped,RPR1,Yes,FnCas12a,302,321,+,319,99.632,14533,14533,14533,20241204_fncas12a_lexA_RPR1,fncas12a_lexA_snr5200045.jpg
fncas12a_rpr_yes,AD_20241205_gfplib_fncas12a_lexA_snrrpr_scraped_Experiment_Group_D05.fcs,A04,2,0,scraped,RPR1,Yes,FnCas12a,214,233,+,217,3.5680000000000005,17081,17081,17081,20241204_fncas12a_lexA_RPR1,fncas12a_lexA_snr5200030.jpg
fncas12a_rpr_yes,AD_20241205_gfplib_fncas12a_lexA_snrrpr_scraped_Experiment_Group_D06.fcs,C03,2,0,scraped,RPR1,Yes,FnCas12a,214,233,+,214,2.604,14861,14861,14861,20241204_fncas12a_lexA_RPR1,fncas12a_lexA_snr5200038.jpg
fncas12a_rpr_yes,AD_20241205_gfplib_fncas12a_lexA_snrrpr_scraped_Experiment_Group_D07.fcs,E02,2,0,scraped,RPR1,Yes,FnCas12a,302,321,+,319,99.47200000000001,16180,16180,16180,20241204_fncas12a_lexA_RPR1,fncas12a_lexA_snr5200046.jpg
fncas12a_rpr_yes,AD_20241205_gfplib_fncas12a_lexA_snrrpr_scraped_Experiment_Group_E05.fcs,A09,1,0,scraped,RPR1,Yes,FnCas12a,NA,NA,NA,NA,2.7359999999999998,14974,14974,14974,20241204_fncas12a_lexA_RPR1,fncas12a_lexA_snr5200031.jpg
fncas12a_rpr_yes,AD_20241205_gfplib_fncas12a_lexA_snrrpr_scraped_Experiment_Group_E06.fcs,C04,1,0,scraped,RPR1,Yes,FnCas12a,254,273,+,268,5.896,16396,16396,16396,20241204_fncas12a_lexA_RPR1,fncas12a_lexA_snr5200039.jpg
fncas12a_rpr_yes,AD_20241205_gfplib_fncas12a_lexA_snrrpr_scraped_Experiment_Group_E07.fcs,E05,1,0,scraped,RPR1,Yes,FnCas12a,392,411,+,394,97.88,13192,13192,13192,20241204_fncas12a_lexA_RPR1,fncas12a_lexA_snr5200047.jpg
fncas12a_rpr_yes,AD_20241205_gfplib_fncas12a_lexA_snrrpr_scraped_Experiment_Group_F05.fcs,A09,2,0,scraped,RPR1,Yes,FnCas12a,NA,NA,NA,NA,4.136,16226,16226,16226,20241204_fncas12a_lexA_RPR1,fncas12a_lexA_snr5200032.jpg
fncas12a_rpr_yes,AD_20241205_gfplib_fncas12a_lexA_snrrpr_scraped_Experiment_Group_F06.fcs,C04,2,0,scraped,RPR1,Yes,FnCas12a,254,273,+,268,6.364,16914,16914,16914,20241204_fncas12a_lexA_RPR1,fncas12a_lexA_snr5200040.jpg
fncas12a_rpr_yes,AD_20241205_gfplib_fncas12a_lexA_snrrpr_scraped_Experiment_Group_F07.fcs,E05,2,0,scraped,RPR1,Yes,FnCas12a,392,411,+,394,94.66799999999999,16076,16076,16076,20241204_fncas12a_lexA_RPR1,fncas12a_lexA_snr5200048.jpg
fncas12a_rpr_yes,AD_20241205_gfplib_fncas12a_lexA_snrrpr_scraped_Experiment_Group_G05.fcs,A12,1,0,scraped,RPR1,Yes,FnCas12a,130,134,-,142,9.916,15602,15602,15602,20241204_fncas12a_lexA_RPR1,fncas12a_lexA_snr5200033.jpg
fncas12a_rpr_yes,AD_20241205_gfplib_fncas12a_lexA_snrrpr_scraped_Experiment_Group_G06.fcs,C05,1,0,scraped,RPR1,Yes,FnCas12a,250,269,+,253,5.34,17384,17384,17384,20241204_fncas12a_lexA_RPR1,fncas12a_lexA_snr5200041.jpg
fncas12a_rpr_yes,AD_20241205_gfplib_fncas12a_lexA_snrrpr_scraped_Experiment_Group_G07.fcs,G03,1,0,scraped,RPR1,Yes,FnCas12a,140,159,+,154,51.648,18439,18439,18439,20241204_fncas12a_lexA_RPR1,fncas12a_lexA_snr5200049.jpg
fncas12a_rpr_yes,AD_20241205_gfplib_fncas12a_lexA_snrrpr_scraped_Experiment_Group_H05.fcs,A12,2,0,scraped,RPR1,Yes,FnCas12a,130,134,-,142,9.828000000000001,16328,16328,16328,20241204_fncas12a_lexA_RPR1,fncas12a_lexA_snr5200034.jpg
fncas12a_rpr_yes,AD_20241205_gfplib_fncas12a_lexA_snrrpr_scraped_Experiment_Group_H06.fcs,C05,2,0,scraped,RPR1,Yes,FnCas12a,250,269,+,253,3.832,17519,17519,17519,20241204_fncas12a_lexA_RPR1,fncas12a_lexA_snr5200042.jpg
fncas12a_rpr_yes,AD_20241205_gfplib_fncas12a_lexA_snrrpr_scraped_Experiment_Group_H07.fcs,G03,2,0,scraped,RPR1,Yes,FnCas12a,140,159,+,154,44.972,17903,17903,17903,20241204_fncas12a_lexA_RPR1,fncas12a_lexA_snr5200050.jpg
fncas12a_rpr_yes,AD_20241205_gfplib_fncas12a_lexA_snrrpr_timepoint2_Experiment_Group_rpr_A08.fcs,A01,1,5.4,6_gen,RPR1,Yes,FnCas12a,313,317,-,331,21.52,11612,11612,11612,20241204_fncas12a_lexA_RPR1,fncas12a_lexA_snr5200027.jpg
fncas12a_rpr_yes,AD_20241205_gfplib_fncas12a_lexA_snrrpr_timepoint2_Experiment_Group_rpr_A09.fcs,B05,1,6.1,6_gen,RPR1,Yes,FnCas12a,130,134,-,133,94.484,16239,16239,16239,20241204_fncas12a_lexA_RPR1,fncas12a_lexA_snr5200035.jpg
fncas12a_rpr_yes,AD_20241205_gfplib_fncas12a_lexA_snrrpr_timepoint2_Experiment_Group_rpr_A10.fcs,E01,1,6.8,6_gen,RPR1,Yes,FnCas12a,193,212,+,205,99.92,13940,13940,13940,20241204_fncas12a_lexA_RPR1,fncas12a_lexA_snr5200043.jpg
fncas12a_rpr_yes,AD_20241205_gfplib_fncas12a_lexA_snrrpr_timepoint2_Experiment_Group_rpr_A11.fcs,H11,1,4.8,6_gen,RPR1,Yes,FnCas12a,140,159,+,157,98.244,17329,17329,17329,20241204_fncas12a_lexA_RPR1,fncas12a_lexA_snr5200051.jpg
fncas12a_rpr_yes,AD_20241205_gfplib_fncas12a_lexA_snrrpr_timepoint2_Experiment_Group_rpr_B08.fcs,A01,2,7.1,6_gen,RPR1,Yes,FnCas12a,313,317,-,331,15.18,12350,12350,12350,20241204_fncas12a_lexA_RPR1,fncas12a_lexA_snr5200028.jpg
fncas12a_rpr_yes,AD_20241205_gfplib_fncas12a_lexA_snrrpr_timepoint2_Experiment_Group_rpr_B09.fcs,B05,2,5.9,6_gen,RPR1,Yes,FnCas12a,130,134,-,133,91.884,17078,17078,17078,20241204_fncas12a_lexA_RPR1,fncas12a_lexA_snr5200036.jpg
fncas12a_rpr_yes,AD_20241205_gfplib_fncas12a_lexA_snrrpr_timepoint2_Experiment_Group_rpr_B10.fcs,E01,2,6.3,6_gen,RPR1,Yes,FnCas12a,193,212,+,205,99.92,15257,15257,15257,20241204_fncas12a_lexA_RPR1,fncas12a_lexA_snr5200044.jpg
fncas12a_rpr_yes,AD_20241205_gfplib_fncas12a_lexA_snrrpr_timepoint2_Experiment_Group_rpr_B11.fcs,H11,2,6,6_gen,RPR1,Yes,FnCas12a,140,159,+,157,98.732,16848,16848,16848,20241204_fncas12a_lexA_RPR1,fncas12a_lexA_snr5200052.jpg
fncas12a_rpr_yes,AD_20241205_gfplib_fncas12a_lexA_snrrpr_timepoint2_Experiment_Group_rpr_C08.fcs,A04,1,6.6,6_gen,RPR1,Yes,FnCas12a,214,233,+,217,36.352000000000004,15892,15892,15892,20241204_fncas12a_lexA_RPR1,fncas12a_lexA_snr5200029.jpg
fncas12a_rpr_yes,AD_20241205_gfplib_fncas12a_lexA_snrrpr_timepoint2_Experiment_Group_rpr_C09.fcs,C03,1,6.2,6_gen,RPR1,Yes,FnCas12a,214,233,+,214,27.996,17209,17209,17209,20241204_fncas12a_lexA_RPR1,fncas12a_lexA_snr5200037.jpg
fncas12a_rpr_yes,AD_20241205_gfplib_fncas12a_lexA_snrrpr_timepoint2_Experiment_Group_rpr_C10.fcs,E02,1,5.6,6_gen,RPR1,Yes,FnCas12a,302,321,+,319,99.844,14533,14533,14533,20241204_fncas12a_lexA_RPR1,fncas12a_lexA_snr5200045.jpg
fncas12a_rpr_yes,AD_20241205_gfplib_fncas12a_lexA_snrrpr_timepoint2_Experiment_Group_rpr_D08.fcs,A04,2,6.6,6_gen,RPR1,Yes,FnCas12a,214,233,+,217,33.716,17081,17081,17081,20241204_fncas12a_lexA_RPR1,fncas12a_lexA_snr5200030.jpg
fncas12a_rpr_yes,AD_20241205_gfplib_fncas12a_lexA_snrrpr_timepoint2_Experiment_Group_rpr_D09.fcs,C03,2,6.4,6_gen,RPR1,Yes,FnCas12a,214,233,+,214,28.448,14861,14861,14861,20241204_fncas12a_lexA_RPR1,fncas12a_lexA_snr5200038.jpg
fncas12a_rpr_yes,AD_20241205_gfplib_fncas12a_lexA_snrrpr_timepoint2_Experiment_Group_rpr_D10.fcs,E02,2,5,6_gen,RPR1,Yes,FnCas12a,302,321,+,319,99.792,16180,16180,16180,20241204_fncas12a_lexA_RPR1,fncas12a_lexA_snr5200046.jpg
fncas12a_rpr_yes,AD_20241205_gfplib_fncas12a_lexA_snrrpr_timepoint2_Experiment_Group_rpr_E08.fcs,A09,1,7.5,6_gen,RPR1,Yes,FnCas12a,NA,NA,NA,NA,1.488,14974,14974,14974,20241204_fncas12a_lexA_RPR1,fncas12a_lexA_snr5200031.jpg
fncas12a_rpr_yes,AD_20241205_gfplib_fncas12a_lexA_snrrpr_timepoint2_Experiment_Group_rpr_E09.fcs,C04,1,6.3,6_gen,RPR1,Yes,FnCas12a,254,273,+,268,65.068,16396,16396,16396,20241204_fncas12a_lexA_RPR1,fncas12a_lexA_snr5200039.jpg
fncas12a_rpr_yes,AD_20241205_gfplib_fncas12a_lexA_snrrpr_timepoint2_Experiment_Group_rpr_E10.fcs,E05,1,6.8,6_gen,RPR1,Yes,FnCas12a,392,411,+,394,99.91600000000001,13192,13192,13192,20241204_fncas12a_lexA_RPR1,fncas12a_lexA_snr5200047.jpg
fncas12a_rpr_yes,AD_20241205_gfplib_fncas12a_lexA_snrrpr_timepoint2_Experiment_Group_rpr_F08.fcs,A09,2,7.2,6_gen,RPR1,Yes,FnCas12a,NA,NA,NA,NA,1.3639999999999999,16226,16226,16226,20241204_fncas12a_lexA_RPR1,fncas12a_lexA_snr5200032.jpg
fncas12a_rpr_yes,AD_20241205_gfplib_fncas12a_lexA_snrrpr_timepoint2_Experiment_Group_rpr_F09.fcs,C04,2,6.2,6_gen,RPR1,Yes,FnCas12a,254,273,+,268,60.104,16914,16914,16914,20241204_fncas12a_lexA_RPR1,fncas12a_lexA_snr5200040.jpg
fncas12a_rpr_yes,AD_20241205_gfplib_fncas12a_lexA_snrrpr_timepoint2_Experiment_Group_rpr_F10.fcs,E05,2,6.6,6_gen,RPR1,Yes,FnCas12a,392,411,+,394,99.88,16076,16076,16076,20241204_fncas12a_lexA_RPR1,fncas12a_lexA_snr5200048.jpg
fncas12a_rpr_yes,AD_20241205_gfplib_fncas12a_lexA_snrrpr_timepoint2_Experiment_Group_rpr_G08.fcs,A12,1,7.3,6_gen,RPR1,Yes,FnCas12a,130,134,-,142,84.952,15602,15602,15602,20241204_fncas12a_lexA_RPR1,fncas12a_lexA_snr5200033.jpg
fncas12a_rpr_yes,AD_20241205_gfplib_fncas12a_lexA_snrrpr_timepoint2_Experiment_Group_rpr_G09.fcs,C05,1,6.6,6_gen,RPR1,Yes,FnCas12a,250,269,+,253,9.796000000000001,17384,17384,17384,20241204_fncas12a_lexA_RPR1,fncas12a_lexA_snr5200041.jpg
fncas12a_rpr_yes,AD_20241205_gfplib_fncas12a_lexA_snrrpr_timepoint2_Experiment_Group_rpr_G10.fcs,G03,1,7.1,6_gen,RPR1,Yes,FnCas12a,140,159,+,154,99.56,18439,18439,18439,20241204_fncas12a_lexA_RPR1,fncas12a_lexA_snr5200049.jpg
fncas12a_rpr_yes,AD_20241205_gfplib_fncas12a_lexA_snrrpr_timepoint2_Experiment_Group_rpr_H08.fcs,A12,2,7.1,6_gen,RPR1,Yes,FnCas12a,130,134,-,142,84.02,16328,16328,16328,20241204_fncas12a_lexA_RPR1,fncas12a_lexA_snr5200034.jpg
fncas12a_rpr_yes,AD_20241205_gfplib_fncas12a_lexA_snrrpr_timepoint2_Experiment_Group_rpr_H09.fcs,C05,2,7,6_gen,RPR1,Yes,FnCas12a,250,269,+,253,5.484,17519,17519,17519,20241204_fncas12a_lexA_RPR1,fncas12a_lexA_snr5200042.jpg
fncas12a_rpr_yes,AD_20241205_gfplib_fncas12a_lexA_snrrpr_timepoint2_Experiment_Group_rpr_H10.fcs,G03,2,5.9,6_gen,RPR1,Yes,FnCas12a,140,159,+,154,99.248,17903,17903,17903,20241204_fncas12a_lexA_RPR1,fncas12a_lexA_snr5200050.jpg
fncas12a_rpr_yes,AD_20241205_gfplib_fncas12a_lexA_snrrpr_timepoint3_Experiment_Group_A05.fcs,A01,1,12.1,11_gen,RPR1,Yes,FnCas12a,313,317,-,331,18.272,11612,11612,11612,20241204_fncas12a_lexA_RPR1,fncas12a_lexA_snr5200027.jpg
fncas12a_rpr_yes,AD_20241205_gfplib_fncas12a_lexA_snrrpr_timepoint3_Experiment_Group_A06.fcs,B05,1,10.3,11_gen,RPR1,Yes,FnCas12a,130,134,-,133,94.6739726027397,16239,16239,16239,20241204_fncas12a_lexA_RPR1,fncas12a_lexA_snr5200035.jpg
fncas12a_rpr_yes,AD_20241205_gfplib_fncas12a_lexA_snrrpr_timepoint3_Experiment_Group_A07.fcs,E01,1,10.7,11_gen,RPR1,Yes,FnCas12a,193,212,+,205,93.2336505059659,13940,13940,13940,20241204_fncas12a_lexA_RPR1,fncas12a_lexA_snr5200043.jpg
fncas12a_rpr_yes,AD_20241205_gfplib_fncas12a_lexA_snrrpr_timepoint3_Experiment_Group_A08.fcs,H11,1,9.2,11_gen,RPR1,Yes,FnCas12a,140,159,+,157,94.732,17329,17329,17329,20241204_fncas12a_lexA_RPR1,fncas12a_lexA_snr5200051.jpg
fncas12a_rpr_yes,AD_20241205_gfplib_fncas12a_lexA_snrrpr_timepoint3_Experiment_Group_B05.fcs,A01,2,11.9,11_gen,RPR1,Yes,FnCas12a,313,317,-,331,19.06,12350,12350,12350,20241204_fncas12a_lexA_RPR1,fncas12a_lexA_snr5200028.jpg
fncas12a_rpr_yes,AD_20241205_gfplib_fncas12a_lexA_snrrpr_timepoint3_Experiment_Group_B06.fcs,B05,2,10.7,11_gen,RPR1,Yes,FnCas12a,130,134,-,133,99.35199999999999,17078,17078,17078,20241204_fncas12a_lexA_RPR1,fncas12a_lexA_snr5200036.jpg
fncas12a_rpr_yes,AD_20241205_gfplib_fncas12a_lexA_snrrpr_timepoint3_Experiment_Group_B07.fcs,E01,2,8.8,11_gen,RPR1,Yes,FnCas12a,193,212,+,205,97.5099037917374,15257,15257,15257,20241204_fncas12a_lexA_RPR1,fncas12a_lexA_snr5200044.jpg
fncas12a_rpr_yes,AD_20241205_gfplib_fncas12a_lexA_snrrpr_timepoint3_Experiment_Group_B08.fcs,H11,2,9.9,11_gen,RPR1,Yes,FnCas12a,140,159,+,157,92.4632550155563,16848,16848,16848,20241204_fncas12a_lexA_RPR1,fncas12a_lexA_snr5200052.jpg
fncas12a_rpr_yes,AD_20241205_gfplib_fncas12a_lexA_snrrpr_timepoint3_Experiment_Group_C05.fcs,A04,1,11.7,11_gen,RPR1,Yes,FnCas12a,214,233,+,217,72.16799999999999,15892,15892,15892,20241204_fncas12a_lexA_RPR1,fncas12a_lexA_snr5200029.jpg
fncas12a_rpr_yes,AD_20241205_gfplib_fncas12a_lexA_snrrpr_timepoint3_Experiment_Group_C06.fcs,C03,1,10.1,11_gen,RPR1,Yes,FnCas12a,214,233,+,214,61.348,17209,17209,17209,20241204_fncas12a_lexA_RPR1,fncas12a_lexA_snr5200037.jpg
fncas12a_rpr_yes,AD_20241205_gfplib_fncas12a_lexA_snrrpr_timepoint3_Experiment_Group_C07.fcs,E02,1,10,11_gen,RPR1,Yes,FnCas12a,302,321,+,319,99.944,14533,14533,14533,20241204_fncas12a_lexA_RPR1,fncas12a_lexA_snr5200045.jpg
fncas12a_rpr_yes,AD_20241205_gfplib_fncas12a_lexA_snrrpr_timepoint3_Experiment_Group_D05.fcs,A04,2,11.9,11_gen,RPR1,Yes,FnCas12a,214,233,+,217,72.49600000000001,17081,17081,17081,20241204_fncas12a_lexA_RPR1,fncas12a_lexA_snr5200030.jpg
fncas12a_rpr_yes,AD_20241205_gfplib_fncas12a_lexA_snrrpr_timepoint3_Experiment_Group_D06.fcs,C03,2,10.6,11_gen,RPR1,Yes,FnCas12a,214,233,+,214,67.012,14861,14861,14861,20241204_fncas12a_lexA_RPR1,fncas12a_lexA_snr5200038.jpg
fncas12a_rpr_yes,AD_20241205_gfplib_fncas12a_lexA_snrrpr_timepoint3_Experiment_Group_D07.fcs,E02,2,10.2,11_gen,RPR1,Yes,FnCas12a,302,321,+,319,99.94800000000001,16180,16180,16180,20241204_fncas12a_lexA_RPR1,fncas12a_lexA_snr5200046.jpg
fncas12a_rpr_yes,AD_20241205_gfplib_fncas12a_lexA_snrrpr_timepoint3_Experiment_Group_E05.fcs,A09,1,12,11_gen,RPR1,Yes,FnCas12a,NA,NA,NA,NA,0.804000000000005,14974,14974,14974,20241204_fncas12a_lexA_RPR1,fncas12a_lexA_snr5200031.jpg
fncas12a_rpr_yes,AD_20241205_gfplib_fncas12a_lexA_snrrpr_timepoint3_Experiment_Group_E06.fcs,C04,1,11.1,11_gen,RPR1,Yes,FnCas12a,254,273,+,268,70.488,16396,16396,16396,20241204_fncas12a_lexA_RPR1,fncas12a_lexA_snr5200039.jpg
fncas12a_rpr_yes,AD_20241205_gfplib_fncas12a_lexA_snrrpr_timepoint3_Experiment_Group_E07.fcs,E05,1,10.6,11_gen,RPR1,Yes,FnCas12a,392,411,+,394,99.97200000000001,13192,13192,13192,20241204_fncas12a_lexA_RPR1,fncas12a_lexA_snr5200047.jpg
fncas12a_rpr_yes,AD_20241205_gfplib_fncas12a_lexA_snrrpr_timepoint3_Experiment_Group_F05.fcs,A09,2,11.5,11_gen,RPR1,Yes,FnCas12a,NA,NA,NA,NA,1.876,16226,16226,16226,20241204_fncas12a_lexA_RPR1,fncas12a_lexA_snr5200032.jpg
fncas12a_rpr_yes,AD_20241205_gfplib_fncas12a_lexA_snrrpr_timepoint3_Experiment_Group_F06.fcs,C04,2,10.4,11_gen,RPR1,Yes,FnCas12a,254,273,+,268,71.136,16914,16914,16914,20241204_fncas12a_lexA_RPR1,fncas12a_lexA_snr5200040.jpg
fncas12a_rpr_yes,AD_20241205_gfplib_fncas12a_lexA_snrrpr_timepoint3_Experiment_Group_F07.fcs,E05,2,11.5,11_gen,RPR1,Yes,FnCas12a,392,411,+,394,99.964,16076,16076,16076,20241204_fncas12a_lexA_RPR1,fncas12a_lexA_snr5200048.jpg
fncas12a_rpr_yes,AD_20241205_gfplib_fncas12a_lexA_snrrpr_timepoint3_Experiment_Group_G05.fcs,A12,1,11.9,11_gen,RPR1,Yes,FnCas12a,130,134,-,142,99.92,15602,15602,15602,20241204_fncas12a_lexA_RPR1,fncas12a_lexA_snr5200033.jpg
fncas12a_rpr_yes,AD_20241205_gfplib_fncas12a_lexA_snrrpr_timepoint3_Experiment_Group_G06.fcs,C05,1,11,11_gen,RPR1,Yes,FnCas12a,250,269,+,253,3.904,17384,17384,17384,20241204_fncas12a_lexA_RPR1,fncas12a_lexA_snr5200041.jpg
fncas12a_rpr_yes,AD_20241205_gfplib_fncas12a_lexA_snrrpr_timepoint3_Experiment_Group_G07.fcs,G03,1,9.8,11_gen,RPR1,Yes,FnCas12a,140,159,+,154,96.2878541191794,18439,18439,18439,20241204_fncas12a_lexA_RPR1,fncas12a_lexA_snr5200049.jpg
fncas12a_rpr_yes,AD_20241205_gfplib_fncas12a_lexA_snrrpr_timepoint3_Experiment_Group_H05.fcs,A12,2,12,11_gen,RPR1,Yes,FnCas12a,130,134,-,142,99.944,16328,16328,16328,20241204_fncas12a_lexA_RPR1,fncas12a_lexA_snr5200034.jpg
fncas12a_rpr_yes,AD_20241205_gfplib_fncas12a_lexA_snrrpr_timepoint3_Experiment_Group_H06.fcs,C05,2,10.8,11_gen,RPR1,Yes,FnCas12a,250,269,+,253,12.68,17519,17519,17519,20241204_fncas12a_lexA_RPR1,fncas12a_lexA_snr5200042.jpg
fncas12a_rpr_yes,AD_20241205_gfplib_fncas12a_lexA_snrrpr_timepoint3_Experiment_Group_H07.fcs,G03,2,10.6,11_gen,RPR1,Yes,FnCas12a,140,159,+,154,96.952,17903,17903,17903,20241204_fncas12a_lexA_RPR1,fncas12a_lexA_snr5200050.jpg
fncas12a_rpr_yes,AD_20241205_gfplib_fncas12a_lexA_snrrpr_timepoint4_Experiment_Group_A05.fcs,A01,1,20.9,20_gen,RPR1,Yes,FnCas12a,313,317,-,331,25.288,11612,11612,11612,20241204_fncas12a_lexA_RPR1,fncas12a_lexA_snr5200027.jpg
fncas12a_rpr_yes,AD_20241205_gfplib_fncas12a_lexA_snrrpr_timepoint4_Experiment_Group_A06.fcs,B05,1,16.2,20_gen,RPR1,Yes,FnCas12a,130,134,-,133,99.47200000000001,16239,16239,16239,20241204_fncas12a_lexA_RPR1,fncas12a_lexA_snr5200035.jpg
fncas12a_rpr_yes,AD_20241205_gfplib_fncas12a_lexA_snrrpr_timepoint4_Experiment_Group_A07.fcs,E01,1,15.6,20_gen,RPR1,Yes,FnCas12a,193,212,+,205,99.9,13940,13940,13940,20241204_fncas12a_lexA_RPR1,fncas12a_lexA_snr5200043.jpg
fncas12a_rpr_yes,AD_20241205_gfplib_fncas12a_lexA_snrrpr_timepoint4_Experiment_Group_A08.fcs,H11,1,16.9,20_gen,RPR1,Yes,FnCas12a,140,159,+,157,98.028,17329,17329,17329,20241204_fncas12a_lexA_RPR1,fncas12a_lexA_snr5200051.jpg
fncas12a_rpr_yes,AD_20241205_gfplib_fncas12a_lexA_snrrpr_timepoint4_Experiment_Group_B05.fcs,A01,2,20.2,20_gen,RPR1,Yes,FnCas12a,313,317,-,331,23.372,12350,12350,12350,20241204_fncas12a_lexA_RPR1,fncas12a_lexA_snr5200028.jpg
fncas12a_rpr_yes,AD_20241205_gfplib_fncas12a_lexA_snrrpr_timepoint4_Experiment_Group_B06.fcs,B05,2,18.7,20_gen,RPR1,Yes,FnCas12a,130,134,-,133,98.816,17078,17078,17078,20241204_fncas12a_lexA_RPR1,fncas12a_lexA_snr5200036.jpg
fncas12a_rpr_yes,AD_20241205_gfplib_fncas12a_lexA_snrrpr_timepoint4_Experiment_Group_B07.fcs,E01,2,15.1,20_gen,RPR1,Yes,FnCas12a,193,212,+,205,99.956,15257,15257,15257,20241204_fncas12a_lexA_RPR1,fncas12a_lexA_snr5200044.jpg
fncas12a_rpr_yes,AD_20241205_gfplib_fncas12a_lexA_snrrpr_timepoint4_Experiment_Group_B08.fcs,H11,2,15.1,20_gen,RPR1,Yes,FnCas12a,140,159,+,157,97.1,16848,16848,16848,20241204_fncas12a_lexA_RPR1,fncas12a_lexA_snr5200052.jpg
fncas12a_rpr_yes,AD_20241205_gfplib_fncas12a_lexA_snrrpr_timepoint4_Experiment_Group_C05.fcs,A04,1,20.2,20_gen,RPR1,Yes,FnCas12a,214,233,+,217,83.74000000000001,15892,15892,15892,20241204_fncas12a_lexA_RPR1,fncas12a_lexA_snr5200029.jpg
fncas12a_rpr_yes,AD_20241205_gfplib_fncas12a_lexA_snrrpr_timepoint4_Experiment_Group_C06.fcs,C03,1,18,20_gen,RPR1,Yes,FnCas12a,214,233,+,214,74.28,17209,17209,17209,20241204_fncas12a_lexA_RPR1,fncas12a_lexA_snr5200037.jpg
fncas12a_rpr_yes,AD_20241205_gfplib_fncas12a_lexA_snrrpr_timepoint4_Experiment_Group_C07.fcs,E02,1,18.5,20_gen,RPR1,Yes,FnCas12a,302,321,+,319,99.988,14533,14533,14533,20241204_fncas12a_lexA_RPR1,fncas12a_lexA_snr5200045.jpg
fncas12a_rpr_yes,AD_20241205_gfplib_fncas12a_lexA_snrrpr_timepoint4_Experiment_Group_D05.fcs,A04,2,20.6,20_gen,RPR1,Yes,FnCas12a,214,233,+,217,82.988,17081,17081,17081,20241204_fncas12a_lexA_RPR1,fncas12a_lexA_snr5200030.jpg
fncas12a_rpr_yes,AD_20241205_gfplib_fncas12a_lexA_snrrpr_timepoint4_Experiment_Group_D06.fcs,C03,2,18.8,20_gen,RPR1,Yes,FnCas12a,214,233,+,214,78.176,14861,14861,14861,20241204_fncas12a_lexA_RPR1,fncas12a_lexA_snr5200038.jpg
fncas12a_rpr_yes,AD_20241205_gfplib_fncas12a_lexA_snrrpr_timepoint4_Experiment_Group_D07.fcs,E02,2,19.1,20_gen,RPR1,Yes,FnCas12a,302,321,+,319,99.92,16180,16180,16180,20241204_fncas12a_lexA_RPR1,fncas12a_lexA_snr5200046.jpg
fncas12a_rpr_yes,AD_20241205_gfplib_fncas12a_lexA_snrrpr_timepoint4_Experiment_Group_E05.fcs,A09,1,20.1,20_gen,RPR1,Yes,FnCas12a,NA,NA,NA,NA,1.25999999999999,14974,14974,14974,20241204_fncas12a_lexA_RPR1,fncas12a_lexA_snr5200031.jpg
fncas12a_rpr_yes,AD_20241205_gfplib_fncas12a_lexA_snrrpr_timepoint4_Experiment_Group_E06.fcs,C04,1,19.2,20_gen,RPR1,Yes,FnCas12a,254,273,+,268,78.464,16396,16396,16396,20241204_fncas12a_lexA_RPR1,fncas12a_lexA_snr5200039.jpg
fncas12a_rpr_yes,AD_20241205_gfplib_fncas12a_lexA_snrrpr_timepoint4_Experiment_Group_E07.fcs,E05,1,18.7,20_gen,RPR1,Yes,FnCas12a,392,411,+,394,99.964,13192,13192,13192,20241204_fncas12a_lexA_RPR1,fncas12a_lexA_snr5200047.jpg
fncas12a_rpr_yes,AD_20241205_gfplib_fncas12a_lexA_snrrpr_timepoint4_Experiment_Group_F05.fcs,A09,2,20.1,20_gen,RPR1,Yes,FnCas12a,NA,NA,NA,NA,0.7120000000000021,16226,16226,16226,20241204_fncas12a_lexA_RPR1,fncas12a_lexA_snr5200032.jpg
fncas12a_rpr_yes,AD_20241205_gfplib_fncas12a_lexA_snrrpr_timepoint4_Experiment_Group_F06.fcs,C04,2,19,20_gen,RPR1,Yes,FnCas12a,254,273,+,268,76.024,16914,16914,16914,20241204_fncas12a_lexA_RPR1,fncas12a_lexA_snr5200040.jpg
fncas12a_rpr_yes,AD_20241205_gfplib_fncas12a_lexA_snrrpr_timepoint4_Experiment_Group_F07.fcs,E05,2,20.3,20_gen,RPR1,Yes,FnCas12a,392,411,+,394,99.88,16076,16076,16076,20241204_fncas12a_lexA_RPR1,fncas12a_lexA_snr5200048.jpg
fncas12a_rpr_yes,AD_20241205_gfplib_fncas12a_lexA_snrrpr_timepoint4_Experiment_Group_G05.fcs,A12,1,19.2,20_gen,RPR1,Yes,FnCas12a,130,134,-,142,99.944,15602,15602,15602,20241204_fncas12a_lexA_RPR1,fncas12a_lexA_snr5200033.jpg
fncas12a_rpr_yes,AD_20241205_gfplib_fncas12a_lexA_snrrpr_timepoint4_Experiment_Group_G06.fcs,C05,1,19.6,20_gen,RPR1,Yes,FnCas12a,250,269,+,253,3.64,17384,17384,17384,20241204_fncas12a_lexA_RPR1,fncas12a_lexA_snr5200041.jpg
fncas12a_rpr_yes,AD_20241205_gfplib_fncas12a_lexA_snrrpr_timepoint4_Experiment_Group_G07.fcs,G03,1,16.9,20_gen,RPR1,Yes,FnCas12a,140,159,+,154,98.536,18439,18439,18439,20241204_fncas12a_lexA_RPR1,fncas12a_lexA_snr5200049.jpg
fncas12a_rpr_yes,AD_20241205_gfplib_fncas12a_lexA_snrrpr_timepoint4_Experiment_Group_H05.fcs,A12,2,20.4,20_gen,RPR1,Yes,FnCas12a,130,134,-,142,99.964,16328,16328,16328,20241204_fncas12a_lexA_RPR1,fncas12a_lexA_snr5200034.jpg
fncas12a_rpr_yes,AD_20241205_gfplib_fncas12a_lexA_snrrpr_timepoint4_Experiment_Group_H06.fcs,C05,2,18.8,20_gen,RPR1,Yes,FnCas12a,250,269,+,253,11.192,17519,17519,17519,20241204_fncas12a_lexA_RPR1,fncas12a_lexA_snr5200042.jpg
fncas12a_rpr_yes,AD_20241205_gfplib_fncas12a_lexA_snrrpr_timepoint4_Experiment_Group_H07.fcs,G03,2,19.3,20_gen,RPR1,Yes,FnCas12a,140,159,+,154,98.832,17903,17903,17903,20241204_fncas12a_lexA_RPR1,fncas12a_lexA_snr5200050.jpg
fncas12a_snr_no,AD_20241203_fnsnrrpr_casvariants_scraped_Experiment_Group_A01.fcs,A01,1,0,scraped,SNR52,No,FnCas12a,313,317,-,331,19.704,13310,13310,13310,20241123_fncas12a_snr_gfplib,20241123_fncas12a_snr_gfplib00001.jpg
fncas12a_snr_no,AD_20241203_fnsnrrpr_casvariants_scraped_Experiment_Group_A02.fcs,B05,1,0,scraped,SNR52,No,FnCas12a,130,134,-,133,67.8780537048254,12533,12533,12533,20241123_fncas12a_snr_gfplib,20241123_fncas12a_snr_gfplib00009.jpg
fncas12a_snr_no,AD_20241203_fnsnrrpr_casvariants_scraped_Experiment_Group_A03.fcs,E01,1,0,scraped,SNR52,No,FnCas12a,193,212,+,205,98.98789195901891,8030,8030,8030,20241123_fncas12a_snr_gfplib,20241123_fncas12a_snr_gfplib00017.jpg
fncas12a_snr_no,AD_20241203_fnsnrrpr_casvariants_scraped_Experiment_Group_A04.fcs,H11,1,0,scraped,SNR52,No,FnCas12a,140,159,+,157,10.66,14272,14272,14272,20241123_fncas12a_snr_gfplib,20241123_fncas12a_snr_gfplib00025.jpg
fncas12a_snr_no,AD_20241203_fnsnrrpr_casvariants_scraped_Experiment_Group_B01.fcs,A01,2,0,scraped,SNR52,No,FnCas12a,313,317,-,331,5.748,14631,14631,14631,20241123_fncas12a_snr_gfplib,20241123_fncas12a_snr_gfplib00002.jpg
fncas12a_snr_no,AD_20241203_fnsnrrpr_casvariants_scraped_Experiment_Group_B02.fcs,B05,2,0,scraped,SNR52,No,FnCas12a,130,134,-,133,58.028,12835,12835,12835,20241123_fncas12a_snr_gfplib,20241123_fncas12a_snr_gfplib00010.jpg
fncas12a_snr_no,AD_20241203_fnsnrrpr_casvariants_scraped_Experiment_Group_B03.fcs,E01,2,0,scraped,SNR52,No,FnCas12a,193,212,+,205,97.396,8316,8316,8316,20241123_fncas12a_snr_gfplib,20241123_fncas12a_snr_gfplib00018.jpg
fncas12a_snr_no,AD_20241203_fnsnrrpr_casvariants_scraped_Experiment_Group_B04.fcs,H11,2,0,scraped,SNR52,No,FnCas12a,140,159,+,157,10.372,14533,14533,14533,20241123_fncas12a_snr_gfplib,20241123_fncas12a_snr_gfplib00026.jpg
fncas12a_snr_no,AD_20241203_fnsnrrpr_casvariants_scraped_Experiment_Group_C01.fcs,A04,1,0,scraped,SNR52,No,FnCas12a,214,233,+,217,25.8620689655172,15445,15445,15445,20241123_fncas12a_snr_gfplib,20241123_fncas12a_snr_gfplib00003.jpg
fncas12a_snr_no,AD_20241203_fnsnrrpr_casvariants_scraped_Experiment_Group_C02.fcs,C03,1,0,scraped,SNR52,No,FnCas12a,214,233,+,214,24.4270462633452,15165,15165,15165,20241123_fncas12a_snr_gfplib,20241123_fncas12a_snr_gfplib00011.jpg
fncas12a_snr_no,AD_20241203_fnsnrrpr_casvariants_scraped_Experiment_Group_C03.fcs,E02,1,0,scraped,SNR52,No,FnCas12a,302,321,+,319,94.0776797485042,9912,9912,9912,20241123_fncas12a_snr_gfplib,20241123_fncas12a_snr_gfplib00019.jpg
fncas12a_snr_no,AD_20241203_fnsnrrpr_casvariants_scraped_Experiment_Group_D01.fcs,A04,2,0,scraped,SNR52,No,FnCas12a,214,233,+,217,21.7738398105097,15341,15341,15341,20241123_fncas12a_snr_gfplib,20241123_fncas12a_snr_gfplib00004.jpg
fncas12a_snr_no,AD_20241203_fnsnrrpr_casvariants_scraped_Experiment_Group_D02.fcs,C03,2,0,scraped,SNR52,No,FnCas12a,214,233,+,214,21.0427754780209,15726,15726,15726,20241123_fncas12a_snr_gfplib,20241123_fncas12a_snr_gfplib00012.jpg
fncas12a_snr_no,AD_20241203_fnsnrrpr_casvariants_scraped_Experiment_Group_D03.fcs,E02,2,0,scraped,SNR52,No,FnCas12a,302,321,+,319,93.70782578213999,10226,10226,10226,20241123_fncas12a_snr_gfplib,20241123_fncas12a_snr_gfplib00020.jpg
fncas12a_snr_no,AD_20241203_fnsnrrpr_casvariants_scraped_Experiment_Group_E01.fcs,A09,1,0,scraped,SNR52,No,FnCas12a,NA,NA,NA,NA,14.113685652322799,15242,15242,15242,20241123_fncas12a_snr_gfplib,20241123_fncas12a_snr_gfplib00005.jpg
fncas12a_snr_no,AD_20241203_fnsnrrpr_casvariants_scraped_Experiment_Group_E02.fcs,C04,1,0,scraped,SNR52,No,FnCas12a,254,273,+,268,14.3427410883115,15145,15145,15145,20241123_fncas12a_snr_gfplib,20241123_fncas12a_snr_gfplib00013.jpg
fncas12a_snr_no,AD_20241203_fnsnrrpr_casvariants_scraped_Experiment_Group_E03.fcs,E05,1,0,scraped,SNR52,No,FnCas12a,392,411,+,394,72.5564750615075,10160,10160,10160,20241123_fncas12a_snr_gfplib,20241123_fncas12a_snr_gfplib00021.jpg
fncas12a_snr_no,AD_20241203_fnsnrrpr_casvariants_scraped_Experiment_Group_F01.fcs,A09,2,0,scraped,SNR52,No,FnCas12a,NA,NA,NA,NA,19.1708499221049,14834,14834,14834,20241123_fncas12a_snr_gfplib,20241123_fncas12a_snr_gfplib00006.jpg
fncas12a_snr_no,AD_20241203_fnsnrrpr_casvariants_scraped_Experiment_Group_F02.fcs,C04,2,0,scraped,SNR52,No,FnCas12a,254,273,+,268,14.8767100843778,15006,15006,15006,20241123_fncas12a_snr_gfplib,20241123_fncas12a_snr_gfplib00014.jpg
fncas12a_snr_no,AD_20241203_fnsnrrpr_casvariants_scraped_Experiment_Group_F03.fcs,E05,2,0,scraped,SNR52,No,FnCas12a,392,411,+,394,74.4505985349294,10235,10235,10235,20241123_fncas12a_snr_gfplib,20241123_fncas12a_snr_gfplib00022.jpg
fncas12a_snr_no,AD_20241203_fnsnrrpr_casvariants_scraped_Experiment_Group_G01.fcs,A12,1,0,scraped,SNR52,No,FnCas12a,130,134,-,142,74.1024776672847,11787,11787,11787,20241123_fncas12a_snr_gfplib,20241123_fncas12a_snr_gfplib00007.jpg
fncas12a_snr_no,AD_20241203_fnsnrrpr_casvariants_scraped_Experiment_Group_G02.fcs,C05,1,0,scraped,SNR52,No,FnCas12a,250,269,+,253,24.8784672576494,11604,11604,11604,20241123_fncas12a_snr_gfplib,20241123_fncas12a_snr_gfplib00015.jpg
fncas12a_snr_no,AD_20241203_fnsnrrpr_casvariants_scraped_Experiment_Group_G03.fcs,G03,1,0,scraped,SNR52,No,FnCas12a,140,159,+,154,26.0004104247897,12662,12662,12662,20241123_fncas12a_snr_gfplib,20241123_fncas12a_snr_gfplib00023.jpg
fncas12a_snr_no,AD_20241203_fnsnrrpr_casvariants_scraped_Experiment_Group_H01.fcs,A12,2,0,scraped,SNR52,No,FnCas12a,130,134,-,142,75.5940498422307,12025,12025,12025,20241123_fncas12a_snr_gfplib,20241123_fncas12a_snr_gfplib00008.jpg
fncas12a_snr_no,AD_20241203_fnsnrrpr_casvariants_scraped_Experiment_Group_H02.fcs,C05,2,0,scraped,SNR52,No,FnCas12a,250,269,+,253,31.7138364779874,11961,11961,11961,20241123_fncas12a_snr_gfplib,20241123_fncas12a_snr_gfplib00016.jpg
fncas12a_snr_no,AD_20241203_fnsnrrpr_casvariants_scraped_Experiment_Group_H03.fcs,G03,2,0,scraped,SNR52,No,FnCas12a,140,159,+,154,27.9817659547896,13632,13632,13632,20241123_fncas12a_snr_gfplib,20241123_fncas12a_snr_gfplib00024.jpg
fncas12a_snr_no,AD_20241203_fnsnrrpr_casvariants_timepoint1_Experiment_Group_A01.fcs,A01,1,4.4,6_gen,SNR52,No,FnCas12a,313,317,-,331,41.152,13310,13310,13310,20241123_fncas12a_snr_gfplib,20241123_fncas12a_snr_gfplib00001.jpg
fncas12a_snr_no,AD_20241203_fnsnrrpr_casvariants_timepoint1_Experiment_Group_A02.fcs,B05,1,4,6_gen,SNR52,No,FnCas12a,130,134,-,133,95.6215014186029,12533,12533,12533,20241123_fncas12a_snr_gfplib,20241123_fncas12a_snr_gfplib00009.jpg
fncas12a_snr_no,AD_20241203_fnsnrrpr_casvariants_timepoint1_Experiment_Group_A03.fcs,E01,1,6.8,6_gen,SNR52,No,FnCas12a,193,212,+,205,99.908,8030,8030,8030,20241123_fncas12a_snr_gfplib,20241123_fncas12a_snr_gfplib00017.jpg
fncas12a_snr_no,AD_20241203_fnsnrrpr_casvariants_timepoint1_Experiment_Group_A04.fcs,H11,1,4.6,6_gen,SNR52,No,FnCas12a,140,159,+,157,84.15599999999999,14272,14272,14272,20241123_fncas12a_snr_gfplib,20241123_fncas12a_snr_gfplib00025.jpg
fncas12a_snr_no,AD_20241203_fnsnrrpr_casvariants_timepoint1_Experiment_Group_B01.fcs,A01,2,5.1,6_gen,SNR52,No,FnCas12a,313,317,-,331,25.791999999999998,14631,14631,14631,20241123_fncas12a_snr_gfplib,20241123_fncas12a_snr_gfplib00002.jpg
fncas12a_snr_no,AD_20241203_fnsnrrpr_casvariants_timepoint1_Experiment_Group_B02.fcs,B05,2,2.1,6_gen,SNR52,No,FnCas12a,130,134,-,133,94.9196031474512,12835,12835,12835,20241123_fncas12a_snr_gfplib,20241123_fncas12a_snr_gfplib00010.jpg
fncas12a_snr_no,AD_20241203_fnsnrrpr_casvariants_timepoint1_Experiment_Group_B03.fcs,E01,2,6.8,6_gen,SNR52,No,FnCas12a,193,212,+,205,99.864,8316,8316,8316,20241123_fncas12a_snr_gfplib,20241123_fncas12a_snr_gfplib00018.jpg
fncas12a_snr_no,AD_20241203_fnsnrrpr_casvariants_timepoint1_Experiment_Group_B04.fcs,H11,2,3.8,6_gen,SNR52,No,FnCas12a,140,159,+,157,81.2249134948097,14533,14533,14533,20241123_fncas12a_snr_gfplib,20241123_fncas12a_snr_gfplib00026.jpg
fncas12a_snr_no,AD_20241203_fnsnrrpr_casvariants_timepoint1_Experiment_Group_C01.fcs,A04,1,3.4,6_gen,SNR52,No,FnCas12a,214,233,+,217,80.5793350587298,15445,15445,15445,20241123_fncas12a_snr_gfplib,20241123_fncas12a_snr_gfplib00003.jpg
fncas12a_snr_no,AD_20241203_fnsnrrpr_casvariants_timepoint1_Experiment_Group_C02.fcs,C03,1,2.4,6_gen,SNR52,No,FnCas12a,214,233,+,214,56.0827759197324,15165,15165,15165,20241123_fncas12a_snr_gfplib,20241123_fncas12a_snr_gfplib00011.jpg
fncas12a_snr_no,AD_20241203_fnsnrrpr_casvariants_timepoint1_Experiment_Group_C03.fcs,E02,1,4.8,6_gen,SNR52,No,FnCas12a,302,321,+,319,99.072,9912,9912,9912,20241123_fncas12a_snr_gfplib,20241123_fncas12a_snr_gfplib00019.jpg
fncas12a_snr_no,AD_20241203_fnsnrrpr_casvariants_timepoint1_Experiment_Group_D01.fcs,A04,2,1.6,6_gen,SNR52,No,FnCas12a,214,233,+,217,78.2416502946955,15341,15341,15341,20241123_fncas12a_snr_gfplib,20241123_fncas12a_snr_gfplib00004.jpg
fncas12a_snr_no,AD_20241203_fnsnrrpr_casvariants_timepoint1_Experiment_Group_D02.fcs,C03,2,2.4,6_gen,SNR52,No,FnCas12a,214,233,+,214,52.8159340659341,15726,15726,15726,20241123_fncas12a_snr_gfplib,20241123_fncas12a_snr_gfplib00012.jpg
fncas12a_snr_no,AD_20241203_fnsnrrpr_casvariants_timepoint1_Experiment_Group_D03.fcs,E02,2,5.1,6_gen,SNR52,No,FnCas12a,302,321,+,319,99.287784679089,10226,10226,10226,20241123_fncas12a_snr_gfplib,20241123_fncas12a_snr_gfplib00020.jpg
fncas12a_snr_no,AD_20241203_fnsnrrpr_casvariants_timepoint1_Experiment_Group_E01.fcs,A09,1,6.9,6_gen,SNR52,No,FnCas12a,NA,NA,NA,NA,1.548,15242,15242,15242,20241123_fncas12a_snr_gfplib,20241123_fncas12a_snr_gfplib00005.jpg
fncas12a_snr_no,AD_20241203_fnsnrrpr_casvariants_timepoint1_Experiment_Group_E02.fcs,C04,1,4.2,6_gen,SNR52,No,FnCas12a,254,273,+,268,81.0723690184328,15145,15145,15145,20241123_fncas12a_snr_gfplib,20241123_fncas12a_snr_gfplib00013.jpg
fncas12a_snr_no,AD_20241203_fnsnrrpr_casvariants_timepoint1_Experiment_Group_E03.fcs,E05,1,6.5,6_gen,SNR52,No,FnCas12a,392,411,+,394,99.684,10160,10160,10160,20241123_fncas12a_snr_gfplib,20241123_fncas12a_snr_gfplib00021.jpg
fncas12a_snr_no,AD_20241203_fnsnrrpr_casvariants_timepoint1_Experiment_Group_F01.fcs,A09,2,6.8,6_gen,SNR52,No,FnCas12a,NA,NA,NA,NA,1.012,14834,14834,14834,20241123_fncas12a_snr_gfplib,20241123_fncas12a_snr_gfplib00006.jpg
fncas12a_snr_no,AD_20241203_fnsnrrpr_casvariants_timepoint1_Experiment_Group_F02.fcs,C04,2,4.4,6_gen,SNR52,No,FnCas12a,254,273,+,268,75.024,15006,15006,15006,20241123_fncas12a_snr_gfplib,20241123_fncas12a_snr_gfplib00014.jpg
fncas12a_snr_no,AD_20241203_fnsnrrpr_casvariants_timepoint1_Experiment_Group_F03.fcs,E05,2,6.4,6_gen,SNR52,No,FnCas12a,392,411,+,394,99.46000000000001,10235,10235,10235,20241123_fncas12a_snr_gfplib,20241123_fncas12a_snr_gfplib00022.jpg
fncas12a_snr_no,AD_20241203_fnsnrrpr_casvariants_timepoint1_Experiment_Group_G01.fcs,A12,1,6.4,6_gen,SNR52,No,FnCas12a,130,134,-,142,99.468,11787,11787,11787,20241123_fncas12a_snr_gfplib,20241123_fncas12a_snr_gfplib00007.jpg
fncas12a_snr_no,AD_20241203_fnsnrrpr_casvariants_timepoint1_Experiment_Group_G02.fcs,C05,1,7.2,6_gen,SNR52,No,FnCas12a,250,269,+,253,3.1199999999999997,11604,11604,11604,20241123_fncas12a_snr_gfplib,20241123_fncas12a_snr_gfplib00015.jpg
fncas12a_snr_no,AD_20241203_fnsnrrpr_casvariants_timepoint1_Experiment_Group_G03.fcs,G03,1,4.5,6_gen,SNR52,No,FnCas12a,140,159,+,154,85.916,12662,12662,12662,20241123_fncas12a_snr_gfplib,20241123_fncas12a_snr_gfplib00023.jpg
fncas12a_snr_no,AD_20241203_fnsnrrpr_casvariants_timepoint1_Experiment_Group_H01.fcs,A12,2,6.8,6_gen,SNR52,No,FnCas12a,130,134,-,142,99.536,12025,12025,12025,20241123_fncas12a_snr_gfplib,20241123_fncas12a_snr_gfplib00008.jpg
fncas12a_snr_no,AD_20241203_fnsnrrpr_casvariants_timepoint1_Experiment_Group_H02.fcs,C05,2,6.9,6_gen,SNR52,No,FnCas12a,250,269,+,253,2.672,11961,11961,11961,20241123_fncas12a_snr_gfplib,20241123_fncas12a_snr_gfplib00016.jpg
fncas12a_snr_no,AD_20241203_fnsnrrpr_casvariants_timepoint1_Experiment_Group_H03.fcs,G03,2,4.7,6_gen,SNR52,No,FnCas12a,140,159,+,154,87.724,13632,13632,13632,20241123_fncas12a_snr_gfplib,20241123_fncas12a_snr_gfplib00024.jpg
fncas12a_snr_no,AD_20241203_fnsnrrpr_casvariants_timepoint2_glu_Experiment_Group_A01.fcs,A01,1,11.4,11_gen,SNR52,No,FnCas12a,313,317,-,331,34.844,13310,13310,13310,20241123_fncas12a_snr_gfplib,20241123_fncas12a_snr_gfplib00001.jpg
fncas12a_snr_no,AD_20241203_fnsnrrpr_casvariants_timepoint2_glu_Experiment_Group_A02.fcs,B05,1,10,11_gen,SNR52,No,FnCas12a,130,134,-,133,96.89999999999999,12533,12533,12533,20241123_fncas12a_snr_gfplib,20241123_fncas12a_snr_gfplib00009.jpg
fncas12a_snr_no,AD_20241203_fnsnrrpr_casvariants_timepoint2_glu_Experiment_Group_A03.fcs,E01,1,13,11_gen,SNR52,No,FnCas12a,193,212,+,205,99.7,8030,8030,8030,20241123_fncas12a_snr_gfplib,20241123_fncas12a_snr_gfplib00017.jpg
fncas12a_snr_no,AD_20241203_fnsnrrpr_casvariants_timepoint2_glu_Experiment_Group_A04.fcs,H11,1,11.3,11_gen,SNR52,No,FnCas12a,140,159,+,157,93.084,14272,14272,14272,20241123_fncas12a_snr_gfplib,20241123_fncas12a_snr_gfplib00025.jpg
fncas12a_snr_no,AD_20241203_fnsnrrpr_casvariants_timepoint2_glu_Experiment_Group_B01.fcs,A01,2,11.9,11_gen,SNR52,No,FnCas12a,313,317,-,331,27.248,14631,14631,14631,20241123_fncas12a_snr_gfplib,20241123_fncas12a_snr_gfplib00002.jpg
fncas12a_snr_no,AD_20241203_fnsnrrpr_casvariants_timepoint2_glu_Experiment_Group_B02.fcs,B05,2,10,11_gen,SNR52,No,FnCas12a,130,134,-,133,96.288,12835,12835,12835,20241123_fncas12a_snr_gfplib,20241123_fncas12a_snr_gfplib00010.jpg
fncas12a_snr_no,AD_20241203_fnsnrrpr_casvariants_timepoint2_glu_Experiment_Group_B03.fcs,E01,2,12.9,11_gen,SNR52,No,FnCas12a,193,212,+,205,99.884,8316,8316,8316,20241123_fncas12a_snr_gfplib,20241123_fncas12a_snr_gfplib00018.jpg
fncas12a_snr_no,AD_20241203_fnsnrrpr_casvariants_timepoint2_glu_Experiment_Group_B04.fcs,H11,2,10,11_gen,SNR52,No,FnCas12a,140,159,+,157,92.35600000000001,14533,14533,14533,20241123_fncas12a_snr_gfplib,20241123_fncas12a_snr_gfplib00026.jpg
fncas12a_snr_no,AD_20241203_fnsnrrpr_casvariants_timepoint2_glu_Experiment_Group_C01.fcs,A04,1,10.5,11_gen,SNR52,No,FnCas12a,214,233,+,217,92.284,15445,15445,15445,20241123_fncas12a_snr_gfplib,20241123_fncas12a_snr_gfplib00003.jpg
fncas12a_snr_no,AD_20241203_fnsnrrpr_casvariants_timepoint2_glu_Experiment_Group_C02.fcs,C03,1,10.1,11_gen,SNR52,No,FnCas12a,214,233,+,214,70.93199999999999,15165,15165,15165,20241123_fncas12a_snr_gfplib,20241123_fncas12a_snr_gfplib00011.jpg
fncas12a_snr_no,AD_20241203_fnsnrrpr_casvariants_timepoint2_glu_Experiment_Group_C03.fcs,E02,1,10.8,11_gen,SNR52,No,FnCas12a,302,321,+,319,98.508,9912,9912,9912,20241123_fncas12a_snr_gfplib,20241123_fncas12a_snr_gfplib00019.jpg
fncas12a_snr_no,AD_20241203_fnsnrrpr_casvariants_timepoint2_glu_Experiment_Group_D01.fcs,A04,2,10.5,11_gen,SNR52,No,FnCas12a,214,233,+,217,89.264,15341,15341,15341,20241123_fncas12a_snr_gfplib,20241123_fncas12a_snr_gfplib00004.jpg
fncas12a_snr_no,AD_20241203_fnsnrrpr_casvariants_timepoint2_glu_Experiment_Group_D02.fcs,C03,2,10.1,11_gen,SNR52,No,FnCas12a,214,233,+,214,69.204,15726,15726,15726,20241123_fncas12a_snr_gfplib,20241123_fncas12a_snr_gfplib00012.jpg
fncas12a_snr_no,AD_20241203_fnsnrrpr_casvariants_timepoint2_glu_Experiment_Group_D03.fcs,E02,2,11.2,11_gen,SNR52,No,FnCas12a,302,321,+,319,99.252,10226,10226,10226,20241123_fncas12a_snr_gfplib,20241123_fncas12a_snr_gfplib00020.jpg
fncas12a_snr_no,AD_20241203_fnsnrrpr_casvariants_timepoint2_glu_Experiment_Group_E01.fcs,A09,1,14.4,11_gen,SNR52,No,FnCas12a,NA,NA,NA,NA,0.639999999999996,15242,15242,15242,20241123_fncas12a_snr_gfplib,20241123_fncas12a_snr_gfplib00005.jpg
fncas12a_snr_no,AD_20241203_fnsnrrpr_casvariants_timepoint2_glu_Experiment_Group_E02.fcs,C04,1,10.7,11_gen,SNR52,No,FnCas12a,254,273,+,268,88.836,15145,15145,15145,20241123_fncas12a_snr_gfplib,20241123_fncas12a_snr_gfplib00013.jpg
fncas12a_snr_no,AD_20241203_fnsnrrpr_casvariants_timepoint2_glu_Experiment_Group_E03.fcs,E05,1,13,11_gen,SNR52,No,FnCas12a,392,411,+,394,99.824,10160,10160,10160,20241123_fncas12a_snr_gfplib,20241123_fncas12a_snr_gfplib00021.jpg
fncas12a_snr_no,AD_20241203_fnsnrrpr_casvariants_timepoint2_glu_Experiment_Group_F01.fcs,A09,2,13.9,11_gen,SNR52,No,FnCas12a,NA,NA,NA,NA,0.504000000000004,14834,14834,14834,20241123_fncas12a_snr_gfplib,20241123_fncas12a_snr_gfplib00006.jpg
fncas12a_snr_no,AD_20241203_fnsnrrpr_casvariants_timepoint2_glu_Experiment_Group_F02.fcs,C04,2,10.8,11_gen,SNR52,No,FnCas12a,254,273,+,268,83.02000000000001,15006,15006,15006,20241123_fncas12a_snr_gfplib,20241123_fncas12a_snr_gfplib00014.jpg
fncas12a_snr_no,AD_20241203_fnsnrrpr_casvariants_timepoint2_glu_Experiment_Group_F03.fcs,E05,2,13.5,11_gen,SNR52,No,FnCas12a,392,411,+,394,99.60799999999999,10235,10235,10235,20241123_fncas12a_snr_gfplib,20241123_fncas12a_snr_gfplib00022.jpg
fncas12a_snr_no,AD_20241203_fnsnrrpr_casvariants_timepoint2_glu_Experiment_Group_G01.fcs,A12,1,13.3,11_gen,SNR52,No,FnCas12a,130,134,-,142,99.72800000000001,11787,11787,11787,20241123_fncas12a_snr_gfplib,20241123_fncas12a_snr_gfplib00007.jpg
fncas12a_snr_no,AD_20241203_fnsnrrpr_casvariants_timepoint2_glu_Experiment_Group_G02.fcs,C05,1,13.8,11_gen,SNR52,No,FnCas12a,250,269,+,253,4.02400000000001,11604,11604,11604,20241123_fncas12a_snr_gfplib,20241123_fncas12a_snr_gfplib00015.jpg
fncas12a_snr_no,AD_20241203_fnsnrrpr_casvariants_timepoint2_glu_Experiment_Group_G03.fcs,G03,1,11.8,11_gen,SNR52,No,FnCas12a,140,159,+,154,95.284,12662,12662,12662,20241123_fncas12a_snr_gfplib,20241123_fncas12a_snr_gfplib00023.jpg
fncas12a_snr_no,AD_20241203_fnsnrrpr_casvariants_timepoint2_glu_Experiment_Group_H01.fcs,A12,2,13.5,11_gen,SNR52,No,FnCas12a,130,134,-,142,99.776,12025,12025,12025,20241123_fncas12a_snr_gfplib,20241123_fncas12a_snr_gfplib00008.jpg
fncas12a_snr_no,AD_20241203_fnsnrrpr_casvariants_timepoint2_glu_Experiment_Group_H02.fcs,C05,2,14.2,11_gen,SNR52,No,FnCas12a,250,269,+,253,2.26,11961,11961,11961,20241123_fncas12a_snr_gfplib,20241123_fncas12a_snr_gfplib00016.jpg
fncas12a_snr_no,AD_20241203_fnsnrrpr_casvariants_timepoint2_glu_Experiment_Group_H03.fcs,G03,2,12.2,11_gen,SNR52,No,FnCas12a,140,159,+,154,95.704,13632,13632,13632,20241123_fncas12a_snr_gfplib,20241123_fncas12a_snr_gfplib00024.jpg
fncas12a_snr_no,AD_20241203_fnsnrrpr_casvariants_timepoint3_glu_Experiment_Group_A01.fcs,A01,1,18.2,20_gen,SNR52,No,FnCas12a,313,317,-,331,56.035999999999994,13310,13310,13310,20241123_fncas12a_snr_gfplib,20241123_fncas12a_snr_gfplib00001.jpg
fncas12a_snr_no,AD_20241203_fnsnrrpr_casvariants_timepoint3_glu_Experiment_Group_A02.fcs,B05,1,16.6,20_gen,SNR52,No,FnCas12a,130,134,-,133,97.25200000000001,12533,12533,12533,20241123_fncas12a_snr_gfplib,20241123_fncas12a_snr_gfplib00009.jpg
fncas12a_snr_no,AD_20241203_fnsnrrpr_casvariants_timepoint3_glu_Experiment_Group_A03.fcs,E01,1,20.2,20_gen,SNR52,No,FnCas12a,193,212,+,205,99.792,8030,8030,8030,20241123_fncas12a_snr_gfplib,20241123_fncas12a_snr_gfplib00017.jpg
fncas12a_snr_no,AD_20241203_fnsnrrpr_casvariants_timepoint3_glu_Experiment_Group_A04.fcs,H11,1,17.4,20_gen,SNR52,No,FnCas12a,140,159,+,157,98.544,14272,14272,14272,20241123_fncas12a_snr_gfplib,20241123_fncas12a_snr_gfplib00025.jpg
fncas12a_snr_no,AD_20241203_fnsnrrpr_casvariants_timepoint3_glu_Experiment_Group_B01.fcs,A01,2,18.1,20_gen,SNR52,No,FnCas12a,313,317,-,331,37.336000000000006,14631,14631,14631,20241123_fncas12a_snr_gfplib,20241123_fncas12a_snr_gfplib00002.jpg
fncas12a_snr_no,AD_20241203_fnsnrrpr_casvariants_timepoint3_glu_Experiment_Group_B02.fcs,B05,2,17.9,20_gen,SNR52,No,FnCas12a,130,134,-,133,95.93599999999999,12835,12835,12835,20241123_fncas12a_snr_gfplib,20241123_fncas12a_snr_gfplib00010.jpg
fncas12a_snr_no,AD_20241203_fnsnrrpr_casvariants_timepoint3_glu_Experiment_Group_B03.fcs,E01,2,20,20_gen,SNR52,No,FnCas12a,193,212,+,205,99.848,8316,8316,8316,20241123_fncas12a_snr_gfplib,20241123_fncas12a_snr_gfplib00018.jpg
fncas12a_snr_no,AD_20241203_fnsnrrpr_casvariants_timepoint3_glu_Experiment_Group_B04.fcs,H11,2,17,20_gen,SNR52,No,FnCas12a,140,159,+,157,97.772,14533,14533,14533,20241123_fncas12a_snr_gfplib,20241123_fncas12a_snr_gfplib00026.jpg
fncas12a_snr_no,AD_20241203_fnsnrrpr_casvariants_timepoint3_glu_Experiment_Group_C01.fcs,A04,1,17.3,20_gen,SNR52,No,FnCas12a,214,233,+,217,97.224,15445,15445,15445,20241123_fncas12a_snr_gfplib,20241123_fncas12a_snr_gfplib00003.jpg
fncas12a_snr_no,AD_20241203_fnsnrrpr_casvariants_timepoint3_glu_Experiment_Group_C02.fcs,C03,1,17.8,20_gen,SNR52,No,FnCas12a,214,233,+,214,90.372,15165,15165,15165,20241123_fncas12a_snr_gfplib,20241123_fncas12a_snr_gfplib00011.jpg
fncas12a_snr_no,AD_20241203_fnsnrrpr_casvariants_timepoint3_glu_Experiment_Group_C03.fcs,E02,1,17.9,20_gen,SNR52,No,FnCas12a,302,321,+,319,98.444,9912,9912,9912,20241123_fncas12a_snr_gfplib,20241123_fncas12a_snr_gfplib00019.jpg
fncas12a_snr_no,AD_20241203_fnsnrrpr_casvariants_timepoint3_glu_Experiment_Group_D01.fcs,A04,2,18.9,20_gen,SNR52,No,FnCas12a,214,233,+,217,97.516,15341,15341,15341,20241123_fncas12a_snr_gfplib,20241123_fncas12a_snr_gfplib00004.jpg
fncas12a_snr_no,AD_20241203_fnsnrrpr_casvariants_timepoint3_glu_Experiment_Group_D02.fcs,C03,2,18.6,20_gen,SNR52,No,FnCas12a,214,233,+,214,88.776,15726,15726,15726,20241123_fncas12a_snr_gfplib,20241123_fncas12a_snr_gfplib00012.jpg
fncas12a_snr_no,AD_20241203_fnsnrrpr_casvariants_timepoint3_glu_Experiment_Group_D03.fcs,E02,2,18.3,20_gen,SNR52,No,FnCas12a,302,321,+,319,99.408,10226,10226,10226,20241123_fncas12a_snr_gfplib,20241123_fncas12a_snr_gfplib00020.jpg
fncas12a_snr_no,AD_20241203_fnsnrrpr_casvariants_timepoint3_glu_Experiment_Group_E01.fcs,A09,1,21.2,20_gen,SNR52,No,FnCas12a,NA,NA,NA,NA,0.8199999999999991,15242,15242,15242,20241123_fncas12a_snr_gfplib,20241123_fncas12a_snr_gfplib00005.jpg
fncas12a_snr_no,AD_20241203_fnsnrrpr_casvariants_timepoint3_glu_Experiment_Group_E02.fcs,C04,1,17.4,20_gen,SNR52,No,FnCas12a,254,273,+,268,93.52000000000001,15145,15145,15145,20241123_fncas12a_snr_gfplib,20241123_fncas12a_snr_gfplib00013.jpg
fncas12a_snr_no,AD_20241203_fnsnrrpr_casvariants_timepoint3_glu_Experiment_Group_E03.fcs,E05,1,19.9,20_gen,SNR52,No,FnCas12a,392,411,+,394,99.92,10160,10160,10160,20241123_fncas12a_snr_gfplib,20241123_fncas12a_snr_gfplib00021.jpg
fncas12a_snr_no,AD_20241203_fnsnrrpr_casvariants_timepoint3_glu_Experiment_Group_F01.fcs,A09,2,20,20_gen,SNR52,No,FnCas12a,NA,NA,NA,NA,0.8240000000000031,14834,14834,14834,20241123_fncas12a_snr_gfplib,20241123_fncas12a_snr_gfplib00006.jpg
fncas12a_snr_no,AD_20241203_fnsnrrpr_casvariants_timepoint3_glu_Experiment_Group_F02.fcs,C04,2,17.4,20_gen,SNR52,No,FnCas12a,254,273,+,268,89.752,15006,15006,15006,20241123_fncas12a_snr_gfplib,20241123_fncas12a_snr_gfplib00014.jpg
fncas12a_snr_no,AD_20241203_fnsnrrpr_casvariants_timepoint3_glu_Experiment_Group_F03.fcs,E05,2,19.8,20_gen,SNR52,No,FnCas12a,392,411,+,394,99.668,10235,10235,10235,20241123_fncas12a_snr_gfplib,20241123_fncas12a_snr_gfplib00022.jpg
fncas12a_snr_no,AD_20241203_fnsnrrpr_casvariants_timepoint3_glu_Experiment_Group_G01.fcs,A12,1,19.4,20_gen,SNR52,No,FnCas12a,130,134,-,142,99.736,11787,11787,11787,20241123_fncas12a_snr_gfplib,20241123_fncas12a_snr_gfplib00007.jpg
fncas12a_snr_no,AD_20241203_fnsnrrpr_casvariants_timepoint3_glu_Experiment_Group_G02.fcs,C05,1,21.2,20_gen,SNR52,No,FnCas12a,250,269,+,253,4.944,11604,11604,11604,20241123_fncas12a_snr_gfplib,20241123_fncas12a_snr_gfplib00015.jpg
fncas12a_snr_no,AD_20241203_fnsnrrpr_casvariants_timepoint3_glu_Experiment_Group_G03.fcs,G03,1,19.1,20_gen,SNR52,No,FnCas12a,140,159,+,154,98.912,12662,12662,12662,20241123_fncas12a_snr_gfplib,20241123_fncas12a_snr_gfplib00023.jpg
fncas12a_snr_no,AD_20241203_fnsnrrpr_casvariants_timepoint3_glu_Experiment_Group_H01.fcs,A12,2,19.1,20_gen,SNR52,No,FnCas12a,130,134,-,142,99.956,12025,12025,12025,20241123_fncas12a_snr_gfplib,20241123_fncas12a_snr_gfplib00008.jpg
fncas12a_snr_no,AD_20241203_fnsnrrpr_casvariants_timepoint3_glu_Experiment_Group_H02.fcs,C05,2,20.4,20_gen,SNR52,No,FnCas12a,250,269,+,253,4.048,11961,11961,11961,20241123_fncas12a_snr_gfplib,20241123_fncas12a_snr_gfplib00016.jpg
fncas12a_snr_no,AD_20241203_fnsnrrpr_casvariants_timepoint3_glu_Experiment_Group_H03.fcs,G03,2,19.2,20_gen,SNR52,No,FnCas12a,140,159,+,154,99.012,13632,13632,13632,20241123_fncas12a_snr_gfplib,20241123_fncas12a_snr_gfplib00024.jpg
fncas12a_snr_yes,AD_20241205_gfplib_fncas12a_lexA_snrrpr_scraped_Experiment_Group_A01.fcs,A01,1,0,scraped,SNR52,Yes,FnCas12a,313,317,-,331,3.388,15060,15060,15060,20241204_fncas12a_lexA_SNR52,fncas12a_lexA_snr5200001.jpg
fncas12a_snr_yes,AD_20241205_gfplib_fncas12a_lexA_snrrpr_scraped_Experiment_Group_A02.fcs,B05,1,0,scraped,SNR52,Yes,FnCas12a,130,134,-,133,81.364,15584,15584,15584,20241204_fncas12a_lexA_SNR52,fncas12a_lexA_snr5200009.jpg
fncas12a_snr_yes,AD_20241205_gfplib_fncas12a_lexA_snrrpr_scraped_Experiment_Group_A03.fcs,E01,1,0,scraped,SNR52,Yes,FnCas12a,193,212,+,205,98.844,16234,16234,16234,20241204_fncas12a_lexA_SNR52,fncas12a_lexA_snr5200017.jpg
fncas12a_snr_yes,AD_20241205_gfplib_fncas12a_lexA_snrrpr_scraped_Experiment_Group_A04.fcs,H11,1,0,scraped,SNR52,Yes,FnCas12a,140,159,+,157,22.444,18138,18138,18138,20241204_fncas12a_lexA_SNR52,fncas12a_lexA_snr5200025.jpg
fncas12a_snr_yes,AD_20241205_gfplib_fncas12a_lexA_snrrpr_scraped_Experiment_Group_B01.fcs,A01,2,0,scraped,SNR52,Yes,FnCas12a,313,317,-,331,3.2,14752,14752,14752,20241204_fncas12a_lexA_SNR52,fncas12a_lexA_snr5200002.jpg
fncas12a_snr_yes,AD_20241205_gfplib_fncas12a_lexA_snrrpr_scraped_Experiment_Group_B02.fcs,B05,2,0,scraped,SNR52,Yes,FnCas12a,130,134,-,133,76.596,15665,15665,15665,20241204_fncas12a_lexA_SNR52,fncas12a_lexA_snr5200010.jpg
fncas12a_snr_yes,AD_20241205_gfplib_fncas12a_lexA_snrrpr_scraped_Experiment_Group_B03.fcs,E01,2,0,scraped,SNR52,Yes,FnCas12a,193,212,+,205,98.644,15725,15725,15725,20241204_fncas12a_lexA_SNR52,fncas12a_lexA_snr5200018.jpg
fncas12a_snr_yes,AD_20241205_gfplib_fncas12a_lexA_snrrpr_scraped_Experiment_Group_B04.fcs,H11,2,0,scraped,SNR52,Yes,FnCas12a,140,159,+,157,23.112,18208,18208,18208,20241204_fncas12a_lexA_SNR52,fncas12a_lexA_snr5200026.jpg
fncas12a_snr_yes,AD_20241205_gfplib_fncas12a_lexA_snrrpr_scraped_Experiment_Group_C01.fcs,A04,1,0,scraped,SNR52,Yes,FnCas12a,214,233,+,217,5.696,14805,14805,14805,20241204_fncas12a_lexA_SNR52,fncas12a_lexA_snr5200003.jpg
fncas12a_snr_yes,AD_20241205_gfplib_fncas12a_lexA_snrrpr_scraped_Experiment_Group_C02.fcs,C03,1,0,scraped,SNR52,Yes,FnCas12a,214,233,+,214,4.58,16806,16806,16806,20241204_fncas12a_lexA_SNR52,fncas12a_lexA_snr5200011.jpg
fncas12a_snr_yes,AD_20241205_gfplib_fncas12a_lexA_snrrpr_scraped_Experiment_Group_C03.fcs,E02,1,0,scraped,SNR52,Yes,FnCas12a,302,321,+,319,98.94,15262,15262,15262,20241204_fncas12a_lexA_SNR52,fncas12a_lexA_snr5200019.jpg
fncas12a_snr_yes,AD_20241205_gfplib_fncas12a_lexA_snrrpr_scraped_Experiment_Group_D01.fcs,A04,2,0,scraped,SNR52,Yes,FnCas12a,214,233,+,217,5.856,14444,14444,14444,20241204_fncas12a_lexA_SNR52,fncas12a_lexA_snr5200004.jpg
fncas12a_snr_yes,AD_20241205_gfplib_fncas12a_lexA_snrrpr_scraped_Experiment_Group_D02.fcs,C03,2,0,scraped,SNR52,Yes,FnCas12a,214,233,+,214,5.668,17476,17476,17476,20241204_fncas12a_lexA_SNR52,fncas12a_lexA_snr5200012.jpg
fncas12a_snr_yes,AD_20241205_gfplib_fncas12a_lexA_snrrpr_scraped_Experiment_Group_D03.fcs,E02,2,0,scraped,SNR52,Yes,FnCas12a,302,321,+,319,99.68,14617,14617,14617,20241204_fncas12a_lexA_SNR52,fncas12a_lexA_snr5200020.jpg
fncas12a_snr_yes,AD_20241205_gfplib_fncas12a_lexA_snrrpr_scraped_Experiment_Group_E01.fcs,A09,1,0,scraped,SNR52,Yes,FnCas12a,NA,NA,NA,NA,3.016,16160,16160,16160,20241204_fncas12a_lexA_SNR52,fncas12a_lexA_snr5200005.jpg
fncas12a_snr_yes,AD_20241205_gfplib_fncas12a_lexA_snrrpr_scraped_Experiment_Group_E02.fcs,C04,1,0,scraped,SNR52,Yes,FnCas12a,254,273,+,268,5.824,16977,16977,16977,20241204_fncas12a_lexA_SNR52,fncas12a_lexA_snr5200013.jpg
fncas12a_snr_yes,AD_20241205_gfplib_fncas12a_lexA_snrrpr_scraped_Experiment_Group_E03.fcs,E05,1,0,scraped,SNR52,Yes,FnCas12a,392,411,+,394,96.65599999999999,14939,14939,14939,20241204_fncas12a_lexA_SNR52,fncas12a_lexA_snr5200021.jpg
fncas12a_snr_yes,AD_20241205_gfplib_fncas12a_lexA_snrrpr_scraped_Experiment_Group_F01.fcs,A09,2,0,scraped,SNR52,Yes,FnCas12a,NA,NA,NA,NA,3.092,16322,16322,16322,20241204_fncas12a_lexA_SNR52,fncas12a_lexA_snr5200006.jpg
fncas12a_snr_yes,AD_20241205_gfplib_fncas12a_lexA_snrrpr_scraped_Experiment_Group_F02.fcs,C04,2,0,scraped,SNR52,Yes,FnCas12a,254,273,+,268,6.812,16825,16825,16825,20241204_fncas12a_lexA_SNR52,fncas12a_lexA_snr5200014.jpg
fncas12a_snr_yes,AD_20241205_gfplib_fncas12a_lexA_snrrpr_scraped_Experiment_Group_F03.fcs,E05,2,0,scraped,SNR52,Yes,FnCas12a,392,411,+,394,95.236,12550,12550,12550,20241204_fncas12a_lexA_SNR52,fncas12a_lexA_snr5200022.jpg
fncas12a_snr_yes,AD_20241205_gfplib_fncas12a_lexA_snrrpr_scraped_Experiment_Group_G01.fcs,A12,1,0,scraped,SNR52,Yes,FnCas12a,130,134,-,142,80.22399999999999,15951,15951,15951,20241204_fncas12a_lexA_SNR52,fncas12a_lexA_snr5200007.jpg
fncas12a_snr_yes,AD_20241205_gfplib_fncas12a_lexA_snrrpr_scraped_Experiment_Group_G02.fcs,C05,1,0,scraped,SNR52,Yes,FnCas12a,250,269,+,253,3.06,14773,14773,14773,20241204_fncas12a_lexA_SNR52,fncas12a_lexA_snr5200015.jpg
fncas12a_snr_yes,AD_20241205_gfplib_fncas12a_lexA_snrrpr_scraped_Experiment_Group_G03.fcs,G03,1,0,scraped,SNR52,Yes,FnCas12a,140,159,+,154,34.483999999999995,16217,16217,16217,20241204_fncas12a_lexA_SNR52,fncas12a_lexA_snr5200023.jpg
fncas12a_snr_yes,AD_20241205_gfplib_fncas12a_lexA_snrrpr_scraped_Experiment_Group_H01.fcs,A12,2,0,scraped,SNR52,Yes,FnCas12a,130,134,-,142,86.284,15826,15826,15826,20241204_fncas12a_lexA_SNR52,fncas12a_lexA_snr5200008.jpg
fncas12a_snr_yes,AD_20241205_gfplib_fncas12a_lexA_snrrpr_scraped_Experiment_Group_H02.fcs,C05,2,0,scraped,SNR52,Yes,FnCas12a,250,269,+,253,5.008,15291,15291,15291,20241204_fncas12a_lexA_SNR52,fncas12a_lexA_snr5200016.jpg
fncas12a_snr_yes,AD_20241205_gfplib_fncas12a_lexA_snrrpr_scraped_Experiment_Group_H03.fcs,G03,2,0,scraped,SNR52,Yes,FnCas12a,140,159,+,154,28.004,17372,17372,17372,20241204_fncas12a_lexA_SNR52,fncas12a_lexA_snr5200024.jpg
fncas12a_snr_yes,AD_20241205_gfplib_fncas12a_lexA_snrrpr_timepoint2_Experiment_Group_snr_A04.fcs,A01,1,7.1,6_gen,SNR52,Yes,FnCas12a,313,317,-,331,14.908,15060,15060,15060,20241204_fncas12a_lexA_SNR52,fncas12a_lexA_snr5200001.jpg
fncas12a_snr_yes,AD_20241205_gfplib_fncas12a_lexA_snrrpr_timepoint2_Experiment_Group_snr_A05.fcs,B05,1,4.4,6_gen,SNR52,Yes,FnCas12a,130,134,-,133,99.08,15584,15584,15584,20241204_fncas12a_lexA_SNR52,fncas12a_lexA_snr5200009.jpg
fncas12a_snr_yes,AD_20241205_gfplib_fncas12a_lexA_snrrpr_timepoint2_Experiment_Group_snr_A06.fcs,E01,1,5,6_gen,SNR52,Yes,FnCas12a,193,212,+,205,99.976,16234,16234,16234,20241204_fncas12a_lexA_SNR52,fncas12a_lexA_snr5200017.jpg
fncas12a_snr_yes,AD_20241205_gfplib_fncas12a_lexA_snrrpr_timepoint2_Experiment_Group_snr_A07.fcs,H11,1,5.4,6_gen,SNR52,Yes,FnCas12a,140,159,+,157,88.77199999999999,18138,18138,18138,20241204_fncas12a_lexA_SNR52,fncas12a_lexA_snr5200025.jpg
fncas12a_snr_yes,AD_20241205_gfplib_fncas12a_lexA_snrrpr_timepoint2_Experiment_Group_snr_B04.fcs,A01,2,7,6_gen,SNR52,Yes,FnCas12a,313,317,-,331,12.920000000000002,14752,14752,14752,20241204_fncas12a_lexA_SNR52,fncas12a_lexA_snr5200002.jpg
fncas12a_snr_yes,AD_20241205_gfplib_fncas12a_lexA_snrrpr_timepoint2_Experiment_Group_snr_B05.fcs,B05,2,5.7,6_gen,SNR52,Yes,FnCas12a,130,134,-,133,98.968,15665,15665,15665,20241204_fncas12a_lexA_SNR52,fncas12a_lexA_snr5200010.jpg
fncas12a_snr_yes,AD_20241205_gfplib_fncas12a_lexA_snrrpr_timepoint2_Experiment_Group_snr_B06.fcs,E01,2,4,6_gen,SNR52,Yes,FnCas12a,193,212,+,205,99.988,15725,15725,15725,20241204_fncas12a_lexA_SNR52,fncas12a_lexA_snr5200018.jpg
fncas12a_snr_yes,AD_20241205_gfplib_fncas12a_lexA_snrrpr_timepoint2_Experiment_Group_snr_B07.fcs,H11,2,4.4,6_gen,SNR52,Yes,FnCas12a,140,159,+,157,85.872,18208,18208,18208,20241204_fncas12a_lexA_SNR52,fncas12a_lexA_snr5200026.jpg
fncas12a_snr_yes,AD_20241205_gfplib_fncas12a_lexA_snrrpr_timepoint2_Experiment_Group_snr_C04.fcs,A04,1,6.8,6_gen,SNR52,Yes,FnCas12a,214,233,+,217,57.02,14805,14805,14805,20241204_fncas12a_lexA_SNR52,fncas12a_lexA_snr5200003.jpg
fncas12a_snr_yes,AD_20241205_gfplib_fncas12a_lexA_snrrpr_timepoint2_Experiment_Group_snr_C05.fcs,C03,1,5.8,6_gen,SNR52,Yes,FnCas12a,214,233,+,214,46.288000000000004,16806,16806,16806,20241204_fncas12a_lexA_SNR52,fncas12a_lexA_snr5200011.jpg
fncas12a_snr_yes,AD_20241205_gfplib_fncas12a_lexA_snrrpr_timepoint2_Experiment_Group_snr_C06.fcs,E02,1,4.9,6_gen,SNR52,Yes,FnCas12a,302,321,+,319,99.936,15262,15262,15262,20241204_fncas12a_lexA_SNR52,fncas12a_lexA_snr5200019.jpg
fncas12a_snr_yes,AD_20241205_gfplib_fncas12a_lexA_snrrpr_timepoint2_Experiment_Group_snr_D04.fcs,A04,2,6.9,6_gen,SNR52,Yes,FnCas12a,214,233,+,217,56.82000000000001,14444,14444,14444,20241204_fncas12a_lexA_SNR52,fncas12a_lexA_snr5200004.jpg
fncas12a_snr_yes,AD_20241205_gfplib_fncas12a_lexA_snrrpr_timepoint2_Experiment_Group_snr_D05.fcs,C03,2,5.9,6_gen,SNR52,Yes,FnCas12a,214,233,+,214,53.556000000000004,17476,17476,17476,20241204_fncas12a_lexA_SNR52,fncas12a_lexA_snr5200012.jpg
fncas12a_snr_yes,AD_20241205_gfplib_fncas12a_lexA_snrrpr_timepoint2_Experiment_Group_snr_D06.fcs,E02,2,5.9,6_gen,SNR52,Yes,FnCas12a,302,321,+,319,99.94,14617,14617,14617,20241204_fncas12a_lexA_SNR52,fncas12a_lexA_snr5200020.jpg
fncas12a_snr_yes,AD_20241205_gfplib_fncas12a_lexA_snrrpr_timepoint2_Experiment_Group_snr_E04.fcs,A09,1,7.1,6_gen,SNR52,Yes,FnCas12a,NA,NA,NA,NA,1.50400000000001,16160,16160,16160,20241204_fncas12a_lexA_SNR52,fncas12a_lexA_snr5200005.jpg
fncas12a_snr_yes,AD_20241205_gfplib_fncas12a_lexA_snrrpr_timepoint2_Experiment_Group_snr_E05.fcs,C04,1,6.7,6_gen,SNR52,Yes,FnCas12a,254,273,+,268,58.528000000000006,16977,16977,16977,20241204_fncas12a_lexA_SNR52,fncas12a_lexA_snr5200013.jpg
fncas12a_snr_yes,AD_20241205_gfplib_fncas12a_lexA_snrrpr_timepoint2_Experiment_Group_snr_E06.fcs,E05,1,6.6,6_gen,SNR52,Yes,FnCas12a,392,411,+,394,99.908,14939,14939,14939,20241204_fncas12a_lexA_SNR52,fncas12a_lexA_snr5200021.jpg
fncas12a_snr_yes,AD_20241205_gfplib_fncas12a_lexA_snrrpr_timepoint2_Experiment_Group_snr_F04.fcs,A09,2,7.2,6_gen,SNR52,Yes,FnCas12a,NA,NA,NA,NA,1.224,16322,16322,16322,20241204_fncas12a_lexA_SNR52,fncas12a_lexA_snr5200006.jpg
fncas12a_snr_yes,AD_20241205_gfplib_fncas12a_lexA_snrrpr_timepoint2_Experiment_Group_snr_F05.fcs,C04,2,6.8,6_gen,SNR52,Yes,FnCas12a,254,273,+,268,59.204,16825,16825,16825,20241204_fncas12a_lexA_SNR52,fncas12a_lexA_snr5200014.jpg
fncas12a_snr_yes,AD_20241205_gfplib_fncas12a_lexA_snrrpr_timepoint2_Experiment_Group_snr_F06.fcs,E05,2,7.1,6_gen,SNR52,Yes,FnCas12a,392,411,+,394,99.912,12550,12550,12550,20241204_fncas12a_lexA_SNR52,fncas12a_lexA_snr5200022.jpg
fncas12a_snr_yes,AD_20241205_gfplib_fncas12a_lexA_snrrpr_timepoint2_Experiment_Group_snr_G04.fcs,A12,1,7.1,6_gen,SNR52,Yes,FnCas12a,130,134,-,142,99.632,15951,15951,15951,20241204_fncas12a_lexA_SNR52,fncas12a_lexA_snr5200007.jpg
fncas12a_snr_yes,AD_20241205_gfplib_fncas12a_lexA_snrrpr_timepoint2_Experiment_Group_snr_G05.fcs,C05,1,7.5,6_gen,SNR52,Yes,FnCas12a,250,269,+,253,2.944,14773,14773,14773,20241204_fncas12a_lexA_SNR52,fncas12a_lexA_snr5200015.jpg
fncas12a_snr_yes,AD_20241205_gfplib_fncas12a_lexA_snrrpr_timepoint2_Experiment_Group_snr_G06.fcs,G03,1,4.7,6_gen,SNR52,Yes,FnCas12a,140,159,+,154,93.46,16217,16217,16217,20241204_fncas12a_lexA_SNR52,fncas12a_lexA_snr5200023.jpg
fncas12a_snr_yes,AD_20241205_gfplib_fncas12a_lexA_snrrpr_timepoint2_Experiment_Group_snr_H04.fcs,A12,2,7.4,6_gen,SNR52,Yes,FnCas12a,130,134,-,142,99.788,15826,15826,15826,20241204_fncas12a_lexA_SNR52,fncas12a_lexA_snr5200008.jpg
fncas12a_snr_yes,AD_20241205_gfplib_fncas12a_lexA_snrrpr_timepoint2_Experiment_Group_snr_H05.fcs,C05,2,7.2,6_gen,SNR52,Yes,FnCas12a,250,269,+,253,8.304,15291,15291,15291,20241204_fncas12a_lexA_SNR52,fncas12a_lexA_snr5200016.jpg
fncas12a_snr_yes,AD_20241205_gfplib_fncas12a_lexA_snrrpr_timepoint2_Experiment_Group_snr_H06.fcs,G03,2,6.2,6_gen,SNR52,Yes,FnCas12a,140,159,+,154,92.33200000000001,17372,17372,17372,20241204_fncas12a_lexA_SNR52,fncas12a_lexA_snr5200024.jpg
fncas12a_snr_yes,AD_20241205_gfplib_fncas12a_lexA_snrrpr_timepoint3_Experiment_Group_A01.fcs,A01,1,10.2,11_gen,SNR52,Yes,FnCas12a,313,317,-,331,29.332,15060,15060,15060,20241204_fncas12a_lexA_SNR52,fncas12a_lexA_snr5200001.jpg
fncas12a_snr_yes,AD_20241205_gfplib_fncas12a_lexA_snrrpr_timepoint3_Experiment_Group_A02.fcs,B05,1,8,11_gen,SNR52,Yes,FnCas12a,130,134,-,133,90.468,15584,15584,15584,20241204_fncas12a_lexA_SNR52,fncas12a_lexA_snr5200009.jpg
fncas12a_snr_yes,AD_20241205_gfplib_fncas12a_lexA_snrrpr_timepoint3_Experiment_Group_A03.fcs,E01,1,8.3,11_gen,SNR52,Yes,FnCas12a,193,212,+,205,97.796,16234,16234,16234,20241204_fncas12a_lexA_SNR52,fncas12a_lexA_snr5200017.jpg
fncas12a_snr_yes,AD_20241205_gfplib_fncas12a_lexA_snrrpr_timepoint3_Experiment_Group_A04.fcs,H11,1,9.2,11_gen,SNR52,Yes,FnCas12a,140,159,+,157,92.964,18138,18138,18138,20241204_fncas12a_lexA_SNR52,fncas12a_lexA_snr5200025.jpg
fncas12a_snr_yes,AD_20241205_gfplib_fncas12a_lexA_snrrpr_timepoint3_Experiment_Group_B01.fcs,A01,2,9.8,11_gen,SNR52,Yes,FnCas12a,313,317,-,331,19.644000000000002,14752,14752,14752,20241204_fncas12a_lexA_SNR52,fncas12a_lexA_snr5200002.jpg
fncas12a_snr_yes,AD_20241205_gfplib_fncas12a_lexA_snrrpr_timepoint3_Experiment_Group_B02.fcs,B05,2,9.2,11_gen,SNR52,Yes,FnCas12a,130,134,-,133,99.012,15665,15665,15665,20241204_fncas12a_lexA_SNR52,fncas12a_lexA_snr5200010.jpg
fncas12a_snr_yes,AD_20241205_gfplib_fncas12a_lexA_snrrpr_timepoint3_Experiment_Group_B03.fcs,E01,2,8.2,11_gen,SNR52,Yes,FnCas12a,193,212,+,205,99.572,15725,15725,15725,20241204_fncas12a_lexA_SNR52,fncas12a_lexA_snr5200018.jpg
fncas12a_snr_yes,AD_20241205_gfplib_fncas12a_lexA_snrrpr_timepoint3_Experiment_Group_B04.fcs,H11,2,7.5,11_gen,SNR52,Yes,FnCas12a,140,159,+,157,91.5937241948803,18208,18208,18208,20241204_fncas12a_lexA_SNR52,fncas12a_lexA_snr5200026.jpg
fncas12a_snr_yes,AD_20241205_gfplib_fncas12a_lexA_snrrpr_timepoint3_Experiment_Group_C01.fcs,A04,1,10.5,11_gen,SNR52,Yes,FnCas12a,214,233,+,217,70.7,14805,14805,14805,20241204_fncas12a_lexA_SNR52,fncas12a_lexA_snr5200003.jpg
fncas12a_snr_yes,AD_20241205_gfplib_fncas12a_lexA_snrrpr_timepoint3_Experiment_Group_C02.fcs,C03,1,10.1,11_gen,SNR52,Yes,FnCas12a,214,233,+,214,59.544,16806,16806,16806,20241204_fncas12a_lexA_SNR52,fncas12a_lexA_snr5200011.jpg
fncas12a_snr_yes,AD_20241205_gfplib_fncas12a_lexA_snrrpr_timepoint3_Experiment_Group_C03.fcs,E02,1,9,11_gen,SNR52,Yes,FnCas12a,302,321,+,319,99.78399999999999,15262,15262,15262,20241204_fncas12a_lexA_SNR52,fncas12a_lexA_snr5200019.jpg
fncas12a_snr_yes,AD_20241205_gfplib_fncas12a_lexA_snrrpr_timepoint3_Experiment_Group_D01.fcs,A04,2,11.7,11_gen,SNR52,Yes,FnCas12a,214,233,+,217,70.856,14444,14444,14444,20241204_fncas12a_lexA_SNR52,fncas12a_lexA_snr5200004.jpg
fncas12a_snr_yes,AD_20241205_gfplib_fncas12a_lexA_snrrpr_timepoint3_Experiment_Group_D02.fcs,C03,2,9.9,11_gen,SNR52,Yes,FnCas12a,214,233,+,214,66.73599999999999,17476,17476,17476,20241204_fncas12a_lexA_SNR52,fncas12a_lexA_snr5200012.jpg
fncas12a_snr_yes,AD_20241205_gfplib_fncas12a_lexA_snrrpr_timepoint3_Experiment_Group_D03.fcs,E02,2,8.7,11_gen,SNR52,Yes,FnCas12a,302,321,+,319,99.84876573324229,14617,14617,14617,20241204_fncas12a_lexA_SNR52,fncas12a_lexA_snr5200020.jpg
fncas12a_snr_yes,AD_20241205_gfplib_fncas12a_lexA_snrrpr_timepoint3_Experiment_Group_E01.fcs,A09,1,10.9,11_gen,SNR52,Yes,FnCas12a,NA,NA,NA,NA,1.3957307060755,16160,16160,16160,20241204_fncas12a_lexA_SNR52,fncas12a_lexA_snr5200005.jpg
fncas12a_snr_yes,AD_20241205_gfplib_fncas12a_lexA_snrrpr_timepoint3_Experiment_Group_E02.fcs,C04,1,10.4,11_gen,SNR52,Yes,FnCas12a,254,273,+,268,69.2211630520751,16977,16977,16977,20241204_fncas12a_lexA_SNR52,fncas12a_lexA_snr5200013.jpg
fncas12a_snr_yes,AD_20241205_gfplib_fncas12a_lexA_snrrpr_timepoint3_Experiment_Group_E03.fcs,E05,1,10.1,11_gen,SNR52,Yes,FnCas12a,392,411,+,394,99.824,14939,14939,14939,20241204_fncas12a_lexA_SNR52,fncas12a_lexA_snr5200021.jpg
fncas12a_snr_yes,AD_20241205_gfplib_fncas12a_lexA_snrrpr_timepoint3_Experiment_Group_F01.fcs,A09,2,10.3,11_gen,SNR52,Yes,FnCas12a,NA,NA,NA,NA,1.5171858216971,16322,16322,16322,20241204_fncas12a_lexA_SNR52,fncas12a_lexA_snr5200006.jpg
fncas12a_snr_yes,AD_20241205_gfplib_fncas12a_lexA_snrrpr_timepoint3_Experiment_Group_F02.fcs,C04,2,10.7,11_gen,SNR52,Yes,FnCas12a,254,273,+,268,70.14665672383789,16825,16825,16825,20241204_fncas12a_lexA_SNR52,fncas12a_lexA_snr5200014.jpg
fncas12a_snr_yes,AD_20241205_gfplib_fncas12a_lexA_snrrpr_timepoint3_Experiment_Group_F03.fcs,E05,2,11,11_gen,SNR52,Yes,FnCas12a,392,411,+,394,99.85644738484581,12550,12550,12550,20241204_fncas12a_lexA_SNR52,fncas12a_lexA_snr5200022.jpg
fncas12a_snr_yes,AD_20241205_gfplib_fncas12a_lexA_snrrpr_timepoint3_Experiment_Group_G01.fcs,A12,1,10.4,11_gen,SNR52,Yes,FnCas12a,130,134,-,142,99.9,15951,15951,15951,20241204_fncas12a_lexA_SNR52,fncas12a_lexA_snr5200007.jpg
fncas12a_snr_yes,AD_20241205_gfplib_fncas12a_lexA_snrrpr_timepoint3_Experiment_Group_G02.fcs,C05,1,11,11_gen,SNR52,Yes,FnCas12a,250,269,+,253,4.6769203174745995,14773,14773,14773,20241204_fncas12a_lexA_SNR52,fncas12a_lexA_snr5200015.jpg
fncas12a_snr_yes,AD_20241205_gfplib_fncas12a_lexA_snrrpr_timepoint3_Experiment_Group_G03.fcs,G03,1,8,11_gen,SNR52,Yes,FnCas12a,140,159,+,154,96.5791386516446,16217,16217,16217,20241204_fncas12a_lexA_SNR52,fncas12a_lexA_snr5200023.jpg
fncas12a_snr_yes,AD_20241205_gfplib_fncas12a_lexA_snrrpr_timepoint3_Experiment_Group_H01.fcs,A12,2,11,11_gen,SNR52,Yes,FnCas12a,130,134,-,142,99.944,15826,15826,15826,20241204_fncas12a_lexA_SNR52,fncas12a_lexA_snr5200008.jpg
fncas12a_snr_yes,AD_20241205_gfplib_fncas12a_lexA_snrrpr_timepoint3_Experiment_Group_H02.fcs,C05,2,11.2,11_gen,SNR52,Yes,FnCas12a,250,269,+,253,12.874787052810898,15291,15291,15291,20241204_fncas12a_lexA_SNR52,fncas12a_lexA_snr5200016.jpg
fncas12a_snr_yes,AD_20241205_gfplib_fncas12a_lexA_snrrpr_timepoint3_Experiment_Group_H03.fcs,G03,2,9.9,11_gen,SNR52,Yes,FnCas12a,140,159,+,154,96.736,17372,17372,17372,20241204_fncas12a_lexA_SNR52,fncas12a_lexA_snr5200024.jpg
fncas12a_snr_yes,AD_20241205_gfplib_fncas12a_lexA_snrrpr_timepoint4_Experiment_Group_A01.fcs,A01,1,18.5,20_gen,SNR52,Yes,FnCas12a,313,317,-,331,25.544,15060,15060,15060,20241204_fncas12a_lexA_SNR52,fncas12a_lexA_snr5200001.jpg
fncas12a_snr_yes,AD_20241205_gfplib_fncas12a_lexA_snrrpr_timepoint4_Experiment_Group_A02.fcs,B05,1,15.9,20_gen,SNR52,Yes,FnCas12a,130,134,-,133,99.47200000000001,15584,15584,15584,20241204_fncas12a_lexA_SNR52,fncas12a_lexA_snr5200009.jpg
fncas12a_snr_yes,AD_20241205_gfplib_fncas12a_lexA_snrrpr_timepoint4_Experiment_Group_A03.fcs,E01,1,16.4,20_gen,SNR52,Yes,FnCas12a,193,212,+,205,99.92,16234,16234,16234,20241204_fncas12a_lexA_SNR52,fncas12a_lexA_snr5200017.jpg
fncas12a_snr_yes,AD_20241205_gfplib_fncas12a_lexA_snrrpr_timepoint4_Experiment_Group_A04.fcs,H11,1,16.5,20_gen,SNR52,Yes,FnCas12a,140,159,+,157,97.42,18138,18138,18138,20241204_fncas12a_lexA_SNR52,fncas12a_lexA_snr5200025.jpg
fncas12a_snr_yes,AD_20241205_gfplib_fncas12a_lexA_snrrpr_timepoint4_Experiment_Group_B01.fcs,A01,2,18.5,20_gen,SNR52,Yes,FnCas12a,313,317,-,331,21.44,14752,14752,14752,20241204_fncas12a_lexA_SNR52,fncas12a_lexA_snr5200002.jpg
fncas12a_snr_yes,AD_20241205_gfplib_fncas12a_lexA_snrrpr_timepoint4_Experiment_Group_B02.fcs,B05,2,17.5,20_gen,SNR52,Yes,FnCas12a,130,134,-,133,98.584,15665,15665,15665,20241204_fncas12a_lexA_SNR52,fncas12a_lexA_snr5200010.jpg
fncas12a_snr_yes,AD_20241205_gfplib_fncas12a_lexA_snrrpr_timepoint4_Experiment_Group_B03.fcs,E01,2,15.5,20_gen,SNR52,Yes,FnCas12a,193,212,+,205,99.97200000000001,15725,15725,15725,20241204_fncas12a_lexA_SNR52,fncas12a_lexA_snr5200018.jpg
fncas12a_snr_yes,AD_20241205_gfplib_fncas12a_lexA_snrrpr_timepoint4_Experiment_Group_B04.fcs,H11,2,14.7,20_gen,SNR52,Yes,FnCas12a,140,159,+,157,96.67999999999999,18208,18208,18208,20241204_fncas12a_lexA_SNR52,fncas12a_lexA_snr5200026.jpg
fncas12a_snr_yes,AD_20241205_gfplib_fncas12a_lexA_snrrpr_timepoint4_Experiment_Group_C01.fcs,A04,1,19.1,20_gen,SNR52,Yes,FnCas12a,214,233,+,217,79.676,14805,14805,14805,20241204_fncas12a_lexA_SNR52,fncas12a_lexA_snr5200003.jpg
fncas12a_snr_yes,AD_20241205_gfplib_fncas12a_lexA_snrrpr_timepoint4_Experiment_Group_C02.fcs,C03,1,18.1,20_gen,SNR52,Yes,FnCas12a,214,233,+,214,71.04,16806,16806,16806,20241204_fncas12a_lexA_SNR52,fncas12a_lexA_snr5200011.jpg
fncas12a_snr_yes,AD_20241205_gfplib_fncas12a_lexA_snrrpr_timepoint4_Experiment_Group_C03.fcs,E02,1,16.9,20_gen,SNR52,Yes,FnCas12a,302,321,+,319,99.98,15262,15262,15262,20241204_fncas12a_lexA_SNR52,fncas12a_lexA_snr5200019.jpg
fncas12a_snr_yes,AD_20241205_gfplib_fncas12a_lexA_snrrpr_timepoint4_Experiment_Group_D01.fcs,A04,2,20,20_gen,SNR52,Yes,FnCas12a,214,233,+,217,80.11200000000001,14444,14444,14444,20241204_fncas12a_lexA_SNR52,fncas12a_lexA_snr5200004.jpg
fncas12a_snr_yes,AD_20241205_gfplib_fncas12a_lexA_snrrpr_timepoint4_Experiment_Group_D02.fcs,C03,2,17.8,20_gen,SNR52,Yes,FnCas12a,214,233,+,214,76.40400000000001,17476,17476,17476,20241204_fncas12a_lexA_SNR52,fncas12a_lexA_snr5200012.jpg
fncas12a_snr_yes,AD_20241205_gfplib_fncas12a_lexA_snrrpr_timepoint4_Experiment_Group_D03.fcs,E02,2,17.2,20_gen,SNR52,Yes,FnCas12a,302,321,+,319,99.90400000000001,14617,14617,14617,20241204_fncas12a_lexA_SNR52,fncas12a_lexA_snr5200020.jpg
fncas12a_snr_yes,AD_20241205_gfplib_fncas12a_lexA_snrrpr_timepoint4_Experiment_Group_E01.fcs,A09,1,18.6,20_gen,SNR52,Yes,FnCas12a,NA,NA,NA,NA,1.3719999999999999,16160,16160,16160,20241204_fncas12a_lexA_SNR52,fncas12a_lexA_snr5200005.jpg
fncas12a_snr_yes,AD_20241205_gfplib_fncas12a_lexA_snrrpr_timepoint4_Experiment_Group_E02.fcs,C04,1,18.8,20_gen,SNR52,Yes,FnCas12a,254,273,+,268,74.488,16977,16977,16977,20241204_fncas12a_lexA_SNR52,fncas12a_lexA_snr5200013.jpg
fncas12a_snr_yes,AD_20241205_gfplib_fncas12a_lexA_snrrpr_timepoint4_Experiment_Group_E03.fcs,E05,1,18.2,20_gen,SNR52,Yes,FnCas12a,392,411,+,394,99.848,14939,14939,14939,20241204_fncas12a_lexA_SNR52,fncas12a_lexA_snr5200021.jpg
fncas12a_snr_yes,AD_20241205_gfplib_fncas12a_lexA_snrrpr_timepoint4_Experiment_Group_F01.fcs,A09,2,18.5,20_gen,SNR52,Yes,FnCas12a,NA,NA,NA,NA,1.012,16322,16322,16322,20241204_fncas12a_lexA_SNR52,fncas12a_lexA_snr5200006.jpg
fncas12a_snr_yes,AD_20241205_gfplib_fncas12a_lexA_snrrpr_timepoint4_Experiment_Group_F02.fcs,C04,2,17.2,20_gen,SNR52,Yes,FnCas12a,254,273,+,268,76.28,16825,16825,16825,20241204_fncas12a_lexA_SNR52,fncas12a_lexA_snr5200014.jpg
fncas12a_snr_yes,AD_20241205_gfplib_fncas12a_lexA_snrrpr_timepoint4_Experiment_Group_F03.fcs,E05,2,18.4,20_gen,SNR52,Yes,FnCas12a,392,411,+,394,99.936,12550,12550,12550,20241204_fncas12a_lexA_SNR52,fncas12a_lexA_snr5200022.jpg
fncas12a_snr_yes,AD_20241205_gfplib_fncas12a_lexA_snrrpr_timepoint4_Experiment_Group_G01.fcs,A12,1,18.7,20_gen,SNR52,Yes,FnCas12a,130,134,-,142,99.876,15951,15951,15951,20241204_fncas12a_lexA_SNR52,fncas12a_lexA_snr5200007.jpg
fncas12a_snr_yes,AD_20241205_gfplib_fncas12a_lexA_snrrpr_timepoint4_Experiment_Group_G02.fcs,C05,1,19.1,20_gen,SNR52,Yes,FnCas12a,250,269,+,253,3.66,14773,14773,14773,20241204_fncas12a_lexA_SNR52,fncas12a_lexA_snr5200015.jpg
fncas12a_snr_yes,AD_20241205_gfplib_fncas12a_lexA_snrrpr_timepoint4_Experiment_Group_G03.fcs,G03,1,16.3,20_gen,SNR52,Yes,FnCas12a,140,159,+,154,98.468,16217,16217,16217,20241204_fncas12a_lexA_SNR52,fncas12a_lexA_snr5200023.jpg
fncas12a_snr_yes,AD_20241205_gfplib_fncas12a_lexA_snrrpr_timepoint4_Experiment_Group_H01.fcs,A12,2,18.9,20_gen,SNR52,Yes,FnCas12a,130,134,-,142,99.97200000000001,15826,15826,15826,20241204_fncas12a_lexA_SNR52,fncas12a_lexA_snr5200008.jpg
fncas12a_snr_yes,AD_20241205_gfplib_fncas12a_lexA_snrrpr_timepoint4_Experiment_Group_H02.fcs,C05,2,18.9,20_gen,SNR52,Yes,FnCas12a,250,269,+,253,12.096,15291,15291,15291,20241204_fncas12a_lexA_SNR52,fncas12a_lexA_snr5200016.jpg
fncas12a_snr_yes,AD_20241205_gfplib_fncas12a_lexA_snrrpr_timepoint4_Experiment_Group_H03.fcs,G03,2,18.4,20_gen,SNR52,Yes,FnCas12a,140,159,+,154,98.672,17372,17372,17372,20241204_fncas12a_lexA_SNR52,fncas12a_lexA_snr5200024.jpg
