"sample","intended_sample_vars","assayed_colony","edited_colony","high_conf_non_target_count","max_non_target_score_sv","mean_non_target_score_sv","frac_non_target_high_score","max_non_target_qual","max_non_target_af"
"5081_001_VB4_VB_WGS_20250613_0001_S5","5081_001_VB4_VB_WGS_20250613_0001_S5_chrXII_307563_T_G",FALSE,FALSE,0,NA,NA,NA,NA,NA
"5081_049_VB4_VB_WGS_20250613_0004_S53","5081_049_VB4_VB_WGS_20250613_0004_S53_chrX_349384_C_T",TRUE,TRUE,0,NA,NA,NA,NA,NA
"5081_065_VB4_VB_WGS_20250613_0005_S69","5081_065_VB4_VB_WGS_20250613_0005_S69_chrX_70450_T_C",TRUE,TRUE,0,NA,NA,NA,NA,NA
"5081_081_VB4_VB_WGS_20250613_0006_S85","5081_081_VB4_VB_WGS_20250613_0006_S85_chrIV_408981_C_A",TRUE,TRUE,0,NA,NA,NA,NA,NA
"5081_097_VB4_VB_WGS_20250613_0007_S101","5081_097_VB4_VB_WGS_20250613_0007_S101_chrVII_687487_G_T",TRUE,FALSE,0,NA,NA,NA,NA,NA
"5081_113_VB4_VB_WGS_20250613_0008_S117","5081_113_VB4_VB_WGS_20250613_0008_S117_chrXIII_16814_C_T",TRUE,TRUE,0,NA,NA,NA,NA,NA
"5081_129_VB4_VB_WGS_20250613_0009_S133","5081_129_VB4_VB_WGS_20250613_0009_S133_chrXV_966369_G_A",TRUE,TRUE,0,NA,NA,NA,NA,NA
"5081_145_VB4_VB_WGS_20250613_0010_S149","5081_145_VB4_VB_WGS_20250613_0010_S149_chrXII_804542_C_T",TRUE,FALSE,0,NA,NA,NA,NA,NA
"5081_161_VB4_VB_WGS_20250613_0011_S165","5081_161_VB4_VB_WGS_20250613_0011_S165_chrXVI_864494_A_C",TRUE,FALSE,0,NA,NA,NA,NA,NA
"5081_177_VB4_VB_WGS_20250613_0012_S181","5081_177_VB4_VB_WGS_20250613_0012_S181_chrII_754188_G_A",TRUE,FALSE,0,NA,NA,NA,NA,NA
"5081_002_VB4_VB_WGS_20250613_0013_S6","5081_002_VB4_VB_WGS_20250613_0013_S6_chrXIII_909772_A_C",TRUE,TRUE,0,NA,NA,NA,NA,NA
"5081_018_VB4_VB_WGS_20250613_0014_S22","5081_018_VB4_VB_WGS_20250613_0014_S22_chrXV_171597_G_A",TRUE,FALSE,0,NA,NA,NA,NA,NA
"5081_034_VB4_VB_WGS_20250613_0015_S38","5081_034_VB4_VB_WGS_20250613_0015_S38_chrXII_665236_T_G",TRUE,TRUE,0,NA,NA,NA,NA,NA
"5081_050_VB4_VB_WGS_20250613_0016_S54","5081_050_VB4_VB_WGS_20250613_0016_S54_chrXII_669897_C_A",TRUE,TRUE,0,NA,NA,NA,NA,NA
"5081_066_VB4_VB_WGS_20250613_0017_S70","5081_066_VB4_VB_WGS_20250613_0017_S70_chrIV_78945_C_G",TRUE,TRUE,0,NA,NA,NA,NA,NA
"5081_082_VB4_VB_WGS_20250613_0018_S86","5081_082_VB4_VB_WGS_20250613_0018_S86_chrIX_74541_G_A",TRUE,FALSE,0,NA,NA,NA,NA,NA
"5081_098_VB4_VB_WGS_20250613_0019_S102","5081_098_VB4_VB_WGS_20250613_0019_S102_chrII_543393_A_G",TRUE,FALSE,0,NA,NA,NA,NA,NA
"5081_114_VB4_VB_WGS_20250613_0020_S118","5081_114_VB4_VB_WGS_20250613_0020_S118_chrV_422183_C_T",TRUE,TRUE,0,NA,NA,NA,NA,NA
"5081_130_VB4_VB_WGS_20250613_0021_S134","5081_130_VB4_VB_WGS_20250613_0021_S134_chrII_79742_T_C",TRUE,TRUE,0,NA,NA,NA,NA,NA
"5081_146_VB4_VB_WGS_20250613_0022_S150","5081_146_VB4_VB_WGS_20250613_0022_S150_chrV_19307_G_A",FALSE,FALSE,0,NA,NA,NA,NA,NA
"5081_162_VB4_VB_WGS_20250613_0023_S166","5081_162_VB4_VB_WGS_20250613_0023_S166_chrIV_165872_C_T",TRUE,TRUE,0,NA,NA,NA,NA,NA
"5081_178_VB4_VB_WGS_20250613_0024_S182","5081_178_VB4_VB_WGS_20250613_0024_S182_chrV_225494_G_A",TRUE,FALSE,0,NA,NA,NA,NA,NA
"5081_003_VB4_VB_WGS_20250613_0025_S7","5081_003_VB4_VB_WGS_20250613_0025_S7_chrXV_351325_C_A",TRUE,TRUE,0,NA,NA,NA,NA,NA
"5081_019_VB4_VB_WGS_20250613_0026_S23","5081_019_VB4_VB_WGS_20250613_0026_S23_chrXIV_311732_C_T",TRUE,TRUE,1,0.00467896202063889,0.00467896202063889,0,264.408,100
"5081_035_VB4_VB_WGS_20250613_0027_S39","5081_035_VB4_VB_WGS_20250613_0027_S39_chrXI_559595_G_A",TRUE,FALSE,0,NA,NA,NA,NA,NA
"5081_051_VB4_VB_WGS_20250613_0028_S55","5081_051_VB4_VB_WGS_20250613_0028_S55_chrXV_641425_G_T",TRUE,FALSE,0,NA,NA,NA,NA,NA
"5081_067_VB4_VB_WGS_20250613_0029_S71","5081_067_VB4_VB_WGS_20250613_0029_S71_chrXV_393383_G_C",TRUE,TRUE,0,NA,NA,NA,NA,NA
"5081_083_VB4_VB_WGS_20250613_0030_S87","5081_083_VB4_VB_WGS_20250613_0030_S87_chrII_732123_C_T",TRUE,TRUE,0,NA,NA,NA,NA,NA
"5081_099_VB4_VB_WGS_20250613_0031_S103","5081_099_VB4_VB_WGS_20250613_0031_S103_chrV_17871_G_A",FALSE,FALSE,0,NA,NA,NA,NA,NA
"5081_115_VB4_VB_WGS_20250613_0032_S119","5081_115_VB4_VB_WGS_20250613_0032_S119_chrIV_1524270_T_C",TRUE,FALSE,1,0.925348666838362,0.925348666838362,1,933.124,100
"5081_131_VB4_VB_WGS_20250613_0033_S135","5081_131_VB4_VB_WGS_20250613_0033_S135_chrII_119739_A_G",TRUE,FALSE,0,NA,NA,NA,NA,NA
"5081_147_VB4_VB_WGS_20250613_0034_S151","5081_147_VB4_VB_WGS_20250613_0034_S151_chrVII_1063193_T_C",TRUE,TRUE,0,NA,NA,NA,NA,NA
"5081_163_VB4_VB_WGS_20250613_0035_S167","5081_163_VB4_VB_WGS_20250613_0035_S167_chrIV_896181_A_C",TRUE,TRUE,0,NA,NA,NA,NA,NA
"5081_179_VB4_VB_WGS_20250613_0036_S183","5081_179_VB4_VB_WGS_20250613_0036_S183_chrII_79742_T_C",TRUE,TRUE,0,NA,NA,NA,NA,NA
"5081_004_VB4_VB_WGS_20250613_0037_S8","5081_004_VB4_VB_WGS_20250613_0037_S8_chrVII_749231_C_T",TRUE,FALSE,0,NA,NA,NA,NA,NA
"5081_020_VB4_VB_WGS_20250613_0038_S24","5081_020_VB4_VB_WGS_20250613_0038_S24_chrII_571870_T_G",TRUE,TRUE,0,NA,NA,NA,NA,NA
"5081_036_VB4_VB_WGS_20250613_0039_S40","5081_036_VB4_VB_WGS_20250613_0039_S40_chrII_146217_T_G",TRUE,TRUE,0,NA,NA,NA,NA,NA
"5081_052_VB4_VB_WGS_20250613_0040_S56","5081_052_VB4_VB_WGS_20250613_0040_S56_chrII_670480_A_T",TRUE,TRUE,0,NA,NA,NA,NA,NA
"5081_068_VB4_VB_WGS_20250613_0041_S72","5081_068_VB4_VB_WGS_20250613_0041_S72_chrVII_184145_T_A",TRUE,TRUE,0,NA,NA,NA,NA,NA
"5081_084_VB4_VB_WGS_20250613_0042_S88","5081_084_VB4_VB_WGS_20250613_0042_S88_chrXIII_398576_A_T",TRUE,TRUE,0,NA,NA,NA,NA,NA
"5081_100_VB4_VB_WGS_20250613_0043_S104","5081_100_VB4_VB_WGS_20250613_0043_S104_chrXII_742073_T_G",TRUE,FALSE,0,NA,NA,NA,NA,NA
"5081_116_VB4_VB_WGS_20250613_0044_S120","5081_116_VB4_VB_WGS_20250613_0044_S120_chrVI_20719_C_G",TRUE,FALSE,0,NA,NA,NA,NA,NA
"5081_132_VB4_VB_WGS_20250613_0045_S136","5081_132_VB4_VB_WGS_20250613_0045_S136_chrXVI_427708_G_A",FALSE,FALSE,0,NA,NA,NA,NA,NA
"5081_148_VB4_VB_WGS_20250613_0046_S152","5081_148_VB4_VB_WGS_20250613_0046_S152_chrX_396819_A_T",TRUE,TRUE,0,NA,NA,NA,NA,NA
"5081_164_VB4_VB_WGS_20250613_0047_S168","5081_164_VB4_VB_WGS_20250613_0047_S168_chrV_26265_A_C",TRUE,TRUE,0,NA,NA,NA,NA,NA
"5081_005_VB4_VB_WGS_20250613_0049_S9","5081_005_VB4_VB_WGS_20250613_0049_S9_chrXI_417049_G_A",TRUE,FALSE,0,NA,NA,NA,NA,NA
"5081_021_VB4_VB_WGS_20250613_0050_S25","5081_021_VB4_VB_WGS_20250613_0050_S25_chrVII_195492_G_A",TRUE,FALSE,0,NA,NA,NA,NA,NA
"5081_037_VB4_VB_WGS_20250613_0051_S41","5081_037_VB4_VB_WGS_20250613_0051_S41_chrII_118818_C_A",TRUE,FALSE,0,NA,NA,NA,NA,NA
"5081_053_VB4_VB_WGS_20250613_0052_S57","5081_053_VB4_VB_WGS_20250613_0052_S57_chrV_360409_C_A",FALSE,FALSE,0,NA,NA,NA,NA,NA
"5081_069_VB4_VB_WGS_20250613_0053_S73","5081_069_VB4_VB_WGS_20250613_0053_S73_chrXV_403168_A_G",TRUE,FALSE,0,NA,NA,NA,NA,NA
"5081_085_VB4_VB_WGS_20250613_0054_S89","5081_085_VB4_VB_WGS_20250613_0054_S89_chrIX_197558_A_G",TRUE,FALSE,0,NA,NA,NA,NA,NA
"5081_101_VB4_VB_WGS_20250613_0055_S105","5081_101_VB4_VB_WGS_20250613_0055_S105_chrXIII_909772_A_C",FALSE,FALSE,0,NA,NA,NA,NA,NA
"5081_133_VB4_VB_WGS_20250613_0057_S137","5081_133_VB4_VB_WGS_20250613_0057_S137_chrXV_171597_G_A",TRUE,FALSE,0,NA,NA,NA,NA,NA
"5081_149_VB4_VB_WGS_20250613_0058_S153","5081_149_VB4_VB_WGS_20250613_0058_S153_chrVII_618943_T_G",TRUE,TRUE,0,NA,NA,NA,NA,NA
"5081_165_VB4_VB_WGS_20250613_0059_S169","5081_165_VB4_VB_WGS_20250613_0059_S169_chrXV_91740_A_T",TRUE,TRUE,0,NA,NA,NA,NA,NA
"5081_181_VB4_VB_WGS_20250613_0060_S185","5081_181_VB4_VB_WGS_20250613_0060_S185_chrVII_697829_A_G",TRUE,TRUE,0,NA,NA,NA,NA,NA
"5081_006_VB4_VB_WGS_20250613_0061_S10","5081_006_VB4_VB_WGS_20250613_0061_S10_chrXV_586659_G_A",TRUE,TRUE,0,NA,NA,NA,NA,NA
"5081_022_VB4_VB_WGS_20250613_0062_S26","5081_022_VB4_VB_WGS_20250613_0062_S26_chrXII_1006042_A_G",TRUE,TRUE,0,NA,NA,NA,NA,NA
"5081_038_VB4_VB_WGS_20250613_0063_S42","5081_038_VB4_VB_WGS_20250613_0063_S42_chrXIV_663642_C_T",TRUE,TRUE,0,NA,NA,NA,NA,NA
"5081_054_VB4_VB_WGS_20250613_0064_S58","5081_054_VB4_VB_WGS_20250613_0064_S58_chrXVI_114721_C_T",TRUE,TRUE,0,NA,NA,NA,NA,NA
"5081_070_VB4_VB_WGS_20250613_0065_S74","5081_070_VB4_VB_WGS_20250613_0065_S74_chrIV_1514885_C_T",TRUE,TRUE,0,NA,NA,NA,NA,NA
"5081_086_VB4_VB_WGS_20250613_0066_S90","5081_086_VB4_VB_WGS_20250613_0066_S90_chrII_732123_C_T",TRUE,TRUE,0,NA,NA,NA,NA,NA
"5081_102_VB4_VB_WGS_20250613_0067_S106","5081_102_VB4_VB_WGS_20250613_0067_S106_chrVII_769426_G_A",TRUE,FALSE,0,NA,NA,NA,NA,NA
"5081_118_VB4_VB_WGS_20250613_0068_S122","5081_118_VB4_VB_WGS_20250613_0068_S122_chrV_89153_T_C",TRUE,FALSE,0,NA,NA,NA,NA,NA
"5081_134_VB4_VB_WGS_20250613_0069_S138","5081_134_VB4_VB_WGS_20250613_0069_S138_chrV_89153_T_C",TRUE,FALSE,0,NA,NA,NA,NA,NA
"5081_150_VB4_VB_WGS_20250613_0070_S154","5081_150_VB4_VB_WGS_20250613_0070_S154_chrVII_442299_C_G",TRUE,FALSE,0,NA,NA,NA,NA,NA
"5081_182_VB4_VB_WGS_20250613_0072_S186","5081_182_VB4_VB_WGS_20250613_0072_S186_chrI_137148_C_G",TRUE,FALSE,0,NA,NA,NA,NA,NA
"5081_007_VB4_VB_WGS_20250613_0073_S11","5081_007_VB4_VB_WGS_20250613_0073_S11_chrII_419139_C_T",TRUE,TRUE,0,NA,NA,NA,NA,NA
"5081_023_VB4_VB_WGS_20250613_0074_S27","5081_023_VB4_VB_WGS_20250613_0074_S27_chrXIV_678304_G_A",FALSE,FALSE,0,NA,NA,NA,NA,NA
"5081_039_VB4_VB_WGS_20250613_0075_S43","5081_039_VB4_VB_WGS_20250613_0075_S43_chrXI_628847_T_C",TRUE,FALSE,0,NA,NA,NA,NA,NA
"5081_055_VB4_VB_WGS_20250613_0076_S59","5081_055_VB4_VB_WGS_20250613_0076_S59_chrIX_58511_G_A",TRUE,FALSE,0,NA,NA,NA,NA,NA
"5081_071_VB4_VB_WGS_20250613_0077_S75","5081_071_VB4_VB_WGS_20250613_0077_S75_chrX_675286_T_A",TRUE,FALSE,0,NA,NA,NA,NA,NA
"5081_087_VB4_VB_WGS_20250613_0078_S91","5081_087_VB4_VB_WGS_20250613_0078_S91_chrIV_609905_C_T",TRUE,FALSE,0,NA,NA,NA,NA,NA
"5081_119_VB4_VB_WGS_20250613_0080_S123","5081_119_VB4_VB_WGS_20250613_0080_S123_chrVI_129460_T_C",TRUE,TRUE,0,NA,NA,NA,NA,NA
"5081_135_VB4_VB_WGS_20250613_0081_S139","5081_135_VB4_VB_WGS_20250613_0081_S139_chrII_424448_A_G",TRUE,FALSE,0,NA,NA,NA,NA,NA
"5081_151_VB4_VB_WGS_20250613_0082_S155","5081_151_VB4_VB_WGS_20250613_0082_S155_chrXIV_502292_G_C",TRUE,TRUE,0,NA,NA,NA,NA,NA
"5081_183_VB4_VB_WGS_20250613_0084_S187","5081_183_VB4_VB_WGS_20250613_0084_S187_chrXII_665236_T_G",TRUE,TRUE,0,NA,NA,NA,NA,NA
"5081_008_VB4_VB_WGS_20250613_0085_S12","5081_008_VB4_VB_WGS_20250613_0085_S12_chrXI_141291_T_C",FALSE,FALSE,0,NA,NA,NA,NA,NA
"5081_024_VB4_VB_WGS_20250613_0086_S28","5081_024_VB4_VB_WGS_20250613_0086_S28_chrXIV_515089_C_T",TRUE,FALSE,0,NA,NA,NA,NA,NA
"5081_040_VB4_VB_WGS_20250613_0087_S44","5081_040_VB4_VB_WGS_20250613_0087_S44_chrX_160275_C_T",TRUE,TRUE,0,NA,NA,NA,NA,NA
"5081_056_VB4_VB_WGS_20250613_0088_S60","5081_056_VB4_VB_WGS_20250613_0088_S60_chrXV_1018776_A_G",TRUE,FALSE,0,NA,NA,NA,NA,NA
"5081_072_VB4_VB_WGS_20250613_0089_S76","5081_072_VB4_VB_WGS_20250613_0089_S76_chrIV_671424_A_G",TRUE,FALSE,0,NA,NA,NA,NA,NA
"5081_088_VB4_VB_WGS_20250613_0090_S92","5081_088_VB4_VB_WGS_20250613_0090_S92_chrXVI_116499_T_C",TRUE,TRUE,0,NA,NA,NA,NA,NA
"5081_104_VB4_VB_WGS_20250613_0091_S108","5081_104_VB4_VB_WGS_20250613_0091_S108_chrVIII_127766_G_C",TRUE,TRUE,0,NA,NA,NA,NA,NA
"5081_120_VB4_VB_WGS_20250613_0092_S124","5081_120_VB4_VB_WGS_20250613_0092_S124_chrXIII_574079_G_A",TRUE,FALSE,0,NA,NA,NA,NA,NA
"5081_136_VB4_VB_WGS_20250613_0093_S140","5081_136_VB4_VB_WGS_20250613_0093_S140_chrX_390122_G_A",TRUE,TRUE,0,NA,NA,NA,NA,NA
"5081_152_VB4_VB_WGS_20250613_0094_S156","5081_152_VB4_VB_WGS_20250613_0094_S156_chrVII_175590_A_G",FALSE,FALSE,0,NA,NA,NA,NA,NA
"5081_168_VB4_VB_WGS_20250613_0095_S172","5081_168_VB4_VB_WGS_20250613_0095_S172_chrXII_404565_G_C",TRUE,TRUE,0,NA,NA,NA,NA,NA
"5081_184_VB4_VB_WGS_20250613_0096_S188","5081_184_VB4_VB_WGS_20250613_0096_S188_chrXIII_366010_G_A",TRUE,TRUE,0,NA,NA,NA,NA,NA
"5081_193_VB4_VB_WGS_20250613_0097_S197","5081_193_VB4_VB_WGS_20250613_0097_S197_chrXVI_114721_C_T",TRUE,FALSE,0,NA,NA,NA,NA,NA
"5081_209_VB4_VB_WGS_20250613_0098_S213","5081_209_VB4_VB_WGS_20250613_0098_S213_chrX_520595_A_G",TRUE,FALSE,0,NA,NA,NA,NA,NA
"5081_225_VB4_VB_WGS_20250613_0099_S229","5081_225_VB4_VB_WGS_20250613_0099_S229_chrXV_964403_C_A",FALSE,FALSE,0,NA,NA,NA,NA,NA
"5081_241_VB4_VB_WGS_20250613_0100_S245","5081_241_VB4_VB_WGS_20250613_0100_S245_chrXVI_112737_A_G",TRUE,TRUE,0,NA,NA,NA,NA,NA
"5081_257_VB4_VB_WGS_20250613_0101_S261","5081_257_VB4_VB_WGS_20250613_0101_S261_chrVIII_21911_C_A",TRUE,FALSE,0,NA,NA,NA,NA,NA
"5081_273_VB4_VB_WGS_20250613_0102_S277","5081_273_VB4_VB_WGS_20250613_0102_S277_chrX_460801_G_A",TRUE,FALSE,0,NA,NA,NA,NA,NA
"5081_305_VB4_VB_WGS_20250613_0104_S309","5081_305_VB4_VB_WGS_20250613_0104_S309_chrIV_765852_T_C",TRUE,TRUE,0,NA,NA,NA,NA,NA
"5081_321_VB4_VB_WGS_20250613_0105_S325","5081_321_VB4_VB_WGS_20250613_0105_S325_chrIV_195494_G_C",TRUE,TRUE,0,NA,NA,NA,NA,NA
"5081_337_VB4_VB_WGS_20250613_0106_S341","5081_337_VB4_VB_WGS_20250613_0106_S341_chrIV_106297_A_C",TRUE,TRUE,0,NA,NA,NA,NA,NA
"5081_353_VB4_VB_WGS_20250613_0107_S357","5081_353_VB4_VB_WGS_20250613_0107_S357_chrXV_316888_A_C",FALSE,FALSE,0,NA,NA,NA,NA,NA
"5081_369_VB4_VB_WGS_20250613_0108_S373","5081_369_VB4_VB_WGS_20250613_0108_S373_chrXII_262942_T_A",FALSE,FALSE,0,NA,NA,NA,NA,NA
"5081_194_VB4_VB_WGS_20250613_0109_S198","5081_194_VB4_VB_WGS_20250613_0109_S198_chrX_714773_C_T",TRUE,TRUE,2,0.963671316385532,0.963671316385532,1,155.804,81.8181818181818
"5081_210_VB4_VB_WGS_20250613_0110_S214","5081_210_VB4_VB_WGS_20250613_0110_S214_chrX_484754_T_A",TRUE,FALSE,0,NA,NA,NA,NA,NA
"5081_226_VB4_VB_WGS_20250613_0111_S230","5081_226_VB4_VB_WGS_20250613_0111_S230_chrII_119739_A_G",TRUE,TRUE,0,NA,NA,NA,NA,NA
"5081_242_VB4_VB_WGS_20250613_0112_S246","5081_242_VB4_VB_WGS_20250613_0112_S246_chrVII_900405_C_T",TRUE,TRUE,0,NA,NA,NA,NA,NA
"5081_258_VB4_VB_WGS_20250613_0113_S262","5081_258_VB4_VB_WGS_20250613_0113_S262_chrXII_786826_T_C",TRUE,TRUE,0,NA,NA,NA,NA,NA
"5081_274_VB4_VB_WGS_20250613_0114_S278","5081_274_VB4_VB_WGS_20250613_0114_S278_chrIX_419726_G_A",TRUE,TRUE,0,NA,NA,NA,NA,NA
"5081_290_VB4_VB_WGS_20250613_0115_S294","5081_290_VB4_VB_WGS_20250613_0115_S294_chrXI_608676_T_C",TRUE,TRUE,0,NA,NA,NA,NA,NA
"5081_306_VB4_VB_WGS_20250613_0116_S310","5081_306_VB4_VB_WGS_20250613_0116_S310_chrIV_453852_A_T",TRUE,TRUE,0,NA,NA,NA,NA,NA
"5081_322_VB4_VB_WGS_20250613_0117_S326","5081_322_VB4_VB_WGS_20250613_0117_S326_chrX_400808_T_C",FALSE,FALSE,0,NA,NA,NA,NA,NA
"5081_338_VB4_VB_WGS_20250613_0118_S342","5081_338_VB4_VB_WGS_20250613_0118_S342_chrIV_158510_T_C",TRUE,FALSE,0,NA,NA,NA,NA,NA
"5081_354_VB4_VB_WGS_20250613_0119_S358","5081_354_VB4_VB_WGS_20250613_0119_S358_chrIV_78945_C_G",TRUE,TRUE,0,NA,NA,NA,NA,NA
"5081_370_VB4_VB_WGS_20250613_0120_S374","5081_370_VB4_VB_WGS_20250613_0120_S374_chrIV_227289_A_G",TRUE,TRUE,0,NA,NA,NA,NA,NA
"5081_195_VB4_VB_WGS_20250613_0121_S199","5081_195_VB4_VB_WGS_20250613_0121_S199_chrXII_817044_A_G",FALSE,FALSE,0,NA,NA,NA,NA,NA
"5081_211_VB4_VB_WGS_20250613_0122_S215","5081_211_VB4_VB_WGS_20250613_0122_S215_chrXII_101965_T_G",TRUE,FALSE,0,NA,NA,NA,NA,NA
"5081_243_VB4_VB_WGS_20250613_0124_S247","5081_243_VB4_VB_WGS_20250613_0124_S247_chrXI_202432_C_T",FALSE,FALSE,0,NA,NA,NA,NA,NA
"5081_259_VB4_VB_WGS_20250613_0125_S263","5081_259_VB4_VB_WGS_20250613_0125_S263_chrXII_117856_T_C",TRUE,FALSE,0,NA,NA,NA,NA,NA
"5081_275_VB4_VB_WGS_20250613_0126_S279","5081_275_VB4_VB_WGS_20250613_0126_S279_chrXVI_99579_T_C",TRUE,FALSE,0,NA,NA,NA,NA,NA
"5081_291_VB4_VB_WGS_20250613_0127_S295","5081_291_VB4_VB_WGS_20250613_0127_S295_chrII_389557_G_A",TRUE,FALSE,1,0.00111174528214205,0.00111174528214205,0,198.678,100
"5081_307_VB4_VB_WGS_20250613_0128_S311","5081_307_VB4_VB_WGS_20250613_0128_S311_chrI_34554_A_G",TRUE,TRUE,1,0.0791449580080331,0.0791449580080331,0,91.5235,75
"5081_323_VB4_VB_WGS_20250613_0129_S327","5081_323_VB4_VB_WGS_20250613_0129_S327_chrXIV_231950_G_A",TRUE,TRUE,0,NA,NA,NA,NA,NA
"5081_339_VB4_VB_WGS_20250613_0130_S343","5081_339_VB4_VB_WGS_20250613_0130_S343_chrXIII_238380_A_G",TRUE,TRUE,0,NA,NA,NA,NA,NA
"5081_355_VB4_VB_WGS_20250613_0131_S359","5081_355_VB4_VB_WGS_20250613_0131_S359_chrXV_432824_T_C",TRUE,FALSE,0,NA,NA,NA,NA,NA
"5081_371_VB4_VB_WGS_20250613_0132_S375","5081_371_VB4_VB_WGS_20250613_0132_S375_chrII_533657_C_T",TRUE,TRUE,0,NA,NA,NA,NA,NA
"5081_196_VB4_VB_WGS_20250613_0133_S200","5081_196_VB4_VB_WGS_20250613_0133_S200_chrXI_559707_T_C",TRUE,FALSE,0,NA,NA,NA,NA,NA
"5081_212_VB4_VB_WGS_20250613_0134_S216","5081_212_VB4_VB_WGS_20250613_0134_S216_chrII_177793_G_A",TRUE,FALSE,0,NA,NA,NA,NA,NA
"5081_228_VB4_VB_WGS_20250613_0135_S232","5081_228_VB4_VB_WGS_20250613_0135_S232_chrXV_351325_C_A",TRUE,TRUE,0,NA,NA,NA,NA,NA
"5081_244_VB4_VB_WGS_20250613_0136_S248","5081_244_VB4_VB_WGS_20250613_0136_S248_chrX_484754_T_A",TRUE,FALSE,0,NA,NA,NA,NA,NA
"5081_276_VB4_VB_WGS_20250613_0138_S280","5081_276_VB4_VB_WGS_20250613_0138_S280_chrXV_53014_C_T",TRUE,FALSE,0,NA,NA,NA,NA,NA
"5081_292_VB4_VB_WGS_20250613_0139_S296","5081_292_VB4_VB_WGS_20250613_0139_S296_chrIV_822719_T_C",TRUE,FALSE,0,NA,NA,NA,NA,NA
"5081_308_VB4_VB_WGS_20250613_0140_S312","5081_308_VB4_VB_WGS_20250613_0140_S312_chrXV_763978_C_G",TRUE,TRUE,0,NA,NA,NA,NA,NA
"5081_324_VB4_VB_WGS_20250613_0141_S328","5081_324_VB4_VB_WGS_20250613_0141_S328_chrVII_370391_A_G",TRUE,FALSE,0,NA,NA,NA,NA,NA
"5081_340_VB4_VB_WGS_20250613_0142_S344","5081_340_VB4_VB_WGS_20250613_0142_S344_chrXIII_129599_C_T",TRUE,TRUE,0,NA,NA,NA,NA,NA
"5081_356_VB4_VB_WGS_20250613_0143_S360","5081_356_VB4_VB_WGS_20250613_0143_S360_chrXII_989108_A_G",TRUE,TRUE,0,NA,NA,NA,NA,NA
"5081_372_VB4_VB_WGS_20250613_0144_S376","5081_372_VB4_VB_WGS_20250613_0144_S376_chrXII_619341_T_C",TRUE,FALSE,0,NA,NA,NA,NA,NA
"5081_197_VB4_VB_WGS_20250613_0145_S201","5081_197_VB4_VB_WGS_20250613_0145_S201_chrI_137148_C_G",TRUE,FALSE,0,NA,NA,NA,NA,NA
"5081_213_VB4_VB_WGS_20250613_0146_S217","5081_213_VB4_VB_WGS_20250613_0146_S217_chrIX_131883_C_A",TRUE,TRUE,0,NA,NA,NA,NA,NA
"5081_229_VB4_VB_WGS_20250613_0147_S233","5081_229_VB4_VB_WGS_20250613_0147_S233_chrII_629782_T_C",TRUE,FALSE,0,NA,NA,NA,NA,NA
"5081_245_VB4_VB_WGS_20250613_0148_S249","5081_245_VB4_VB_WGS_20250613_0148_S249_chrV_422183_C_T",TRUE,TRUE,0,NA,NA,NA,NA,NA
"5081_261_VB4_VB_WGS_20250613_0149_S265","5081_261_VB4_VB_WGS_20250613_0149_S265_chrVII_44796_A_G",TRUE,FALSE,0,NA,NA,NA,NA,NA
"5081_277_VB4_VB_WGS_20250613_0150_S281","5081_277_VB4_VB_WGS_20250613_0150_S281_chrXV_432824_T_C",TRUE,FALSE,0,NA,NA,NA,NA,NA
"5081_293_VB4_VB_WGS_20250613_0151_S297","5081_293_VB4_VB_WGS_20250613_0151_S297_chrII_174881_T_G",TRUE,TRUE,0,NA,NA,NA,NA,NA
"5081_309_VB4_VB_WGS_20250613_0152_S313","5081_309_VB4_VB_WGS_20250613_0152_S313_chrVII_749165_C_T",FALSE,FALSE,0,NA,NA,NA,NA,NA
"5081_341_VB4_VB_WGS_20250613_0154_S345","5081_341_VB4_VB_WGS_20250613_0154_S345_chrXVI_668461_T_C",TRUE,FALSE,0,NA,NA,NA,NA,NA
"5081_357_VB4_VB_WGS_20250613_0155_S361","5081_357_VB4_VB_WGS_20250613_0155_S361_chrII_419139_C_T",TRUE,FALSE,0,NA,NA,NA,NA,NA
"5081_373_VB4_VB_WGS_20250613_0156_S377","5081_373_VB4_VB_WGS_20250613_0156_S377_chrIII_283368_C_G",TRUE,TRUE,0,NA,NA,NA,NA,NA
"5081_198_VB4_VB_WGS_20250613_0157_S202","5081_198_VB4_VB_WGS_20250613_0157_S202_chrXI_608676_T_C",FALSE,FALSE,0,NA,NA,NA,NA,NA
"5081_214_VB4_VB_WGS_20250613_0158_S218","5081_214_VB4_VB_WGS_20250613_0158_S218_chrVII_405448_T_A",TRUE,TRUE,0,NA,NA,NA,NA,NA
"5081_230_VB4_VB_WGS_20250613_0159_S234","5081_230_VB4_VB_WGS_20250613_0159_S234_chrXII_234144_G_A",TRUE,TRUE,0,NA,NA,NA,NA,NA
"5081_246_VB4_VB_WGS_20250613_0160_S250","5081_246_VB4_VB_WGS_20250613_0160_S250_chrXV_603468_A_G",TRUE,TRUE,0,NA,NA,NA,NA,NA
"5081_262_VB4_VB_WGS_20250613_0161_S266","5081_262_VB4_VB_WGS_20250613_0161_S266_chrXII_619731_T_C",TRUE,FALSE,0,NA,NA,NA,NA,NA
"5081_278_VB4_VB_WGS_20250613_0162_S282","5081_278_VB4_VB_WGS_20250613_0162_S282_chrIX_411837_G_T",TRUE,FALSE,0,NA,NA,NA,NA,NA
"5081_294_VB4_VB_WGS_20250613_0163_S298","5081_294_VB4_VB_WGS_20250613_0163_S298_chrXVI_112737_A_G",TRUE,TRUE,0,NA,NA,NA,NA,NA
"5081_310_VB4_VB_WGS_20250613_0164_S314","5081_310_VB4_VB_WGS_20250613_0164_S314_chrXIII_193971_A_G",TRUE,TRUE,0,NA,NA,NA,NA,NA
"5081_326_VB4_VB_WGS_20250613_0165_S330","5081_326_VB4_VB_WGS_20250613_0165_S330_chrXV_168199_G_A",TRUE,TRUE,0,NA,NA,NA,NA,NA
"5081_342_VB4_VB_WGS_20250613_0166_S346","5081_342_VB4_VB_WGS_20250613_0166_S346_chrXIV_473648_T_C",TRUE,TRUE,0,NA,NA,NA,NA,NA
"5081_358_VB4_VB_WGS_20250613_0167_S362","5081_358_VB4_VB_WGS_20250613_0167_S362_chrIX_196033_T_C",TRUE,FALSE,0,NA,NA,NA,NA,NA
"5081_374_VB4_VB_WGS_20250613_0168_S378","5081_374_VB4_VB_WGS_20250613_0168_S378_chrX_519866_C_T",TRUE,FALSE,0,NA,NA,NA,NA,NA
"5081_199_VB4_VB_WGS_20250613_0169_S203","5081_199_VB4_VB_WGS_20250613_0169_S203_chrXII_619341_T_C",TRUE,FALSE,0,NA,NA,NA,NA,NA
"5081_215_VB4_VB_WGS_20250613_0170_S219","5081_215_VB4_VB_WGS_20250613_0170_S219_chrXIII_585021_T_G",TRUE,FALSE,0,NA,NA,NA,NA,NA
"5081_247_VB4_VB_WGS_20250613_0172_S251","5081_247_VB4_VB_WGS_20250613_0172_S251_chrXII_826454_T_C",TRUE,TRUE,0,NA,NA,NA,NA,NA
"5081_263_VB4_VB_WGS_20250613_0173_S267","5081_263_VB4_VB_WGS_20250613_0173_S267_chrVIII_57176_G_A",TRUE,TRUE,0,NA,NA,NA,NA,NA
"5081_279_VB4_VB_WGS_20250613_0174_S283","5081_279_VB4_VB_WGS_20250613_0174_S283_chrVII_190586_G_A",TRUE,FALSE,0,NA,NA,NA,NA,NA
"5081_295_VB4_VB_WGS_20250613_0175_S299","5081_295_VB4_VB_WGS_20250613_0175_S299_chrXII_115512_A_G",TRUE,FALSE,0,NA,NA,NA,NA,NA
"5081_311_VB4_VB_WGS_20250613_0176_S315","5081_311_VB4_VB_WGS_20250613_0176_S315_chrVII_213119_G_A",TRUE,FALSE,0,NA,NA,NA,NA,NA
"5081_327_VB4_VB_WGS_20250613_0177_S331","5081_327_VB4_VB_WGS_20250613_0177_S331_chrIV_195494_G_C",TRUE,FALSE,0,NA,NA,NA,NA,NA
"5081_343_VB4_VB_WGS_20250613_0178_S347","5081_343_VB4_VB_WGS_20250613_0178_S347_chrII_469374_G_A",TRUE,FALSE,0,NA,NA,NA,NA,NA
"5081_359_VB4_VB_WGS_20250613_0179_S363","5081_359_VB4_VB_WGS_20250613_0179_S363_chrXVI_668461_T_C",TRUE,FALSE,0,NA,NA,NA,NA,NA
"5081_375_VB4_VB_WGS_20250613_0180_S379","5081_375_VB4_VB_WGS_20250613_0180_S379_chrXV_51031_T_C",TRUE,TRUE,0,NA,NA,NA,NA,NA
"5081_200_VB4_VB_WGS_20250613_0181_S204","5081_200_VB4_VB_WGS_20250613_0181_S204_chrI_130421_T_C",TRUE,FALSE,0,NA,NA,NA,NA,NA
"5081_216_VB4_VB_WGS_20250613_0182_S220","5081_216_VB4_VB_WGS_20250613_0182_S220_chrXI_194575_C_T",FALSE,FALSE,0,NA,NA,NA,NA,NA
"5081_232_VB4_VB_WGS_20250613_0183_S236","5081_232_VB4_VB_WGS_20250613_0183_S236_chrVII_629252_T_C",FALSE,FALSE,0,NA,NA,NA,NA,NA
"5081_248_VB4_VB_WGS_20250613_0184_S252","5081_248_VB4_VB_WGS_20250613_0184_S252_chrXV_589090_C_T",TRUE,FALSE,0,NA,NA,NA,NA,NA
"5081_280_VB4_VB_WGS_20250613_0186_S284","5081_280_VB4_VB_WGS_20250613_0186_S284_chrXII_631177_G_A",FALSE,FALSE,0,NA,NA,NA,NA,NA
"5081_296_VB4_VB_WGS_20250613_0187_S300","5081_296_VB4_VB_WGS_20250613_0187_S300_chrIV_1038975_C_T",TRUE,FALSE,0,NA,NA,NA,NA,NA
"5081_312_VB4_VB_WGS_20250613_0188_S316","5081_312_VB4_VB_WGS_20250613_0188_S316_chrXII_742073_T_G",FALSE,FALSE,0,NA,NA,NA,NA,NA
"5081_328_VB4_VB_WGS_20250613_0189_S332","5081_328_VB4_VB_WGS_20250613_0189_S332_chrI_102700_G_T",TRUE,TRUE,0,NA,NA,NA,NA,NA
"5081_344_VB4_VB_WGS_20250613_0190_S348","5081_344_VB4_VB_WGS_20250613_0190_S348_chrXVI_523433_C_G",TRUE,TRUE,0,NA,NA,NA,NA,NA
"5081_360_VB4_VB_WGS_20250613_0191_S364","5081_360_VB4_VB_WGS_20250613_0191_S364_chrIX_131883_C_A",FALSE,FALSE,0,NA,NA,NA,NA,NA
"5081_376_VB4_VB_WGS_20250613_0192_S380","5081_376_VB4_VB_WGS_20250613_0192_S380_chrXI_621619_A_G",FALSE,FALSE,0,NA,NA,NA,NA,NA
"5081_009_VB4_VB_WGS_20250613_0193_S13","5081_009_VB4_VB_WGS_20250613_0193_S13_chrX_382079_T_C",TRUE,FALSE,0,NA,NA,NA,NA,NA
"5081_025_VB4_VB_WGS_20250613_0194_S29","5081_025_VB4_VB_WGS_20250613_0194_S29_chrV_526004_C_A",TRUE,TRUE,0,NA,NA,NA,NA,NA
"5081_041_VB4_VB_WGS_20250613_0195_S45","5081_041_VB4_VB_WGS_20250613_0195_S45_chrXIII_118473_A_G",FALSE,FALSE,0,NA,NA,NA,NA,NA
"5081_057_VB4_VB_WGS_20250613_0196_S61","5081_057_VB4_VB_WGS_20250613_0196_S61_chrXV_720492_T_C",TRUE,TRUE,0,NA,NA,NA,NA,NA
"5081_089_VB4_VB_WGS_20250613_0198_S93","5081_089_VB4_VB_WGS_20250613_0198_S93_chrIV_1508644_C_T",TRUE,FALSE,0,NA,NA,NA,NA,NA
"5081_105_VB4_VB_WGS_20250613_0199_S109","5081_105_VB4_VB_WGS_20250613_0199_S109_chrXIII_16814_C_T",TRUE,TRUE,0,NA,NA,NA,NA,NA
"5081_121_VB4_VB_WGS_20250613_0200_S125","5081_121_VB4_VB_WGS_20250613_0200_S125_chrXII_635187_T_C",TRUE,FALSE,0,NA,NA,NA,NA,NA
"5081_137_VB4_VB_WGS_20250613_0201_S141","5081_137_VB4_VB_WGS_20250613_0201_S141_chrIV_467595_T_C",FALSE,FALSE,0,NA,NA,NA,NA,NA
"5081_185_VB4_VB_WGS_20250613_0204_S189","5081_185_VB4_VB_WGS_20250613_0204_S189_chrIII_283368_C_G",TRUE,TRUE,0,NA,NA,NA,NA,NA
"5081_010_VB4_VB_WGS_20250613_0205_S14","5081_010_VB4_VB_WGS_20250613_0205_S14_chrXIV_525732_C_T",TRUE,FALSE,0,NA,NA,NA,NA,NA
"5081_026_VB4_VB_WGS_20250613_0206_S30","5081_026_VB4_VB_WGS_20250613_0206_S30_chrI_182210_T_A",TRUE,FALSE,0,NA,NA,NA,NA,NA
"5081_058_VB4_VB_WGS_20250613_0208_S62","5081_058_VB4_VB_WGS_20250613_0208_S62_chrXVI_116499_T_C",TRUE,FALSE,0,NA,NA,NA,NA,NA
"5081_074_VB4_VB_WGS_20250613_0209_S78","5081_074_VB4_VB_WGS_20250613_0209_S78_chrXV_385938_G_C",TRUE,TRUE,0,NA,NA,NA,NA,NA
"5081_090_VB4_VB_WGS_20250613_0210_S94","5081_090_VB4_VB_WGS_20250613_0210_S94_chrII_521571_G_T",FALSE,FALSE,0,NA,NA,NA,NA,NA
"5081_106_VB4_VB_WGS_20250613_0211_S110","5081_106_VB4_VB_WGS_20250613_0211_S110_chrIV_578722_A_G",FALSE,FALSE,0,NA,NA,NA,NA,NA
"5081_122_VB4_VB_WGS_20250613_0212_S126","5081_122_VB4_VB_WGS_20250613_0212_S126_chrVI_27371_C_T",FALSE,FALSE,0,NA,NA,NA,NA,NA
"5081_138_VB4_VB_WGS_20250613_0213_S142","5081_138_VB4_VB_WGS_20250613_0213_S142_chrVI_59951_A_G",FALSE,FALSE,0,NA,NA,NA,NA,NA
"5081_154_VB4_VB_WGS_20250613_0214_S158","5081_154_VB4_VB_WGS_20250613_0214_S158_chrXIII_105326_G_A",TRUE,TRUE,0,NA,NA,NA,NA,NA
"5081_170_VB4_VB_WGS_20250613_0215_S174","5081_170_VB4_VB_WGS_20250613_0215_S174_chrXV_212282_G_A",TRUE,TRUE,0,NA,NA,NA,NA,NA
"5081_186_VB4_VB_WGS_20250613_0216_S190","5081_186_VB4_VB_WGS_20250613_0216_S190_chrXVI_455023_C_T",TRUE,TRUE,0,NA,NA,NA,NA,NA
"5081_011_VB4_VB_WGS_20250613_0217_S15","5081_011_VB4_VB_WGS_20250613_0217_S15_chrX_517244_G_C",FALSE,FALSE,0,NA,NA,NA,NA,NA
"5081_027_VB4_VB_WGS_20250613_0218_S31","5081_027_VB4_VB_WGS_20250613_0218_S31_chrIV_49229_T_C",TRUE,FALSE,0,NA,NA,NA,NA,NA
"5081_043_VB4_VB_WGS_20250613_0219_S47","5081_043_VB4_VB_WGS_20250613_0219_S47_chrXII_68253_G_A",TRUE,TRUE,0,NA,NA,NA,NA,NA
"5081_059_VB4_VB_WGS_20250613_0220_S63","5081_059_VB4_VB_WGS_20250613_0220_S63_chrIV_578728_A_G",TRUE,FALSE,0,NA,NA,NA,NA,NA
"5081_075_VB4_VB_WGS_20250613_0221_S79","5081_075_VB4_VB_WGS_20250613_0221_S79_chrXII_234144_G_A",TRUE,TRUE,0,NA,NA,NA,NA,NA
"5081_091_VB4_VB_WGS_20250613_0222_S95","5081_091_VB4_VB_WGS_20250613_0222_S95_chrXI_141291_T_C",TRUE,FALSE,0,NA,NA,NA,NA,NA
"5081_107_VB4_VB_WGS_20250613_0223_S111","5081_107_VB4_VB_WGS_20250613_0223_S111_chrVII_418292_A_T",TRUE,FALSE,0,NA,NA,NA,NA,NA
"5081_123_VB4_VB_WGS_20250613_0224_S127","5081_123_VB4_VB_WGS_20250613_0224_S127_chrIV_165872_C_T",FALSE,FALSE,0,NA,NA,NA,NA,NA
"5081_139_VB4_VB_WGS_20250613_0225_S143","5081_139_VB4_VB_WGS_20250613_0225_S143_chrXV_53014_C_T",TRUE,TRUE,0,NA,NA,NA,NA,NA
"5081_155_VB4_VB_WGS_20250613_0226_S159","5081_155_VB4_VB_WGS_20250613_0226_S159_chrXIII_850191_C_T",TRUE,TRUE,0,NA,NA,NA,NA,NA
"5081_171_VB4_VB_WGS_20250613_0227_S175","5081_171_VB4_VB_WGS_20250613_0227_S175_chrVI_20719_C_G",FALSE,FALSE,0,NA,NA,NA,NA,NA
"5081_187_VB4_VB_WGS_20250613_0228_S191","5081_187_VB4_VB_WGS_20250613_0228_S191_chrXII_768100_T_C",TRUE,FALSE,0,NA,NA,NA,NA,NA
"5081_012_VB4_VB_WGS_20250613_0229_S16","5081_012_VB4_VB_WGS_20250613_0229_S16_chrIV_70552_C_A",FALSE,FALSE,0,NA,NA,NA,NA,NA
"5081_028_VB4_VB_WGS_20250613_0230_S32","5081_028_VB4_VB_WGS_20250613_0230_S32_chrVII_184145_T_A",FALSE,FALSE,0,NA,NA,NA,NA,NA
"5081_044_VB4_VB_WGS_20250613_0231_S48","5081_044_VB4_VB_WGS_20250613_0231_S48_chrIX_62438_A_G",TRUE,FALSE,0,NA,NA,NA,NA,NA
"5081_060_VB4_VB_WGS_20250613_0232_S64","5081_060_VB4_VB_WGS_20250613_0232_S64_chrXIII_681785_A_T",TRUE,FALSE,0,NA,NA,NA,NA,NA
"5081_076_VB4_VB_WGS_20250613_0233_S80","5081_076_VB4_VB_WGS_20250613_0233_S80_chrXII_579633_C_T",FALSE,FALSE,0,NA,NA,NA,NA,NA
"5081_092_VB4_VB_WGS_20250613_0234_S96","5081_092_VB4_VB_WGS_20250613_0234_S96_chrXII_1050100_A_G",TRUE,TRUE,0,NA,NA,NA,NA,NA
"5081_108_VB4_VB_WGS_20250613_0235_S112","5081_108_VB4_VB_WGS_20250613_0235_S112_chrVIII_427619_T_C",FALSE,FALSE,0,NA,NA,NA,NA,NA
"5081_156_VB4_VB_WGS_20250613_0238_S160","5081_156_VB4_VB_WGS_20250613_0238_S160_chrVII_749231_C_T",FALSE,FALSE,0,NA,NA,NA,NA,NA
"5081_188_VB4_VB_WGS_20250613_0240_S192","5081_188_VB4_VB_WGS_20250613_0240_S192_chrV_24575_T_C",TRUE,FALSE,0,NA,NA,NA,NA,NA
"5081_013_VB4_VB_WGS_20250613_0241_S17","5081_013_VB4_VB_WGS_20250613_0241_S17_chrXV_925756_C_G",TRUE,FALSE,0,NA,NA,NA,NA,NA
"5081_029_VB4_VB_WGS_20250613_0242_S33","5081_029_VB4_VB_WGS_20250613_0242_S33_chrXIII_850191_C_T",TRUE,FALSE,0,NA,NA,NA,NA,NA
"5081_045_VB4_VB_WGS_20250613_0243_S49","5081_045_VB4_VB_WGS_20250613_0243_S49_chrXV_492545_G_A",TRUE,FALSE,0,NA,NA,NA,NA,NA
"5081_061_VB4_VB_WGS_20250613_0244_S65","5081_061_VB4_VB_WGS_20250613_0244_S65_chrVII_213119_G_A",TRUE,FALSE,0,NA,NA,NA,NA,NA
"5081_077_VB4_VB_WGS_20250613_0245_S81","5081_077_VB4_VB_WGS_20250613_0245_S81_chrIX_336519_C_G",TRUE,FALSE,0,NA,NA,NA,NA,NA
"5081_093_VB4_VB_WGS_20250613_0246_S97","5081_093_VB4_VB_WGS_20250613_0246_S97_chrXV_1024047_G_T",TRUE,FALSE,0,NA,NA,NA,NA,NA
"5081_109_VB4_VB_WGS_20250613_0247_S113","5081_109_VB4_VB_WGS_20250613_0247_S113_chrXI_19563_C_T",TRUE,TRUE,0,NA,NA,NA,NA,NA
"5081_125_VB4_VB_WGS_20250613_0248_S129","5081_125_VB4_VB_WGS_20250613_0248_S129_chrX_699851_G_A",TRUE,FALSE,0,NA,NA,NA,NA,NA
"5081_141_VB4_VB_WGS_20250613_0249_S145","5081_141_VB4_VB_WGS_20250613_0249_S145_chrXII_315693_T_C",FALSE,FALSE,0,NA,NA,NA,NA,NA
"5081_157_VB4_VB_WGS_20250613_0250_S161","5081_157_VB4_VB_WGS_20250613_0250_S161_chrVIII_41712_G_A",TRUE,FALSE,0,NA,NA,NA,NA,NA
"5081_173_VB4_VB_WGS_20250613_0251_S177","5081_173_VB4_VB_WGS_20250613_0251_S177_chrII_424490_G_A",FALSE,FALSE,0,NA,NA,NA,NA,NA
"5081_189_VB4_VB_WGS_20250613_0252_S193","5081_189_VB4_VB_WGS_20250613_0252_S193_chrI_130421_T_C",TRUE,TRUE,0,NA,NA,NA,NA,NA
"5081_014_VB4_VB_WGS_20250613_0253_S18","5081_014_VB4_VB_WGS_20250613_0253_S18_chrXI_419413_A_G",FALSE,FALSE,0,NA,NA,NA,NA,NA
"5081_030_VB4_VB_WGS_20250613_0254_S34","5081_030_VB4_VB_WGS_20250613_0254_S34_chrVI_103389_T_G",FALSE,FALSE,0,NA,NA,NA,NA,NA
"5081_046_VB4_VB_WGS_20250613_0255_S50","5081_046_VB4_VB_WGS_20250613_0255_S50_chrVII_1046353_C_T",TRUE,FALSE,0,NA,NA,NA,NA,NA
"5081_062_VB4_VB_WGS_20250613_0256_S66","5081_062_VB4_VB_WGS_20250613_0256_S66_chrIV_1469510_C_T",TRUE,FALSE,0,NA,NA,NA,NA,NA
"5081_078_VB4_VB_WGS_20250613_0257_S82","5081_078_VB4_VB_WGS_20250613_0257_S82_chrIV_765852_T_C",TRUE,FALSE,0,NA,NA,NA,NA,NA
"5081_094_VB4_VB_WGS_20250613_0258_S98","5081_094_VB4_VB_WGS_20250613_0258_S98_chrIV_935079_G_C",TRUE,TRUE,0,NA,NA,NA,NA,NA
"5081_110_VB4_VB_WGS_20250613_0259_S114","5081_110_VB4_VB_WGS_20250613_0259_S114_chrII_142186_G_A",TRUE,TRUE,0,NA,NA,NA,NA,NA
"5081_126_VB4_VB_WGS_20250613_0260_S130","5081_126_VB4_VB_WGS_20250613_0260_S130_chrXV_380309_C_A",TRUE,TRUE,0,NA,NA,NA,NA,NA
"5081_158_VB4_VB_WGS_20250613_0262_S162","5081_158_VB4_VB_WGS_20250613_0262_S162_chrXV_317246_C_A",TRUE,FALSE,0,NA,NA,NA,NA,NA
"5081_174_VB4_VB_WGS_20250613_0263_S178","5081_174_VB4_VB_WGS_20250613_0263_S178_chrI_197813_T_C",TRUE,FALSE,0,NA,NA,NA,NA,NA
"5081_190_VB4_VB_WGS_20250613_0264_S194","5081_190_VB4_VB_WGS_20250613_0264_S194_chrIV_285505_A_G",TRUE,TRUE,0,NA,NA,NA,NA,NA
"5081_015_VB4_VB_WGS_20250613_0265_S19","5081_015_VB4_VB_WGS_20250613_0265_S19_chrXIII_183999_G_A",TRUE,TRUE,0,NA,NA,NA,NA,NA
"5081_031_VB4_VB_WGS_20250613_0266_S35","5081_031_VB4_VB_WGS_20250613_0266_S35_chrV_482159_A_G",TRUE,TRUE,0,NA,NA,NA,NA,NA
"5081_047_VB4_VB_WGS_20250613_0267_S51","5081_047_VB4_VB_WGS_20250613_0267_S51_chrXII_619731_T_C",TRUE,TRUE,0,NA,NA,NA,NA,NA
"5081_063_VB4_VB_WGS_20250613_0268_S67","5081_063_VB4_VB_WGS_20250613_0268_S67_chrXV_91740_A_T",TRUE,TRUE,0,NA,NA,NA,NA,NA
"5081_095_VB4_VB_WGS_20250613_0270_S99","5081_095_VB4_VB_WGS_20250613_0270_S99_chrXII_762817_G_A",FALSE,FALSE,0,NA,NA,NA,NA,NA
"5081_111_VB4_VB_WGS_20250613_0271_S115","5081_111_VB4_VB_WGS_20250613_0271_S115_chrXIV_569044_A_G",TRUE,FALSE,0,NA,NA,NA,NA,NA
"5081_127_VB4_VB_WGS_20250613_0272_S131","5081_127_VB4_VB_WGS_20250613_0272_S131_chrXV_130289_A_C",TRUE,FALSE,0,NA,NA,NA,NA,NA
"5081_143_VB4_VB_WGS_20250613_0273_S147","5081_143_VB4_VB_WGS_20250613_0273_S147_chrVIII_60785_C_T",FALSE,FALSE,0,NA,NA,NA,NA,NA
"5081_159_VB4_VB_WGS_20250613_0274_S163","5081_159_VB4_VB_WGS_20250613_0274_S163_chrV_33551_A_G",TRUE,TRUE,0,NA,NA,NA,NA,NA
"5081_175_VB4_VB_WGS_20250613_0275_S179","5081_175_VB4_VB_WGS_20250613_0275_S179_chrVIII_127766_G_C",TRUE,FALSE,0,NA,NA,NA,NA,NA
"5081_191_VB4_VB_WGS_20250613_0276_S195","5081_191_VB4_VB_WGS_20250613_0276_S195_chrXI_47435_A_T",TRUE,FALSE,0,NA,NA,NA,NA,NA
"5081_016_VB4_VB_WGS_20250613_0277_S20","5081_016_VB4_VB_WGS_20250613_0277_S20_chrV_343995_C_T",FALSE,FALSE,0,NA,NA,NA,NA,NA
"5081_032_VB4_VB_WGS_20250613_0278_S36","5081_032_VB4_VB_WGS_20250613_0278_S36_chrXII_919261_T_G",FALSE,FALSE,0,NA,NA,NA,NA,NA
"5081_048_VB4_VB_WGS_20250613_0279_S52","5081_048_VB4_VB_WGS_20250613_0279_S52_chrII_469374_G_A",TRUE,FALSE,1,0.00177166788892938,0.00177166788892938,0,107.212,100
"5081_064_VB4_VB_WGS_20250613_0280_S68","5081_064_VB4_VB_WGS_20250613_0280_S68_chrXIV_311732_C_T",TRUE,TRUE,0,NA,NA,NA,NA,NA
"5081_080_VB4_VB_WGS_20250613_0281_S84","5081_080_VB4_VB_WGS_20250613_0281_S84_chrXVI_99579_T_C",TRUE,FALSE,0,NA,NA,NA,NA,NA
"5081_096_VB4_VB_WGS_20250613_0282_S100","5081_096_VB4_VB_WGS_20250613_0282_S100_chrIX_106017_C_T",TRUE,FALSE,0,NA,NA,NA,NA,NA
"5081_128_VB4_VB_WGS_20250613_0284_S132","5081_128_VB4_VB_WGS_20250613_0284_S132_chrII_154387_C_T",TRUE,TRUE,0,NA,NA,NA,NA,NA
"5081_144_VB4_VB_WGS_20250613_0285_S148","5081_144_VB4_VB_WGS_20250613_0285_S148_chrXIII_862215_C_T",FALSE,FALSE,0,NA,NA,NA,NA,NA
"5081_160_VB4_VB_WGS_20250613_0286_S164","5081_160_VB4_VB_WGS_20250613_0286_S164_chrXV_582590_G_A",FALSE,FALSE,0,NA,NA,NA,NA,NA
"5081_176_VB4_VB_WGS_20250613_0287_S180","5081_176_VB4_VB_WGS_20250613_0287_S180_chrIX_60844_T_C",TRUE,FALSE,0,NA,NA,NA,NA,NA
"5081_192_VB4_VB_WGS_20250613_0288_S196","5081_192_VB4_VB_WGS_20250613_0288_S196_chrXV_403168_A_G",FALSE,FALSE,0,NA,NA,NA,NA,NA
"5081_201_VB4_VB_WGS_20250613_0289_S205","5081_201_VB4_VB_WGS_20250613_0289_S205_chrII_137859_T_G",TRUE,FALSE,1,0.0440882179279851,0.0440882179279851,0,34.1115,50
"5081_217_VB4_VB_WGS_20250613_0290_S221","5081_217_VB4_VB_WGS_20250613_0290_S221_chrII_424448_A_G",TRUE,FALSE,0,NA,NA,NA,NA,NA
"5081_233_VB4_VB_WGS_20250613_0291_S237","5081_233_VB4_VB_WGS_20250613_0291_S237_chrXII_612516_T_C",TRUE,TRUE,0,NA,NA,NA,NA,NA
"5081_249_VB4_VB_WGS_20250613_0292_S253","5081_249_VB4_VB_WGS_20250613_0292_S253_chrXII_807074_A_G",TRUE,FALSE,0,NA,NA,NA,NA,NA
"5081_265_VB4_VB_WGS_20250613_0293_S269","5081_265_VB4_VB_WGS_20250613_0293_S269_chrXIII_9829_T_C",FALSE,FALSE,0,NA,NA,NA,NA,NA
"5081_281_VB4_VB_WGS_20250613_0294_S285","5081_281_VB4_VB_WGS_20250613_0294_S285_chrIV_1038975_C_T",FALSE,FALSE,0,NA,NA,NA,NA,NA
"5081_297_VB4_VB_WGS_20250613_0295_S301","5081_297_VB4_VB_WGS_20250613_0295_S301_chrXI_100445_A_G",FALSE,FALSE,0,NA,NA,NA,NA,NA
"5081_313_VB4_VB_WGS_20250613_0296_S317","5081_313_VB4_VB_WGS_20250613_0296_S317_chrXIII_140395_G_A",TRUE,FALSE,0,NA,NA,NA,NA,NA
"5081_329_VB4_VB_WGS_20250613_0297_S333","5081_329_VB4_VB_WGS_20250613_0297_S333_chrIV_135873_A_G",FALSE,FALSE,0,NA,NA,NA,NA,NA
"5081_345_VB4_VB_WGS_20250613_0298_S349","5081_345_VB4_VB_WGS_20250613_0298_S349_chrX_703116_A_T",TRUE,TRUE,0,NA,NA,NA,NA,NA
"5081_361_VB4_VB_WGS_20250613_0299_S365","5081_361_VB4_VB_WGS_20250613_0299_S365_chrIX_130004_T_A",TRUE,TRUE,0,NA,NA,NA,NA,NA
"5081_202_VB4_VB_WGS_20250613_0301_S206","5081_202_VB4_VB_WGS_20250613_0301_S206_chrXI_122346_T_A",TRUE,FALSE,0,NA,NA,NA,NA,NA
"5081_218_VB4_VB_WGS_20250613_0302_S222","5081_218_VB4_VB_WGS_20250613_0302_S222_chrVII_681232_A_T",FALSE,FALSE,0,NA,NA,NA,NA,NA
"5081_250_VB4_VB_WGS_20250613_0304_S254","5081_250_VB4_VB_WGS_20250613_0304_S254_chrXIII_574079_G_A",FALSE,FALSE,0,NA,NA,NA,NA,NA
"5081_266_VB4_VB_WGS_20250613_0305_S270","5081_266_VB4_VB_WGS_20250613_0305_S270_chrIII_18173_G_A",TRUE,FALSE,0,NA,NA,NA,NA,NA
"5081_282_VB4_VB_WGS_20250613_0306_S286","5081_282_VB4_VB_WGS_20250613_0306_S286_chrI_31403_T_A",FALSE,FALSE,0,NA,NA,NA,NA,NA
"5081_298_VB4_VB_WGS_20250613_0307_S302","5081_298_VB4_VB_WGS_20250613_0307_S302_chrII_533657_C_T",FALSE,FALSE,0,NA,NA,NA,NA,NA
"5081_314_VB4_VB_WGS_20250613_0308_S318","5081_314_VB4_VB_WGS_20250613_0308_S318_chrXII_115512_A_G",FALSE,FALSE,0,NA,NA,NA,NA,NA
"5081_330_VB4_VB_WGS_20250613_0309_S334","5081_330_VB4_VB_WGS_20250613_0309_S334_chrXII_605256_G_A",TRUE,FALSE,0,NA,NA,NA,NA,NA
"5081_346_VB4_VB_WGS_20250613_0310_S350","5081_346_VB4_VB_WGS_20250613_0310_S350_chrXIV_25197_A_G",TRUE,FALSE,0,NA,NA,NA,NA,NA
"5081_378_VB4_VB_WGS_20250613_0312_S382","5081_378_VB4_VB_WGS_20250613_0312_S382_chrIV_301751_T_C",TRUE,TRUE,0,NA,NA,NA,NA,NA
"5081_203_VB4_VB_WGS_20250613_0313_S207","5081_203_VB4_VB_WGS_20250613_0313_S207_chrX_520595_A_G",TRUE,FALSE,0,NA,NA,NA,NA,NA
"5081_219_VB4_VB_WGS_20250613_0314_S223","5081_219_VB4_VB_WGS_20250613_0314_S223_chrXIII_682467_G_A",TRUE,FALSE,0,NA,NA,NA,NA,NA
"5081_235_VB4_VB_WGS_20250613_0315_S239","5081_235_VB4_VB_WGS_20250613_0315_S239_chrXII_953330_T_C",FALSE,FALSE,0,NA,NA,NA,NA,NA
"5081_251_VB4_VB_WGS_20250613_0316_S255","5081_251_VB4_VB_WGS_20250613_0316_S255_chrVIII_21911_C_A",TRUE,FALSE,0,NA,NA,NA,NA,NA
"5081_267_VB4_VB_WGS_20250613_0317_S271","5081_267_VB4_VB_WGS_20250613_0317_S271_chrVII_679558_G_C",TRUE,TRUE,0,NA,NA,NA,NA,NA
"5081_283_VB4_VB_WGS_20250613_0318_S287","5081_283_VB4_VB_WGS_20250613_0318_S287_chrXII_935517_C_G",FALSE,FALSE,0,NA,NA,NA,NA,NA
"5081_299_VB4_VB_WGS_20250613_0319_S303","5081_299_VB4_VB_WGS_20250613_0319_S303_chrVI_51343_A_G",FALSE,FALSE,0,NA,NA,NA,NA,NA
"5081_315_VB4_VB_WGS_20250613_0320_S319","5081_315_VB4_VB_WGS_20250613_0320_S319_chrIX_200298_G_A",TRUE,TRUE,0,NA,NA,NA,NA,NA
"5081_331_VB4_VB_WGS_20250613_0321_S335","5081_331_VB4_VB_WGS_20250613_0321_S335_chrI_197813_T_C",FALSE,FALSE,0,NA,NA,NA,NA,NA
"5081_347_VB4_VB_WGS_20250613_0322_S351","5081_347_VB4_VB_WGS_20250613_0322_S351_chrVII_175590_A_G",TRUE,FALSE,0,NA,NA,NA,NA,NA
"5081_363_VB4_VB_WGS_20250613_0323_S367","5081_363_VB4_VB_WGS_20250613_0323_S367_chrIV_122163_C_T",FALSE,FALSE,0,NA,NA,NA,NA,NA
"5081_379_VB4_VB_WGS_20250613_0324_S383","5081_379_VB4_VB_WGS_20250613_0324_S383_chrXIII_514194_A_G",FALSE,FALSE,0,NA,NA,NA,NA,NA
"5081_204_VB4_VB_WGS_20250613_0325_S208","5081_204_VB4_VB_WGS_20250613_0325_S208_chrXV_537556_C_T",TRUE,TRUE,0,NA,NA,NA,NA,NA
"5081_220_VB4_VB_WGS_20250613_0326_S224","5081_220_VB4_VB_WGS_20250613_0326_S224_chrXV_379978_C_T",TRUE,FALSE,0,NA,NA,NA,NA,NA
"5081_236_VB4_VB_WGS_20250613_0327_S240","5081_236_VB4_VB_WGS_20250613_0327_S240_chrXII_919648_C_T",FALSE,FALSE,0,NA,NA,NA,NA,NA
"5081_252_VB4_VB_WGS_20250613_0328_S256","5081_252_VB4_VB_WGS_20250613_0328_S256_chrIX_62438_A_G",TRUE,TRUE,0,NA,NA,NA,NA,NA
"5081_268_VB4_VB_WGS_20250613_0329_S272","5081_268_VB4_VB_WGS_20250613_0329_S272_chrXVI_750765_G_C",TRUE,FALSE,0,NA,NA,NA,NA,NA
"5081_284_VB4_VB_WGS_20250613_0330_S288","5081_284_VB4_VB_WGS_20250613_0330_S288_chrXIII_862215_C_T",TRUE,FALSE,0,NA,NA,NA,NA,NA
"5081_300_VB4_VB_WGS_20250613_0331_S304","5081_300_VB4_VB_WGS_20250613_0331_S304_chrXI_559707_T_C",TRUE,FALSE,0,NA,NA,NA,NA,NA
"5081_316_VB4_VB_WGS_20250613_0332_S320","5081_316_VB4_VB_WGS_20250613_0332_S320_chrX_390122_G_A",TRUE,TRUE,0,NA,NA,NA,NA,NA
"5081_332_VB4_VB_WGS_20250613_0333_S336","5081_332_VB4_VB_WGS_20250613_0333_S336_chrXI_419413_A_G",FALSE,FALSE,0,NA,NA,NA,NA,NA
"5081_348_VB4_VB_WGS_20250613_0334_S352","5081_348_VB4_VB_WGS_20250613_0334_S352_chrXIV_142083_G_A",TRUE,FALSE,0,NA,NA,NA,NA,NA
"5081_364_VB4_VB_WGS_20250613_0335_S368","5081_364_VB4_VB_WGS_20250613_0335_S368_chrI_52632_T_C",FALSE,FALSE,0,NA,NA,NA,NA,NA
"5081_380_VB4_VB_WGS_20250613_0336_S384","5081_380_VB4_VB_WGS_20250613_0336_S384_chrXI_25337_C_T",TRUE,FALSE,0,NA,NA,NA,NA,NA
"5081_205_VB4_VB_WGS_20250613_0337_S209","5081_205_VB4_VB_WGS_20250613_0337_S209_chrXIV_515089_C_T",TRUE,TRUE,0,NA,NA,NA,NA,NA
"5081_221_VB4_VB_WGS_20250613_0338_S225","5081_221_VB4_VB_WGS_20250613_0338_S225_chrVI_234694_A_G",FALSE,FALSE,0,NA,NA,NA,NA,NA
"5081_237_VB4_VB_WGS_20250613_0339_S241","5081_237_VB4_VB_WGS_20250613_0339_S241_chrXV_393383_G_C",TRUE,TRUE,0,NA,NA,NA,NA,NA
"5081_253_VB4_VB_WGS_20250613_0340_S257","5081_253_VB4_VB_WGS_20250613_0340_S257_chrVI_234694_A_G",TRUE,FALSE,0,NA,NA,NA,NA,NA
"5081_269_VB4_VB_WGS_20250613_0341_S273","5081_269_VB4_VB_WGS_20250613_0341_S273_chrV_24575_T_C",FALSE,FALSE,0,NA,NA,NA,NA,NA
"5081_285_VB4_VB_WGS_20250613_0342_S289","5081_285_VB4_VB_WGS_20250613_0342_S289_chrXI_13443_T_C",FALSE,FALSE,0,NA,NA,NA,NA,NA
"5081_301_VB4_VB_WGS_20250613_0343_S305","5081_301_VB4_VB_WGS_20250613_0343_S305_chrIV_1524270_T_C",FALSE,FALSE,1,0.925348666838362,0.925348666838362,1,160.356,100
"5081_317_VB4_VB_WGS_20250613_0344_S321","5081_317_VB4_VB_WGS_20250613_0344_S321_chrI_206564_G_T",FALSE,FALSE,0,NA,NA,NA,NA,NA
"5081_333_VB4_VB_WGS_20250613_0345_S337","5081_333_VB4_VB_WGS_20250613_0345_S337_chrIII_284226_C_A",TRUE,FALSE,0,NA,NA,NA,NA,NA
"5081_349_VB4_VB_WGS_20250613_0346_S353","5081_349_VB4_VB_WGS_20250613_0346_S353_chrXV_317246_C_A",TRUE,FALSE,0,NA,NA,NA,NA,NA
"5081_365_VB4_VB_WGS_20250613_0347_S369","5081_365_VB4_VB_WGS_20250613_0347_S369_chrXV_586659_G_A",FALSE,FALSE,0,NA,NA,NA,NA,NA
"5081_206_VB4_VB_WGS_20250613_0349_S210","5081_206_VB4_VB_WGS_20250613_0349_S210_chrIV_1469751_C_T",FALSE,FALSE,0,NA,NA,NA,NA,NA
"5081_222_VB4_VB_WGS_20250613_0350_S226","5081_222_VB4_VB_WGS_20250613_0350_S226_chrXVI_455023_C_T",TRUE,TRUE,0,NA,NA,NA,NA,NA
"5081_238_VB4_VB_WGS_20250613_0351_S242","5081_238_VB4_VB_WGS_20250613_0351_S242_chrIV_252376_A_G",TRUE,TRUE,0,NA,NA,NA,NA,NA
"5081_270_VB4_VB_WGS_20250613_0353_S274","5081_270_VB4_VB_WGS_20250613_0353_S274_chrIV_234547_C_G",TRUE,FALSE,0,NA,NA,NA,NA,NA
"5081_286_VB4_VB_WGS_20250613_0354_S290","5081_286_VB4_VB_WGS_20250613_0354_S290_chrXIII_770231_G_C",TRUE,TRUE,0,NA,NA,NA,NA,NA
"5081_302_VB4_VB_WGS_20250613_0355_S306","5081_302_VB4_VB_WGS_20250613_0355_S306_chrXIII_63566_A_G",TRUE,FALSE,0,NA,NA,NA,NA,NA
"5081_318_VB4_VB_WGS_20250613_0356_S322","5081_318_VB4_VB_WGS_20250613_0356_S322_chrXIII_770231_G_C",TRUE,TRUE,0,NA,NA,NA,NA,NA
"5081_334_VB4_VB_WGS_20250613_0357_S338","5081_334_VB4_VB_WGS_20250613_0357_S338_chrXII_315693_T_C",FALSE,FALSE,0,NA,NA,NA,NA,NA
"5081_350_VB4_VB_WGS_20250613_0358_S354","5081_350_VB4_VB_WGS_20250613_0358_S354_chrXV_819520_G_A",TRUE,FALSE,0,NA,NA,NA,NA,NA
"5081_366_VB4_VB_WGS_20250613_0359_S370","5081_366_VB4_VB_WGS_20250613_0359_S370_chrXV_995180_A_G",TRUE,FALSE,0,NA,NA,NA,NA,NA
"5081_382_VB4_VB_WGS_20250613_0360_S386","5081_382_VB4_VB_WGS_20250613_0360_S386_chrIV_1508644_C_T",TRUE,FALSE,0,NA,NA,NA,NA,NA
"5081_207_VB4_VB_WGS_20250613_0361_S211","5081_207_VB4_VB_WGS_20250613_0361_S211_chrXIII_681785_A_T",TRUE,FALSE,0,NA,NA,NA,NA,NA
"5081_223_VB4_VB_WGS_20250613_0362_S227","5081_223_VB4_VB_WGS_20250613_0362_S227_chrXII_605256_G_A",TRUE,TRUE,0,NA,NA,NA,NA,NA
"5081_239_VB4_VB_WGS_20250613_0363_S243","5081_239_VB4_VB_WGS_20250613_0363_S243_chrII_424490_G_A",TRUE,FALSE,0,NA,NA,NA,NA,NA
"5081_255_VB4_VB_WGS_20250613_0364_S259","5081_255_VB4_VB_WGS_20250613_0364_S259_chrXII_114242_T_C",TRUE,TRUE,0,NA,NA,NA,NA,NA
"5081_271_VB4_VB_WGS_20250613_0365_S275","5081_271_VB4_VB_WGS_20250613_0365_S275_chrXII_803961_T_C",FALSE,FALSE,0,NA,NA,NA,NA,NA
"5081_287_VB4_VB_WGS_20250613_0366_S291","5081_287_VB4_VB_WGS_20250613_0366_S291_chrVII_807712_G_A",FALSE,FALSE,0,NA,NA,NA,NA,NA
"5081_303_VB4_VB_WGS_20250613_0367_S307","5081_303_VB4_VB_WGS_20250613_0367_S307_chrVI_73684_G_C",TRUE,FALSE,0,NA,NA,NA,NA,NA
"5081_319_VB4_VB_WGS_20250613_0368_S323","5081_319_VB4_VB_WGS_20250613_0368_S323_chrXI_235797_C_A",TRUE,TRUE,0,NA,NA,NA,NA,NA
"5081_335_VB4_VB_WGS_20250613_0369_S339","5081_335_VB4_VB_WGS_20250613_0369_S339_chrXII_767420_G_A",FALSE,FALSE,0,NA,NA,NA,NA,NA
"5081_351_VB4_VB_WGS_20250613_0370_S355","5081_351_VB4_VB_WGS_20250613_0370_S355_chrX_699851_G_A",TRUE,TRUE,0,NA,NA,NA,NA,NA
"5081_367_VB4_VB_WGS_20250613_0371_S371","5081_367_VB4_VB_WGS_20250613_0371_S371_chrVI_73684_G_C",FALSE,FALSE,0,NA,NA,NA,NA,NA
"5081_383_VB4_VB_WGS_20250613_0372_S387","5081_383_VB4_VB_WGS_20250613_0372_S387_chrIV_1522430_A_G",TRUE,TRUE,0,NA,NA,NA,NA,NA
"5081_208_VB4_VB_WGS_20250613_0373_S212","5081_208_VB4_VB_WGS_20250613_0373_S212_chrX_162768_G_A",TRUE,FALSE,0,NA,NA,NA,NA,NA
"5081_224_VB4_VB_WGS_20250613_0374_S228","5081_224_VB4_VB_WGS_20250613_0374_S228_chrVII_950132_A_G",TRUE,FALSE,0,NA,NA,NA,NA,NA
"5081_240_VB4_VB_WGS_20250613_0375_S244","5081_240_VB4_VB_WGS_20250613_0375_S244_chrII_521571_G_T",FALSE,FALSE,0,NA,NA,NA,NA,NA
"5081_256_VB4_VB_WGS_20250613_0376_S260","5081_256_VB4_VB_WGS_20250613_0376_S260_chrXV_566430_G_T",FALSE,FALSE,0,NA,NA,NA,NA,NA
"5081_272_VB4_VB_WGS_20250613_0377_S276","5081_272_VB4_VB_WGS_20250613_0377_S276_chrII_549466_C_A",TRUE,FALSE,0,NA,NA,NA,NA,NA
"5081_288_VB4_VB_WGS_20250613_0378_S292","5081_288_VB4_VB_WGS_20250613_0378_S292_chrIV_693070_G_C",TRUE,TRUE,0,NA,NA,NA,NA,NA
"5081_304_VB4_VB_WGS_20250613_0379_S308","5081_304_VB4_VB_WGS_20250613_0379_S308_chrVI_27371_C_T",TRUE,FALSE,0,NA,NA,NA,NA,NA
"5081_320_VB4_VB_WGS_20250613_0380_S324","5081_320_VB4_VB_WGS_20250613_0380_S324_chrVII_19599_T_C",TRUE,FALSE,0,NA,NA,NA,NA,NA
"5081_336_VB4_VB_WGS_20250613_0381_S340","5081_336_VB4_VB_WGS_20250613_0381_S340_chrXIII_35559_C_G",TRUE,FALSE,0,NA,NA,NA,NA,NA
"5081_352_VB4_VB_WGS_20250613_0382_S356","5081_352_VB4_VB_WGS_20250613_0382_S356_chrI_29713_T_A",TRUE,FALSE,0,NA,NA,NA,NA,NA
"5081_368_VB4_VB_WGS_20250613_0383_S372","5081_368_VB4_VB_WGS_20250613_0383_S372_chrVIII_77853_C_T",TRUE,FALSE,0,NA,NA,NA,NA,NA
"5081_384_VB4_VB_WGS_20250613_0384_S388","5081_384_VB4_VB_WGS_20250613_0384_S388_chrXIV_206848_A_G",TRUE,FALSE,0,NA,NA,NA,NA,NA
"5081_385_VB4_VB_WGS_20250613_0385_S389","5081_385_VB4_VB_WGS_20250613_0385_S389_chrVII_370391_A_G",TRUE,FALSE,0,NA,NA,NA,NA,NA
"5081_401_VB4_VB_WGS_20250613_0386_S405","5081_401_VB4_VB_WGS_20250613_0386_S405_chrXI_47435_A_T",TRUE,TRUE,0,NA,NA,NA,NA,NA
"5081_417_VB4_VB_WGS_20250613_0387_S421","5081_417_VB4_VB_WGS_20250613_0387_S421_chrXII_114242_T_C",TRUE,FALSE,0,NA,NA,NA,NA,NA
"5081_433_VB4_VB_WGS_20250613_0388_S437","5081_433_VB4_VB_WGS_20250613_0388_S437_chrV_435863_A_T",TRUE,FALSE,0,NA,NA,NA,NA,NA
"5081_449_VB4_VB_WGS_20250613_0389_S453","5081_449_VB4_VB_WGS_20250613_0389_S453_chrIV_1516083_C_T",TRUE,FALSE,0,NA,NA,NA,NA,NA
"5081_465_VB4_VB_WGS_20250613_0390_S469","5081_465_VB4_VB_WGS_20250613_0390_S469_chrXV_51031_T_C",FALSE,FALSE,0,NA,NA,NA,NA,NA
"5081_481_VB4_VB_WGS_20250613_0391_S485","5081_481_VB4_VB_WGS_20250613_0391_S485_chrXII_793903_G_T",FALSE,FALSE,0,NA,NA,NA,NA,NA
"5081_497_VB4_VB_WGS_20250613_0392_S501","5081_497_VB4_VB_WGS_20250613_0392_S501_chrXII_579633_C_T",TRUE,FALSE,0,NA,NA,NA,NA,NA
"5081_529_VB4_VB_WGS_20250613_0394_S533","5081_529_VB4_VB_WGS_20250613_0394_S533_chrIV_896181_A_C",TRUE,TRUE,0,NA,NA,NA,NA,NA
"5081_545_VB4_VB_WGS_20250613_0395_S549","5081_545_VB4_VB_WGS_20250613_0395_S549_chrXIV_569044_A_G",FALSE,FALSE,0,NA,NA,NA,NA,NA
"5081_561_VB4_VB_WGS_20250613_0396_S565","5081_561_VB4_VB_WGS_20250613_0396_S565_chrXIV_500621_T_G",TRUE,FALSE,0,NA,NA,NA,NA,NA
"5081_386_VB4_VB_WGS_20250613_0397_S390","5081_386_VB4_VB_WGS_20250613_0397_S390_chrXIII_129599_C_T",TRUE,TRUE,0,NA,NA,NA,NA,NA
"5081_402_VB4_VB_WGS_20250613_0398_S406","5081_402_VB4_VB_WGS_20250613_0398_S406_chrVI_103389_T_G",TRUE,FALSE,0,NA,NA,NA,NA,NA
"5081_418_VB4_VB_WGS_20250613_0399_S422","5081_418_VB4_VB_WGS_20250613_0399_S422_chrVII_18516_A_T",FALSE,FALSE,0,NA,NA,NA,NA,NA
"5081_434_VB4_VB_WGS_20250613_0400_S438","5081_434_VB4_VB_WGS_20250613_0400_S438_chrI_30413_G_A",TRUE,TRUE,0,NA,NA,NA,NA,NA
"5081_450_VB4_VB_WGS_20250613_0401_S454","5081_450_VB4_VB_WGS_20250613_0401_S454_chrXII_307563_T_G",FALSE,FALSE,0,NA,NA,NA,NA,NA
"5081_466_VB4_VB_WGS_20250613_0402_S470","5081_466_VB4_VB_WGS_20250613_0402_S470_chrIII_262264_T_C",TRUE,FALSE,0,NA,NA,NA,NA,NA
"5081_482_VB4_VB_WGS_20250613_0403_S486","5081_482_VB4_VB_WGS_20250613_0403_S486_chrXII_891452_C_T",FALSE,FALSE,0,NA,NA,NA,NA,NA
"5081_498_VB4_VB_WGS_20250613_0404_S502","5081_498_VB4_VB_WGS_20250613_0404_S502_chrIX_336519_C_G",TRUE,TRUE,0,NA,NA,NA,NA,NA
"5081_514_VB4_VB_WGS_20250613_0405_S518","5081_514_VB4_VB_WGS_20250613_0405_S518_chrXIV_40852_A_C",TRUE,FALSE,0,NA,NA,NA,NA,NA
"5081_530_VB4_VB_WGS_20250613_0406_S534","5081_530_VB4_VB_WGS_20250613_0406_S534_chrI_198657_C_T",TRUE,TRUE,0,NA,NA,NA,NA,NA
"5081_546_VB4_VB_WGS_20250613_0407_S550","5081_546_VB4_VB_WGS_20250613_0407_S550_chrIV_408981_C_A",TRUE,FALSE,0,NA,NA,NA,NA,NA
"5081_562_VB4_VB_WGS_20250613_0408_S566","5081_562_VB4_VB_WGS_20250613_0408_S566_chrVIII_427619_T_C",FALSE,FALSE,0,NA,NA,NA,NA,NA
"5081_387_VB4_VB_WGS_20250613_0409_S391","5081_387_VB4_VB_WGS_20250613_0409_S391_chrXII_257200_C_T",TRUE,FALSE,0,NA,NA,NA,NA,NA
"5081_403_VB4_VB_WGS_20250613_0410_S407","5081_403_VB4_VB_WGS_20250613_0410_S407_chrI_52632_T_C",TRUE,TRUE,0,NA,NA,NA,NA,NA
"5081_419_VB4_VB_WGS_20250613_0411_S423","5081_419_VB4_VB_WGS_20250613_0411_S423_chrIII_284226_C_A",TRUE,FALSE,0,NA,NA,NA,NA,NA
"5081_435_VB4_VB_WGS_20250613_0412_S439","5081_435_VB4_VB_WGS_20250613_0412_S439_chrI_30413_G_A",TRUE,FALSE,0,NA,NA,NA,NA,NA
"5081_451_VB4_VB_WGS_20250613_0413_S455","5081_451_VB4_VB_WGS_20250613_0413_S455_chrXI_122346_T_A",TRUE,TRUE,0,NA,NA,NA,NA,NA
"5081_467_VB4_VB_WGS_20250613_0414_S471","5081_467_VB4_VB_WGS_20250613_0414_S471_chrV_225494_G_A",FALSE,FALSE,0,NA,NA,NA,NA,NA
"5081_483_VB4_VB_WGS_20250613_0415_S487","5081_483_VB4_VB_WGS_20250613_0415_S487_chrXIII_444158_T_C",TRUE,TRUE,0,NA,NA,NA,NA,NA
"5081_515_VB4_VB_WGS_20250613_0417_S519","5081_515_VB4_VB_WGS_20250613_0417_S519_chrXV_178440_T_C",TRUE,TRUE,0,NA,NA,NA,NA,NA
"5081_531_VB4_VB_WGS_20250613_0418_S535","5081_531_VB4_VB_WGS_20250613_0418_S535_chrVI_79755_T_C",TRUE,TRUE,0,NA,NA,NA,NA,NA
"5081_547_VB4_VB_WGS_20250613_0419_S551","5081_547_VB4_VB_WGS_20250613_0419_S551_chrI_31403_T_A",TRUE,TRUE,0,NA,NA,NA,NA,NA
"5081_563_VB4_VB_WGS_20250613_0420_S567","5081_563_VB4_VB_WGS_20250613_0420_S567_chrII_309102_C_T",TRUE,FALSE,0,NA,NA,NA,NA,NA
"5081_388_VB4_VB_WGS_20250613_0421_S392","5081_388_VB4_VB_WGS_20250613_0421_S392_chrX_100283_C_T",TRUE,TRUE,0,NA,NA,NA,NA,NA
"5081_404_VB4_VB_WGS_20250613_0422_S408","5081_404_VB4_VB_WGS_20250613_0422_S408_chrVII_44796_A_G",FALSE,FALSE,0,NA,NA,NA,NA,NA
"5081_436_VB4_VB_WGS_20250613_0424_S440","5081_436_VB4_VB_WGS_20250613_0424_S440_chrVII_1046353_C_T",TRUE,FALSE,0,NA,NA,NA,NA,NA
"5081_452_VB4_VB_WGS_20250613_0425_S456","5081_452_VB4_VB_WGS_20250613_0425_S456_chrII_571870_T_G",TRUE,TRUE,0,NA,NA,NA,NA,NA
"5081_468_VB4_VB_WGS_20250613_0426_S472","5081_468_VB4_VB_WGS_20250613_0426_S472_chrV_534723_T_C",TRUE,FALSE,0,NA,NA,NA,NA,NA
"5081_484_VB4_VB_WGS_20250613_0427_S488","5081_484_VB4_VB_WGS_20250613_0427_S488_chrXV_379978_C_T",TRUE,FALSE,0,NA,NA,NA,NA,NA
"5081_500_VB4_VB_WGS_20250613_0428_S504","5081_500_VB4_VB_WGS_20250613_0428_S504_chrXIV_528149_C_T",TRUE,FALSE,0,NA,NA,NA,NA,NA
"5081_516_VB4_VB_WGS_20250613_0429_S520","5081_516_VB4_VB_WGS_20250613_0429_S520_chrIV_252376_A_G",TRUE,FALSE,0,NA,NA,NA,NA,NA
"5081_532_VB4_VB_WGS_20250613_0430_S536","5081_532_VB4_VB_WGS_20250613_0430_S536_chrXII_65992_C_T",TRUE,TRUE,0,NA,NA,NA,NA,NA
"5081_548_VB4_VB_WGS_20250613_0431_S552","5081_548_VB4_VB_WGS_20250613_0431_S552_chrIII_18173_G_A",TRUE,TRUE,0,NA,NA,NA,NA,NA
"5081_564_VB4_VB_WGS_20250613_0432_S568","5081_564_VB4_VB_WGS_20250613_0432_S568_chrXV_641425_G_T",TRUE,FALSE,0,NA,NA,NA,NA,NA
"5081_389_VB4_VB_WGS_20250613_0433_S393","5081_389_VB4_VB_WGS_20250613_0433_S393_chrXII_511197_C_T",TRUE,FALSE,0,NA,NA,NA,NA,NA
"5081_405_VB4_VB_WGS_20250613_0434_S409","5081_405_VB4_VB_WGS_20250613_0434_S409_chrX_349384_C_T",TRUE,TRUE,0,NA,NA,NA,NA,NA
"5081_421_VB4_VB_WGS_20250613_0435_S425","5081_421_VB4_VB_WGS_20250613_0435_S425_chrXIV_467028_A_G",TRUE,FALSE,1,0.00159583759334279,0.00159583759334279,0,223.008,100
"5081_437_VB4_VB_WGS_20250613_0436_S441","5081_437_VB4_VB_WGS_20250613_0436_S441_chrXIII_140395_G_A",TRUE,TRUE,0,NA,NA,NA,NA,NA
"5081_453_VB4_VB_WGS_20250613_0437_S457","5081_453_VB4_VB_WGS_20250613_0437_S457_chrIX_388220_A_G",TRUE,TRUE,0,NA,NA,NA,NA,NA
"5081_469_VB4_VB_WGS_20250613_0438_S473","5081_469_VB4_VB_WGS_20250613_0438_S473_chrII_118818_C_A",TRUE,FALSE,0,NA,NA,NA,NA,NA
"5081_485_VB4_VB_WGS_20250613_0439_S489","5081_485_VB4_VB_WGS_20250613_0439_S489_chrXV_474477_C_A",TRUE,TRUE,0,NA,NA,NA,NA,NA
"5081_501_VB4_VB_WGS_20250613_0440_S505","5081_501_VB4_VB_WGS_20250613_0440_S505_chrXIV_678304_G_A",FALSE,FALSE,0,NA,NA,NA,NA,NA
"5081_517_VB4_VB_WGS_20250613_0441_S521","5081_517_VB4_VB_WGS_20250613_0441_S521_chrXIV_25197_A_G",TRUE,TRUE,0,NA,NA,NA,NA,NA
"5081_549_VB4_VB_WGS_20250613_0443_S553","5081_549_VB4_VB_WGS_20250613_0443_S553_chrVII_861407_A_G",TRUE,FALSE,0,NA,NA,NA,NA,NA
"5081_565_VB4_VB_WGS_20250613_0444_S569","5081_565_VB4_VB_WGS_20250613_0444_S569_chrV_26265_A_C",TRUE,TRUE,0,NA,NA,NA,NA,NA
"5081_390_VB4_VB_WGS_20250613_0445_S394","5081_390_VB4_VB_WGS_20250613_0445_S394_chrXII_404565_G_C",TRUE,TRUE,0,NA,NA,NA,NA,NA
"5081_406_VB4_VB_WGS_20250613_0446_S410","5081_406_VB4_VB_WGS_20250613_0446_S410_chrXIV_544644_G_A",TRUE,FALSE,0,NA,NA,NA,NA,NA
"5081_422_VB4_VB_WGS_20250613_0447_S426","5081_422_VB4_VB_WGS_20250613_0447_S426_chrXIV_189723_C_T",TRUE,FALSE,1,0.00447419935822389,0.00447419935822389,0,376.58,100
"5081_438_VB4_VB_WGS_20250613_0448_S442","5081_438_VB4_VB_WGS_20250613_0448_S442_chrXII_101965_T_G",TRUE,TRUE,0,NA,NA,NA,NA,NA
"5081_454_VB4_VB_WGS_20250613_0449_S458","5081_454_VB4_VB_WGS_20250613_0449_S458_chrX_517926_G_C",TRUE,TRUE,0,NA,NA,NA,NA,NA
"5081_470_VB4_VB_WGS_20250613_0450_S474","5081_470_VB4_VB_WGS_20250613_0450_S474_chrIV_1521563_A_G",TRUE,FALSE,0,NA,NA,NA,NA,NA
"5081_486_VB4_VB_WGS_20250613_0451_S490","5081_486_VB4_VB_WGS_20250613_0451_S490_chrXIII_87907_C_T",TRUE,FALSE,0,NA,NA,NA,NA,NA
"5081_502_VB4_VB_WGS_20250613_0452_S506","5081_502_VB4_VB_WGS_20250613_0452_S506_chrVI_71230_G_C",TRUE,TRUE,0,NA,NA,NA,NA,NA
"5081_534_VB4_VB_WGS_20250613_0454_S538","5081_534_VB4_VB_WGS_20250613_0454_S538_chrXV_474477_C_A",TRUE,TRUE,0,NA,NA,NA,NA,NA
"5081_550_VB4_VB_WGS_20250613_0455_S554","5081_550_VB4_VB_WGS_20250613_0455_S554_chrXII_722380_T_C",FALSE,FALSE,0,NA,NA,NA,NA,NA
"5081_566_VB4_VB_WGS_20250613_0456_S570","5081_566_VB4_VB_WGS_20250613_0456_S570_chrXVI_381495_G_C",FALSE,FALSE,0,NA,NA,NA,NA,NA
"5081_391_VB4_VB_WGS_20250613_0457_S395","5081_391_VB4_VB_WGS_20250613_0457_S395_chrII_75097_T_A",TRUE,TRUE,0,NA,NA,NA,NA,NA
"5081_407_VB4_VB_WGS_20250613_0458_S411","5081_407_VB4_VB_WGS_20250613_0458_S411_chrXV_130289_A_C",TRUE,TRUE,0,NA,NA,NA,NA,NA
"5081_423_VB4_VB_WGS_20250613_0459_S427","5081_423_VB4_VB_WGS_20250613_0459_S427_chrVII_1073156_G_A",TRUE,FALSE,0,NA,NA,NA,NA,NA
"5081_439_VB4_VB_WGS_20250613_0460_S443","5081_439_VB4_VB_WGS_20250613_0460_S443_chrIX_411837_G_T",TRUE,FALSE,0,NA,NA,NA,NA,NA
"5081_455_VB4_VB_WGS_20250613_0461_S459","5081_455_VB4_VB_WGS_20250613_0461_S459_chrXV_39352_T_G",TRUE,TRUE,0,NA,NA,NA,NA,NA
"5081_471_VB4_VB_WGS_20250613_0462_S475","5081_471_VB4_VB_WGS_20250613_0462_S475_chrII_754188_G_A",TRUE,TRUE,0,NA,NA,NA,NA,NA
"5081_487_VB4_VB_WGS_20250613_0463_S491","5081_487_VB4_VB_WGS_20250613_0463_S491_chrXV_964712_C_T",TRUE,FALSE,0,NA,NA,NA,NA,NA
"5081_503_VB4_VB_WGS_20250613_0464_S507","5081_503_VB4_VB_WGS_20250613_0464_S507_chrIV_49229_T_C",TRUE,TRUE,0,NA,NA,NA,NA,NA
"5081_519_VB4_VB_WGS_20250613_0465_S523","5081_519_VB4_VB_WGS_20250613_0465_S523_chrIII_283302_C_T",FALSE,FALSE,0,NA,NA,NA,NA,NA
"5081_551_VB4_VB_WGS_20250613_0467_S555","5081_551_VB4_VB_WGS_20250613_0467_S555_chrXIV_689057_A_G",TRUE,FALSE,0,NA,NA,NA,NA,NA
"5081_567_VB4_VB_WGS_20250613_0468_S571","5081_567_VB4_VB_WGS_20250613_0468_S571_chrIV_1469751_C_T",TRUE,TRUE,0,NA,NA,NA,NA,NA
"5081_392_VB4_VB_WGS_20250613_0469_S396","5081_392_VB4_VB_WGS_20250613_0469_S396_chrIV_122163_C_T",TRUE,TRUE,0,NA,NA,NA,NA,NA
"5081_408_VB4_VB_WGS_20250613_0470_S412","5081_408_VB4_VB_WGS_20250613_0470_S412_chrI_198657_C_T",TRUE,TRUE,0,NA,NA,NA,NA,NA
"5081_424_VB4_VB_WGS_20250613_0471_S428","5081_424_VB4_VB_WGS_20250613_0471_S428_chrVI_81945_T_C",TRUE,TRUE,0,NA,NA,NA,NA,NA
"5081_440_VB4_VB_WGS_20250613_0472_S444","5081_440_VB4_VB_WGS_20250613_0472_S444_chrI_182210_T_A",TRUE,FALSE,0,NA,NA,NA,NA,NA
"5081_456_VB4_VB_WGS_20250613_0473_S460","5081_456_VB4_VB_WGS_20250613_0473_S460_chrV_482384_G_C",TRUE,FALSE,0,NA,NA,NA,NA,NA
"5081_472_VB4_VB_WGS_20250613_0474_S476","5081_472_VB4_VB_WGS_20250613_0474_S476_chrXII_68253_G_A",TRUE,FALSE,0,NA,NA,NA,NA,NA
"5081_488_VB4_VB_WGS_20250613_0475_S492","5081_488_VB4_VB_WGS_20250613_0475_S492_chrXII_762817_G_A",TRUE,FALSE,0,NA,NA,NA,NA,NA
"5081_504_VB4_VB_WGS_20250613_0476_S508","5081_504_VB4_VB_WGS_20250613_0476_S508_chrXII_669897_C_A",FALSE,FALSE,0,NA,NA,NA,NA,NA
"5081_520_VB4_VB_WGS_20250613_0477_S524","5081_520_VB4_VB_WGS_20250613_0477_S524_chrXI_12322_C_T",FALSE,FALSE,0,NA,NA,NA,NA,NA
"5081_552_VB4_VB_WGS_20250613_0479_S556","5081_552_VB4_VB_WGS_20250613_0479_S556_chrIX_74541_G_A",TRUE,TRUE,0,NA,NA,NA,NA,NA
"5081_568_VB4_VB_WGS_20250613_0480_S572","5081_568_VB4_VB_WGS_20250613_0480_S572_chrVII_9493_A_G",TRUE,FALSE,0,NA,NA,NA,NA,NA
"5081_577_VB4_VB_WGS_20250613_0481_S581","5081_577_VB4_VB_WGS_20250613_0481_S581_chrXIII_105326_G_A",TRUE,FALSE,0,NA,NA,NA,NA,NA
"5081_593_VB4_VB_WGS_20250613_0482_S597","5081_593_VB4_VB_WGS_20250613_0482_S597_chrXIII_391574_G_A",TRUE,TRUE,0,NA,NA,NA,NA,NA
"5081_609_VB4_VB_WGS_20250613_0483_S613","5081_609_VB4_VB_WGS_20250613_0483_S613_chrXI_394572_A_T",TRUE,FALSE,0,NA,NA,NA,NA,NA
"5081_625_VB4_VB_WGS_20250613_0484_S629","5081_625_VB4_VB_WGS_20250613_0484_S629_chrX_517244_G_C",TRUE,TRUE,0,NA,NA,NA,NA,NA
"5081_641_VB4_VB_WGS_20250613_0485_S645","5081_641_VB4_VB_WGS_20250613_0485_S645_chrXVI_203067_C_T",TRUE,TRUE,0,NA,NA,NA,NA,NA
"5081_657_VB4_VB_WGS_20250613_0486_S661","5081_657_VB4_VB_WGS_20250613_0486_S661_chrIV_584489_A_T",FALSE,FALSE,0,NA,NA,NA,NA,NA
"5081_673_VB4_VB_WGS_20250613_0487_S677","5081_673_VB4_VB_WGS_20250613_0487_S677_chrXII_807074_A_G",TRUE,FALSE,0,NA,NA,NA,NA,NA
"5081_689_VB4_VB_WGS_20250613_0488_S693","5081_689_VB4_VB_WGS_20250613_0488_S693_chrIX_72762_T_C",FALSE,FALSE,0,NA,NA,NA,NA,NA
"5081_705_VB4_VB_WGS_20250613_0489_S709","5081_705_VB4_VB_WGS_20250613_0489_S709_chrVI_129460_T_C",FALSE,FALSE,0,NA,NA,NA,NA,NA
"5081_721_VB4_VB_WGS_20250613_0490_S725","5081_721_VB4_VB_WGS_20250613_0490_S725_chrII_442040_A_G",TRUE,TRUE,0,NA,NA,NA,NA,NA
"5081_737_VB4_VB_WGS_20250613_0491_S741","5081_737_VB4_VB_WGS_20250613_0491_S741_chrXII_953330_T_C",TRUE,FALSE,0,NA,NA,NA,NA,NA
"5081_594_VB4_VB_WGS_20250613_0494_S598","5081_594_VB4_VB_WGS_20250613_0494_S598_chrIX_110207_G_T",FALSE,FALSE,0,NA,NA,NA,NA,NA
"5081_610_VB4_VB_WGS_20250613_0495_S614","5081_610_VB4_VB_WGS_20250613_0495_S614_chrIV_135873_A_G",TRUE,TRUE,0,NA,NA,NA,NA,NA
"5081_626_VB4_VB_WGS_20250613_0496_S630","5081_626_VB4_VB_WGS_20250613_0496_S630_chrI_34554_A_G",TRUE,FALSE,0,NA,NA,NA,NA,NA
"5081_642_VB4_VB_WGS_20250613_0497_S646","5081_642_VB4_VB_WGS_20250613_0497_S646_chrIV_578728_A_G",TRUE,FALSE,0,NA,NA,NA,NA,NA
"5081_658_VB4_VB_WGS_20250613_0498_S662","5081_658_VB4_VB_WGS_20250613_0498_S662_chrX_160275_C_T",TRUE,TRUE,0,NA,NA,NA,NA,NA
"5081_674_VB4_VB_WGS_20250613_0499_S678","5081_674_VB4_VB_WGS_20250613_0499_S678_chrXIII_109858_C_T",FALSE,FALSE,0,NA,NA,NA,NA,NA
"5081_690_VB4_VB_WGS_20250613_0500_S694","5081_690_VB4_VB_WGS_20250613_0500_S694_chrII_154387_C_T",FALSE,FALSE,0,NA,NA,NA,NA,NA
"5081_706_VB4_VB_WGS_20250613_0501_S710","5081_706_VB4_VB_WGS_20250613_0501_S710_chrIX_425781_A_G",TRUE,TRUE,0,NA,NA,NA,NA,NA
"5081_722_VB4_VB_WGS_20250613_0502_S726","5081_722_VB4_VB_WGS_20250613_0502_S726_chrXV_415569_T_C",TRUE,FALSE,0,NA,NA,NA,NA,NA
"5081_738_VB4_VB_WGS_20250613_0503_S742","5081_738_VB4_VB_WGS_20250613_0503_S742_chrII_142186_G_A",TRUE,TRUE,0,NA,NA,NA,NA,NA
"5081_754_VB4_VB_WGS_20250613_0504_S758","5081_754_VB4_VB_WGS_20250613_0504_S758_chrIX_110207_G_T",TRUE,FALSE,0,NA,NA,NA,NA,NA
"5081_579_VB4_VB_WGS_20250613_0505_S583","5081_579_VB4_VB_WGS_20250613_0505_S583_chrXII_65992_C_T",TRUE,FALSE,0,NA,NA,NA,NA,NA
"5081_595_VB4_VB_WGS_20250613_0506_S599","5081_595_VB4_VB_WGS_20250613_0506_S599_chrXIV_528149_C_T",TRUE,FALSE,0,NA,NA,NA,NA,NA
"5081_611_VB4_VB_WGS_20250613_0507_S615","5081_611_VB4_VB_WGS_20250613_0507_S615_chrXIII_514194_A_G",FALSE,FALSE,0,NA,NA,NA,NA,NA
"5081_627_VB4_VB_WGS_20250613_0508_S631","5081_627_VB4_VB_WGS_20250613_0508_S631_chrV_343995_C_T",TRUE,TRUE,0,NA,NA,NA,NA,NA
"5081_643_VB4_VB_WGS_20250613_0509_S647","5081_643_VB4_VB_WGS_20250613_0509_S647_chrII_543393_A_G",FALSE,FALSE,0,NA,NA,NA,NA,NA
"5081_659_VB4_VB_WGS_20250613_0510_S663","5081_659_VB4_VB_WGS_20250613_0510_S663_chrII_568762_T_G",TRUE,TRUE,0,NA,NA,NA,NA,NA
"5081_675_VB4_VB_WGS_20250613_0511_S679","5081_675_VB4_VB_WGS_20250613_0511_S679_chrXV_588090_G_C",TRUE,TRUE,0,NA,NA,NA,NA,NA
"5081_691_VB4_VB_WGS_20250613_0512_S695","5081_691_VB4_VB_WGS_20250613_0512_S695_chrX_519866_C_T",TRUE,TRUE,0,NA,NA,NA,NA,NA
"5081_707_VB4_VB_WGS_20250613_0513_S711","5081_707_VB4_VB_WGS_20250613_0513_S711_chrXIII_394731_G_C",TRUE,FALSE,0,NA,NA,NA,NA,NA
"5081_723_VB4_VB_WGS_20250613_0514_S727","5081_723_VB4_VB_WGS_20250613_0514_S727_chrVI_72028_G_T",TRUE,FALSE,0,NA,NA,NA,NA,NA
"5081_739_VB4_VB_WGS_20250613_0515_S743","5081_739_VB4_VB_WGS_20250613_0515_S743_chrXV_492545_G_A",TRUE,FALSE,0,NA,NA,NA,NA,NA
"5081_755_VB4_VB_WGS_20250613_0516_S759","5081_755_VB4_VB_WGS_20250613_0516_S759_chrVI_71230_G_C",TRUE,TRUE,0,NA,NA,NA,NA,NA
"5081_580_VB4_VB_WGS_20250613_0517_S584","5081_580_VB4_VB_WGS_20250613_0517_S584_chrXII_688347_C_T",TRUE,TRUE,0,NA,NA,NA,NA,NA
"5081_596_VB4_VB_WGS_20250613_0518_S600","5081_596_VB4_VB_WGS_20250613_0518_S600_chrVIII_41712_G_A",TRUE,FALSE,0,NA,NA,NA,NA,NA
"5081_612_VB4_VB_WGS_20250613_0519_S616","5081_612_VB4_VB_WGS_20250613_0519_S616_chrVII_195492_G_A",TRUE,TRUE,0,NA,NA,NA,NA,NA
"5081_644_VB4_VB_WGS_20250613_0521_S648","5081_644_VB4_VB_WGS_20250613_0521_S648_chrXII_804294_G_A",TRUE,FALSE,0,NA,NA,NA,NA,NA
"5081_660_VB4_VB_WGS_20250613_0522_S664","5081_660_VB4_VB_WGS_20250613_0522_S664_chrXII_919648_C_T",TRUE,FALSE,0,NA,NA,NA,NA,NA
"5081_692_VB4_VB_WGS_20250613_0524_S696","5081_692_VB4_VB_WGS_20250613_0524_S696_chrXIV_591433_T_C",TRUE,FALSE,0,NA,NA,NA,NA,NA
"5081_708_VB4_VB_WGS_20250613_0525_S712","5081_708_VB4_VB_WGS_20250613_0525_S712_chrV_482159_A_G",TRUE,TRUE,0,NA,NA,NA,NA,NA
"5081_724_VB4_VB_WGS_20250613_0526_S728","5081_724_VB4_VB_WGS_20250613_0526_S728_chrIV_106297_A_C",TRUE,FALSE,0,NA,NA,NA,NA,NA
"5081_740_VB4_VB_WGS_20250613_0527_S744","5081_740_VB4_VB_WGS_20250613_0527_S744_chrXV_415569_T_C",TRUE,FALSE,0,NA,NA,NA,NA,NA
"5081_581_VB4_VB_WGS_20250613_0529_S585","5081_581_VB4_VB_WGS_20250613_0529_S585_chrXI_194575_C_T",TRUE,FALSE,0,NA,NA,NA,NA,NA
"5081_597_VB4_VB_WGS_20250613_0530_S601","5081_597_VB4_VB_WGS_20250613_0530_S601_chrXII_826454_T_C",TRUE,FALSE,0,NA,NA,NA,NA,NA
"5081_613_VB4_VB_WGS_20250613_0531_S617","5081_613_VB4_VB_WGS_20250613_0531_S617_chrXV_178440_T_C",FALSE,FALSE,0,NA,NA,NA,NA,NA
"5081_629_VB4_VB_WGS_20250613_0532_S633","5081_629_VB4_VB_WGS_20250613_0532_S633_chrXVI_404060_C_A",TRUE,TRUE,0,NA,NA,NA,NA,NA
"5081_645_VB4_VB_WGS_20250613_0533_S649","5081_645_VB4_VB_WGS_20250613_0533_S649_chrII_629782_T_C",TRUE,TRUE,0,NA,NA,NA,NA,NA
"5081_677_VB4_VB_WGS_20250613_0535_S681","5081_677_VB4_VB_WGS_20250613_0535_S681_chrII_137859_T_G",TRUE,TRUE,0,NA,NA,NA,NA,NA
"5081_693_VB4_VB_WGS_20250613_0536_S697","5081_693_VB4_VB_WGS_20250613_0536_S697_chrXI_13443_T_C",TRUE,FALSE,0,NA,NA,NA,NA,NA
"5081_709_VB4_VB_WGS_20250613_0537_S713","5081_709_VB4_VB_WGS_20250613_0537_S713_chrXV_415035_A_C",TRUE,TRUE,0,NA,NA,NA,NA,NA
"5081_725_VB4_VB_WGS_20250613_0538_S729","5081_725_VB4_VB_WGS_20250613_0538_S729_chrVII_769426_G_A",TRUE,FALSE,0,NA,NA,NA,NA,NA
"5081_741_VB4_VB_WGS_20250613_0539_S745","5081_741_VB4_VB_WGS_20250613_0539_S745_chrIV_227289_A_G",TRUE,TRUE,0,NA,NA,NA,NA,NA
"5081_757_VB4_VB_WGS_20250613_0540_S761","5081_757_VB4_VB_WGS_20250613_0540_S761_chrI_206564_G_T",FALSE,FALSE,0,NA,NA,NA,NA,NA
"5081_582_VB4_VB_WGS_20250613_0541_S586","5081_582_VB4_VB_WGS_20250613_0541_S586_chrXII_803961_T_C",TRUE,TRUE,0,NA,NA,NA,NA,NA
"5081_598_VB4_VB_WGS_20250613_0542_S602","5081_598_VB4_VB_WGS_20250613_0542_S602_chrXV_142614_G_A",TRUE,FALSE,0,NA,NA,NA,NA,NA
"5081_614_VB4_VB_WGS_20250613_0543_S618","5081_614_VB4_VB_WGS_20250613_0543_S618_chrVII_681232_A_T",TRUE,FALSE,0,NA,NA,NA,NA,NA
"5081_630_VB4_VB_WGS_20250613_0544_S634","5081_630_VB4_VB_WGS_20250613_0544_S634_chrXV_316888_A_C",TRUE,TRUE,0,NA,NA,NA,NA,NA
"5081_646_VB4_VB_WGS_20250613_0545_S650","5081_646_VB4_VB_WGS_20250613_0545_S650_chrV_534723_T_C",TRUE,FALSE,0,NA,NA,NA,NA,NA
"5081_662_VB4_VB_WGS_20250613_0546_S666","5081_662_VB4_VB_WGS_20250613_0546_S666_chrV_534723_T_C",TRUE,FALSE,0,NA,NA,NA,NA,NA
"5081_678_VB4_VB_WGS_20250613_0547_S682","5081_678_VB4_VB_WGS_20250613_0547_S682_chrVII_950132_A_G",TRUE,FALSE,0,NA,NA,NA,NA,NA
"5081_694_VB4_VB_WGS_20250613_0548_S698","5081_694_VB4_VB_WGS_20250613_0548_S698_chrXV_142614_G_A",TRUE,TRUE,0,NA,NA,NA,NA,NA
"5081_710_VB4_VB_WGS_20250613_0549_S714","5081_710_VB4_VB_WGS_20250613_0549_S714_chrII_592643_G_T",TRUE,FALSE,0,NA,NA,NA,NA,NA
"5081_726_VB4_VB_WGS_20250613_0550_S730","5081_726_VB4_VB_WGS_20250613_0550_S730_chrXII_404565_G_C",FALSE,FALSE,0,NA,NA,NA,NA,NA
"5081_742_VB4_VB_WGS_20250613_0551_S746","5081_742_VB4_VB_WGS_20250613_0551_S746_chrV_482384_G_C",TRUE,TRUE,0,NA,NA,NA,NA,NA
"5081_758_VB4_VB_WGS_20250613_0552_S762","5081_758_VB4_VB_WGS_20250613_0552_S762_chrXV_582590_G_A",TRUE,FALSE,0,NA,NA,NA,NA,NA
"5081_583_VB4_VB_WGS_20250613_0553_S587","5081_583_VB4_VB_WGS_20250613_0553_S587_chrXVI_99579_T_C",TRUE,FALSE,0,NA,NA,NA,NA,NA
"5081_599_VB4_VB_WGS_20250613_0554_S603","5081_599_VB4_VB_WGS_20250613_0554_S603_chrVII_217461_A_G",TRUE,TRUE,0,NA,NA,NA,NA,NA
"5081_615_VB4_VB_WGS_20250613_0555_S619","5081_615_VB4_VB_WGS_20250613_0555_S619_chrVIII_60785_C_T",TRUE,TRUE,0,NA,NA,NA,NA,NA
"5081_631_VB4_VB_WGS_20250613_0556_S635","5081_631_VB4_VB_WGS_20250613_0556_S635_chrIV_301246_C_T",TRUE,FALSE,0,NA,NA,NA,NA,NA
"5081_647_VB4_VB_WGS_20250613_0557_S651","5081_647_VB4_VB_WGS_20250613_0557_S651_chrIX_130004_T_A",TRUE,FALSE,0,NA,NA,NA,NA,NA
"5081_663_VB4_VB_WGS_20250613_0558_S667","5081_663_VB4_VB_WGS_20250613_0558_S667_chrIX_106017_C_T",FALSE,FALSE,0,NA,NA,NA,NA,NA
"5081_679_VB4_VB_WGS_20250613_0559_S683","5081_679_VB4_VB_WGS_20250613_0559_S683_chrII_455029_T_C",TRUE,FALSE,0,NA,NA,NA,NA,NA
"5081_695_VB4_VB_WGS_20250613_0560_S699","5081_695_VB4_VB_WGS_20250613_0560_S699_chrIV_78945_C_G",TRUE,FALSE,0,NA,NA,NA,NA,NA
"5081_711_VB4_VB_WGS_20250613_0561_S715","5081_711_VB4_VB_WGS_20250613_0561_S715_chrIV_1514885_C_T",FALSE,FALSE,0,NA,NA,NA,NA,NA
"5081_727_VB4_VB_WGS_20250613_0562_S731","5081_727_VB4_VB_WGS_20250613_0562_S731_chrVI_72028_G_T",FALSE,FALSE,0,NA,NA,NA,NA,NA
"5081_743_VB4_VB_WGS_20250613_0563_S747","5081_743_VB4_VB_WGS_20250613_0563_S747_chrIII_156868_A_G",TRUE,FALSE,0,NA,NA,NA,NA,NA
"5081_759_VB4_VB_WGS_20250613_0564_S763","5081_759_VB4_VB_WGS_20250613_0564_S763_chrXVI_864494_A_C",TRUE,FALSE,0,NA,NA,NA,NA,NA
"5081_600_VB4_VB_WGS_20250613_0566_S604","5081_600_VB4_VB_WGS_20250613_0566_S604_chrVII_218213_T_A",FALSE,FALSE,0,NA,NA,NA,NA,NA
"5081_616_VB4_VB_WGS_20250613_0567_S620","5081_616_VB4_VB_WGS_20250613_0567_S620_chrXIII_366501_A_G",FALSE,FALSE,0,NA,NA,NA,NA,NA
"5081_632_VB4_VB_WGS_20250613_0568_S636","5081_632_VB4_VB_WGS_20250613_0568_S636_chrX_110925_T_C",FALSE,FALSE,0,NA,NA,NA,NA,NA
"5081_648_VB4_VB_WGS_20250613_0569_S652","5081_648_VB4_VB_WGS_20250613_0569_S652_chrXVI_114721_C_T",TRUE,TRUE,0,NA,NA,NA,NA,NA
"5081_664_VB4_VB_WGS_20250613_0570_S668","5081_664_VB4_VB_WGS_20250613_0570_S668_chrIX_60844_T_C",TRUE,FALSE,0,NA,NA,NA,NA,NA
"5081_680_VB4_VB_WGS_20250613_0571_S684","5081_680_VB4_VB_WGS_20250613_0571_S684_chrVIII_427619_T_C",TRUE,FALSE,0,NA,NA,NA,NA,NA
"5081_696_VB4_VB_WGS_20250613_0572_S700","5081_696_VB4_VB_WGS_20250613_0572_S700_chrXIII_118473_A_G",TRUE,FALSE,0,NA,NA,NA,NA,NA
"5081_712_VB4_VB_WGS_20250613_0573_S716","5081_712_VB4_VB_WGS_20250613_0573_S716_chrV_24575_T_C",FALSE,FALSE,0,NA,NA,NA,NA,NA
"5081_728_VB4_VB_WGS_20250613_0574_S732","5081_728_VB4_VB_WGS_20250613_0574_S732_chrI_206564_G_T",TRUE,FALSE,1,0.985788548482719,0.985788548482719,1,116.165,100
"5081_760_VB4_VB_WGS_20250613_0576_S764","5081_760_VB4_VB_WGS_20250613_0576_S764_chrXV_589090_C_T",FALSE,FALSE,0,NA,NA,NA,NA,NA
"5081_585_VB4_VB_WGS_20250613_0577_S589","5081_585_VB4_VB_WGS_20250613_0577_S589_chrII_186366_A_G",FALSE,FALSE,0,NA,NA,NA,NA,NA
"5081_601_VB4_VB_WGS_20250613_0578_S605","5081_601_VB4_VB_WGS_20250613_0578_S605_chrXII_722380_T_C",TRUE,FALSE,0,NA,NA,NA,NA,NA
"5081_617_VB4_VB_WGS_20250613_0579_S621","5081_617_VB4_VB_WGS_20250613_0579_S621_chrXIII_87907_C_T",TRUE,FALSE,0,NA,NA,NA,NA,NA
"5081_633_VB4_VB_WGS_20250613_0580_S637","5081_633_VB4_VB_WGS_20250613_0580_S637_chrXIV_142083_G_A",TRUE,TRUE,0,NA,NA,NA,NA,NA
"5081_649_VB4_VB_WGS_20250613_0581_S653","5081_649_VB4_VB_WGS_20250613_0581_S653_chrXIII_449969_G_A",TRUE,TRUE,0,NA,NA,NA,NA,NA
"5081_665_VB4_VB_WGS_20250613_0582_S669","5081_665_VB4_VB_WGS_20250613_0582_S669_chrIV_693070_G_C",TRUE,TRUE,0,NA,NA,NA,NA,NA
"5081_681_VB4_VB_WGS_20250613_0583_S685","5081_681_VB4_VB_WGS_20250613_0583_S685_chrIII_156868_A_G",TRUE,FALSE,0,NA,NA,NA,NA,NA
"5081_697_VB4_VB_WGS_20250613_0584_S701","5081_697_VB4_VB_WGS_20250613_0584_S701_chrXIV_525732_C_T",TRUE,FALSE,0,NA,NA,NA,NA,NA
"5081_713_VB4_VB_WGS_20250613_0585_S717","5081_713_VB4_VB_WGS_20250613_0585_S717_chrIV_1508583_G_T",TRUE,TRUE,0,NA,NA,NA,NA,NA
"5081_729_VB4_VB_WGS_20250613_0586_S733","5081_729_VB4_VB_WGS_20250613_0586_S733_chrXVI_864494_A_C",TRUE,FALSE,0,NA,NA,NA,NA,NA
"5081_745_VB4_VB_WGS_20250613_0587_S749","5081_745_VB4_VB_WGS_20250613_0587_S749_chrVII_275338_C_A",TRUE,FALSE,0,NA,NA,NA,NA,NA
"5081_761_VB4_VB_WGS_20250613_0588_S765","5081_761_VB4_VB_WGS_20250613_0588_S765_chrII_455029_T_C",TRUE,TRUE,0,NA,NA,NA,NA,NA
"5081_586_VB4_VB_WGS_20250613_0589_S590","5081_586_VB4_VB_WGS_20250613_0589_S590_chrIV_234547_C_G",TRUE,FALSE,0,NA,NA,NA,NA,NA
"5081_602_VB4_VB_WGS_20250613_0590_S606","5081_602_VB4_VB_WGS_20250613_0590_S606_chrIV_693070_G_C",TRUE,FALSE,0,NA,NA,NA,NA,NA
"5081_618_VB4_VB_WGS_20250613_0591_S622","5081_618_VB4_VB_WGS_20250613_0591_S622_chrXII_817876_G_A",FALSE,FALSE,0,NA,NA,NA,NA,NA
"5081_634_VB4_VB_WGS_20250613_0592_S638","5081_634_VB4_VB_WGS_20250613_0592_S638_chrXV_929711_T_C",FALSE,FALSE,0,NA,NA,NA,NA,NA
"5081_650_VB4_VB_WGS_20250613_0593_S654","5081_650_VB4_VB_WGS_20250613_0593_S654_chrIV_671424_A_G",TRUE,FALSE,0,NA,NA,NA,NA,NA
"5081_666_VB4_VB_WGS_20250613_0594_S670","5081_666_VB4_VB_WGS_20250613_0594_S670_chrXV_505372_A_C",TRUE,TRUE,0,NA,NA,NA,NA,NA
"5081_682_VB4_VB_WGS_20250613_0595_S686","5081_682_VB4_VB_WGS_20250613_0595_S686_chrIV_578728_A_G",FALSE,FALSE,0,NA,NA,NA,NA,NA
"5081_698_VB4_VB_WGS_20250613_0596_S702","5081_698_VB4_VB_WGS_20250613_0596_S702_chrXIII_366010_G_A",FALSE,FALSE,0,NA,NA,NA,NA,NA
"5081_714_VB4_VB_WGS_20250613_0597_S718","5081_714_VB4_VB_WGS_20250613_0597_S718_chrVII_17611_G_A",FALSE,FALSE,0,NA,NA,NA,NA,NA
"5081_730_VB4_VB_WGS_20250613_0598_S734","5081_730_VB4_VB_WGS_20250613_0598_S734_chrX_100283_C_T",TRUE,TRUE,0,NA,NA,NA,NA,NA
"5081_746_VB4_VB_WGS_20250613_0599_S750","5081_746_VB4_VB_WGS_20250613_0599_S750_chrXV_380309_C_A",TRUE,TRUE,0,NA,NA,NA,NA,NA
"5081_762_VB4_VB_WGS_20250613_0600_S766","5081_762_VB4_VB_WGS_20250613_0600_S766_chrXV_1024047_G_T",TRUE,FALSE,0,NA,NA,NA,NA,NA
"5081_587_VB4_VB_WGS_20250613_0601_S591","5081_587_VB4_VB_WGS_20250613_0601_S591_chrXV_393383_G_C",TRUE,TRUE,0,NA,NA,NA,NA,NA
"5081_603_VB4_VB_WGS_20250613_0602_S607","5081_603_VB4_VB_WGS_20250613_0602_S607_chrVII_769429_G_A",TRUE,FALSE,0,NA,NA,NA,NA,NA
"5081_635_VB4_VB_WGS_20250613_0604_S639","5081_635_VB4_VB_WGS_20250613_0604_S639_chrVII_19183_G_T",TRUE,FALSE,0,NA,NA,NA,NA,NA
"5081_651_VB4_VB_WGS_20250613_0605_S655","5081_651_VB4_VB_WGS_20250613_0605_S655_chrXIII_105326_G_A",TRUE,FALSE,0,NA,NA,NA,NA,NA
"5081_667_VB4_VB_WGS_20250613_0606_S671","5081_667_VB4_VB_WGS_20250613_0606_S671_chrXII_511197_C_T",TRUE,TRUE,0,NA,NA,NA,NA,NA
"5081_683_VB4_VB_WGS_20250613_0607_S687","5081_683_VB4_VB_WGS_20250613_0607_S687_chrII_587830_G_C",TRUE,TRUE,0,NA,NA,NA,NA,NA
"5081_699_VB4_VB_WGS_20250613_0608_S703","5081_699_VB4_VB_WGS_20250613_0608_S703_chrXVI_750765_G_C",TRUE,FALSE,0,NA,NA,NA,NA,NA
"5081_715_VB4_VB_WGS_20250613_0609_S719","5081_715_VB4_VB_WGS_20250613_0609_S719_chrII_592643_G_T",TRUE,TRUE,0,NA,NA,NA,NA,NA
"5081_731_VB4_VB_WGS_20250613_0610_S735","5081_731_VB4_VB_WGS_20250613_0610_S735_chrVII_442299_C_G",TRUE,FALSE,0,NA,NA,NA,NA,NA
"5081_747_VB4_VB_WGS_20250613_0611_S751","5081_747_VB4_VB_WGS_20250613_0611_S751_chrXII_807074_A_G",FALSE,FALSE,0,NA,NA,NA,NA,NA
"5081_763_VB4_VB_WGS_20250613_0612_S767","5081_763_VB4_VB_WGS_20250613_0612_S767_chrXIII_336695_C_T",FALSE,FALSE,0,NA,NA,NA,NA,NA
"5081_604_VB4_VB_WGS_20250613_0614_S608","5081_604_VB4_VB_WGS_20250613_0614_S608_chrX_703116_A_T",TRUE,TRUE,0,NA,NA,NA,NA,NA
"5081_620_VB4_VB_WGS_20250613_0615_S624","5081_620_VB4_VB_WGS_20250613_0615_S624_chrVI_51343_A_G",FALSE,FALSE,0,NA,NA,NA,NA,NA
"5081_636_VB4_VB_WGS_20250613_0616_S640","5081_636_VB4_VB_WGS_20250613_0616_S640_chrXVI_404060_C_A",FALSE,FALSE,0,NA,NA,NA,NA,NA
"5081_652_VB4_VB_WGS_20250613_0617_S656","5081_652_VB4_VB_WGS_20250613_0617_S656_chrXII_804542_C_T",TRUE,FALSE,0,NA,NA,NA,NA,NA
"5081_668_VB4_VB_WGS_20250613_0618_S672","5081_668_VB4_VB_WGS_20250613_0618_S672_chrIX_58511_G_A",TRUE,TRUE,0,NA,NA,NA,NA,NA
"5081_684_VB4_VB_WGS_20250613_0619_S688","5081_684_VB4_VB_WGS_20250613_0619_S688_chrXV_925372_G_A",TRUE,FALSE,0,NA,NA,NA,NA,NA
"5081_700_VB4_VB_WGS_20250613_0620_S704","5081_700_VB4_VB_WGS_20250613_0620_S704_chrIX_60844_T_C",TRUE,FALSE,0,NA,NA,NA,NA,NA
"5081_716_VB4_VB_WGS_20250613_0621_S720","5081_716_VB4_VB_WGS_20250613_0621_S720_chrXV_964403_C_A",TRUE,FALSE,0,NA,NA,NA,NA,NA
"5081_732_VB4_VB_WGS_20250613_0622_S736","5081_732_VB4_VB_WGS_20250613_0622_S736_chrVII_190586_G_A",TRUE,TRUE,0,NA,NA,NA,NA,NA
"5081_748_VB4_VB_WGS_20250613_0623_S752","5081_748_VB4_VB_WGS_20250613_0623_S752_chrIV_609905_C_T",TRUE,FALSE,0,NA,NA,NA,NA,NA
"5081_764_VB4_VB_WGS_20250613_0624_S768","5081_764_VB4_VB_WGS_20250613_0624_S768_chrXV_819520_G_A",FALSE,FALSE,0,NA,NA,NA,NA,NA
"5081_589_VB4_VB_WGS_20250613_0625_S593","5081_589_VB4_VB_WGS_20250613_0625_S593_chrVII_9493_A_G",TRUE,FALSE,0,NA,NA,NA,NA,NA
"5081_605_VB4_VB_WGS_20250613_0626_S609","5081_605_VB4_VB_WGS_20250613_0626_S609_chrII_389557_G_A",TRUE,FALSE,1,0.00111174528214205,0.00111174528214205,0,170.719,100
"5081_621_VB4_VB_WGS_20250613_0627_S625","5081_621_VB4_VB_WGS_20250613_0627_S625_chrXV_588565_G_A",TRUE,TRUE,0,NA,NA,NA,NA,NA
"5081_637_VB4_VB_WGS_20250613_0628_S641","5081_637_VB4_VB_WGS_20250613_0628_S641_chrIV_70552_C_A",FALSE,FALSE,0,NA,NA,NA,NA,NA
"5081_653_VB4_VB_WGS_20250613_0629_S657","5081_653_VB4_VB_WGS_20250613_0629_S657_chrXI_621619_A_G",TRUE,FALSE,0,NA,NA,NA,NA,NA
"5081_669_VB4_VB_WGS_20250613_0630_S673","5081_669_VB4_VB_WGS_20250613_0630_S673_chrVII_861407_A_G",TRUE,FALSE,0,NA,NA,NA,NA,NA
"5081_685_VB4_VB_WGS_20250613_0631_S689","5081_685_VB4_VB_WGS_20250613_0631_S689_chrXIII_35559_C_G",FALSE,FALSE,0,NA,NA,NA,NA,NA
"5081_717_VB4_VB_WGS_20250613_0633_S721","5081_717_VB4_VB_WGS_20250613_0633_S721_chrXVI_427708_G_A",FALSE,FALSE,0,NA,NA,NA,NA,NA
"5081_733_VB4_VB_WGS_20250613_0634_S737","5081_733_VB4_VB_WGS_20250613_0634_S737_chrI_137148_C_G",TRUE,FALSE,0,NA,NA,NA,NA,NA
"5081_749_VB4_VB_WGS_20250613_0635_S753","5081_749_VB4_VB_WGS_20250613_0635_S753_chrX_675286_T_A",FALSE,FALSE,0,NA,NA,NA,NA,NA
"5081_765_VB4_VB_WGS_20250613_0636_S769","5081_765_VB4_VB_WGS_20250613_0636_S769_chrXI_194575_C_T",TRUE,FALSE,0,NA,NA,NA,NA,NA
"5081_590_VB4_VB_WGS_20250613_0637_S594","5081_590_VB4_VB_WGS_20250613_0637_S594_chrVII_18516_A_T",FALSE,FALSE,0,NA,NA,NA,NA,NA
"5081_606_VB4_VB_WGS_20250613_0638_S610","5081_606_VB4_VB_WGS_20250613_0638_S610_chrXII_919648_C_T",TRUE,TRUE,0,NA,NA,NA,NA,NA
"5081_622_VB4_VB_WGS_20250613_0639_S626","5081_622_VB4_VB_WGS_20250613_0639_S626_chrXI_235797_C_A",TRUE,FALSE,0,NA,NA,NA,NA,NA
"5081_638_VB4_VB_WGS_20250613_0640_S642","5081_638_VB4_VB_WGS_20250613_0640_S642_chrXIV_544644_G_A",TRUE,FALSE,0,NA,NA,NA,NA,NA
"5081_654_VB4_VB_WGS_20250613_0641_S658","5081_654_VB4_VB_WGS_20250613_0641_S658_chrIV_301246_C_T",TRUE,FALSE,0,NA,NA,NA,NA,NA
"5081_670_VB4_VB_WGS_20250613_0642_S674","5081_670_VB4_VB_WGS_20250613_0642_S674_chrIX_106017_C_T",TRUE,FALSE,0,NA,NA,NA,NA,NA
"5081_686_VB4_VB_WGS_20250613_0643_S690","5081_686_VB4_VB_WGS_20250613_0643_S690_chrXV_415569_T_C",TRUE,FALSE,0,NA,NA,NA,NA,NA
"5081_718_VB4_VB_WGS_20250613_0645_S722","5081_718_VB4_VB_WGS_20250613_0645_S722_chrXIII_682467_G_A",TRUE,FALSE,0,NA,NA,NA,NA,NA
"5081_734_VB4_VB_WGS_20250613_0646_S738","5081_734_VB4_VB_WGS_20250613_0646_S738_chrVII_679558_G_C",FALSE,FALSE,0,NA,NA,NA,NA,NA
"5081_750_VB4_VB_WGS_20250613_0647_S754","5081_750_VB4_VB_WGS_20250613_0647_S754_chrXI_62502_C_G",TRUE,TRUE,0,NA,NA,NA,NA,NA
"5081_766_VB4_VB_WGS_20250613_0648_S770","5081_766_VB4_VB_WGS_20250613_0648_S770_chrII_568762_T_G",FALSE,FALSE,0,NA,NA,NA,NA,NA
"5081_607_VB4_VB_WGS_20250613_0650_S611","5081_607_VB4_VB_WGS_20250613_0650_S611_chrII_592643_G_T",FALSE,FALSE,0,NA,NA,NA,NA,NA
"5081_623_VB4_VB_WGS_20250613_0651_S627","5081_623_VB4_VB_WGS_20250613_0651_S627_chrXV_641425_G_T",TRUE,FALSE,0,NA,NA,NA,NA,NA
"5081_639_VB4_VB_WGS_20250613_0652_S643","5081_639_VB4_VB_WGS_20250613_0652_S643_chrI_198398_C_T",TRUE,FALSE,0,NA,NA,NA,NA,NA
"5081_655_VB4_VB_WGS_20250613_0653_S659","5081_655_VB4_VB_WGS_20250613_0653_S659_chrXIII_909772_A_C",TRUE,FALSE,0,NA,NA,NA,NA,NA
"5081_671_VB4_VB_WGS_20250613_0654_S675","5081_671_VB4_VB_WGS_20250613_0654_S675_chrXIII_682461_T_C",TRUE,FALSE,0,NA,NA,NA,NA,NA
"5081_687_VB4_VB_WGS_20250613_0655_S691","5081_687_VB4_VB_WGS_20250613_0655_S691_chrXII_804294_G_A",TRUE,FALSE,0,NA,NA,NA,NA,NA
"5081_703_VB4_VB_WGS_20250613_0656_S707","5081_703_VB4_VB_WGS_20250613_0656_S707_chrIV_301246_C_T",TRUE,TRUE,0,NA,NA,NA,NA,NA
"5081_719_VB4_VB_WGS_20250613_0657_S723","5081_719_VB4_VB_WGS_20250613_0657_S723_chrXIII_391574_G_A",TRUE,TRUE,0,NA,NA,NA,NA,NA
"5081_735_VB4_VB_WGS_20250613_0658_S739","5081_735_VB4_VB_WGS_20250613_0658_S739_chrXV_492545_G_A",TRUE,FALSE,0,NA,NA,NA,NA,NA
"5081_751_VB4_VB_WGS_20250613_0659_S755","5081_751_VB4_VB_WGS_20250613_0659_S755_chrXV_173763_G_C",TRUE,TRUE,0,NA,NA,NA,NA,NA
"5081_767_VB4_VB_WGS_20250613_0660_S771","5081_767_VB4_VB_WGS_20250613_0660_S771_chrXI_25337_C_T",TRUE,FALSE,0,NA,NA,NA,NA,NA
"5081_592_VB4_VB_WGS_20250613_0661_S596","5081_592_VB4_VB_WGS_20250613_0661_S596_chrIII_283302_C_T",TRUE,FALSE,0,NA,NA,NA,NA,NA
"5081_608_VB4_VB_WGS_20250613_0662_S612","5081_608_VB4_VB_WGS_20250613_0662_S612_chrXIII_109858_C_T",TRUE,FALSE,0,NA,NA,NA,NA,NA
"5081_624_VB4_VB_WGS_20250613_0663_S628","5081_624_VB4_VB_WGS_20250613_0663_S628_chrXIV_525732_C_T",TRUE,FALSE,0,NA,NA,NA,NA,NA
"5081_640_VB4_VB_WGS_20250613_0664_S644","5081_640_VB4_VB_WGS_20250613_0664_S644_chrXIII_238380_A_G",TRUE,TRUE,0,NA,NA,NA,NA,NA
"5081_656_VB4_VB_WGS_20250613_0665_S660","5081_656_VB4_VB_WGS_20250613_0665_S660_chrVII_216695_G_A",TRUE,FALSE,0,NA,NA,NA,NA,NA
"5081_672_VB4_VB_WGS_20250613_0666_S676","5081_672_VB4_VB_WGS_20250613_0666_S676_chrXI_100445_A_G",TRUE,FALSE,0,NA,NA,NA,NA,NA
"5081_688_VB4_VB_WGS_20250613_0667_S692","5081_688_VB4_VB_WGS_20250613_0667_S692_chrXII_777814_A_G",FALSE,FALSE,0,NA,NA,NA,NA,NA
"5081_704_VB4_VB_WGS_20250613_0668_S708","5081_704_VB4_VB_WGS_20250613_0668_S708_chrXIV_591433_T_C",TRUE,FALSE,0,NA,NA,NA,NA,NA
"5081_720_VB4_VB_WGS_20250613_0669_S724","5081_720_VB4_VB_WGS_20250613_0669_S724_chrVII_629252_T_C",FALSE,FALSE,0,NA,NA,NA,NA,NA
"5081_736_VB4_VB_WGS_20250613_0670_S740","5081_736_VB4_VB_WGS_20250613_0670_S740_chrXII_777814_A_G",TRUE,FALSE,0,NA,NA,NA,NA,NA
"5081_752_VB4_VB_WGS_20250613_0671_S756","5081_752_VB4_VB_WGS_20250613_0671_S756_chrXV_589090_C_T",TRUE,FALSE,0,NA,NA,NA,NA,NA
"5081_768_VB4_VB_WGS_20250613_0672_S772","5081_768_VB4_VB_WGS_20250613_0672_S772_chrXV_168199_G_A",FALSE,FALSE,0,NA,NA,NA,NA,NA
"5081_393_VB4_VB_WGS_20250613_0673_S397","5081_393_VB4_VB_WGS_20250613_0673_S397_chrXV_925756_C_G",TRUE,FALSE,0,NA,NA,NA,NA,NA
"5081_409_VB4_VB_WGS_20250613_0674_S413","5081_409_VB4_VB_WGS_20250613_0674_S413_chrXII_314977_C_T",TRUE,FALSE,0,NA,NA,NA,NA,NA
"5081_425_VB4_VB_WGS_20250613_0675_S429","5081_425_VB4_VB_WGS_20250613_0675_S429_chrXV_385938_G_C",TRUE,FALSE,0,NA,NA,NA,NA,NA
"5081_441_VB4_VB_WGS_20250613_0676_S445","5081_441_VB4_VB_WGS_20250613_0676_S445_chrXV_588090_G_C",TRUE,TRUE,0,NA,NA,NA,NA,NA
"5081_457_VB4_VB_WGS_20250613_0677_S461","5081_457_VB4_VB_WGS_20250613_0677_S461_chrII_549466_C_A",TRUE,FALSE,0,NA,NA,NA,NA,NA
"5081_473_VB4_VB_WGS_20250613_0678_S477","5081_473_VB4_VB_WGS_20250613_0678_S477_chrXV_168404_A_C",FALSE,FALSE,0,NA,NA,NA,NA,NA
"5081_489_VB4_VB_WGS_20250613_0679_S493","5081_489_VB4_VB_WGS_20250613_0679_S493_chrII_571870_T_G",TRUE,TRUE,0,NA,NA,NA,NA,NA
"5081_505_VB4_VB_WGS_20250613_0680_S509","5081_505_VB4_VB_WGS_20250613_0680_S509_chrVII_769429_G_A",TRUE,TRUE,0,NA,NA,NA,NA,NA
"5081_521_VB4_VB_WGS_20250613_0681_S525","5081_521_VB4_VB_WGS_20250613_0681_S525_chrII_309102_C_T",TRUE,FALSE,0,NA,NA,NA,NA,NA
"5081_537_VB4_VB_WGS_20250613_0682_S541","5081_537_VB4_VB_WGS_20250613_0682_S541_chrXI_311431_A_T",TRUE,TRUE,0,NA,NA,NA,NA,NA
"5081_553_VB4_VB_WGS_20250613_0683_S557","5081_553_VB4_VB_WGS_20250613_0683_S557_chrXV_415035_A_C",TRUE,FALSE,0,NA,NA,NA,NA,NA
"5081_569_VB4_VB_WGS_20250613_0684_S573","5081_569_VB4_VB_WGS_20250613_0684_S573_chrXIV_467028_A_G",TRUE,FALSE,0,NA,NA,NA,NA,NA
"5081_394_VB4_VB_WGS_20250613_0685_S398","5081_394_VB4_VB_WGS_20250613_0685_S398_chrXIII_871306_T_C",TRUE,TRUE,0,NA,NA,NA,NA,NA
"5081_410_VB4_VB_WGS_20250613_0686_S414","5081_410_VB4_VB_WGS_20250613_0686_S414_chrXV_562567_C_T",TRUE,FALSE,0,NA,NA,NA,NA,NA
"5081_426_VB4_VB_WGS_20250613_0687_S430","5081_426_VB4_VB_WGS_20250613_0687_S430_chrI_29713_T_A",TRUE,FALSE,0,NA,NA,NA,NA,NA
"5081_442_VB4_VB_WGS_20250613_0688_S446","5081_442_VB4_VB_WGS_20250613_0688_S446_chrIV_1059983_A_T",TRUE,FALSE,0,NA,NA,NA,NA,NA
"5081_458_VB4_VB_WGS_20250613_0689_S462","5081_458_VB4_VB_WGS_20250613_0689_S462_chrVII_275338_C_A",TRUE,TRUE,0,NA,NA,NA,NA,NA
"5081_474_VB4_VB_WGS_20250613_0690_S478","5081_474_VB4_VB_WGS_20250613_0690_S478_chrXV_566430_G_T",TRUE,TRUE,0,NA,NA,NA,NA,NA
"5081_490_VB4_VB_WGS_20250613_0691_S494","5081_490_VB4_VB_WGS_20250613_0691_S494_chrII_400486_A_G",TRUE,TRUE,0,NA,NA,NA,NA,NA
"5081_506_VB4_VB_WGS_20250613_0692_S510","5081_506_VB4_VB_WGS_20250613_0692_S510_chrX_517244_G_C",TRUE,TRUE,0,NA,NA,NA,NA,NA
"5081_522_VB4_VB_WGS_20250613_0693_S526","5081_522_VB4_VB_WGS_20250613_0693_S526_chrXIII_574079_G_A",TRUE,FALSE,0,NA,NA,NA,NA,NA
"5081_538_VB4_VB_WGS_20250613_0694_S542","5081_538_VB4_VB_WGS_20250613_0694_S542_chrXII_919261_T_G",FALSE,FALSE,0,NA,NA,NA,NA,NA
"5081_570_VB4_VB_WGS_20250613_0696_S574","5081_570_VB4_VB_WGS_20250613_0696_S574_chrXIII_850191_C_T",TRUE,FALSE,0,NA,NA,NA,NA,NA
"5081_395_VB4_VB_WGS_20250613_0697_S399","5081_395_VB4_VB_WGS_20250613_0697_S399_chrXIII_699971_C_G",TRUE,TRUE,0,NA,NA,NA,NA,NA
"5081_411_VB4_VB_WGS_20250613_0698_S415","5081_411_VB4_VB_WGS_20250613_0698_S415_chrVI_20719_C_G",FALSE,FALSE,0,NA,NA,NA,NA,NA
"5081_427_VB4_VB_WGS_20250613_0699_S431","5081_427_VB4_VB_WGS_20250613_0699_S431_chrIX_419726_G_A",TRUE,TRUE,0,NA,NA,NA,NA,NA
"5081_443_VB4_VB_WGS_20250613_0700_S447","5081_443_VB4_VB_WGS_20250613_0700_S447_chrIV_234547_C_G",TRUE,FALSE,0,NA,NA,NA,NA,NA
"5081_459_VB4_VB_WGS_20250613_0701_S463","5081_459_VB4_VB_WGS_20250613_0701_S463_chrVII_9493_A_G",FALSE,FALSE,0,NA,NA,NA,NA,NA
"5081_475_VB4_VB_WGS_20250613_0702_S479","5081_475_VB4_VB_WGS_20250613_0702_S479_chrXV_168404_A_C",TRUE,TRUE,0,NA,NA,NA,NA,NA
"5081_491_VB4_VB_WGS_20250613_0703_S495","5081_491_VB4_VB_WGS_20250613_0703_S495_chrXI_315847_A_G",TRUE,TRUE,0,NA,NA,NA,NA,NA
"5081_523_VB4_VB_WGS_20250613_0705_S527","5081_523_VB4_VB_WGS_20250613_0705_S527_chrXV_379978_C_T",TRUE,FALSE,0,NA,NA,NA,NA,NA
"5081_539_VB4_VB_WGS_20250613_0706_S543","5081_539_VB4_VB_WGS_20250613_0706_S543_chrV_19307_G_A",TRUE,FALSE,0,NA,NA,NA,NA,NA
"5081_555_VB4_VB_WGS_20250613_0707_S559","5081_555_VB4_VB_WGS_20250613_0707_S559_chrXI_202432_C_T",TRUE,TRUE,0,NA,NA,NA,NA,NA
"5081_571_VB4_VB_WGS_20250613_0708_S575","5081_571_VB4_VB_WGS_20250613_0708_S575_chrII_424490_G_A",TRUE,TRUE,0,NA,NA,NA,NA,NA
"5081_412_VB4_VB_WGS_20250613_0710_S416","5081_412_VB4_VB_WGS_20250613_0710_S416_chrVIII_60785_C_T",FALSE,FALSE,0,NA,NA,NA,NA,NA
"5081_428_VB4_VB_WGS_20250613_0711_S432","5081_428_VB4_VB_WGS_20250613_0711_S432_chrXV_562567_C_T",TRUE,FALSE,0,NA,NA,NA,NA,NA
"5081_444_VB4_VB_WGS_20250613_0712_S448","5081_444_VB4_VB_WGS_20250613_0712_S448_chrII_469374_G_A",TRUE,FALSE,0,NA,NA,NA,NA,NA
"5081_460_VB4_VB_WGS_20250613_0713_S464","5081_460_VB4_VB_WGS_20250613_0713_S464_chrXIV_259493_A_T",TRUE,FALSE,0,NA,NA,NA,NA,NA
"5081_476_VB4_VB_WGS_20250613_0714_S480","5081_476_VB4_VB_WGS_20250613_0714_S480_chrXII_935517_C_G",TRUE,TRUE,0,NA,NA,NA,NA,NA
"5081_492_VB4_VB_WGS_20250613_0715_S496","5081_492_VB4_VB_WGS_20250613_0715_S496_chrXI_621619_A_G",TRUE,FALSE,0,NA,NA,NA,NA,NA
"5081_508_VB4_VB_WGS_20250613_0716_S512","5081_508_VB4_VB_WGS_20250613_0716_S512_chrIX_196033_T_C",TRUE,FALSE,0,NA,NA,NA,NA,NA
"5081_524_VB4_VB_WGS_20250613_0717_S528","5081_524_VB4_VB_WGS_20250613_0717_S528_chrX_390122_G_A",TRUE,FALSE,0,NA,NA,NA,NA,NA
"5081_540_VB4_VB_WGS_20250613_0718_S544","5081_540_VB4_VB_WGS_20250613_0718_S544_chrXIII_35559_C_G",TRUE,TRUE,0,NA,NA,NA,NA,NA
"5081_556_VB4_VB_WGS_20250613_0719_S560","5081_556_VB4_VB_WGS_20250613_0719_S560_chrVII_618943_T_G",TRUE,TRUE,0,NA,NA,NA,NA,NA
"5081_572_VB4_VB_WGS_20250613_0720_S576","5081_572_VB4_VB_WGS_20250613_0720_S576_chrIII_76973_G_A",TRUE,TRUE,0,NA,NA,NA,NA,NA
"5081_397_VB4_VB_WGS_20250613_0721_S401","5081_397_VB4_VB_WGS_20250613_0721_S401_chrXI_311431_A_T",TRUE,TRUE,0,NA,NA,NA,NA,NA
"5081_413_VB4_VB_WGS_20250613_0722_S417","5081_413_VB4_VB_WGS_20250613_0722_S417_chrVII_275338_C_A",TRUE,FALSE,0,NA,NA,NA,NA,NA
"5081_429_VB4_VB_WGS_20250613_0723_S433","5081_429_VB4_VB_WGS_20250613_0723_S433_chrXIII_699971_C_G",TRUE,FALSE,0,NA,NA,NA,NA,NA
"5081_445_VB4_VB_WGS_20250613_0724_S449","5081_445_VB4_VB_WGS_20250613_0724_S449_chrXV_173763_G_C",TRUE,TRUE,0,NA,NA,NA,NA,NA
"5081_461_VB4_VB_WGS_20250613_0725_S465","5081_461_VB4_VB_WGS_20250613_0725_S465_chrIV_1059983_A_T",FALSE,FALSE,0,NA,NA,NA,NA,NA
"5081_493_VB4_VB_WGS_20250613_0727_S497","5081_493_VB4_VB_WGS_20250613_0727_S497_chrXIV_25197_A_G",FALSE,FALSE,0,NA,NA,NA,NA,NA
"5081_509_VB4_VB_WGS_20250613_0728_S513","5081_509_VB4_VB_WGS_20250613_0728_S513_chrIII_18173_G_A",TRUE,TRUE,0,NA,NA,NA,NA,NA
"5081_525_VB4_VB_WGS_20250613_0729_S529","5081_525_VB4_VB_WGS_20250613_0729_S529_chrXV_39352_T_G",TRUE,TRUE,0,NA,NA,NA,NA,NA
"5081_541_VB4_VB_WGS_20250613_0730_S545","5081_541_VB4_VB_WGS_20250613_0730_S545_chrII_568762_T_G",FALSE,FALSE,0,NA,NA,NA,NA,NA
"5081_557_VB4_VB_WGS_20250613_0731_S561","5081_557_VB4_VB_WGS_20250613_0731_S561_chrXII_767420_G_A",FALSE,FALSE,0,NA,NA,NA,NA,NA
"5081_573_VB4_VB_WGS_20250613_0732_S577","5081_573_VB4_VB_WGS_20250613_0732_S577_chrXV_582590_G_A",FALSE,FALSE,0,NA,NA,NA,NA,NA
"5081_398_VB4_VB_WGS_20250613_0733_S402","5081_398_VB4_VB_WGS_20250613_0733_S402_chrXIII_682461_T_C",TRUE,FALSE,0,NA,NA,NA,NA,NA
"5081_414_VB4_VB_WGS_20250613_0734_S418","5081_414_VB4_VB_WGS_20250613_0734_S418_chrVII_18561_G_T",TRUE,TRUE,0,NA,NA,NA,NA,NA
"5081_430_VB4_VB_WGS_20250613_0735_S434","5081_430_VB4_VB_WGS_20250613_0735_S434_chrIV_1469510_C_T",TRUE,FALSE,0,NA,NA,NA,NA,NA
"5081_446_VB4_VB_WGS_20250613_0736_S450","5081_446_VB4_VB_WGS_20250613_0736_S450_chrIV_1508583_G_T",TRUE,TRUE,0,NA,NA,NA,NA,NA
"5081_462_VB4_VB_WGS_20250613_0737_S466","5081_462_VB4_VB_WGS_20250613_0737_S466_chrXII_68253_G_A",TRUE,FALSE,0,NA,NA,NA,NA,NA
"5081_478_VB4_VB_WGS_20250613_0738_S482","5081_478_VB4_VB_WGS_20250613_0738_S482_chrXI_540879_G_A",FALSE,FALSE,0,NA,NA,NA,NA,NA
"5081_494_VB4_VB_WGS_20250613_0739_S498","5081_494_VB4_VB_WGS_20250613_0739_S498_chrXV_925756_C_G",TRUE,FALSE,0,NA,NA,NA,NA,NA
"5081_510_VB4_VB_WGS_20250613_0740_S514","5081_510_VB4_VB_WGS_20250613_0740_S514_chrXII_579588_G_A",FALSE,FALSE,0,NA,NA,NA,NA,NA
"5081_526_VB4_VB_WGS_20250613_0741_S530","5081_526_VB4_VB_WGS_20250613_0741_S530_chrVII_370391_A_G",TRUE,FALSE,0,NA,NA,NA,NA,NA
"5081_542_VB4_VB_WGS_20250613_0742_S546","5081_542_VB4_VB_WGS_20250613_0742_S546_chrIV_671424_A_G",TRUE,FALSE,0,NA,NA,NA,NA,NA
"5081_558_VB4_VB_WGS_20250613_0743_S562","5081_558_VB4_VB_WGS_20250613_0743_S562_chrXII_804542_C_T",TRUE,FALSE,0,NA,NA,NA,NA,NA
"5081_574_VB4_VB_WGS_20250613_0744_S578","5081_574_VB4_VB_WGS_20250613_0744_S578_chrXII_579633_C_T",TRUE,FALSE,0,NA,NA,NA,NA,NA
"5081_399_VB4_VB_WGS_20250613_0745_S403","5081_399_VB4_VB_WGS_20250613_0745_S403_chrXIII_398576_A_T",FALSE,FALSE,0,NA,NA,NA,NA,NA
"5081_415_VB4_VB_WGS_20250613_0746_S419","5081_415_VB4_VB_WGS_20250613_0746_S419_chrVIII_21911_C_A",FALSE,FALSE,0,NA,NA,NA,NA,NA
"5081_431_VB4_VB_WGS_20250613_0747_S435","5081_431_VB4_VB_WGS_20250613_0747_S435_chrXII_793903_G_T",TRUE,TRUE,0,NA,NA,NA,NA,NA
"5081_447_VB4_VB_WGS_20250613_0748_S451","5081_447_VB4_VB_WGS_20250613_0748_S451_chrVII_184145_T_A",FALSE,FALSE,0,NA,NA,NA,NA,NA
"5081_463_VB4_VB_WGS_20250613_0749_S467","5081_463_VB4_VB_WGS_20250613_0749_S467_chrXIV_586448_T_A",FALSE,FALSE,0,NA,NA,NA,NA,NA
"5081_479_VB4_VB_WGS_20250613_0750_S483","5081_479_VB4_VB_WGS_20250613_0750_S483_chrXII_234144_G_A",TRUE,FALSE,0,NA,NA,NA,NA,NA
"5081_511_VB4_VB_WGS_20250613_0752_S515","5081_511_VB4_VB_WGS_20250613_0752_S515_chrXII_767420_G_A",TRUE,FALSE,0,NA,NA,NA,NA,NA
"5081_527_VB4_VB_WGS_20250613_0753_S531","5081_527_VB4_VB_WGS_20250613_0753_S531_chrXVI_111646_A_C",FALSE,FALSE,0,NA,NA,NA,NA,NA
"5081_543_VB4_VB_WGS_20250613_0754_S547","5081_543_VB4_VB_WGS_20250613_0754_S547_chrXV_537556_C_T",FALSE,FALSE,0,NA,NA,NA,NA,NA
"5081_559_VB4_VB_WGS_20250613_0755_S563","5081_559_VB4_VB_WGS_20250613_0755_S563_chrVII_17611_G_A",TRUE,FALSE,0,NA,NA,NA,NA,NA
"5081_400_VB4_VB_WGS_20250613_0757_S404","5081_400_VB4_VB_WGS_20250613_0757_S404_chrVI_129460_T_C",TRUE,FALSE,0,NA,NA,NA,NA,NA
"5081_416_VB4_VB_WGS_20250613_0758_S420","5081_416_VB4_VB_WGS_20250613_0758_S420_chrIV_822719_T_C",FALSE,FALSE,0,NA,NA,NA,NA,NA
"5081_432_VB4_VB_WGS_20250613_0759_S436","5081_432_VB4_VB_WGS_20250613_0759_S436_chrXVI_404060_C_A",TRUE,TRUE,0,NA,NA,NA,NA,NA
"5081_448_VB4_VB_WGS_20250613_0760_S452","5081_448_VB4_VB_WGS_20250613_0760_S452_chrXVI_203067_C_T",TRUE,FALSE,0,NA,NA,NA,NA,NA
"5081_464_VB4_VB_WGS_20250613_0761_S468","5081_464_VB4_VB_WGS_20250613_0761_S468_chrXIII_336695_C_T",TRUE,FALSE,0,NA,NA,NA,NA,NA
"5081_480_VB4_VB_WGS_20250613_0762_S484","5081_480_VB4_VB_WGS_20250613_0762_S484_chrIX_200298_G_A",TRUE,FALSE,0,NA,NA,NA,NA,NA
"5081_496_VB4_VB_WGS_20250613_0763_S500","5081_496_VB4_VB_WGS_20250613_0763_S500_chrXII_631177_G_A",TRUE,FALSE,0,NA,NA,NA,NA,NA
"5081_512_VB4_VB_WGS_20250613_0764_S516","5081_512_VB4_VB_WGS_20250613_0764_S516_chrXV_1024047_G_T",FALSE,FALSE,0,NA,NA,NA,NA,NA
"5081_528_VB4_VB_WGS_20250613_0765_S532","5081_528_VB4_VB_WGS_20250613_0765_S532_chrXIII_394731_G_C",TRUE,FALSE,0,NA,NA,NA,NA,NA
"5081_544_VB4_VB_WGS_20250613_0766_S548","5081_544_VB4_VB_WGS_20250613_0766_S548_chrXV_562567_C_T",FALSE,FALSE,0,NA,NA,NA,NA,NA
"5081_560_VB4_VB_WGS_20250613_0767_S564","5081_560_VB4_VB_WGS_20250613_0767_S564_chrXI_62502_C_G",TRUE,TRUE,0,NA,NA,NA,NA,NA
"5081_576_VB4_VB_WGS_20250613_0768_S580","5081_576_VB4_VB_WGS_20250613_0768_S580_chrXII_117856_T_C",TRUE,FALSE,0,NA,NA,NA,NA,NA
"5207_001_VB_WGS_2026012_001_S5","5207_001_VB_WGS_2026012_001_S5_chrXV_108950_T_A",TRUE,FALSE,0,NA,NA,NA,NA,NA
"5207_017_VB_WGS_2026012_002_S21","5207_017_VB_WGS_2026012_002_S21_chrXIV_470440_T_C",TRUE,FALSE,0,NA,NA,NA,NA,NA
"5207_033_VB_WGS_2026012_003_S37","5207_033_VB_WGS_2026012_003_S37_chrIII_284448_T_C",TRUE,FALSE,0,NA,NA,NA,NA,NA
"5207_049_VB_WGS_2026012_004_S53","5207_049_VB_WGS_2026012_004_S53_chrV_360409_C_A",FALSE,FALSE,0,NA,NA,NA,NA,NA
"5207_081_VB_WGS_2026012_006_S85","5207_081_VB_WGS_2026012_006_S85_chrXVI_111550_G_A",TRUE,TRUE,0,NA,NA,NA,NA,NA
"5207_097_VB_WGS_2026012_007_S101","5207_097_VB_WGS_2026012_007_S101_chrXI_540879_G_A",FALSE,FALSE,0,NA,NA,NA,NA,NA
"5207_113_VB_WGS_2026012_008_S117","5207_113_VB_WGS_2026012_008_S117_chrXV_51148_T_A",TRUE,TRUE,0,NA,NA,NA,NA,NA
"5207_129_VB_WGS_2026012_009_S133","5207_129_VB_WGS_2026012_009_S133_chrXI_12322_C_T",TRUE,TRUE,0,NA,NA,NA,NA,NA
"5207_145_VB_WGS_2026012_010_S149","5207_145_VB_WGS_2026012_010_S149_chrXII_561785_T_G",TRUE,FALSE,0,NA,NA,NA,NA,NA
"5207_161_VB_WGS_2026012_011_S165","5207_161_VB_WGS_2026012_011_S165_chrVII_1073366_T_A",FALSE,FALSE,0,NA,NA,NA,NA,NA
"5207_177_VB_WGS_2026012_012_S181","5207_177_VB_WGS_2026012_012_S181_chrXII_579588_G_A",TRUE,TRUE,0,NA,NA,NA,NA,NA
"5207_018_VB_WGS_2026012_014_S22","5207_018_VB_WGS_2026012_014_S22_chrXV_947982_G_C",TRUE,FALSE,0,NA,NA,NA,NA,NA
"5207_034_VB_WGS_2026012_015_S38","5207_034_VB_WGS_2026012_015_S38_chrV_261345_A_C",TRUE,FALSE,0,NA,NA,NA,NA,NA
"5207_050_VB_WGS_2026012_016_S54","5207_050_VB_WGS_2026012_016_S54_chrXIII_569786_G_A",TRUE,FALSE,0,NA,NA,NA,NA,NA
"5207_066_VB_WGS_2026012_017_S70","5207_066_VB_WGS_2026012_017_S70_chrXII_891452_C_T",TRUE,TRUE,0,NA,NA,NA,NA,NA
"5207_082_VB_WGS_2026012_018_S86","5207_082_VB_WGS_2026012_018_S86_chrVIII_152802_T_C",FALSE,FALSE,0,NA,NA,NA,NA,NA
"5207_098_VB_WGS_2026012_019_S102","5207_098_VB_WGS_2026012_019_S102_chrXI_419413_A_G",FALSE,FALSE,0,NA,NA,NA,NA,NA
"5207_114_VB_WGS_2026012_020_S118","5207_114_VB_WGS_2026012_020_S118_chrV_14476_G_A",FALSE,FALSE,0,NA,NA,NA,NA,NA
"5207_130_VB_WGS_2026012_021_S134","5207_130_VB_WGS_2026012_021_S134_chrVII_807712_G_A",TRUE,FALSE,0,NA,NA,NA,NA,NA
"5207_146_VB_WGS_2026012_022_S150","5207_146_VB_WGS_2026012_022_S150_chrXVI_427708_G_A",TRUE,FALSE,0,NA,NA,NA,NA,NA
"5207_162_VB_WGS_2026012_023_S166","5207_162_VB_WGS_2026012_023_S166_chrXII_1056105_G_C",TRUE,TRUE,0,NA,NA,NA,NA,NA
"5207_178_VB_WGS_2026012_024_S182","5207_178_VB_WGS_2026012_024_S182_chrVII_169165_C_T",FALSE,FALSE,0,NA,NA,NA,NA,NA
"5207_003_VB_WGS_2026012_025_S7","5207_003_VB_WGS_2026012_025_S7_chrIV_1455920_C_G",FALSE,FALSE,0,NA,NA,NA,NA,NA
"5207_019_VB_WGS_2026012_026_S23","5207_019_VB_WGS_2026012_026_S23_chrXVI_381495_G_C",TRUE,FALSE,1,0.00692753607611648,0.00692753607611648,0,91.066,75
"5207_035_VB_WGS_2026012_027_S39","5207_035_VB_WGS_2026012_027_S39_chrXII_315693_T_C",TRUE,FALSE,0,NA,NA,NA,NA,NA
"5207_051_VB_WGS_2026012_028_S55","5207_051_VB_WGS_2026012_028_S55_chrXI_544682_C_A",TRUE,FALSE,0,NA,NA,NA,NA,NA
"5207_067_VB_WGS_2026012_029_S71","5207_067_VB_WGS_2026012_029_S71_chrIV_130640_G_A",TRUE,FALSE,0,NA,NA,NA,NA,NA
"5207_083_VB_WGS_2026012_030_S87","5207_083_VB_WGS_2026012_030_S87_chrII_594784_T_G",TRUE,FALSE,0,NA,NA,NA,NA,NA
"5207_099_VB_WGS_2026012_031_S103","5207_099_VB_WGS_2026012_031_S103_chrXIII_679335_C_T",FALSE,FALSE,0,NA,NA,NA,NA,NA
"5207_115_VB_WGS_2026012_032_S119","5207_115_VB_WGS_2026012_032_S119_chrXIV_312686_T_G",TRUE,TRUE,1,0.00467896202063889,0.00467896202063889,0,282.638,100
"5207_131_VB_WGS_2026012_033_S135","5207_131_VB_WGS_2026012_033_S135_chrXV_947982_G_C",FALSE,FALSE,0,NA,NA,NA,NA,NA
"5207_147_VB_WGS_2026012_034_S151","5207_147_VB_WGS_2026012_034_S151_chrIX_72762_T_C",TRUE,TRUE,0,NA,NA,NA,NA,NA
"5207_163_VB_WGS_2026012_035_S167","5207_163_VB_WGS_2026012_035_S167_chrXIII_137879_C_T",TRUE,FALSE,0,NA,NA,NA,NA,NA
"5207_179_VB_WGS_2026012_036_S183","5207_179_VB_WGS_2026012_036_S183_chrX_373973_G_T",TRUE,TRUE,0,NA,NA,NA,NA,NA
"5207_004_VB_WGS_2026012_037_S8","5207_004_VB_WGS_2026012_037_S8_chrV_540409_C_A",TRUE,TRUE,0,NA,NA,NA,NA,NA
"5207_020_VB_WGS_2026012_038_S24","5207_020_VB_WGS_2026012_038_S24_chrVII_129145_C_G",TRUE,TRUE,0,NA,NA,NA,NA,NA
"5207_036_VB_WGS_2026012_039_S40","5207_036_VB_WGS_2026012_039_S40_chrVII_218213_T_A",FALSE,FALSE,0,NA,NA,NA,NA,NA
"5207_052_VB_WGS_2026012_040_S56","5207_052_VB_WGS_2026012_040_S56_chrXIII_514194_A_G",TRUE,TRUE,0,NA,NA,NA,NA,NA
"5207_068_VB_WGS_2026012_041_S72","5207_068_VB_WGS_2026012_041_S72_chrXIV_148586_G_A",TRUE,FALSE,0,NA,NA,NA,NA,NA
"5207_084_VB_WGS_2026012_042_S88","5207_084_VB_WGS_2026012_042_S88_chrXVI_427708_G_A",TRUE,FALSE,0,NA,NA,NA,NA,NA
"5207_100_VB_WGS_2026012_043_S104","5207_100_VB_WGS_2026012_043_S104_chrVIII_301777_G_A",TRUE,FALSE,0,NA,NA,NA,NA,NA
"5207_116_VB_WGS_2026012_044_S120","5207_116_VB_WGS_2026012_044_S120_chrXII_490822_G_C",TRUE,FALSE,0,NA,NA,NA,NA,NA
"5207_132_VB_WGS_2026012_045_S136","5207_132_VB_WGS_2026012_045_S136_chrVI_191409_A_T",TRUE,TRUE,0,NA,NA,NA,NA,NA
"5207_148_VB_WGS_2026012_046_S152","5207_148_VB_WGS_2026012_046_S152_chrIV_85280_C_T",TRUE,TRUE,0,NA,NA,NA,NA,NA
"5207_164_VB_WGS_2026012_047_S168","5207_164_VB_WGS_2026012_047_S168_chrVIII_477461_C_T",FALSE,FALSE,0,NA,NA,NA,NA,NA
"5207_180_VB_WGS_2026012_048_S184","5207_180_VB_WGS_2026012_048_S184_chrXI_256639_A_G",TRUE,TRUE,0,NA,NA,NA,NA,NA
"5207_005_VB_WGS_2026012_049_S9","5207_005_VB_WGS_2026012_049_S9_chrVI_51343_A_G",FALSE,FALSE,0,NA,NA,NA,NA,NA
"5207_021_VB_WGS_2026012_050_S25","5207_021_VB_WGS_2026012_050_S25_chrXVI_72592_T_C",TRUE,TRUE,0,NA,NA,NA,NA,NA
"5207_037_VB_WGS_2026012_051_S41","5207_037_VB_WGS_2026012_051_S41_chrXII_370558_G_A",TRUE,TRUE,0,NA,NA,NA,NA,NA
"5207_053_VB_WGS_2026012_052_S57","5207_053_VB_WGS_2026012_052_S57_chrVII_337718_C_A",FALSE,FALSE,0,NA,NA,NA,NA,NA
"5207_069_VB_WGS_2026012_053_S73","5207_069_VB_WGS_2026012_053_S73_chrIII_54609_A_C",TRUE,TRUE,0,NA,NA,NA,NA,NA
"5207_085_VB_WGS_2026012_054_S89","5207_085_VB_WGS_2026012_054_S89_chrXV_97910_A_G",FALSE,FALSE,0,NA,NA,NA,NA,NA
"5207_117_VB_WGS_2026012_056_S121","5207_117_VB_WGS_2026012_056_S121_chrII_107123_A_T",TRUE,TRUE,0,NA,NA,NA,NA,NA
"5207_133_VB_WGS_2026012_057_S137","5207_133_VB_WGS_2026012_057_S137_chrIX_106747_G_A",FALSE,FALSE,0,NA,NA,NA,NA,NA
"5207_165_VB_WGS_2026012_059_S169","5207_165_VB_WGS_2026012_059_S169_chrXVI_72592_T_C",TRUE,FALSE,0,NA,NA,NA,NA,NA
"5207_181_VB_WGS_2026012_060_S185","5207_181_VB_WGS_2026012_060_S185_chrXV_569058_T_A",TRUE,FALSE,0,NA,NA,NA,NA,NA
"5207_022_VB_WGS_2026012_062_S26","5207_022_VB_WGS_2026012_062_S26_chrVII_768669_C_T",TRUE,FALSE,0,NA,NA,NA,NA,NA
"5207_038_VB_WGS_2026012_063_S42","5207_038_VB_WGS_2026012_063_S42_chrI_29227_A_G",TRUE,FALSE,0,NA,NA,NA,NA,NA
"5207_054_VB_WGS_2026012_064_S58","5207_054_VB_WGS_2026012_064_S58_chrXII_817044_A_G",TRUE,FALSE,0,NA,NA,NA,NA,NA
"5207_086_VB_WGS_2026012_066_S90","5207_086_VB_WGS_2026012_066_S90_chrXV_108950_T_A",TRUE,FALSE,0,NA,NA,NA,NA,NA
"5207_102_VB_WGS_2026012_067_S106","5207_102_VB_WGS_2026012_067_S106_chrXVI_111646_A_C",FALSE,FALSE,0,NA,NA,NA,NA,NA
"5207_118_VB_WGS_2026012_068_S122","5207_118_VB_WGS_2026012_068_S122_chrIX_72762_T_C",TRUE,FALSE,0,NA,NA,NA,NA,NA
"5207_134_VB_WGS_2026012_069_S138","5207_134_VB_WGS_2026012_069_S138_chrXII_308220_G_A",TRUE,TRUE,0,NA,NA,NA,NA,NA
"5207_150_VB_WGS_2026012_070_S154","5207_150_VB_WGS_2026012_070_S154_chrVI_51343_A_G",FALSE,FALSE,0,NA,NA,NA,NA,NA
"5207_182_VB_WGS_2026012_072_S186","5207_182_VB_WGS_2026012_072_S186_chrXII_744885_T_A",FALSE,FALSE,0,NA,NA,NA,NA,NA
"5207_007_VB_WGS_2026012_073_S11","5207_007_VB_WGS_2026012_073_S11_chrVII_10029_G_A",FALSE,FALSE,0,NA,NA,NA,NA,NA
"5207_023_VB_WGS_2026012_074_S27","5207_023_VB_WGS_2026012_074_S27_chrXIV_586448_T_A",TRUE,FALSE,0,NA,NA,NA,NA,NA
"5207_039_VB_WGS_2026012_075_S43","5207_039_VB_WGS_2026012_075_S43_chrVII_336598_G_A",FALSE,FALSE,0,NA,NA,NA,NA,NA
"5207_055_VB_WGS_2026012_076_S59","5207_055_VB_WGS_2026012_076_S59_chrXIII_366501_A_G",FALSE,FALSE,0,NA,NA,NA,NA,NA
"5207_071_VB_WGS_2026012_077_S75","5207_071_VB_WGS_2026012_077_S75_chrVII_337718_C_A",TRUE,FALSE,0,NA,NA,NA,NA,NA
"5207_087_VB_WGS_2026012_078_S91","5207_087_VB_WGS_2026012_078_S91_chrXI_256639_A_G",TRUE,TRUE,0,NA,NA,NA,NA,NA
"5207_103_VB_WGS_2026012_079_S107","5207_103_VB_WGS_2026012_079_S107_chrIX_108813_C_T",FALSE,FALSE,0,NA,NA,NA,NA,NA
"5207_119_VB_WGS_2026012_080_S123","5207_119_VB_WGS_2026012_080_S123_chrIX_55716_T_C",TRUE,TRUE,0,NA,NA,NA,NA,NA
"5207_135_VB_WGS_2026012_081_S139","5207_135_VB_WGS_2026012_081_S139_chrXIII_137879_C_T",TRUE,TRUE,0,NA,NA,NA,NA,NA
"5207_151_VB_WGS_2026012_082_S155","5207_151_VB_WGS_2026012_082_S155_chrXII_919261_T_G",TRUE,FALSE,0,NA,NA,NA,NA,NA
"5207_167_VB_WGS_2026012_083_S171","5207_167_VB_WGS_2026012_083_S171_chrII_130040_T_C",FALSE,FALSE,0,NA,NA,NA,NA,NA
"5207_183_VB_WGS_2026012_084_S187","5207_183_VB_WGS_2026012_084_S187_chrI_196805_C_T",FALSE,FALSE,0,NA,NA,NA,NA,NA
"5207_008_VB_WGS_2026012_085_S12","5207_008_VB_WGS_2026012_085_S12_chrII_753942_C_T",TRUE,FALSE,0,NA,NA,NA,NA,NA
"5207_024_VB_WGS_2026012_086_S28","5207_024_VB_WGS_2026012_086_S28_chrVI_59951_A_G",FALSE,FALSE,0,NA,NA,NA,NA,NA
"5207_040_VB_WGS_2026012_087_S44","5207_040_VB_WGS_2026012_087_S44_chrXIII_270930_T_C",TRUE,FALSE,0,NA,NA,NA,NA,NA
"5207_056_VB_WGS_2026012_088_S60","5207_056_VB_WGS_2026012_088_S60_chrIV_584489_A_T",FALSE,FALSE,0,NA,NA,NA,NA,NA
"5207_072_VB_WGS_2026012_089_S76","5207_072_VB_WGS_2026012_089_S76_chrVII_17260_G_A",TRUE,TRUE,0,NA,NA,NA,NA,NA
"5207_088_VB_WGS_2026012_090_S92","5207_088_VB_WGS_2026012_090_S92_chrVI_191409_A_T",TRUE,TRUE,0,NA,NA,NA,NA,NA
"5207_104_VB_WGS_2026012_091_S108","5207_104_VB_WGS_2026012_091_S108_chrX_705865_C_T",TRUE,TRUE,0,NA,NA,NA,NA,NA
"5207_120_VB_WGS_2026012_092_S124","5207_120_VB_WGS_2026012_092_S124_chrXIII_9829_T_C",TRUE,FALSE,1,0.435972804442021,0.435972804442021,0,55.919,75
"5207_136_VB_WGS_2026012_093_S140","5207_136_VB_WGS_2026012_093_S140_chrIX_65359_T_A",FALSE,FALSE,0,NA,NA,NA,NA,NA
"5207_152_VB_WGS_2026012_094_S156","5207_152_VB_WGS_2026012_094_S156_chrI_30371_C_A",TRUE,TRUE,0,NA,NA,NA,NA,NA
"5207_168_VB_WGS_2026012_095_S172","5207_168_VB_WGS_2026012_095_S172_chrVII_928933_G_A",FALSE,FALSE,0,NA,NA,NA,NA,NA
"5207_184_VB_WGS_2026012_096_S188","5207_184_VB_WGS_2026012_096_S188_chrIV_1455920_C_G",FALSE,FALSE,0,NA,NA,NA,NA,NA
"5207_193_VB_WGS_2026012_097_S197","5207_193_VB_WGS_2026012_097_S197_chrIV_73193_C_A",FALSE,FALSE,0,NA,NA,NA,NA,NA
"5207_209_VB_WGS_2026012_098_S213","5207_209_VB_WGS_2026012_098_S213_chrX_705865_C_T",TRUE,FALSE,0,NA,NA,NA,NA,NA
"5207_225_VB_WGS_2026012_099_S229","5207_225_VB_WGS_2026012_099_S229_chrX_549542_T_C",TRUE,TRUE,0,NA,NA,NA,NA,NA
"5207_241_VB_WGS_2026012_100_S245","5207_241_VB_WGS_2026012_100_S245_chrIX_57683_A_G",FALSE,FALSE,0,NA,NA,NA,NA,NA
"5207_257_VB_WGS_2026012_101_S261","5207_257_VB_WGS_2026012_101_S261_chrV_360409_C_A",TRUE,TRUE,0,NA,NA,NA,NA,NA
"5207_273_VB_WGS_2026012_102_S277","5207_273_VB_WGS_2026012_102_S277_chrXIII_446215_T_C",TRUE,FALSE,0,NA,NA,NA,NA,NA
"5207_289_VB_WGS_2026012_103_S293","5207_289_VB_WGS_2026012_103_S293_chrXI_203127_T_C",FALSE,FALSE,0,NA,NA,NA,NA,NA
"5207_305_VB_WGS_2026012_104_S309","5207_305_VB_WGS_2026012_104_S309_chrVII_629252_T_C",TRUE,FALSE,0,NA,NA,NA,NA,NA
"5207_321_VB_WGS_2026012_105_S325","5207_321_VB_WGS_2026012_105_S325_chrXII_561785_T_G",FALSE,FALSE,0,NA,NA,NA,NA,NA
"5207_337_VB_WGS_2026012_106_S341","5207_337_VB_WGS_2026012_106_S341_chrXII_804258_C_T",TRUE,FALSE,0,NA,NA,NA,NA,NA
"5207_369_VB_WGS_2026012_108_S373","5207_369_VB_WGS_2026012_108_S373_chrVI_51343_A_G",TRUE,FALSE,0,NA,NA,NA,NA,NA
"5207_194_VB_WGS_2026012_109_S198","5207_194_VB_WGS_2026012_109_S198_chrXII_405606_A_T",TRUE,FALSE,0,NA,NA,NA,NA,NA
"5207_210_VB_WGS_2026012_110_S214","5207_210_VB_WGS_2026012_110_S214_chrIV_1381192_T_C",FALSE,FALSE,0,NA,NA,NA,NA,NA
"5207_226_VB_WGS_2026012_111_S230","5207_226_VB_WGS_2026012_111_S230_chrII_259158_A_G",FALSE,FALSE,0,NA,NA,NA,NA,NA
"5207_242_VB_WGS_2026012_112_S246","5207_242_VB_WGS_2026012_112_S246_chrX_442604_A_G",FALSE,FALSE,0,NA,NA,NA,NA,NA
"5207_258_VB_WGS_2026012_113_S262","5207_258_VB_WGS_2026012_113_S262_chrVII_336598_G_A",FALSE,FALSE,0,NA,NA,NA,NA,NA
"5207_274_VB_WGS_2026012_114_S278","5207_274_VB_WGS_2026012_114_S278_chrXII_891452_C_T",FALSE,FALSE,0,NA,NA,NA,NA,NA
"5207_290_VB_WGS_2026012_115_S294","5207_290_VB_WGS_2026012_115_S294_chrIX_35770_T_C",FALSE,FALSE,0,NA,NA,NA,NA,NA
"5207_306_VB_WGS_2026012_116_S310","5207_306_VB_WGS_2026012_116_S310_chrIX_106747_G_A",TRUE,FALSE,0,NA,NA,NA,NA,NA
"5207_322_VB_WGS_2026012_117_S326","5207_322_VB_WGS_2026012_117_S326_chrX_138281_A_G",TRUE,TRUE,0,NA,NA,NA,NA,NA
"5207_338_VB_WGS_2026012_118_S342","5207_338_VB_WGS_2026012_118_S342_chrX_51723_G_A",FALSE,FALSE,0,NA,NA,NA,NA,NA
"5207_354_VB_WGS_2026012_119_S358","5207_354_VB_WGS_2026012_119_S358_chrI_196805_C_T",TRUE,TRUE,0,NA,NA,NA,NA,NA
"5207_370_VB_WGS_2026012_120_S374","5207_370_VB_WGS_2026012_120_S374_chrIX_26801_T_C",FALSE,FALSE,0,NA,NA,NA,NA,NA
"5207_195_VB_WGS_2026012_121_S199","5207_195_VB_WGS_2026012_121_S199_chrX_51723_G_A",FALSE,FALSE,0,NA,NA,NA,NA,NA
"5207_211_VB_WGS_2026012_122_S215","5207_211_VB_WGS_2026012_122_S215_chrVII_125147_T_C",FALSE,FALSE,0,NA,NA,NA,NA,NA
"5207_227_VB_WGS_2026012_123_S231","5207_227_VB_WGS_2026012_123_S231_chrII_547617_C_T",TRUE,FALSE,0,NA,NA,NA,NA,NA
"5207_243_VB_WGS_2026012_124_S247","5207_243_VB_WGS_2026012_124_S247_chrXI_544682_C_A",TRUE,FALSE,0,NA,NA,NA,NA,NA
"5207_259_VB_WGS_2026012_125_S263","5207_259_VB_WGS_2026012_125_S263_chrIII_54609_A_C",FALSE,FALSE,0,NA,NA,NA,NA,NA
"5207_275_VB_WGS_2026012_126_S279","5207_275_VB_WGS_2026012_126_S279_chrXI_544682_C_A",TRUE,FALSE,0,NA,NA,NA,NA,NA
"5207_291_VB_WGS_2026012_127_S295","5207_291_VB_WGS_2026012_127_S295_chrXIV_148586_G_A",TRUE,FALSE,0,NA,NA,NA,NA,NA
"5207_323_VB_WGS_2026012_129_S327","5207_323_VB_WGS_2026012_129_S327_chrXII_308220_G_A",TRUE,FALSE,0,NA,NA,NA,NA,NA
"5207_339_VB_WGS_2026012_130_S343","5207_339_VB_WGS_2026012_130_S343_chrVII_18516_A_T",TRUE,FALSE,0,NA,NA,NA,NA,NA
"5207_355_VB_WGS_2026012_131_S359","5207_355_VB_WGS_2026012_131_S359_chrIX_106747_G_A",TRUE,TRUE,0,NA,NA,NA,NA,NA
"5207_371_VB_WGS_2026012_132_S375","5207_371_VB_WGS_2026012_132_S375_chrXIV_470440_T_C",TRUE,FALSE,0,NA,NA,NA,NA,NA
"5207_212_VB_WGS_2026012_134_S216","5207_212_VB_WGS_2026012_134_S216_chrXVI_111550_G_A",TRUE,TRUE,0,NA,NA,NA,NA,NA
"5207_228_VB_WGS_2026012_135_S232","5207_228_VB_WGS_2026012_135_S232_chrIX_429333_C_T",FALSE,FALSE,0,NA,NA,NA,NA,NA
"5207_244_VB_WGS_2026012_136_S248","5207_244_VB_WGS_2026012_136_S248_chrXII_405606_A_T",TRUE,FALSE,0,NA,NA,NA,NA,NA
"5207_260_VB_WGS_2026012_137_S264","5207_260_VB_WGS_2026012_137_S264_chrXIV_313406_C_T",TRUE,FALSE,0,NA,NA,NA,NA,NA
"5207_276_VB_WGS_2026012_138_S280","5207_276_VB_WGS_2026012_138_S280_chrVIII_301777_G_A",FALSE,FALSE,0,NA,NA,NA,NA,NA
"5207_292_VB_WGS_2026012_139_S296","5207_292_VB_WGS_2026012_139_S296_chrXIII_569786_G_A",TRUE,TRUE,0,NA,NA,NA,NA,NA
"5207_308_VB_WGS_2026012_140_S312","5207_308_VB_WGS_2026012_140_S312_chrXI_570942_T_C",FALSE,FALSE,0,NA,NA,NA,NA,NA
"5207_324_VB_WGS_2026012_141_S328","5207_324_VB_WGS_2026012_141_S328_chrVII_770332_G_A",FALSE,FALSE,0,NA,NA,NA,NA,NA
"5207_340_VB_WGS_2026012_142_S344","5207_340_VB_WGS_2026012_142_S344_chrII_158308_A_T",TRUE,FALSE,0,NA,NA,NA,NA,NA
"5207_356_VB_WGS_2026012_143_S360","5207_356_VB_WGS_2026012_143_S360_chrXII_490822_G_C",FALSE,FALSE,0,NA,NA,NA,NA,NA
"5207_372_VB_WGS_2026012_144_S376","5207_372_VB_WGS_2026012_144_S376_chrX_507303_G_T",TRUE,TRUE,0,NA,NA,NA,NA,NA
"5207_213_VB_WGS_2026012_146_S217","5207_213_VB_WGS_2026012_146_S217_chrVII_963897_T_C",TRUE,TRUE,0,NA,NA,NA,NA,NA
"5207_229_VB_WGS_2026012_147_S233","5207_229_VB_WGS_2026012_147_S233_chrXIII_514194_A_G",FALSE,FALSE,0,NA,NA,NA,NA,NA
"5207_245_VB_WGS_2026012_148_S249","5207_245_VB_WGS_2026012_148_S249_chrVII_1030938_C_T",FALSE,FALSE,0,NA,NA,NA,NA,NA
"5207_261_VB_WGS_2026012_149_S265","5207_261_VB_WGS_2026012_149_S265_chrVII_956270_T_C",TRUE,TRUE,0,NA,NA,NA,NA,NA
"5207_277_VB_WGS_2026012_150_S281","5207_277_VB_WGS_2026012_150_S281_chrXVI_381495_G_C",FALSE,FALSE,0,NA,NA,NA,NA,NA
"5207_293_VB_WGS_2026012_151_S297","5207_293_VB_WGS_2026012_151_S297_chrXV_569058_T_A",FALSE,FALSE,0,NA,NA,NA,NA,NA
"5207_309_VB_WGS_2026012_152_S313","5207_309_VB_WGS_2026012_152_S313_chrII_538047_G_A",FALSE,FALSE,0,NA,NA,NA,NA,NA
"5207_325_VB_WGS_2026012_153_S329","5207_325_VB_WGS_2026012_153_S329_chrXII_919261_T_G",FALSE,FALSE,0,NA,NA,NA,NA,NA
"5207_341_VB_WGS_2026012_154_S345","5207_341_VB_WGS_2026012_154_S345_chrVII_1073366_T_A",FALSE,FALSE,0,NA,NA,NA,NA,NA
"5207_357_VB_WGS_2026012_155_S361","5207_357_VB_WGS_2026012_155_S361_chrXI_557824_C_G",TRUE,TRUE,0,NA,NA,NA,NA,NA
"5207_373_VB_WGS_2026012_156_S377","5207_373_VB_WGS_2026012_156_S377_chrII_362011_C_T",FALSE,FALSE,0,NA,NA,NA,NA,NA
"5207_214_VB_WGS_2026012_158_S218","5207_214_VB_WGS_2026012_158_S218_chrXI_269563_T_C",FALSE,FALSE,0,NA,NA,NA,NA,NA
"5207_230_VB_WGS_2026012_159_S234","5207_230_VB_WGS_2026012_159_S234_chrII_158308_A_T",TRUE,TRUE,0,NA,NA,NA,NA,NA
"5207_246_VB_WGS_2026012_160_S250","5207_246_VB_WGS_2026012_160_S250_chrII_80185_C_A",FALSE,FALSE,0,NA,NA,NA,NA,NA
"5207_262_VB_WGS_2026012_161_S266","5207_262_VB_WGS_2026012_161_S266_chrXIV_678304_G_A",FALSE,FALSE,0,NA,NA,NA,NA,NA
"5207_278_VB_WGS_2026012_162_S282","5207_278_VB_WGS_2026012_162_S282_chrVIII_80882_A_G",TRUE,FALSE,0,NA,NA,NA,NA,NA
"5207_294_VB_WGS_2026012_163_S298","5207_294_VB_WGS_2026012_163_S298_chrXV_393430_T_C",FALSE,FALSE,0,NA,NA,NA,NA,NA
"5207_310_VB_WGS_2026012_164_S314","5207_310_VB_WGS_2026012_164_S314_chrVII_169165_C_T",FALSE,FALSE,0,NA,NA,NA,NA,NA
"5207_326_VB_WGS_2026012_165_S330","5207_326_VB_WGS_2026012_165_S330_chrIV_1082812_T_G",FALSE,FALSE,0,NA,NA,NA,NA,NA
"5207_342_VB_WGS_2026012_166_S346","5207_342_VB_WGS_2026012_166_S346_chrX_442604_A_G",TRUE,FALSE,0,NA,NA,NA,NA,NA
"5207_358_VB_WGS_2026012_167_S362","5207_358_VB_WGS_2026012_167_S362_chrIV_1306509_G_T",TRUE,FALSE,0,NA,NA,NA,NA,NA
"5207_374_VB_WGS_2026012_168_S378","5207_374_VB_WGS_2026012_168_S378_chrVI_59951_A_G",TRUE,TRUE,0,NA,NA,NA,NA,NA
"5207_199_VB_WGS_2026012_169_S203","5207_199_VB_WGS_2026012_169_S203_chrXII_405606_A_T",FALSE,FALSE,0,NA,NA,NA,NA,NA
"5207_215_VB_WGS_2026012_170_S219","5207_215_VB_WGS_2026012_170_S219_chrII_198093_A_G",TRUE,TRUE,0,NA,NA,NA,NA,NA
"5207_231_VB_WGS_2026012_171_S235","5207_231_VB_WGS_2026012_171_S235_chrII_198093_A_G",FALSE,FALSE,0,NA,NA,NA,NA,NA
"5207_247_VB_WGS_2026012_172_S251","5207_247_VB_WGS_2026012_172_S251_chrX_400808_T_C",FALSE,FALSE,0,NA,NA,NA,NA,NA
"5207_263_VB_WGS_2026012_173_S267","5207_263_VB_WGS_2026012_173_S267_chrXVI_111646_A_C",FALSE,FALSE,0,NA,NA,NA,NA,NA
"5207_279_VB_WGS_2026012_174_S283","5207_279_VB_WGS_2026012_174_S283_chrI_185954_T_A",FALSE,FALSE,0,NA,NA,NA,NA,NA
"5207_295_VB_WGS_2026012_175_S299","5207_295_VB_WGS_2026012_175_S299_chrII_538047_G_A",FALSE,FALSE,0,NA,NA,NA,NA,NA
"5207_311_VB_WGS_2026012_176_S315","5207_311_VB_WGS_2026012_176_S315_chrXII_262942_T_A",TRUE,TRUE,0,NA,NA,NA,NA,NA
"5207_327_VB_WGS_2026012_177_S331","5207_327_VB_WGS_2026012_177_S331_chrIX_65359_T_A",TRUE,FALSE,0,NA,NA,NA,NA,NA
"5207_343_VB_WGS_2026012_178_S347","5207_343_VB_WGS_2026012_178_S347_chrXI_419413_A_G",FALSE,FALSE,0,NA,NA,NA,NA,NA
"5207_359_VB_WGS_2026012_179_S363","5207_359_VB_WGS_2026012_179_S363_chrV_530754_G_A",TRUE,FALSE,0,NA,NA,NA,NA,NA
"5207_375_VB_WGS_2026012_180_S379","5207_375_VB_WGS_2026012_180_S379_chrVI_186667_T_C",TRUE,FALSE,0,NA,NA,NA,NA,NA
"5207_200_VB_WGS_2026012_181_S204","5207_200_VB_WGS_2026012_181_S204_chrXIV_388126_T_C",FALSE,FALSE,0,NA,NA,NA,NA,NA
"5207_232_VB_WGS_2026012_183_S236","5207_232_VB_WGS_2026012_183_S236_chrXV_51148_T_A",TRUE,FALSE,0,NA,NA,NA,NA,NA
"5207_248_VB_WGS_2026012_184_S252","5207_248_VB_WGS_2026012_184_S252_chrVII_218213_T_A",TRUE,TRUE,0,NA,NA,NA,NA,NA
"5207_264_VB_WGS_2026012_185_S268","5207_264_VB_WGS_2026012_185_S268_chrIX_27241_G_A",TRUE,TRUE,0,NA,NA,NA,NA,NA
"5207_280_VB_WGS_2026012_186_S284","5207_280_VB_WGS_2026012_186_S284_chrXIII_449175_T_C",TRUE,TRUE,1,0.00479006929443119,0.00479006929443119,0,123.28,100
"5207_296_VB_WGS_2026012_187_S300","5207_296_VB_WGS_2026012_187_S300_chrVIII_301777_G_A",FALSE,FALSE,0,NA,NA,NA,NA,NA
"5207_312_VB_WGS_2026012_188_S316","5207_312_VB_WGS_2026012_188_S316_chrVII_18516_A_T",TRUE,TRUE,0,NA,NA,NA,NA,NA
"5207_328_VB_WGS_2026012_189_S332","5207_328_VB_WGS_2026012_189_S332_chrIX_393280_A_G",TRUE,TRUE,0,NA,NA,NA,NA,NA
"5207_344_VB_WGS_2026012_190_S348","5207_344_VB_WGS_2026012_190_S348_chrIV_584489_A_T",FALSE,FALSE,0,NA,NA,NA,NA,NA
"5207_360_VB_WGS_2026012_191_S364","5207_360_VB_WGS_2026012_191_S364_chrV_261345_A_C",TRUE,TRUE,1,0.225079311198689,0.225079311198689,0,138.93,62.5
"5207_025_VB_WGS_2026012_194_S29","5207_025_VB_WGS_2026012_194_S29_chrIX_150327_C_G",TRUE,FALSE,0,NA,NA,NA,NA,NA
"5207_057_VB_WGS_2026012_196_S61","5207_057_VB_WGS_2026012_196_S61_chrI_30371_C_A",FALSE,FALSE,0,NA,NA,NA,NA,NA
"5207_073_VB_WGS_2026012_197_S77","5207_073_VB_WGS_2026012_197_S77_chrI_185954_T_A",FALSE,FALSE,0,NA,NA,NA,NA,NA
"5207_089_VB_WGS_2026012_198_S93","5207_089_VB_WGS_2026012_198_S93_chrV_470321_C_T",TRUE,TRUE,0,NA,NA,NA,NA,NA
"5207_105_VB_WGS_2026012_199_S109","5207_105_VB_WGS_2026012_199_S109_chrII_155022_G_A",FALSE,FALSE,0,NA,NA,NA,NA,NA
"5207_121_VB_WGS_2026012_200_S125","5207_121_VB_WGS_2026012_200_S125_chrII_521571_G_T",FALSE,FALSE,0,NA,NA,NA,NA,NA
"5207_137_VB_WGS_2026012_201_S141","5207_137_VB_WGS_2026012_201_S141_chrVII_629252_T_C",FALSE,FALSE,0,NA,NA,NA,NA,NA
"5207_153_VB_WGS_2026012_202_S157","5207_153_VB_WGS_2026012_202_S157_chrIV_744456_G_T",FALSE,FALSE,0,NA,NA,NA,NA,NA
"5207_169_VB_WGS_2026012_203_S173","5207_169_VB_WGS_2026012_203_S173_chrVII_10029_G_A",TRUE,FALSE,0,NA,NA,NA,NA,NA
"5207_185_VB_WGS_2026012_204_S189","5207_185_VB_WGS_2026012_204_S189_chrII_259158_A_G",TRUE,FALSE,0,NA,NA,NA,NA,NA
"5207_010_VB_WGS_2026012_205_S14","5207_010_VB_WGS_2026012_205_S14_chrII_360376_T_A",TRUE,TRUE,0,NA,NA,NA,NA,NA
"5207_026_VB_WGS_2026012_206_S30","5207_026_VB_WGS_2026012_206_S30_chrIX_35770_T_C",TRUE,FALSE,0,NA,NA,NA,NA,NA
"5207_042_VB_WGS_2026012_207_S46","5207_042_VB_WGS_2026012_207_S46_chrXII_1056105_G_C",TRUE,TRUE,0,NA,NA,NA,NA,NA
"5207_058_VB_WGS_2026012_208_S62","5207_058_VB_WGS_2026012_208_S62_chrIX_35770_T_C",TRUE,TRUE,0,NA,NA,NA,NA,NA
"5207_074_VB_WGS_2026012_209_S78","5207_074_VB_WGS_2026012_209_S78_chrXIV_663901_T_C",TRUE,FALSE,0,NA,NA,NA,NA,NA
"5207_090_VB_WGS_2026012_210_S94","5207_090_VB_WGS_2026012_210_S94_chrXII_675924_T_C",FALSE,FALSE,0,NA,NA,NA,NA,NA
"5207_106_VB_WGS_2026012_211_S110","5207_106_VB_WGS_2026012_211_S110_chrXVI_111646_A_C",FALSE,FALSE,0,NA,NA,NA,NA,NA
"5207_122_VB_WGS_2026012_212_S126","5207_122_VB_WGS_2026012_212_S126_chrV_261345_A_C",TRUE,TRUE,0,NA,NA,NA,NA,NA
"5207_138_VB_WGS_2026012_213_S142","5207_138_VB_WGS_2026012_213_S142_chrIX_150327_C_G",TRUE,TRUE,0,NA,NA,NA,NA,NA
"5207_170_VB_WGS_2026012_215_S174","5207_170_VB_WGS_2026012_215_S174_chrXV_328791_C_A",TRUE,TRUE,0,NA,NA,NA,NA,NA
"5207_186_VB_WGS_2026012_216_S190","5207_186_VB_WGS_2026012_216_S190_chrVII_768669_C_T",TRUE,FALSE,0,NA,NA,NA,NA,NA
"5207_011_VB_WGS_2026012_217_S15","5207_011_VB_WGS_2026012_217_S15_chrXI_419413_A_G",TRUE,FALSE,0,NA,NA,NA,NA,NA
"5207_027_VB_WGS_2026012_218_S31","5207_027_VB_WGS_2026012_218_S31_chrXII_747808_G_A",TRUE,FALSE,0,NA,NA,NA,NA,NA
"5207_043_VB_WGS_2026012_219_S47","5207_043_VB_WGS_2026012_219_S47_chrXII_675924_T_C",FALSE,FALSE,0,NA,NA,NA,NA,NA
"5207_059_VB_WGS_2026012_220_S63","5207_059_VB_WGS_2026012_220_S63_chrXVI_540311_C_G",TRUE,FALSE,0,NA,NA,NA,NA,NA
"5207_075_VB_WGS_2026012_221_S79","5207_075_VB_WGS_2026012_221_S79_chrIV_705422_C_T",TRUE,FALSE,0,NA,NA,NA,NA,NA
"5207_091_VB_WGS_2026012_222_S95","5207_091_VB_WGS_2026012_222_S95_chrVII_129145_C_G",FALSE,FALSE,0,NA,NA,NA,NA,NA
"5207_107_VB_WGS_2026012_223_S111","5207_107_VB_WGS_2026012_223_S111_chrIV_584489_A_T",TRUE,FALSE,0,NA,NA,NA,NA,NA
"5207_123_VB_WGS_2026012_224_S127","5207_123_VB_WGS_2026012_224_S127_chrXIII_562752_A_G",TRUE,TRUE,0,NA,NA,NA,NA,NA
"5207_139_VB_WGS_2026012_225_S143","5207_139_VB_WGS_2026012_225_S143_chrXV_569058_T_A",TRUE,FALSE,0,NA,NA,NA,NA,NA
"5207_155_VB_WGS_2026012_226_S159","5207_155_VB_WGS_2026012_226_S159_chrVIII_185064_G_A",TRUE,TRUE,0,NA,NA,NA,NA,NA
"5207_171_VB_WGS_2026012_227_S175","5207_171_VB_WGS_2026012_227_S175_chrIV_744456_G_T",TRUE,TRUE,0,NA,NA,NA,NA,NA
"5207_187_VB_WGS_2026012_228_S191","5207_187_VB_WGS_2026012_228_S191_chrXIV_663901_T_C",TRUE,FALSE,0,NA,NA,NA,NA,NA
"5207_012_VB_WGS_2026012_229_S16","5207_012_VB_WGS_2026012_229_S16_chrXII_919261_T_G",FALSE,FALSE,0,NA,NA,NA,NA,NA
"5207_028_VB_WGS_2026012_230_S32","5207_028_VB_WGS_2026012_230_S32_chrX_591553_A_G",FALSE,FALSE,0,NA,NA,NA,NA,NA
"5207_044_VB_WGS_2026012_231_S48","5207_044_VB_WGS_2026012_231_S48_chrXI_579180_A_G",TRUE,TRUE,0,NA,NA,NA,NA,NA
"5207_060_VB_WGS_2026012_232_S64","5207_060_VB_WGS_2026012_232_S64_chrVI_186667_T_C",TRUE,TRUE,0,NA,NA,NA,NA,NA
"5207_076_VB_WGS_2026012_233_S80","5207_076_VB_WGS_2026012_233_S80_chrVIII_150470_A_G",FALSE,FALSE,0,NA,NA,NA,NA,NA
"5207_092_VB_WGS_2026012_234_S96","5207_092_VB_WGS_2026012_234_S96_chrX_138281_A_G",FALSE,FALSE,0,NA,NA,NA,NA,NA
"5207_108_VB_WGS_2026012_235_S112","5207_108_VB_WGS_2026012_235_S112_chrXV_40593_A_G",FALSE,FALSE,0,NA,NA,NA,NA,NA
"5207_124_VB_WGS_2026012_236_S128","5207_124_VB_WGS_2026012_236_S128_chrX_705865_C_T",TRUE,FALSE,0,NA,NA,NA,NA,NA
"5207_140_VB_WGS_2026012_237_S144","5207_140_VB_WGS_2026012_237_S144_chrV_554819_A_T",TRUE,TRUE,0,NA,NA,NA,NA,NA
"5207_156_VB_WGS_2026012_238_S160","5207_156_VB_WGS_2026012_238_S160_chrVII_807712_G_A",TRUE,TRUE,0,NA,NA,NA,NA,NA
"5207_172_VB_WGS_2026012_239_S176","5207_172_VB_WGS_2026012_239_S176_chrXV_611688_A_C",TRUE,FALSE,0,NA,NA,NA,NA,NA
"5207_188_VB_WGS_2026012_240_S192","5207_188_VB_WGS_2026012_240_S192_chrII_459672_T_C",TRUE,FALSE,0,NA,NA,NA,NA,NA
"5207_013_VB_WGS_2026012_241_S17","5207_013_VB_WGS_2026012_241_S17_chrVII_629252_T_C",TRUE,FALSE,0,NA,NA,NA,NA,NA
"5207_029_VB_WGS_2026012_242_S33","5207_029_VB_WGS_2026012_242_S33_chrIV_725245_C_T",TRUE,FALSE,0,NA,NA,NA,NA,NA
"5207_045_VB_WGS_2026012_243_S49","5207_045_VB_WGS_2026012_243_S49_chrXIII_514194_A_G",FALSE,FALSE,0,NA,NA,NA,NA,NA
"5207_061_VB_WGS_2026012_244_S65","5207_061_VB_WGS_2026012_244_S65_chrX_373973_G_T",TRUE,TRUE,0,NA,NA,NA,NA,NA
"5207_077_VB_WGS_2026012_245_S81","5207_077_VB_WGS_2026012_245_S81_chrII_594784_T_G",FALSE,FALSE,0,NA,NA,NA,NA,NA
"5207_093_VB_WGS_2026012_246_S97","5207_093_VB_WGS_2026012_246_S97_chrXIII_562752_A_G",TRUE,FALSE,0,NA,NA,NA,NA,NA
"5207_109_VB_WGS_2026012_247_S113","5207_109_VB_WGS_2026012_247_S113_chrVII_129145_C_G",TRUE,FALSE,0,NA,NA,NA,NA,NA
"5207_141_VB_WGS_2026012_249_S145","5207_141_VB_WGS_2026012_249_S145_chrXII_315693_T_C",TRUE,FALSE,0,NA,NA,NA,NA,NA
"5207_157_VB_WGS_2026012_250_S161","5207_157_VB_WGS_2026012_250_S161_chrXIII_128370_T_C",TRUE,FALSE,0,NA,NA,NA,NA,NA
"5207_173_VB_WGS_2026012_251_S177","5207_173_VB_WGS_2026012_251_S177_chrII_259158_A_G",TRUE,FALSE,0,NA,NA,NA,NA,NA
"5207_189_VB_WGS_2026012_252_S193","5207_189_VB_WGS_2026012_252_S193_chrXI_490946_T_C",TRUE,FALSE,0,NA,NA,NA,NA,NA
"5207_014_VB_WGS_2026012_253_S18","5207_014_VB_WGS_2026012_253_S18_chrXII_307563_T_G",FALSE,FALSE,0,NA,NA,NA,NA,NA
"5207_030_VB_WGS_2026012_254_S34","5207_030_VB_WGS_2026012_254_S34_chrII_360376_T_A",TRUE,FALSE,0,NA,NA,NA,NA,NA
"5207_046_VB_WGS_2026012_255_S50","5207_046_VB_WGS_2026012_255_S50_chrX_90680_T_G",TRUE,FALSE,0,NA,NA,NA,NA,NA
"5207_062_VB_WGS_2026012_256_S66","5207_062_VB_WGS_2026012_256_S66_chrV_195529_A_G",TRUE,FALSE,0,NA,NA,NA,NA,NA
"5207_078_VB_WGS_2026012_257_S82","5207_078_VB_WGS_2026012_257_S82_chrX_373973_G_T",FALSE,FALSE,0,NA,NA,NA,NA,NA
"5207_094_VB_WGS_2026012_258_S98","5207_094_VB_WGS_2026012_258_S98_chrX_400808_T_C",FALSE,FALSE,0,NA,NA,NA,NA,NA
"5207_110_VB_WGS_2026012_259_S114","5207_110_VB_WGS_2026012_259_S114_chrXVI_427708_G_A",TRUE,FALSE,0,NA,NA,NA,NA,NA
"5207_126_VB_WGS_2026012_260_S130","5207_126_VB_WGS_2026012_260_S130_chrI_29227_A_G",TRUE,TRUE,0,NA,NA,NA,NA,NA
"5207_142_VB_WGS_2026012_261_S146","5207_142_VB_WGS_2026012_261_S146_chrXII_307563_T_G",TRUE,FALSE,0,NA,NA,NA,NA,NA
"5207_158_VB_WGS_2026012_262_S162","5207_158_VB_WGS_2026012_262_S162_chrII_521571_G_T",TRUE,TRUE,0,NA,NA,NA,NA,NA
"5207_174_VB_WGS_2026012_263_S178","5207_174_VB_WGS_2026012_263_S178_chrVII_203987_A_T",FALSE,FALSE,0,NA,NA,NA,NA,NA
"5207_190_VB_WGS_2026012_264_S194","5207_190_VB_WGS_2026012_264_S194_chrIX_429333_C_T",TRUE,TRUE,0,NA,NA,NA,NA,NA
"5207_015_VB_WGS_2026012_265_S19","5207_015_VB_WGS_2026012_265_S19_chrIV_467595_T_C",TRUE,TRUE,0,NA,NA,NA,NA,NA
"5207_031_VB_WGS_2026012_266_S35","5207_031_VB_WGS_2026012_266_S35_chrII_155022_G_A",FALSE,FALSE,0,NA,NA,NA,NA,NA
"5207_047_VB_WGS_2026012_267_S51","5207_047_VB_WGS_2026012_267_S51_chrXI_12322_C_T",TRUE,TRUE,0,NA,NA,NA,NA,NA
"5207_063_VB_WGS_2026012_268_S67","5207_063_VB_WGS_2026012_268_S67_chrXIII_562752_A_G",TRUE,TRUE,0,NA,NA,NA,NA,NA
"5207_079_VB_WGS_2026012_269_S83","5207_079_VB_WGS_2026012_269_S83_chrIX_72762_T_C",TRUE,FALSE,0,NA,NA,NA,NA,NA
"5207_095_VB_WGS_2026012_270_S99","5207_095_VB_WGS_2026012_270_S99_chrXI_203127_T_C",TRUE,FALSE,0,NA,NA,NA,NA,NA
"5207_127_VB_WGS_2026012_272_S131","5207_127_VB_WGS_2026012_272_S131_chrXIII_77997_C_T",TRUE,TRUE,0,NA,NA,NA,NA,NA
"5207_143_VB_WGS_2026012_273_S147","5207_143_VB_WGS_2026012_273_S147_chrXIII_133436_A_G",TRUE,TRUE,0,NA,NA,NA,NA,NA
"5207_159_VB_WGS_2026012_274_S163","5207_159_VB_WGS_2026012_274_S163_chrXIII_137879_C_T",TRUE,FALSE,0,NA,NA,NA,NA,NA
"5207_175_VB_WGS_2026012_275_S179","5207_175_VB_WGS_2026012_275_S179_chrV_554819_A_T",FALSE,FALSE,0,NA,NA,NA,NA,NA
"5207_191_VB_WGS_2026012_276_S195","5207_191_VB_WGS_2026012_276_S195_chrV_195529_A_G",TRUE,FALSE,0,NA,NA,NA,NA,NA
"5207_016_VB_WGS_2026012_277_S20","5207_016_VB_WGS_2026012_277_S20_chrIV_85280_C_T",TRUE,TRUE,0,NA,NA,NA,NA,NA
"5207_032_VB_WGS_2026012_278_S36","5207_032_VB_WGS_2026012_278_S36_chrXIII_133436_A_G",TRUE,FALSE,0,NA,NA,NA,NA,NA
"5207_048_VB_WGS_2026012_279_S52","5207_048_VB_WGS_2026012_279_S52_chrVII_807712_G_A",TRUE,TRUE,0,NA,NA,NA,NA,NA
"5207_064_VB_WGS_2026012_280_S68","5207_064_VB_WGS_2026012_280_S68_chrXV_929711_T_C",TRUE,TRUE,0,NA,NA,NA,NA,NA
"5207_080_VB_WGS_2026012_281_S84","5207_080_VB_WGS_2026012_281_S84_chrXIV_418803_G_A",TRUE,TRUE,0,NA,NA,NA,NA,NA
"5207_096_VB_WGS_2026012_282_S100","5207_096_VB_WGS_2026012_282_S100_chrVII_768669_C_T",TRUE,FALSE,0,NA,NA,NA,NA,NA
"5207_112_VB_WGS_2026012_283_S116","5207_112_VB_WGS_2026012_283_S116_chrII_80185_C_A",FALSE,FALSE,0,NA,NA,NA,NA,NA
"5207_128_VB_WGS_2026012_284_S132","5207_128_VB_WGS_2026012_284_S132_chrXII_804258_C_T",TRUE,FALSE,0,NA,NA,NA,NA,NA
"5207_144_VB_WGS_2026012_285_S148","5207_144_VB_WGS_2026012_285_S148_chrIX_109134_G_A",TRUE,TRUE,1,0.000886624795372686,0.000886624795372686,0,325.778,100
"5207_160_VB_WGS_2026012_286_S164","5207_160_VB_WGS_2026012_286_S164_chrX_431547_A_G",TRUE,FALSE,0,NA,NA,NA,NA,NA
"5207_176_VB_WGS_2026012_287_S180","5207_176_VB_WGS_2026012_287_S180_chrV_195529_A_G",TRUE,FALSE,0,NA,NA,NA,NA,NA
"5207_192_VB_WGS_2026012_288_S196","5207_192_VB_WGS_2026012_288_S196_chrXIV_418803_G_A",TRUE,FALSE,0,NA,NA,NA,NA,NA
"5207_201_VB_WGS_2026012_289_S205","5207_201_VB_WGS_2026012_289_S205_chrXIV_709906_T_C",FALSE,FALSE,0,NA,NA,NA,NA,NA
"5207_217_VB_WGS_2026012_290_S221","5207_217_VB_WGS_2026012_290_S221_chrXVI_221892_C_T",TRUE,FALSE,0,NA,NA,NA,NA,NA
"5207_233_VB_WGS_2026012_291_S237","5207_233_VB_WGS_2026012_291_S237_chrXII_674711_T_C",TRUE,FALSE,0,NA,NA,NA,NA,NA
"5207_249_VB_WGS_2026012_292_S253","5207_249_VB_WGS_2026012_292_S253_chrXIII_674833_G_A",TRUE,FALSE,0,NA,NA,NA,NA,NA
"5207_265_VB_WGS_2026012_293_S269","5207_265_VB_WGS_2026012_293_S269_chrVI_186667_T_C",FALSE,FALSE,0,NA,NA,NA,NA,NA
"5207_281_VB_WGS_2026012_294_S285","5207_281_VB_WGS_2026012_294_S285_chrXIII_366501_A_G",TRUE,FALSE,0,NA,NA,NA,NA,NA
"5207_297_VB_WGS_2026012_295_S301","5207_297_VB_WGS_2026012_295_S301_chrXV_328791_C_A",FALSE,FALSE,0,NA,NA,NA,NA,NA
"5207_313_VB_WGS_2026012_296_S317","5207_313_VB_WGS_2026012_296_S317_chrVII_218213_T_A",FALSE,FALSE,0,NA,NA,NA,NA,NA
"5207_329_VB_WGS_2026012_297_S333","5207_329_VB_WGS_2026012_297_S333_chrV_14476_G_A",FALSE,FALSE,0,NA,NA,NA,NA,NA
"5207_345_VB_WGS_2026012_298_S349","5207_345_VB_WGS_2026012_298_S349_chrXIII_9829_T_C",FALSE,FALSE,0,NA,NA,NA,NA,NA
"5207_361_VB_WGS_2026012_299_S365","5207_361_VB_WGS_2026012_299_S365_chrVII_956270_T_C",FALSE,FALSE,0,NA,NA,NA,NA,NA
"5207_377_VB_WGS_2026012_300_S381","5207_377_VB_WGS_2026012_300_S381_chrXVI_707796_T_A",TRUE,TRUE,0,NA,NA,NA,NA,NA
"5207_202_VB_WGS_2026012_301_S206","5207_202_VB_WGS_2026012_301_S206_chrXV_415710_T_C",FALSE,FALSE,0,NA,NA,NA,NA,NA
"5207_218_VB_WGS_2026012_302_S222","5207_218_VB_WGS_2026012_302_S222_chrXV_53781_C_T",FALSE,FALSE,0,NA,NA,NA,NA,NA
"5207_234_VB_WGS_2026012_303_S238","5207_234_VB_WGS_2026012_303_S238_chrXV_947982_G_C",TRUE,TRUE,0,NA,NA,NA,NA,NA
"5207_250_VB_WGS_2026012_304_S254","5207_250_VB_WGS_2026012_304_S254_chrV_360409_C_A",FALSE,FALSE,0,NA,NA,NA,NA,NA
"5207_266_VB_WGS_2026012_305_S270","5207_266_VB_WGS_2026012_305_S270_chrXII_315693_T_C",FALSE,FALSE,0,NA,NA,NA,NA,NA
"5207_282_VB_WGS_2026012_306_S286","5207_282_VB_WGS_2026012_306_S286_chrXV_97910_A_G",TRUE,FALSE,0,NA,NA,NA,NA,NA
"5207_298_VB_WGS_2026012_307_S302","5207_298_VB_WGS_2026012_307_S302_chrVII_337718_C_A",FALSE,FALSE,0,NA,NA,NA,NA,NA
"5207_314_VB_WGS_2026012_308_S318","5207_314_VB_WGS_2026012_308_S318_chrX_73391_T_C",FALSE,FALSE,0,NA,NA,NA,NA,NA
"5207_346_VB_WGS_2026012_310_S350","5207_346_VB_WGS_2026012_310_S350_chrXII_804258_C_T",FALSE,FALSE,0,NA,NA,NA,NA,NA
"5207_362_VB_WGS_2026012_311_S366","5207_362_VB_WGS_2026012_311_S366_chrXIII_128370_T_C",TRUE,FALSE,0,NA,NA,NA,NA,NA
"5207_378_VB_WGS_2026012_312_S382","5207_378_VB_WGS_2026012_312_S382_chrVIII_152802_T_C",TRUE,FALSE,0,NA,NA,NA,NA,NA
"5207_203_VB_WGS_2026012_313_S207","5207_203_VB_WGS_2026012_313_S207_chrVIII_152802_T_C",FALSE,FALSE,0,NA,NA,NA,NA,NA
"5207_219_VB_WGS_2026012_314_S223","5207_219_VB_WGS_2026012_314_S223_chrXIV_678304_G_A",TRUE,FALSE,0,NA,NA,NA,NA,NA
"5207_235_VB_WGS_2026012_315_S239","5207_235_VB_WGS_2026012_315_S239_chrX_630373_A_G",TRUE,TRUE,0,NA,NA,NA,NA,NA
"5207_251_VB_WGS_2026012_316_S255","5207_251_VB_WGS_2026012_316_S255_chrII_80185_C_A",FALSE,FALSE,0,NA,NA,NA,NA,NA
"5207_283_VB_WGS_2026012_318_S287","5207_283_VB_WGS_2026012_318_S287_chrIV_130640_G_A",FALSE,FALSE,0,NA,NA,NA,NA,NA
"5207_299_VB_WGS_2026012_319_S303","5207_299_VB_WGS_2026012_319_S303_chrVIII_80882_A_G",FALSE,FALSE,0,NA,NA,NA,NA,NA
"5207_315_VB_WGS_2026012_320_S319","5207_315_VB_WGS_2026012_320_S319_chrI_29227_A_G",FALSE,FALSE,0,NA,NA,NA,NA,NA
"5207_331_VB_WGS_2026012_321_S335","5207_331_VB_WGS_2026012_321_S335_chrII_594784_T_G",FALSE,FALSE,0,NA,NA,NA,NA,NA
"5207_347_VB_WGS_2026012_322_S351","5207_347_VB_WGS_2026012_322_S351_chrVI_186667_T_C",FALSE,FALSE,0,NA,NA,NA,NA,NA
"5207_363_VB_WGS_2026012_323_S367","5207_363_VB_WGS_2026012_323_S367_chrXVI_427130_A_G",TRUE,TRUE,0,NA,NA,NA,NA,NA
"5207_379_VB_WGS_2026012_324_S383","5207_379_VB_WGS_2026012_324_S383_chrII_753942_C_T",TRUE,FALSE,0,NA,NA,NA,NA,NA
"5207_204_VB_WGS_2026012_325_S208","5207_204_VB_WGS_2026012_325_S208_chrXIII_270930_T_C",TRUE,FALSE,0,NA,NA,NA,NA,NA
"5207_220_VB_WGS_2026012_326_S224","5207_220_VB_WGS_2026012_326_S224_chrXVI_427130_A_G",TRUE,TRUE,0,NA,NA,NA,NA,NA
"5207_236_VB_WGS_2026012_327_S240","5207_236_VB_WGS_2026012_327_S240_chrXVI_111550_G_A",FALSE,FALSE,0,NA,NA,NA,NA,NA
"5207_252_VB_WGS_2026012_328_S256","5207_252_VB_WGS_2026012_328_S256_chrIV_85280_C_T",TRUE,FALSE,0,NA,NA,NA,NA,NA
"5207_268_VB_WGS_2026012_329_S272","5207_268_VB_WGS_2026012_329_S272_chrIV_744456_G_T",FALSE,FALSE,0,NA,NA,NA,NA,NA
"5207_284_VB_WGS_2026012_330_S288","5207_284_VB_WGS_2026012_330_S288_chrXII_307563_T_G",FALSE,FALSE,0,NA,NA,NA,NA,NA
"5207_300_VB_WGS_2026012_331_S304","5207_300_VB_WGS_2026012_331_S304_chrIX_393280_A_G",TRUE,FALSE,0,NA,NA,NA,NA,NA
"5207_332_VB_WGS_2026012_333_S336","5207_332_VB_WGS_2026012_333_S336_chrX_431547_A_G",FALSE,FALSE,0,NA,NA,NA,NA,NA
"5207_348_VB_WGS_2026012_334_S352","5207_348_VB_WGS_2026012_334_S352_chrII_521571_G_T",FALSE,FALSE,0,NA,NA,NA,NA,NA
"5207_364_VB_WGS_2026012_335_S368","5207_364_VB_WGS_2026012_335_S368_chrXI_540879_G_A",FALSE,FALSE,0,NA,NA,NA,NA,NA
"5207_380_VB_WGS_2026012_336_S384","5207_380_VB_WGS_2026012_336_S384_chrVII_18516_A_T",TRUE,FALSE,0,NA,NA,NA,NA,NA
"5207_205_VB_WGS_2026012_337_S209","5207_205_VB_WGS_2026012_337_S209_chrXI_490946_T_C",FALSE,FALSE,0,NA,NA,NA,NA,NA
"5207_221_VB_WGS_2026012_338_S225","5207_221_VB_WGS_2026012_338_S225_chrV_232364_G_C",TRUE,TRUE,0,NA,NA,NA,NA,NA
"5207_237_VB_WGS_2026012_339_S241","5207_237_VB_WGS_2026012_339_S241_chrXIV_586448_T_A",TRUE,TRUE,0,NA,NA,NA,NA,NA
"5207_253_VB_WGS_2026012_340_S257","5207_253_VB_WGS_2026012_340_S257_chrXI_256639_A_G",TRUE,TRUE,0,NA,NA,NA,NA,NA
"5207_269_VB_WGS_2026012_341_S273","5207_269_VB_WGS_2026012_341_S273_chrXVI_381495_G_C",TRUE,TRUE,0,NA,NA,NA,NA,NA
"5207_285_VB_WGS_2026012_342_S289","5207_285_VB_WGS_2026012_342_S289_chrXV_328791_C_A",TRUE,TRUE,0,NA,NA,NA,NA,NA
"5207_301_VB_WGS_2026012_343_S305","5207_301_VB_WGS_2026012_343_S305_chrXI_260286_A_G",TRUE,TRUE,0,NA,NA,NA,NA,NA
"5207_317_VB_WGS_2026012_344_S321","5207_317_VB_WGS_2026012_344_S321_chrX_507303_G_T",FALSE,FALSE,0,NA,NA,NA,NA,NA
"5207_333_VB_WGS_2026012_345_S337","5207_333_VB_WGS_2026012_345_S337_chrII_571411_A_G",TRUE,TRUE,0,NA,NA,NA,NA,NA
"5207_349_VB_WGS_2026012_346_S353","5207_349_VB_WGS_2026012_346_S353_chrVII_594969_A_G",FALSE,FALSE,0,NA,NA,NA,NA,NA
"5207_365_VB_WGS_2026012_347_S369","5207_365_VB_WGS_2026012_347_S369_chrXII_817044_A_G",TRUE,FALSE,0,NA,NA,NA,NA,NA
"5207_381_VB_WGS_2026012_348_S385","5207_381_VB_WGS_2026012_348_S385_chrVII_749165_C_T",FALSE,FALSE,0,NA,NA,NA,NA,NA
"5207_206_VB_WGS_2026012_349_S210","5207_206_VB_WGS_2026012_349_S210_chrXIV_388126_T_C",FALSE,FALSE,0,NA,NA,NA,NA,NA
"5207_222_VB_WGS_2026012_350_S226","5207_222_VB_WGS_2026012_350_S226_chrXV_168202_T_C",TRUE,FALSE,0,NA,NA,NA,NA,NA
"5207_238_VB_WGS_2026012_351_S242","5207_238_VB_WGS_2026012_351_S242_chrXVI_221892_C_T",TRUE,FALSE,0,NA,NA,NA,NA,NA
"5207_254_VB_WGS_2026012_352_S258","5207_254_VB_WGS_2026012_352_S258_chrXI_260286_A_G",TRUE,TRUE,0,NA,NA,NA,NA,NA
"5207_270_VB_WGS_2026012_353_S274","5207_270_VB_WGS_2026012_353_S274_chrIV_70552_C_A",FALSE,FALSE,0,NA,NA,NA,NA,NA
"5207_286_VB_WGS_2026012_354_S290","5207_286_VB_WGS_2026012_354_S290_chrVII_535018_T_A",TRUE,TRUE,0,NA,NA,NA,NA,NA
"5207_302_VB_WGS_2026012_355_S306","5207_302_VB_WGS_2026012_355_S306_chrVI_191409_A_T",TRUE,TRUE,0,NA,NA,NA,NA,NA
"5207_318_VB_WGS_2026012_356_S322","5207_318_VB_WGS_2026012_356_S322_chrV_14476_G_A",FALSE,FALSE,0,NA,NA,NA,NA,NA
"5207_334_VB_WGS_2026012_357_S338","5207_334_VB_WGS_2026012_357_S338_chrIV_130640_G_A",TRUE,FALSE,0,NA,NA,NA,NA,NA
"5207_350_VB_WGS_2026012_358_S354","5207_350_VB_WGS_2026012_358_S354_chrXI_570942_T_C",FALSE,FALSE,0,NA,NA,NA,NA,NA
"5207_366_VB_WGS_2026012_359_S370","5207_366_VB_WGS_2026012_359_S370_chrXIII_9829_T_C",TRUE,TRUE,0,NA,NA,NA,NA,NA
"5207_382_VB_WGS_2026012_360_S386","5207_382_VB_WGS_2026012_360_S386_chrV_243719_G_T",TRUE,TRUE,0,NA,NA,NA,NA,NA
"5207_223_VB_WGS_2026012_362_S227","5207_223_VB_WGS_2026012_362_S227_chrV_243719_G_T",FALSE,FALSE,0,NA,NA,NA,NA,NA
"5207_239_VB_WGS_2026012_363_S243","5207_239_VB_WGS_2026012_363_S243_chrXII_281400_C_T",TRUE,TRUE,1,0.0227920163002875,0.0227920163002875,0,40.2149,66.6666666666667
"5207_255_VB_WGS_2026012_364_S259","5207_255_VB_WGS_2026012_364_S259_chrII_398292_G_A",TRUE,FALSE,0,NA,NA,NA,NA,NA
"5207_271_VB_WGS_2026012_365_S275","5207_271_VB_WGS_2026012_365_S275_chrX_73391_T_C",TRUE,FALSE,0,NA,NA,NA,NA,NA
"5207_287_VB_WGS_2026012_366_S291","5207_287_VB_WGS_2026012_366_S291_chrIV_705422_C_T",TRUE,FALSE,0,NA,NA,NA,NA,NA
"5207_303_VB_WGS_2026012_367_S307","5207_303_VB_WGS_2026012_367_S307_chrXII_281400_C_T",TRUE,FALSE,0,NA,NA,NA,NA,NA
"5207_319_VB_WGS_2026012_368_S323","5207_319_VB_WGS_2026012_368_S323_chrVII_125147_T_C",TRUE,TRUE,0,NA,NA,NA,NA,NA
"5207_335_VB_WGS_2026012_369_S339","5207_335_VB_WGS_2026012_369_S339_chrVII_1073366_T_A",TRUE,FALSE,0,NA,NA,NA,NA,NA
"5207_351_VB_WGS_2026012_370_S355","5207_351_VB_WGS_2026012_370_S355_chrIX_393280_A_G",TRUE,TRUE,0,NA,NA,NA,NA,NA
"5207_367_VB_WGS_2026012_371_S371","5207_367_VB_WGS_2026012_371_S371_chrXII_744885_T_A",TRUE,TRUE,0,NA,NA,NA,NA,NA
"5207_383_VB_WGS_2026012_372_S387","5207_383_VB_WGS_2026012_372_S387_chrXIII_77997_C_T",FALSE,FALSE,0,NA,NA,NA,NA,NA
"5207_208_VB_WGS_2026012_373_S212","5207_208_VB_WGS_2026012_373_S212_chrXII_1056105_G_C",TRUE,FALSE,0,NA,NA,NA,NA,NA
"5207_224_VB_WGS_2026012_374_S228","5207_224_VB_WGS_2026012_374_S228_chrIII_54609_A_C",TRUE,TRUE,0,NA,NA,NA,NA,NA
"5207_240_VB_WGS_2026012_375_S244","5207_240_VB_WGS_2026012_375_S244_chrXV_537790_G_C",TRUE,FALSE,0,NA,NA,NA,NA,NA
"5207_272_VB_WGS_2026012_377_S276","5207_272_VB_WGS_2026012_377_S276_chrIX_109134_G_A",FALSE,FALSE,0,NA,NA,NA,NA,NA
"5207_288_VB_WGS_2026012_378_S292","5207_288_VB_WGS_2026012_378_S292_chrXIV_313406_C_T",FALSE,FALSE,0,NA,NA,NA,NA,NA
"5207_304_VB_WGS_2026012_379_S308","5207_304_VB_WGS_2026012_379_S308_chrX_73391_T_C",TRUE,FALSE,0,NA,NA,NA,NA,NA
"5207_320_VB_WGS_2026012_380_S324","5207_320_VB_WGS_2026012_380_S324_chrV_17871_G_A",FALSE,FALSE,0,NA,NA,NA,NA,NA
"5207_368_VB_WGS_2026012_383_S372","5207_368_VB_WGS_2026012_383_S372_chrXI_570942_T_C",TRUE,FALSE,0,NA,NA,NA,NA,NA
"5207_384_VB_WGS_2026012_384_S388","5207_384_VB_WGS_2026012_384_S388_chrXIV_678304_G_A",TRUE,FALSE,0,NA,NA,NA,NA,NA
"5081_017_VB4_VB_WGS_20250613_0002_S21","5081_017_VB4_VB_WGS_20250613_0002_S21_chrVI_160471_A_ATTAT",TRUE,TRUE,0,NA,NA,NA,NA,NA
"5081_033_VB4_VB_WGS_20250613_0003_S37","5081_033_VB4_VB_WGS_20250613_0003_S37_chrXII_928464_T_TG",TRUE,TRUE,0,NA,NA,NA,NA,NA
"5081_180_VB4_VB_WGS_20250613_0048_S184","5081_180_VB4_VB_WGS_20250613_0048_S184_chrVII_747792_TCAG_T",TRUE,FALSE,0,NA,NA,NA,NA,NA
"5081_117_VB4_VB_WGS_20250613_0056_S121","5081_117_VB4_VB_WGS_20250613_0056_S121_chrVII_17838_CATG_C",FALSE,FALSE,0,NA,NA,NA,NA,NA
"5081_166_VB4_VB_WGS_20250613_0071_S170","5081_166_VB4_VB_WGS_20250613_0071_S170_chrVII_905164_T_TA",TRUE,TRUE,0,NA,NA,NA,NA,NA
"5081_103_VB4_VB_WGS_20250613_0079_S107","5081_103_VB4_VB_WGS_20250613_0079_S107_chrXII_1014227_GTC_G",FALSE,FALSE,0,NA,NA,NA,NA,NA
"5081_167_VB4_VB_WGS_20250613_0083_S171","5081_167_VB4_VB_WGS_20250613_0083_S171_chrX_126726_ATT_A",TRUE,TRUE,0,NA,NA,NA,NA,NA
"5081_289_VB4_VB_WGS_20250613_0103_S293","5081_289_VB4_VB_WGS_20250613_0103_S293_chrXII_928464_T_TG",TRUE,TRUE,0,NA,NA,NA,NA,NA
"5081_227_VB4_VB_WGS_20250613_0123_S231","5081_227_VB4_VB_WGS_20250613_0123_S231_chrXII_1014227_GTC_G",TRUE,TRUE,0,NA,NA,NA,NA,NA
"5081_260_VB4_VB_WGS_20250613_0137_S264","5081_260_VB4_VB_WGS_20250613_0137_S264_chrIX_426348_GTTC_G",TRUE,TRUE,0,NA,NA,NA,NA,NA
"5081_325_VB4_VB_WGS_20250613_0153_S329","5081_325_VB4_VB_WGS_20250613_0153_S329_chrI_197919_G_GA",FALSE,FALSE,0,NA,NA,NA,NA,NA
"5081_231_VB4_VB_WGS_20250613_0171_S235","5081_231_VB4_VB_WGS_20250613_0171_S235_chrVII_17838_CATG_C",TRUE,TRUE,0,NA,NA,NA,NA,NA
"5081_264_VB4_VB_WGS_20250613_0185_S268","5081_264_VB4_VB_WGS_20250613_0185_S268_chrV_423672_AT_A",TRUE,FALSE,0,NA,NA,NA,NA,NA
"5081_073_VB4_VB_WGS_20250613_0197_S77","5081_073_VB4_VB_WGS_20250613_0197_S77_chrII_363508_GA_G",TRUE,FALSE,0,NA,NA,NA,NA,NA
"5081_153_VB4_VB_WGS_20250613_0202_S157","5081_153_VB4_VB_WGS_20250613_0202_S157_chrIX_426348_GTTC_G",TRUE,FALSE,0,NA,NA,NA,NA,NA
"5081_169_VB4_VB_WGS_20250613_0203_S173","5081_169_VB4_VB_WGS_20250613_0203_S173_chrIV_435390_AT_A",TRUE,FALSE,0,NA,NA,NA,NA,NA
"5081_042_VB4_VB_WGS_20250613_0207_S46","5081_042_VB4_VB_WGS_20250613_0207_S46_chrXVI_923582_T_TG",TRUE,TRUE,0,NA,NA,NA,NA,NA
"5081_124_VB4_VB_WGS_20250613_0236_S128","5081_124_VB4_VB_WGS_20250613_0236_S128_chrII_644106_TAGCGTTTTGCTACTAACAA_T",TRUE,FALSE,0,NA,NA,NA,NA,NA
"5081_140_VB4_VB_WGS_20250613_0237_S144","5081_140_VB4_VB_WGS_20250613_0237_S144_chrIX_338044_GGA_G",TRUE,FALSE,0,NA,NA,NA,NA,NA
"5081_172_VB4_VB_WGS_20250613_0239_S176","5081_172_VB4_VB_WGS_20250613_0239_S176_chrXI_19607_GA_G",TRUE,TRUE,0,NA,NA,NA,NA,NA
"5081_142_VB4_VB_WGS_20250613_0261_S146","5081_142_VB4_VB_WGS_20250613_0261_S146_chrII_344318_G_GGCCACAAATAA",FALSE,FALSE,0,NA,NA,NA,NA,NA
"5081_079_VB4_VB_WGS_20250613_0269_S83","5081_079_VB4_VB_WGS_20250613_0269_S83_chrXIII_26816_GACCCT_G",FALSE,FALSE,0,NA,NA,NA,NA,NA
"5081_112_VB4_VB_WGS_20250613_0283_S116","5081_112_VB4_VB_WGS_20250613_0283_S116_chrVII_568520_TTTA_T",TRUE,FALSE,0,NA,NA,NA,NA,NA
"5081_377_VB4_VB_WGS_20250613_0300_S381","5081_377_VB4_VB_WGS_20250613_0300_S381_chrXIII_26816_GACCCT_G",TRUE,FALSE,0,NA,NA,NA,NA,NA
"5081_234_VB4_VB_WGS_20250613_0303_S238","5081_234_VB4_VB_WGS_20250613_0303_S238_chrXII_793081_T_TA",FALSE,FALSE,0,NA,NA,NA,NA,NA
"5081_362_VB4_VB_WGS_20250613_0311_S366","5081_362_VB4_VB_WGS_20250613_0311_S366_chrXII_793081_T_TA",TRUE,TRUE,0,NA,NA,NA,NA,NA
"5081_381_VB4_VB_WGS_20250613_0348_S385","5081_381_VB4_VB_WGS_20250613_0348_S385_chrII_747841_GT_G",TRUE,FALSE,0,NA,NA,NA,NA,NA
"5081_254_VB4_VB_WGS_20250613_0352_S258","5081_254_VB4_VB_WGS_20250613_0352_S258_chrIX_338044_GGA_G",FALSE,FALSE,0,NA,NA,NA,NA,NA
"5081_513_VB4_VB_WGS_20250613_0393_S517","5081_513_VB4_VB_WGS_20250613_0393_S517_chrII_644106_TAGCGTTTTGCTACTAACAA_T",TRUE,TRUE,0,NA,NA,NA,NA,NA
"5081_499_VB4_VB_WGS_20250613_0416_S503","5081_499_VB4_VB_WGS_20250613_0416_S503_chrVII_18479_CA_C",TRUE,FALSE,0,NA,NA,NA,NA,NA
"5081_420_VB4_VB_WGS_20250613_0423_S424","5081_420_VB4_VB_WGS_20250613_0423_S424_chrXV_136025_GA_G",TRUE,TRUE,0,NA,NA,NA,NA,NA
"5081_533_VB4_VB_WGS_20250613_0442_S537","5081_533_VB4_VB_WGS_20250613_0442_S537_chrXIV_560932_T_TC",FALSE,FALSE,0,NA,NA,NA,NA,NA
"5081_518_VB4_VB_WGS_20250613_0453_S522","5081_518_VB4_VB_WGS_20250613_0453_S522_chrIV_232542_TAAAAGAAGTTTCCTCTTTCCTAAACTTA_T",TRUE,TRUE,0,NA,NA,NA,NA,NA
"5081_535_VB4_VB_WGS_20250613_0466_S539","5081_535_VB4_VB_WGS_20250613_0466_S539_chrXV_136025_GA_G",TRUE,TRUE,0,NA,NA,NA,NA,NA
"5081_536_VB4_VB_WGS_20250613_0478_S540","5081_536_VB4_VB_WGS_20250613_0478_S540_chrXIV_560932_T_TC",TRUE,FALSE,0,NA,NA,NA,NA,NA
"5081_753_VB4_VB_WGS_20250613_0492_S757","5081_753_VB4_VB_WGS_20250613_0492_S757_chrI_29791_GT_G",TRUE,TRUE,0,NA,NA,NA,NA,NA
"5081_578_VB4_VB_WGS_20250613_0493_S582","5081_578_VB4_VB_WGS_20250613_0493_S582_chrXV_32815_C_CTT",TRUE,TRUE,0,NA,NA,NA,NA,NA
"5081_628_VB4_VB_WGS_20250613_0520_S632","5081_628_VB4_VB_WGS_20250613_0520_S632_chrI_197919_G_GA",TRUE,FALSE,0,NA,NA,NA,NA,NA
"5081_676_VB4_VB_WGS_20250613_0523_S680","5081_676_VB4_VB_WGS_20250613_0523_S680_chrXI_19607_GA_G",TRUE,TRUE,0,NA,NA,NA,NA,NA
"5081_756_VB4_VB_WGS_20250613_0528_S760","5081_756_VB4_VB_WGS_20250613_0528_S760_chrIV_232542_TAAAAGAAGTTTCCTCTTTCCTAAACTTA_T",FALSE,FALSE,0,NA,NA,NA,NA,NA
"5081_661_VB4_VB_WGS_20250613_0534_S665","5081_661_VB4_VB_WGS_20250613_0534_S665_chrII_747841_GT_G",FALSE,FALSE,0,NA,NA,NA,NA,NA
"5081_584_VB4_VB_WGS_20250613_0565_S588","5081_584_VB4_VB_WGS_20250613_0565_S588_chrVI_160471_A_ATTAT",TRUE,FALSE,0,NA,NA,NA,NA,NA
"5081_744_VB4_VB_WGS_20250613_0575_S748","5081_744_VB4_VB_WGS_20250613_0575_S748_chrXV_32815_C_CTT",TRUE,FALSE,0,NA,NA,NA,NA,NA
"5081_619_VB4_VB_WGS_20250613_0603_S623","5081_619_VB4_VB_WGS_20250613_0603_S623_chrVII_18479_CA_C",FALSE,FALSE,0,NA,NA,NA,NA,NA
"5081_588_VB4_VB_WGS_20250613_0613_S592","5081_588_VB4_VB_WGS_20250613_0613_S592_chrXV_524973_CTG_C",TRUE,FALSE,0,NA,NA,NA,NA,NA
"5081_701_VB4_VB_WGS_20250613_0632_S705","5081_701_VB4_VB_WGS_20250613_0632_S705_chrI_29791_GT_G",TRUE,TRUE,0,NA,NA,NA,NA,NA
"5081_702_VB4_VB_WGS_20250613_0644_S706","5081_702_VB4_VB_WGS_20250613_0644_S706_chrIV_232542_TAAAAGAAGTTTCCTCTTTCCTAAACTTA_T",TRUE,TRUE,0,NA,NA,NA,NA,NA
"5081_591_VB4_VB_WGS_20250613_0649_S595","5081_591_VB4_VB_WGS_20250613_0649_S595_chrXVI_923582_T_TG",TRUE,FALSE,0,NA,NA,NA,NA,NA
"5081_554_VB4_VB_WGS_20250613_0695_S558","5081_554_VB4_VB_WGS_20250613_0695_S558_chrVII_568520_TTTA_T",TRUE,FALSE,1,0.818090604432132,0.818090604432132,0,98.9055,100
"5081_507_VB4_VB_WGS_20250613_0704_S511","5081_507_VB4_VB_WGS_20250613_0704_S511_chrX_126726_ATT_A",TRUE,TRUE,0,NA,NA,NA,NA,NA
"5081_396_VB4_VB_WGS_20250613_0709_S400","5081_396_VB4_VB_WGS_20250613_0709_S400_chrVII_747792_TCAG_T",TRUE,FALSE,0,NA,NA,NA,NA,NA
"5081_477_VB4_VB_WGS_20250613_0726_S481","5081_477_VB4_VB_WGS_20250613_0726_S481_chrIV_435390_AT_A",TRUE,TRUE,0,NA,NA,NA,NA,NA
"5081_495_VB4_VB_WGS_20250613_0751_S499","5081_495_VB4_VB_WGS_20250613_0751_S499_chrXV_524973_CTG_C",FALSE,FALSE,0,NA,NA,NA,NA,NA
"5081_575_VB4_VB_WGS_20250613_0756_S579","5081_575_VB4_VB_WGS_20250613_0756_S579_chrVII_905164_T_TA",TRUE,FALSE,0,NA,NA,NA,NA,NA
"5207_065_VB_WGS_2026012_005_S69","5207_065_VB_WGS_2026012_005_S69_chrVI_100385_ACAGGTG_A",TRUE,FALSE,1,0.0204907248199272,0.0204907248199272,0,117.884,100
"5207_002_VB_WGS_2026012_013_S6","5207_002_VB_WGS_2026012_013_S6_chrXII_747710_G_GT",FALSE,FALSE,0,NA,NA,NA,NA,NA
"5207_101_VB_WGS_2026012_055_S105","5207_101_VB_WGS_2026012_055_S105_chrXIII_852529_T_TGTC",FALSE,FALSE,0,NA,NA,NA,NA,NA
"5207_149_VB_WGS_2026012_058_S153","5207_149_VB_WGS_2026012_058_S153_chrVII_598978_CG_C",FALSE,FALSE,0,NA,NA,NA,NA,NA
"5207_006_VB_WGS_2026012_061_S10","5207_006_VB_WGS_2026012_061_S10_chrVII_598978_CG_C",TRUE,TRUE,0,NA,NA,NA,NA,NA
"5207_070_VB_WGS_2026012_065_S74","5207_070_VB_WGS_2026012_065_S74_chrV_355237_T_TG",TRUE,TRUE,0,NA,NA,NA,NA,NA
"5207_166_VB_WGS_2026012_071_S170","5207_166_VB_WGS_2026012_071_S170_chrIX_126009_TC_T",TRUE,FALSE,0,NA,NA,NA,NA,NA
"5207_353_VB_WGS_2026012_107_S357","5207_353_VB_WGS_2026012_107_S357_chrIV_1341641_TCCCC_T",TRUE,FALSE,0,NA,NA,NA,NA,NA
"5207_307_VB_WGS_2026012_128_S311","5207_307_VB_WGS_2026012_128_S311_chrXI_596999_A_AT",FALSE,FALSE,0,NA,NA,NA,NA,NA
"5207_196_VB_WGS_2026012_133_S200","5207_196_VB_WGS_2026012_133_S200_chrXII_747710_G_GT",FALSE,FALSE,0,NA,NA,NA,NA,NA
"5207_197_VB_WGS_2026012_145_S201","5207_197_VB_WGS_2026012_145_S201_chrV_355237_T_TG",FALSE,FALSE,0,NA,NA,NA,NA,NA
"5207_198_VB_WGS_2026012_157_S202","5207_198_VB_WGS_2026012_157_S202_chrVI_233008_ATC_T",FALSE,FALSE,0,NA,NA,NA,NA,NA
"5207_216_VB_WGS_2026012_182_S220","5207_216_VB_WGS_2026012_182_S220_chrXIII_852529_T_TGTC",TRUE,TRUE,0,NA,NA,NA,NA,NA
"5207_376_VB_WGS_2026012_192_S380","5207_376_VB_WGS_2026012_192_S380_chrVI_100385_ACAGGTG_A",TRUE,TRUE,0,NA,NA,NA,NA,NA
"5207_009_VB_WGS_2026012_193_S13","5207_009_VB_WGS_2026012_193_S13_chrV_355237_T_TG",FALSE,FALSE,0,NA,NA,NA,NA,NA
"5207_041_VB_WGS_2026012_195_S45","5207_041_VB_WGS_2026012_195_S45_chrVI_100385_ACAGGTG_A",TRUE,FALSE,1,0.0204907248199272,0.0204907248199272,0,216.784,100
"5207_154_VB_WGS_2026012_214_S158","5207_154_VB_WGS_2026012_214_S158_chrXI_596999_A_AT",TRUE,FALSE,0,NA,NA,NA,NA,NA
"5207_125_VB_WGS_2026012_248_S129","5207_125_VB_WGS_2026012_248_S129_chrIX_126009_TC_T",FALSE,FALSE,0,NA,NA,NA,NA,NA
"5207_111_VB_WGS_2026012_271_S115","5207_111_VB_WGS_2026012_271_S115_chrI_192550_CCAAAAAAAAAAAAA_C",TRUE,TRUE,0,NA,NA,NA,NA,NA
"5207_330_VB_WGS_2026012_309_S334","5207_330_VB_WGS_2026012_309_S334_chrXIII_852529_T_TGTC",FALSE,FALSE,0,NA,NA,NA,NA,NA
"5207_267_VB_WGS_2026012_317_S271","5207_267_VB_WGS_2026012_317_S271_chrIX_126009_TC_T",FALSE,FALSE,0,NA,NA,NA,NA,NA
"5207_316_VB_WGS_2026012_332_S320","5207_316_VB_WGS_2026012_332_S320_chrVII_1072707_G_GA",TRUE,FALSE,0,NA,NA,NA,NA,NA
"5207_207_VB_WGS_2026012_361_S211","5207_207_VB_WGS_2026012_361_S211_chrII_401034_A_AC",FALSE,FALSE,0,NA,NA,NA,NA,NA
"5207_256_VB_WGS_2026012_376_S260","5207_256_VB_WGS_2026012_376_S260_chrXIII_512572_ATTT_A",TRUE,FALSE,0,NA,NA,NA,NA,NA
"5207_336_VB_WGS_2026012_381_S340","5207_336_VB_WGS_2026012_381_S340_chrVI_233008_ATC_T",TRUE,TRUE,0,NA,NA,NA,NA,NA
"5207_352_VB_WGS_2026012_382_S356","5207_352_VB_WGS_2026012_382_S356_chrVII_1072707_G_GA",TRUE,FALSE,0,NA,NA,NA,NA,NA
