sample,intended_sample_variant_id,assayed_colony,edited_colony,high_conf_non_target_count,max_non_target_score_sv,mean_non_target_score_sv,frac_non_target_high_score,max_non_target_qual,max_non_target_af
5081_001_VB4_VB_WGS_20250613_0001_S5,5081_001_VB4_VB_WGS_20250613_0001_S5__chrXII__307563__T__G,FALSE,FALSE,0,NA,NA,NA,NA,NA
5081_049_VB4_VB_WGS_20250613_0004_S53,5081_049_VB4_VB_WGS_20250613_0004_S53__chrX__349384__C__T,TRUE,TRUE,0,NA,NA,NA,NA,NA
5081_065_VB4_VB_WGS_20250613_0005_S69,5081_065_VB4_VB_WGS_20250613_0005_S69__chrX__70450__T__C,TRUE,TRUE,0,NA,NA,NA,NA,NA
5081_081_VB4_VB_WGS_20250613_0006_S85,5081_081_VB4_VB_WGS_20250613_0006_S85__chrIV__408981__C__A,TRUE,TRUE,0,NA,NA,NA,NA,NA
5081_097_VB4_VB_WGS_20250613_0007_S101,5081_097_VB4_VB_WGS_20250613_0007_S101__chrVII__687487__G__T,TRUE,FALSE,0,NA,NA,NA,NA,NA
5081_113_VB4_VB_WGS_20250613_0008_S117,5081_113_VB4_VB_WGS_20250613_0008_S117__chrXIII__16814__C__T,TRUE,TRUE,0,NA,NA,NA,NA,NA
5081_129_VB4_VB_WGS_20250613_0009_S133,5081_129_VB4_VB_WGS_20250613_0009_S133__chrXV__966369__G__A,TRUE,TRUE,0,NA,NA,NA,NA,NA
5081_145_VB4_VB_WGS_20250613_0010_S149,5081_145_VB4_VB_WGS_20250613_0010_S149__chrXII__804542__C__T,TRUE,FALSE,0,NA,NA,NA,NA,NA
5081_161_VB4_VB_WGS_20250613_0011_S165,5081_161_VB4_VB_WGS_20250613_0011_S165__chrXVI__864494__A__C,TRUE,FALSE,0,NA,NA,NA,NA,NA
5081_177_VB4_VB_WGS_20250613_0012_S181,5081_177_VB4_VB_WGS_20250613_0012_S181__chrII__754188__G__A,TRUE,TRUE,0,NA,NA,NA,NA,NA
5081_002_VB4_VB_WGS_20250613_0013_S6,5081_002_VB4_VB_WGS_20250613_0013_S6__chrXIII__909772__A__C,TRUE,TRUE,0,NA,NA,NA,NA,NA
5081_018_VB4_VB_WGS_20250613_0014_S22,5081_018_VB4_VB_WGS_20250613_0014_S22__chrXV__171597__G__A,TRUE,FALSE,0,NA,NA,NA,NA,NA
5081_034_VB4_VB_WGS_20250613_0015_S38,5081_034_VB4_VB_WGS_20250613_0015_S38__chrXII__665236__T__G,TRUE,TRUE,0,NA,NA,NA,NA,NA
5081_050_VB4_VB_WGS_20250613_0016_S54,5081_050_VB4_VB_WGS_20250613_0016_S54__chrXII__669897__C__A,TRUE,TRUE,0,NA,NA,NA,NA,NA
5081_066_VB4_VB_WGS_20250613_0017_S70,5081_066_VB4_VB_WGS_20250613_0017_S70__chrIV__78945__C__G,TRUE,TRUE,0,NA,NA,NA,NA,NA
5081_082_VB4_VB_WGS_20250613_0018_S86,5081_082_VB4_VB_WGS_20250613_0018_S86__chrIX__74541__G__A,TRUE,FALSE,0,NA,NA,NA,NA,NA
5081_098_VB4_VB_WGS_20250613_0019_S102,5081_098_VB4_VB_WGS_20250613_0019_S102__chrII__543393__A__G,TRUE,FALSE,0,NA,NA,NA,NA,NA
5081_114_VB4_VB_WGS_20250613_0020_S118,5081_114_VB4_VB_WGS_20250613_0020_S118__chrV__422183__C__T,TRUE,TRUE,0,NA,NA,NA,NA,NA
5081_130_VB4_VB_WGS_20250613_0021_S134,5081_130_VB4_VB_WGS_20250613_0021_S134__chrII__79742__T__C,TRUE,TRUE,0,NA,NA,NA,NA,NA
5081_146_VB4_VB_WGS_20250613_0022_S150,5081_146_VB4_VB_WGS_20250613_0022_S150__chrV__19307__G__A,FALSE,FALSE,0,NA,NA,NA,NA,NA
5081_162_VB4_VB_WGS_20250613_0023_S166,5081_162_VB4_VB_WGS_20250613_0023_S166__chrIV__165872__C__T,TRUE,TRUE,0,NA,NA,NA,NA,NA
5081_178_VB4_VB_WGS_20250613_0024_S182,5081_178_VB4_VB_WGS_20250613_0024_S182__chrV__225494__G__A,TRUE,FALSE,0,NA,NA,NA,NA,NA
5081_003_VB4_VB_WGS_20250613_0025_S7,5081_003_VB4_VB_WGS_20250613_0025_S7__chrXV__351325__C__A,TRUE,TRUE,0,NA,NA,NA,NA,NA
5081_019_VB4_VB_WGS_20250613_0026_S23,5081_019_VB4_VB_WGS_20250613_0026_S23__chrXIV__311732__C__T,TRUE,TRUE,1,0.00467896202063889,0.00467896202063889,0,264.408,100
5081_035_VB4_VB_WGS_20250613_0027_S39,5081_035_VB4_VB_WGS_20250613_0027_S39__chrXI__559595__G__A,TRUE,FALSE,0,NA,NA,NA,NA,NA
5081_051_VB4_VB_WGS_20250613_0028_S55,5081_051_VB4_VB_WGS_20250613_0028_S55__chrXV__641425__G__T,TRUE,FALSE,0,NA,NA,NA,NA,NA
5081_067_VB4_VB_WGS_20250613_0029_S71,5081_067_VB4_VB_WGS_20250613_0029_S71__chrXV__393383__G__C,TRUE,TRUE,0,NA,NA,NA,NA,NA
5081_083_VB4_VB_WGS_20250613_0030_S87,5081_083_VB4_VB_WGS_20250613_0030_S87__chrII__732123__C__T,TRUE,TRUE,0,NA,NA,NA,NA,NA
5081_099_VB4_VB_WGS_20250613_0031_S103,5081_099_VB4_VB_WGS_20250613_0031_S103__chrV__17871__G__A,FALSE,FALSE,0,NA,NA,NA,NA,NA
5081_115_VB4_VB_WGS_20250613_0032_S119,5081_115_VB4_VB_WGS_20250613_0032_S119__chrIV__1524270__T__C,TRUE,FALSE,1,0.925348666838362,0.925348666838362,1,933.124,100
5081_131_VB4_VB_WGS_20250613_0033_S135,5081_131_VB4_VB_WGS_20250613_0033_S135__chrII__119739__A__G,TRUE,TRUE,0,NA,NA,NA,NA,NA
5081_147_VB4_VB_WGS_20250613_0034_S151,5081_147_VB4_VB_WGS_20250613_0034_S151__chrVII__1063193__T__C,TRUE,TRUE,0,NA,NA,NA,NA,NA
5081_163_VB4_VB_WGS_20250613_0035_S167,5081_163_VB4_VB_WGS_20250613_0035_S167__chrIV__896181__A__C,TRUE,TRUE,0,NA,NA,NA,NA,NA
5081_179_VB4_VB_WGS_20250613_0036_S183,5081_179_VB4_VB_WGS_20250613_0036_S183__chrII__79742__T__C,TRUE,TRUE,0,NA,NA,NA,NA,NA
5081_004_VB4_VB_WGS_20250613_0037_S8,5081_004_VB4_VB_WGS_20250613_0037_S8__chrVII__749231__C__T,TRUE,FALSE,0,NA,NA,NA,NA,NA
5081_020_VB4_VB_WGS_20250613_0038_S24,5081_020_VB4_VB_WGS_20250613_0038_S24__chrII__571870__T__G,TRUE,TRUE,0,NA,NA,NA,NA,NA
5081_036_VB4_VB_WGS_20250613_0039_S40,5081_036_VB4_VB_WGS_20250613_0039_S40__chrII__146217__T__G,TRUE,TRUE,0,NA,NA,NA,NA,NA
5081_052_VB4_VB_WGS_20250613_0040_S56,5081_052_VB4_VB_WGS_20250613_0040_S56__chrII__670480__A__T,TRUE,TRUE,0,NA,NA,NA,NA,NA
5081_068_VB4_VB_WGS_20250613_0041_S72,5081_068_VB4_VB_WGS_20250613_0041_S72__chrVII__184145__T__A,TRUE,TRUE,0,NA,NA,NA,NA,NA
5081_084_VB4_VB_WGS_20250613_0042_S88,5081_084_VB4_VB_WGS_20250613_0042_S88__chrXIII__398576__A__T,TRUE,TRUE,0,NA,NA,NA,NA,NA
5081_100_VB4_VB_WGS_20250613_0043_S104,5081_100_VB4_VB_WGS_20250613_0043_S104__chrXII__742073__T__G,TRUE,FALSE,0,NA,NA,NA,NA,NA
5081_116_VB4_VB_WGS_20250613_0044_S120,5081_116_VB4_VB_WGS_20250613_0044_S120__chrVI__20719__C__G,TRUE,TRUE,0,NA,NA,NA,NA,NA
5081_132_VB4_VB_WGS_20250613_0045_S136,5081_132_VB4_VB_WGS_20250613_0045_S136__chrXVI__427708__G__A,FALSE,FALSE,0,NA,NA,NA,NA,NA
5081_148_VB4_VB_WGS_20250613_0046_S152,5081_148_VB4_VB_WGS_20250613_0046_S152__chrX__396819__A__T,TRUE,TRUE,0,NA,NA,NA,NA,NA
5081_164_VB4_VB_WGS_20250613_0047_S168,5081_164_VB4_VB_WGS_20250613_0047_S168__chrV__26265__A__C,TRUE,TRUE,0,NA,NA,NA,NA,NA
5081_005_VB4_VB_WGS_20250613_0049_S9,5081_005_VB4_VB_WGS_20250613_0049_S9__chrXI__417049__G__A,TRUE,FALSE,0,NA,NA,NA,NA,NA
5081_021_VB4_VB_WGS_20250613_0050_S25,5081_021_VB4_VB_WGS_20250613_0050_S25__chrVII__195492__G__A,TRUE,FALSE,0,NA,NA,NA,NA,NA
5081_037_VB4_VB_WGS_20250613_0051_S41,5081_037_VB4_VB_WGS_20250613_0051_S41__chrII__118818__C__A,TRUE,FALSE,0,NA,NA,NA,NA,NA
5081_053_VB4_VB_WGS_20250613_0052_S57,5081_053_VB4_VB_WGS_20250613_0052_S57__chrV__360409__C__A,FALSE,FALSE,0,NA,NA,NA,NA,NA
5081_069_VB4_VB_WGS_20250613_0053_S73,5081_069_VB4_VB_WGS_20250613_0053_S73__chrXV__403168__A__G,TRUE,FALSE,0,NA,NA,NA,NA,NA
5081_085_VB4_VB_WGS_20250613_0054_S89,5081_085_VB4_VB_WGS_20250613_0054_S89__chrIX__197558__A__G,TRUE,TRUE,0,NA,NA,NA,NA,NA
5081_101_VB4_VB_WGS_20250613_0055_S105,5081_101_VB4_VB_WGS_20250613_0055_S105__chrXIII__909772__A__C,FALSE,FALSE,0,NA,NA,NA,NA,NA
5081_133_VB4_VB_WGS_20250613_0057_S137,5081_133_VB4_VB_WGS_20250613_0057_S137__chrXV__171597__G__A,TRUE,FALSE,0,NA,NA,NA,NA,NA
5081_149_VB4_VB_WGS_20250613_0058_S153,5081_149_VB4_VB_WGS_20250613_0058_S153__chrVII__618943__T__G,TRUE,TRUE,0,NA,NA,NA,NA,NA
5081_165_VB4_VB_WGS_20250613_0059_S169,5081_165_VB4_VB_WGS_20250613_0059_S169__chrXV__91740__A__T,TRUE,TRUE,0,NA,NA,NA,NA,NA
5081_181_VB4_VB_WGS_20250613_0060_S185,5081_181_VB4_VB_WGS_20250613_0060_S185__chrVII__697829__A__G,TRUE,TRUE,0,NA,NA,NA,NA,NA
5081_006_VB4_VB_WGS_20250613_0061_S10,5081_006_VB4_VB_WGS_20250613_0061_S10__chrXV__586659__G__A,TRUE,TRUE,0,NA,NA,NA,NA,NA
5081_022_VB4_VB_WGS_20250613_0062_S26,5081_022_VB4_VB_WGS_20250613_0062_S26__chrXII__1006042__A__G,TRUE,TRUE,0,NA,NA,NA,NA,NA
5081_038_VB4_VB_WGS_20250613_0063_S42,5081_038_VB4_VB_WGS_20250613_0063_S42__chrXIV__663642__C__T,TRUE,TRUE,0,NA,NA,NA,NA,NA
5081_054_VB4_VB_WGS_20250613_0064_S58,5081_054_VB4_VB_WGS_20250613_0064_S58__chrXVI__114721__C__T,TRUE,TRUE,0,NA,NA,NA,NA,NA
5081_070_VB4_VB_WGS_20250613_0065_S74,5081_070_VB4_VB_WGS_20250613_0065_S74__chrIV__1514885__C__T,TRUE,TRUE,0,NA,NA,NA,NA,NA
5081_086_VB4_VB_WGS_20250613_0066_S90,5081_086_VB4_VB_WGS_20250613_0066_S90__chrII__732123__C__T,TRUE,TRUE,0,NA,NA,NA,NA,NA
5081_102_VB4_VB_WGS_20250613_0067_S106,5081_102_VB4_VB_WGS_20250613_0067_S106__chrVII__769426__G__A,TRUE,FALSE,0,NA,NA,NA,NA,NA
5081_118_VB4_VB_WGS_20250613_0068_S122,5081_118_VB4_VB_WGS_20250613_0068_S122__chrV__89153__T__C,TRUE,FALSE,0,NA,NA,NA,NA,NA
5081_134_VB4_VB_WGS_20250613_0069_S138,5081_134_VB4_VB_WGS_20250613_0069_S138__chrV__89153__T__C,TRUE,FALSE,0,NA,NA,NA,NA,NA
5081_150_VB4_VB_WGS_20250613_0070_S154,5081_150_VB4_VB_WGS_20250613_0070_S154__chrVII__442299__C__G,TRUE,FALSE,0,NA,NA,NA,NA,NA
5081_182_VB4_VB_WGS_20250613_0072_S186,5081_182_VB4_VB_WGS_20250613_0072_S186__chrI__137148__C__G,TRUE,FALSE,0,NA,NA,NA,NA,NA
5081_007_VB4_VB_WGS_20250613_0073_S11,5081_007_VB4_VB_WGS_20250613_0073_S11__chrII__419139__C__T,TRUE,TRUE,0,NA,NA,NA,NA,NA
5081_023_VB4_VB_WGS_20250613_0074_S27,5081_023_VB4_VB_WGS_20250613_0074_S27__chrXIV__678304__G__A,FALSE,FALSE,0,NA,NA,NA,NA,NA
5081_039_VB4_VB_WGS_20250613_0075_S43,5081_039_VB4_VB_WGS_20250613_0075_S43__chrXI__628847__T__C,TRUE,TRUE,0,NA,NA,NA,NA,NA
5081_055_VB4_VB_WGS_20250613_0076_S59,5081_055_VB4_VB_WGS_20250613_0076_S59__chrIX__58511__G__A,TRUE,FALSE,0,NA,NA,NA,NA,NA
5081_071_VB4_VB_WGS_20250613_0077_S75,5081_071_VB4_VB_WGS_20250613_0077_S75__chrX__675286__T__A,TRUE,FALSE,0,NA,NA,NA,NA,NA
5081_087_VB4_VB_WGS_20250613_0078_S91,5081_087_VB4_VB_WGS_20250613_0078_S91__chrIV__609905__C__T,TRUE,FALSE,0,NA,NA,NA,NA,NA
5081_119_VB4_VB_WGS_20250613_0080_S123,5081_119_VB4_VB_WGS_20250613_0080_S123__chrVI__129460__T__C,TRUE,TRUE,0,NA,NA,NA,NA,NA
5081_135_VB4_VB_WGS_20250613_0081_S139,5081_135_VB4_VB_WGS_20250613_0081_S139__chrII__424448__A__G,TRUE,FALSE,0,NA,NA,NA,NA,NA
5081_151_VB4_VB_WGS_20250613_0082_S155,5081_151_VB4_VB_WGS_20250613_0082_S155__chrXIV__502292__G__C,TRUE,TRUE,0,NA,NA,NA,NA,NA
5081_183_VB4_VB_WGS_20250613_0084_S187,5081_183_VB4_VB_WGS_20250613_0084_S187__chrXII__665236__T__G,TRUE,TRUE,0,NA,NA,NA,NA,NA
5081_008_VB4_VB_WGS_20250613_0085_S12,5081_008_VB4_VB_WGS_20250613_0085_S12__chrXI__141291__T__C,FALSE,FALSE,0,NA,NA,NA,NA,NA
5081_024_VB4_VB_WGS_20250613_0086_S28,5081_024_VB4_VB_WGS_20250613_0086_S28__chrXIV__515089__C__T,TRUE,TRUE,0,NA,NA,NA,NA,NA
5081_040_VB4_VB_WGS_20250613_0087_S44,5081_040_VB4_VB_WGS_20250613_0087_S44__chrX__160275__C__T,TRUE,TRUE,0,NA,NA,NA,NA,NA
5081_056_VB4_VB_WGS_20250613_0088_S60,5081_056_VB4_VB_WGS_20250613_0088_S60__chrXV__1018776__A__G,TRUE,FALSE,0,NA,NA,NA,NA,NA
5081_072_VB4_VB_WGS_20250613_0089_S76,5081_072_VB4_VB_WGS_20250613_0089_S76__chrIV__671424__A__G,TRUE,FALSE,0,NA,NA,NA,NA,NA
5081_088_VB4_VB_WGS_20250613_0090_S92,5081_088_VB4_VB_WGS_20250613_0090_S92__chrXVI__116499__T__C,TRUE,TRUE,0,NA,NA,NA,NA,NA
5081_104_VB4_VB_WGS_20250613_0091_S108,5081_104_VB4_VB_WGS_20250613_0091_S108__chrVIII__127766__G__C,TRUE,TRUE,0,NA,NA,NA,NA,NA
5081_120_VB4_VB_WGS_20250613_0092_S124,5081_120_VB4_VB_WGS_20250613_0092_S124__chrXIII__574079__G__A,TRUE,FALSE,0,NA,NA,NA,NA,NA
5081_136_VB4_VB_WGS_20250613_0093_S140,5081_136_VB4_VB_WGS_20250613_0093_S140__chrX__390122__G__A,TRUE,TRUE,0,NA,NA,NA,NA,NA
5081_152_VB4_VB_WGS_20250613_0094_S156,5081_152_VB4_VB_WGS_20250613_0094_S156__chrVII__175590__A__G,FALSE,FALSE,0,NA,NA,NA,NA,NA
5081_168_VB4_VB_WGS_20250613_0095_S172,5081_168_VB4_VB_WGS_20250613_0095_S172__chrXII__404565__G__C,TRUE,TRUE,0,NA,NA,NA,NA,NA
5081_184_VB4_VB_WGS_20250613_0096_S188,5081_184_VB4_VB_WGS_20250613_0096_S188__chrXIII__366010__G__A,TRUE,TRUE,0,NA,NA,NA,NA,NA
5081_193_VB4_VB_WGS_20250613_0097_S197,5081_193_VB4_VB_WGS_20250613_0097_S197__chrXVI__114721__C__T,TRUE,FALSE,0,NA,NA,NA,NA,NA
5081_209_VB4_VB_WGS_20250613_0098_S213,5081_209_VB4_VB_WGS_20250613_0098_S213__chrX__520595__A__G,TRUE,FALSE,0,NA,NA,NA,NA,NA
5081_225_VB4_VB_WGS_20250613_0099_S229,5081_225_VB4_VB_WGS_20250613_0099_S229__chrXV__964403__C__A,FALSE,FALSE,0,NA,NA,NA,NA,NA
5081_241_VB4_VB_WGS_20250613_0100_S245,5081_241_VB4_VB_WGS_20250613_0100_S245__chrXVI__112737__A__G,TRUE,TRUE,0,NA,NA,NA,NA,NA
5081_257_VB4_VB_WGS_20250613_0101_S261,5081_257_VB4_VB_WGS_20250613_0101_S261__chrVIII__21911__C__A,TRUE,FALSE,0,NA,NA,NA,NA,NA
5081_273_VB4_VB_WGS_20250613_0102_S277,5081_273_VB4_VB_WGS_20250613_0102_S277__chrX__460801__G__A,TRUE,FALSE,0,NA,NA,NA,NA,NA
5081_305_VB4_VB_WGS_20250613_0104_S309,5081_305_VB4_VB_WGS_20250613_0104_S309__chrIV__765852__T__C,TRUE,TRUE,0,NA,NA,NA,NA,NA
5081_321_VB4_VB_WGS_20250613_0105_S325,5081_321_VB4_VB_WGS_20250613_0105_S325__chrIV__195494__G__C,TRUE,TRUE,0,NA,NA,NA,NA,NA
5081_337_VB4_VB_WGS_20250613_0106_S341,5081_337_VB4_VB_WGS_20250613_0106_S341__chrIV__106297__A__C,TRUE,TRUE,0,NA,NA,NA,NA,NA
5081_353_VB4_VB_WGS_20250613_0107_S357,5081_353_VB4_VB_WGS_20250613_0107_S357__chrXV__316888__A__C,FALSE,FALSE,0,NA,NA,NA,NA,NA
5081_369_VB4_VB_WGS_20250613_0108_S373,5081_369_VB4_VB_WGS_20250613_0108_S373__chrXII__262942__T__A,FALSE,FALSE,0,NA,NA,NA,NA,NA
5081_194_VB4_VB_WGS_20250613_0109_S198,5081_194_VB4_VB_WGS_20250613_0109_S198__chrX__714773__C__T,TRUE,TRUE,2,0.963671316385532,0.963671316385532,1,155.804,81.81818181818183
5081_210_VB4_VB_WGS_20250613_0110_S214,5081_210_VB4_VB_WGS_20250613_0110_S214__chrX__484754__T__A,TRUE,FALSE,0,NA,NA,NA,NA,NA
5081_226_VB4_VB_WGS_20250613_0111_S230,5081_226_VB4_VB_WGS_20250613_0111_S230__chrII__119739__A__G,TRUE,TRUE,0,NA,NA,NA,NA,NA
5081_242_VB4_VB_WGS_20250613_0112_S246,5081_242_VB4_VB_WGS_20250613_0112_S246__chrVII__900405__C__T,TRUE,TRUE,0,NA,NA,NA,NA,NA
5081_258_VB4_VB_WGS_20250613_0113_S262,5081_258_VB4_VB_WGS_20250613_0113_S262__chrXII__786826__T__C,TRUE,TRUE,0,NA,NA,NA,NA,NA
5081_274_VB4_VB_WGS_20250613_0114_S278,5081_274_VB4_VB_WGS_20250613_0114_S278__chrIX__419726__G__A,TRUE,TRUE,0,NA,NA,NA,NA,NA
5081_290_VB4_VB_WGS_20250613_0115_S294,5081_290_VB4_VB_WGS_20250613_0115_S294__chrXI__608676__T__C,TRUE,TRUE,0,NA,NA,NA,NA,NA
5081_306_VB4_VB_WGS_20250613_0116_S310,5081_306_VB4_VB_WGS_20250613_0116_S310__chrIV__453852__A__T,TRUE,TRUE,0,NA,NA,NA,NA,NA
5081_322_VB4_VB_WGS_20250613_0117_S326,5081_322_VB4_VB_WGS_20250613_0117_S326__chrX__400808__T__C,FALSE,FALSE,0,NA,NA,NA,NA,NA
5081_338_VB4_VB_WGS_20250613_0118_S342,5081_338_VB4_VB_WGS_20250613_0118_S342__chrIV__158510__T__C,TRUE,FALSE,0,NA,NA,NA,NA,NA
5081_354_VB4_VB_WGS_20250613_0119_S358,5081_354_VB4_VB_WGS_20250613_0119_S358__chrIV__78945__C__G,TRUE,TRUE,0,NA,NA,NA,NA,NA
5081_370_VB4_VB_WGS_20250613_0120_S374,5081_370_VB4_VB_WGS_20250613_0120_S374__chrIV__227289__A__G,TRUE,TRUE,0,NA,NA,NA,NA,NA
5081_195_VB4_VB_WGS_20250613_0121_S199,5081_195_VB4_VB_WGS_20250613_0121_S199__chrXII__817044__A__G,FALSE,FALSE,0,NA,NA,NA,NA,NA
5081_211_VB4_VB_WGS_20250613_0122_S215,5081_211_VB4_VB_WGS_20250613_0122_S215__chrXII__101965__T__G,TRUE,TRUE,0,NA,NA,NA,NA,NA
5081_243_VB4_VB_WGS_20250613_0124_S247,5081_243_VB4_VB_WGS_20250613_0124_S247__chrXI__202432__C__T,FALSE,FALSE,0,NA,NA,NA,NA,NA
5081_259_VB4_VB_WGS_20250613_0125_S263,5081_259_VB4_VB_WGS_20250613_0125_S263__chrXII__117856__T__C,TRUE,FALSE,0,NA,NA,NA,NA,NA
5081_275_VB4_VB_WGS_20250613_0126_S279,5081_275_VB4_VB_WGS_20250613_0126_S279__chrXVI__99579__T__C,TRUE,FALSE,0,NA,NA,NA,NA,NA
5081_291_VB4_VB_WGS_20250613_0127_S295,5081_291_VB4_VB_WGS_20250613_0127_S295__chrII__389557__G__A,TRUE,FALSE,1,0.00111174528214205,0.00111174528214205,0,198.678,100
5081_307_VB4_VB_WGS_20250613_0128_S311,5081_307_VB4_VB_WGS_20250613_0128_S311__chrI__34554__A__G,TRUE,TRUE,1,0.0791449580080331,0.0791449580080331,0,91.5235,75
5081_323_VB4_VB_WGS_20250613_0129_S327,5081_323_VB4_VB_WGS_20250613_0129_S327__chrXIV__231950__G__A,TRUE,TRUE,0,NA,NA,NA,NA,NA
5081_339_VB4_VB_WGS_20250613_0130_S343,5081_339_VB4_VB_WGS_20250613_0130_S343__chrXIII__238380__A__G,TRUE,TRUE,0,NA,NA,NA,NA,NA
5081_355_VB4_VB_WGS_20250613_0131_S359,5081_355_VB4_VB_WGS_20250613_0131_S359__chrXV__432824__T__C,TRUE,TRUE,0,NA,NA,NA,NA,NA
5081_371_VB4_VB_WGS_20250613_0132_S375,5081_371_VB4_VB_WGS_20250613_0132_S375__chrII__533657__C__T,TRUE,TRUE,0,NA,NA,NA,NA,NA
5081_196_VB4_VB_WGS_20250613_0133_S200,5081_196_VB4_VB_WGS_20250613_0133_S200__chrXI__559707__T__C,TRUE,FALSE,0,NA,NA,NA,NA,NA
5081_212_VB4_VB_WGS_20250613_0134_S216,5081_212_VB4_VB_WGS_20250613_0134_S216__chrII__177793__G__A,TRUE,TRUE,0,NA,NA,NA,NA,NA
5081_228_VB4_VB_WGS_20250613_0135_S232,5081_228_VB4_VB_WGS_20250613_0135_S232__chrXV__351325__C__A,TRUE,TRUE,0,NA,NA,NA,NA,NA
5081_244_VB4_VB_WGS_20250613_0136_S248,5081_244_VB4_VB_WGS_20250613_0136_S248__chrX__484754__T__A,TRUE,FALSE,0,NA,NA,NA,NA,NA
5081_276_VB4_VB_WGS_20250613_0138_S280,5081_276_VB4_VB_WGS_20250613_0138_S280__chrXV__53014__C__T,TRUE,TRUE,0,NA,NA,NA,NA,NA
5081_292_VB4_VB_WGS_20250613_0139_S296,5081_292_VB4_VB_WGS_20250613_0139_S296__chrIV__822719__T__C,TRUE,FALSE,0,NA,NA,NA,NA,NA
5081_308_VB4_VB_WGS_20250613_0140_S312,5081_308_VB4_VB_WGS_20250613_0140_S312__chrXV__763978__C__G,TRUE,TRUE,0,NA,NA,NA,NA,NA
5081_324_VB4_VB_WGS_20250613_0141_S328,5081_324_VB4_VB_WGS_20250613_0141_S328__chrVII__370391__A__G,TRUE,FALSE,0,NA,NA,NA,NA,NA
5081_340_VB4_VB_WGS_20250613_0142_S344,5081_340_VB4_VB_WGS_20250613_0142_S344__chrXIII__129599__C__T,TRUE,TRUE,0,NA,NA,NA,NA,NA
5081_356_VB4_VB_WGS_20250613_0143_S360,5081_356_VB4_VB_WGS_20250613_0143_S360__chrXII__989108__A__G,TRUE,TRUE,0,NA,NA,NA,NA,NA
5081_372_VB4_VB_WGS_20250613_0144_S376,5081_372_VB4_VB_WGS_20250613_0144_S376__chrXII__619341__T__C,TRUE,FALSE,0,NA,NA,NA,NA,NA
5081_197_VB4_VB_WGS_20250613_0145_S201,5081_197_VB4_VB_WGS_20250613_0145_S201__chrI__137148__C__G,TRUE,TRUE,0,NA,NA,NA,NA,NA
5081_213_VB4_VB_WGS_20250613_0146_S217,5081_213_VB4_VB_WGS_20250613_0146_S217__chrIX__131883__C__A,TRUE,TRUE,0,NA,NA,NA,NA,NA
5081_229_VB4_VB_WGS_20250613_0147_S233,5081_229_VB4_VB_WGS_20250613_0147_S233__chrII__629782__T__C,TRUE,FALSE,0,NA,NA,NA,NA,NA
5081_245_VB4_VB_WGS_20250613_0148_S249,5081_245_VB4_VB_WGS_20250613_0148_S249__chrV__422183__C__T,TRUE,TRUE,0,NA,NA,NA,NA,NA
5081_261_VB4_VB_WGS_20250613_0149_S265,5081_261_VB4_VB_WGS_20250613_0149_S265__chrVII__44796__A__G,TRUE,FALSE,0,NA,NA,NA,NA,NA
5081_277_VB4_VB_WGS_20250613_0150_S281,5081_277_VB4_VB_WGS_20250613_0150_S281__chrXV__432824__T__C,TRUE,FALSE,0,NA,NA,NA,NA,NA
5081_293_VB4_VB_WGS_20250613_0151_S297,5081_293_VB4_VB_WGS_20250613_0151_S297__chrII__174881__T__G,TRUE,TRUE,0,NA,NA,NA,NA,NA
5081_309_VB4_VB_WGS_20250613_0152_S313,5081_309_VB4_VB_WGS_20250613_0152_S313__chrVII__749165__C__T,FALSE,FALSE,0,NA,NA,NA,NA,NA
5081_341_VB4_VB_WGS_20250613_0154_S345,5081_341_VB4_VB_WGS_20250613_0154_S345__chrXVI__668461__T__C,TRUE,FALSE,0,NA,NA,NA,NA,NA
5081_357_VB4_VB_WGS_20250613_0155_S361,5081_357_VB4_VB_WGS_20250613_0155_S361__chrII__419139__C__T,TRUE,FALSE,0,NA,NA,NA,NA,NA
5081_373_VB4_VB_WGS_20250613_0156_S377,5081_373_VB4_VB_WGS_20250613_0156_S377__chrIII__283368__C__G,TRUE,TRUE,0,NA,NA,NA,NA,NA
5081_198_VB4_VB_WGS_20250613_0157_S202,5081_198_VB4_VB_WGS_20250613_0157_S202__chrXI__608676__T__C,FALSE,FALSE,0,NA,NA,NA,NA,NA
5081_214_VB4_VB_WGS_20250613_0158_S218,5081_214_VB4_VB_WGS_20250613_0158_S218__chrVII__405448__T__A,TRUE,TRUE,0,NA,NA,NA,NA,NA
5081_230_VB4_VB_WGS_20250613_0159_S234,5081_230_VB4_VB_WGS_20250613_0159_S234__chrXII__234144__G__A,TRUE,TRUE,0,NA,NA,NA,NA,NA
5081_246_VB4_VB_WGS_20250613_0160_S250,5081_246_VB4_VB_WGS_20250613_0160_S250__chrXV__603468__A__G,TRUE,TRUE,0,NA,NA,NA,NA,NA
5081_262_VB4_VB_WGS_20250613_0161_S266,5081_262_VB4_VB_WGS_20250613_0161_S266__chrXII__619731__T__C,TRUE,FALSE,0,NA,NA,NA,NA,NA
5081_278_VB4_VB_WGS_20250613_0162_S282,5081_278_VB4_VB_WGS_20250613_0162_S282__chrIX__411837__G__T,TRUE,FALSE,0,NA,NA,NA,NA,NA
5081_294_VB4_VB_WGS_20250613_0163_S298,5081_294_VB4_VB_WGS_20250613_0163_S298__chrXVI__112737__A__G,TRUE,TRUE,0,NA,NA,NA,NA,NA
5081_310_VB4_VB_WGS_20250613_0164_S314,5081_310_VB4_VB_WGS_20250613_0164_S314__chrXIII__193971__A__G,TRUE,TRUE,0,NA,NA,NA,NA,NA
5081_326_VB4_VB_WGS_20250613_0165_S330,5081_326_VB4_VB_WGS_20250613_0165_S330__chrXV__168199__G__A,TRUE,TRUE,0,NA,NA,NA,NA,NA
5081_342_VB4_VB_WGS_20250613_0166_S346,5081_342_VB4_VB_WGS_20250613_0166_S346__chrXIV__473648__T__C,TRUE,TRUE,0,NA,NA,NA,NA,NA
5081_358_VB4_VB_WGS_20250613_0167_S362,5081_358_VB4_VB_WGS_20250613_0167_S362__chrIX__196033__T__C,TRUE,TRUE,0,NA,NA,NA,NA,NA
5081_374_VB4_VB_WGS_20250613_0168_S378,5081_374_VB4_VB_WGS_20250613_0168_S378__chrX__519866__C__T,TRUE,FALSE,0,NA,NA,NA,NA,NA
5081_199_VB4_VB_WGS_20250613_0169_S203,5081_199_VB4_VB_WGS_20250613_0169_S203__chrXII__619341__T__C,TRUE,FALSE,0,NA,NA,NA,NA,NA
5081_215_VB4_VB_WGS_20250613_0170_S219,5081_215_VB4_VB_WGS_20250613_0170_S219__chrXIII__585021__T__G,TRUE,FALSE,0,NA,NA,NA,NA,NA
5081_247_VB4_VB_WGS_20250613_0172_S251,5081_247_VB4_VB_WGS_20250613_0172_S251__chrXII__826454__T__C,TRUE,TRUE,0,NA,NA,NA,NA,NA
5081_263_VB4_VB_WGS_20250613_0173_S267,5081_263_VB4_VB_WGS_20250613_0173_S267__chrVIII__57176__G__A,TRUE,TRUE,0,NA,NA,NA,NA,NA
5081_279_VB4_VB_WGS_20250613_0174_S283,5081_279_VB4_VB_WGS_20250613_0174_S283__chrVII__190586__G__A,TRUE,TRUE,0,NA,NA,NA,NA,NA
5081_295_VB4_VB_WGS_20250613_0175_S299,5081_295_VB4_VB_WGS_20250613_0175_S299__chrXII__115512__A__G,TRUE,TRUE,0,NA,NA,NA,NA,NA
5081_311_VB4_VB_WGS_20250613_0176_S315,5081_311_VB4_VB_WGS_20250613_0176_S315__chrVII__213119__G__A,TRUE,FALSE,0,NA,NA,NA,NA,NA
5081_327_VB4_VB_WGS_20250613_0177_S331,5081_327_VB4_VB_WGS_20250613_0177_S331__chrIV__195494__G__C,TRUE,TRUE,0,NA,NA,NA,NA,NA
5081_343_VB4_VB_WGS_20250613_0178_S347,5081_343_VB4_VB_WGS_20250613_0178_S347__chrII__469374__G__A,TRUE,FALSE,0,NA,NA,NA,NA,NA
5081_359_VB4_VB_WGS_20250613_0179_S363,5081_359_VB4_VB_WGS_20250613_0179_S363__chrXVI__668461__T__C,TRUE,FALSE,0,NA,NA,NA,NA,NA
5081_375_VB4_VB_WGS_20250613_0180_S379,5081_375_VB4_VB_WGS_20250613_0180_S379__chrXV__51031__T__C,TRUE,TRUE,0,NA,NA,NA,NA,NA
5081_200_VB4_VB_WGS_20250613_0181_S204,5081_200_VB4_VB_WGS_20250613_0181_S204__chrI__130421__T__C,TRUE,FALSE,0,NA,NA,NA,NA,NA
5081_216_VB4_VB_WGS_20250613_0182_S220,5081_216_VB4_VB_WGS_20250613_0182_S220__chrXI__194575__C__T,FALSE,FALSE,0,NA,NA,NA,NA,NA
5081_232_VB4_VB_WGS_20250613_0183_S236,5081_232_VB4_VB_WGS_20250613_0183_S236__chrVII__629252__T__C,FALSE,FALSE,0,NA,NA,NA,NA,NA
5081_248_VB4_VB_WGS_20250613_0184_S252,5081_248_VB4_VB_WGS_20250613_0184_S252__chrXV__589090__C__T,TRUE,FALSE,0,NA,NA,NA,NA,NA
5081_280_VB4_VB_WGS_20250613_0186_S284,5081_280_VB4_VB_WGS_20250613_0186_S284__chrXII__631177__G__A,FALSE,FALSE,0,NA,NA,NA,NA,NA
5081_296_VB4_VB_WGS_20250613_0187_S300,5081_296_VB4_VB_WGS_20250613_0187_S300__chrIV__1038975__C__T,TRUE,FALSE,0,NA,NA,NA,NA,NA
5081_312_VB4_VB_WGS_20250613_0188_S316,5081_312_VB4_VB_WGS_20250613_0188_S316__chrXII__742073__T__G,FALSE,FALSE,0,NA,NA,NA,NA,NA
5081_328_VB4_VB_WGS_20250613_0189_S332,5081_328_VB4_VB_WGS_20250613_0189_S332__chrI__102700__G__T,TRUE,TRUE,0,NA,NA,NA,NA,NA
5081_344_VB4_VB_WGS_20250613_0190_S348,5081_344_VB4_VB_WGS_20250613_0190_S348__chrXVI__523433__C__G,TRUE,TRUE,0,NA,NA,NA,NA,NA
5081_360_VB4_VB_WGS_20250613_0191_S364,5081_360_VB4_VB_WGS_20250613_0191_S364__chrIX__131883__C__A,FALSE,FALSE,0,NA,NA,NA,NA,NA
5081_376_VB4_VB_WGS_20250613_0192_S380,5081_376_VB4_VB_WGS_20250613_0192_S380__chrXI__621619__A__G,FALSE,FALSE,0,NA,NA,NA,NA,NA
5081_009_VB4_VB_WGS_20250613_0193_S13,5081_009_VB4_VB_WGS_20250613_0193_S13__chrX__382079__T__C,TRUE,TRUE,0,NA,NA,NA,NA,NA
5081_025_VB4_VB_WGS_20250613_0194_S29,5081_025_VB4_VB_WGS_20250613_0194_S29__chrV__526004__C__A,TRUE,TRUE,0,NA,NA,NA,NA,NA
5081_041_VB4_VB_WGS_20250613_0195_S45,5081_041_VB4_VB_WGS_20250613_0195_S45__chrXIII__118473__A__G,FALSE,FALSE,0,NA,NA,NA,NA,NA
5081_057_VB4_VB_WGS_20250613_0196_S61,5081_057_VB4_VB_WGS_20250613_0196_S61__chrXV__720492__T__C,TRUE,TRUE,0,NA,NA,NA,NA,NA
5081_089_VB4_VB_WGS_20250613_0198_S93,5081_089_VB4_VB_WGS_20250613_0198_S93__chrIV__1508644__C__T,TRUE,FALSE,0,NA,NA,NA,NA,NA
5081_105_VB4_VB_WGS_20250613_0199_S109,5081_105_VB4_VB_WGS_20250613_0199_S109__chrXIII__16814__C__T,TRUE,TRUE,0,NA,NA,NA,NA,NA
5081_121_VB4_VB_WGS_20250613_0200_S125,5081_121_VB4_VB_WGS_20250613_0200_S125__chrXII__635187__T__C,TRUE,TRUE,0,NA,NA,NA,NA,NA
5081_137_VB4_VB_WGS_20250613_0201_S141,5081_137_VB4_VB_WGS_20250613_0201_S141__chrIV__467595__T__C,FALSE,FALSE,0,NA,NA,NA,NA,NA
5081_185_VB4_VB_WGS_20250613_0204_S189,5081_185_VB4_VB_WGS_20250613_0204_S189__chrIII__283368__C__G,TRUE,TRUE,0,NA,NA,NA,NA,NA
5081_010_VB4_VB_WGS_20250613_0205_S14,5081_010_VB4_VB_WGS_20250613_0205_S14__chrXIV__525732__C__T,TRUE,FALSE,0,NA,NA,NA,NA,NA
5081_026_VB4_VB_WGS_20250613_0206_S30,5081_026_VB4_VB_WGS_20250613_0206_S30__chrI__182210__T__A,TRUE,FALSE,0,NA,NA,NA,NA,NA
5081_058_VB4_VB_WGS_20250613_0208_S62,5081_058_VB4_VB_WGS_20250613_0208_S62__chrXVI__116499__T__C,TRUE,FALSE,0,NA,NA,NA,NA,NA
5081_074_VB4_VB_WGS_20250613_0209_S78,5081_074_VB4_VB_WGS_20250613_0209_S78__chrXV__385938__G__C,TRUE,TRUE,0,NA,NA,NA,NA,NA
5081_090_VB4_VB_WGS_20250613_0210_S94,5081_090_VB4_VB_WGS_20250613_0210_S94__chrII__521571__G__T,FALSE,FALSE,0,NA,NA,NA,NA,NA
5081_106_VB4_VB_WGS_20250613_0211_S110,5081_106_VB4_VB_WGS_20250613_0211_S110__chrIV__578722__A__G,FALSE,FALSE,0,NA,NA,NA,NA,NA
5081_122_VB4_VB_WGS_20250613_0212_S126,5081_122_VB4_VB_WGS_20250613_0212_S126__chrVI__27371__C__T,FALSE,FALSE,0,NA,NA,NA,NA,NA
5081_138_VB4_VB_WGS_20250613_0213_S142,5081_138_VB4_VB_WGS_20250613_0213_S142__chrVI__59951__A__G,FALSE,FALSE,0,NA,NA,NA,NA,NA
5081_154_VB4_VB_WGS_20250613_0214_S158,5081_154_VB4_VB_WGS_20250613_0214_S158__chrXIII__105326__G__A,TRUE,TRUE,0,NA,NA,NA,NA,NA
5081_170_VB4_VB_WGS_20250613_0215_S174,5081_170_VB4_VB_WGS_20250613_0215_S174__chrXV__212282__G__A,TRUE,TRUE,0,NA,NA,NA,NA,NA
5081_186_VB4_VB_WGS_20250613_0216_S190,5081_186_VB4_VB_WGS_20250613_0216_S190__chrXVI__455023__C__T,TRUE,TRUE,0,NA,NA,NA,NA,NA
5081_011_VB4_VB_WGS_20250613_0217_S15,5081_011_VB4_VB_WGS_20250613_0217_S15__chrX__517244__G__C,FALSE,FALSE,0,NA,NA,NA,NA,NA
5081_027_VB4_VB_WGS_20250613_0218_S31,5081_027_VB4_VB_WGS_20250613_0218_S31__chrIV__49229__T__C,TRUE,TRUE,0,NA,NA,NA,NA,NA
5081_043_VB4_VB_WGS_20250613_0219_S47,5081_043_VB4_VB_WGS_20250613_0219_S47__chrXII__68253__G__A,TRUE,TRUE,0,NA,NA,NA,NA,NA
5081_059_VB4_VB_WGS_20250613_0220_S63,5081_059_VB4_VB_WGS_20250613_0220_S63__chrIV__578728__A__G,TRUE,FALSE,0,NA,NA,NA,NA,NA
5081_075_VB4_VB_WGS_20250613_0221_S79,5081_075_VB4_VB_WGS_20250613_0221_S79__chrXII__234144__G__A,TRUE,TRUE,0,NA,NA,NA,NA,NA
5081_091_VB4_VB_WGS_20250613_0222_S95,5081_091_VB4_VB_WGS_20250613_0222_S95__chrXI__141291__T__C,TRUE,TRUE,0,NA,NA,NA,NA,NA
5081_107_VB4_VB_WGS_20250613_0223_S111,5081_107_VB4_VB_WGS_20250613_0223_S111__chrVII__418292__A__T,TRUE,FALSE,0,NA,NA,NA,NA,NA
5081_123_VB4_VB_WGS_20250613_0224_S127,5081_123_VB4_VB_WGS_20250613_0224_S127__chrIV__165872__C__T,FALSE,FALSE,0,NA,NA,NA,NA,NA
5081_139_VB4_VB_WGS_20250613_0225_S143,5081_139_VB4_VB_WGS_20250613_0225_S143__chrXV__53014__C__T,TRUE,TRUE,0,NA,NA,NA,NA,NA
5081_155_VB4_VB_WGS_20250613_0226_S159,5081_155_VB4_VB_WGS_20250613_0226_S159__chrXIII__850191__C__T,TRUE,TRUE,0,NA,NA,NA,NA,NA
5081_171_VB4_VB_WGS_20250613_0227_S175,5081_171_VB4_VB_WGS_20250613_0227_S175__chrVI__20719__C__G,FALSE,FALSE,0,NA,NA,NA,NA,NA
5081_187_VB4_VB_WGS_20250613_0228_S191,5081_187_VB4_VB_WGS_20250613_0228_S191__chrXII__768100__T__C,TRUE,FALSE,0,NA,NA,NA,NA,NA
5081_012_VB4_VB_WGS_20250613_0229_S16,5081_012_VB4_VB_WGS_20250613_0229_S16__chrIV__70552__C__A,FALSE,FALSE,0,NA,NA,NA,NA,NA
5081_028_VB4_VB_WGS_20250613_0230_S32,5081_028_VB4_VB_WGS_20250613_0230_S32__chrVII__184145__T__A,FALSE,FALSE,0,NA,NA,NA,NA,NA
5081_044_VB4_VB_WGS_20250613_0231_S48,5081_044_VB4_VB_WGS_20250613_0231_S48__chrIX__62438__A__G,TRUE,FALSE,0,NA,NA,NA,NA,NA
5081_060_VB4_VB_WGS_20250613_0232_S64,5081_060_VB4_VB_WGS_20250613_0232_S64__chrXIII__681785__A__T,TRUE,FALSE,0,NA,NA,NA,NA,NA
5081_076_VB4_VB_WGS_20250613_0233_S80,5081_076_VB4_VB_WGS_20250613_0233_S80__chrXII__579633__C__T,FALSE,FALSE,0,NA,NA,NA,NA,NA
5081_092_VB4_VB_WGS_20250613_0234_S96,5081_092_VB4_VB_WGS_20250613_0234_S96__chrXII__1050100__A__G,TRUE,TRUE,0,NA,NA,NA,NA,NA
5081_108_VB4_VB_WGS_20250613_0235_S112,5081_108_VB4_VB_WGS_20250613_0235_S112__chrVIII__427619__T__C,FALSE,FALSE,0,NA,NA,NA,NA,NA
5081_156_VB4_VB_WGS_20250613_0238_S160,5081_156_VB4_VB_WGS_20250613_0238_S160__chrVII__749231__C__T,FALSE,FALSE,0,NA,NA,NA,NA,NA
5081_188_VB4_VB_WGS_20250613_0240_S192,5081_188_VB4_VB_WGS_20250613_0240_S192__chrV__24575__T__C,TRUE,FALSE,0,NA,NA,NA,NA,NA
5081_013_VB4_VB_WGS_20250613_0241_S17,5081_013_VB4_VB_WGS_20250613_0241_S17__chrXV__925756__C__G,TRUE,FALSE,0,NA,NA,NA,NA,NA
5081_029_VB4_VB_WGS_20250613_0242_S33,5081_029_VB4_VB_WGS_20250613_0242_S33__chrXIII__850191__C__T,TRUE,FALSE,0,NA,NA,NA,NA,NA
5081_045_VB4_VB_WGS_20250613_0243_S49,5081_045_VB4_VB_WGS_20250613_0243_S49__chrXV__492545__G__A,TRUE,FALSE,0,NA,NA,NA,NA,NA
5081_061_VB4_VB_WGS_20250613_0244_S65,5081_061_VB4_VB_WGS_20250613_0244_S65__chrVII__213119__G__A,TRUE,FALSE,0,NA,NA,NA,NA,NA
5081_077_VB4_VB_WGS_20250613_0245_S81,5081_077_VB4_VB_WGS_20250613_0245_S81__chrIX__336519__C__G,TRUE,TRUE,0,NA,NA,NA,NA,NA
5081_093_VB4_VB_WGS_20250613_0246_S97,5081_093_VB4_VB_WGS_20250613_0246_S97__chrXV__1024047__G__T,TRUE,FALSE,0,NA,NA,NA,NA,NA
5081_109_VB4_VB_WGS_20250613_0247_S113,5081_109_VB4_VB_WGS_20250613_0247_S113__chrXI__19563__C__T,TRUE,TRUE,0,NA,NA,NA,NA,NA
5081_125_VB4_VB_WGS_20250613_0248_S129,5081_125_VB4_VB_WGS_20250613_0248_S129__chrX__699851__G__A,TRUE,FALSE,0,NA,NA,NA,NA,NA
5081_141_VB4_VB_WGS_20250613_0249_S145,5081_141_VB4_VB_WGS_20250613_0249_S145__chrXII__315693__T__C,FALSE,FALSE,0,NA,NA,NA,NA,NA
5081_157_VB4_VB_WGS_20250613_0250_S161,5081_157_VB4_VB_WGS_20250613_0250_S161__chrVIII__41712__G__A,TRUE,TRUE,0,NA,NA,NA,NA,NA
5081_173_VB4_VB_WGS_20250613_0251_S177,5081_173_VB4_VB_WGS_20250613_0251_S177__chrII__424490__G__A,FALSE,FALSE,0,NA,NA,NA,NA,NA
5081_189_VB4_VB_WGS_20250613_0252_S193,5081_189_VB4_VB_WGS_20250613_0252_S193__chrI__130421__T__C,TRUE,TRUE,0,NA,NA,NA,NA,NA
5081_014_VB4_VB_WGS_20250613_0253_S18,5081_014_VB4_VB_WGS_20250613_0253_S18__chrXI__419413__A__G,FALSE,FALSE,0,NA,NA,NA,NA,NA
5081_030_VB4_VB_WGS_20250613_0254_S34,5081_030_VB4_VB_WGS_20250613_0254_S34__chrVI__103389__T__G,FALSE,FALSE,0,NA,NA,NA,NA,NA
5081_046_VB4_VB_WGS_20250613_0255_S50,5081_046_VB4_VB_WGS_20250613_0255_S50__chrVII__1046353__C__T,TRUE,FALSE,0,NA,NA,NA,NA,NA
5081_062_VB4_VB_WGS_20250613_0256_S66,5081_062_VB4_VB_WGS_20250613_0256_S66__chrIV__1469510__C__T,TRUE,FALSE,0,NA,NA,NA,NA,NA
5081_078_VB4_VB_WGS_20250613_0257_S82,5081_078_VB4_VB_WGS_20250613_0257_S82__chrIV__765852__T__C,TRUE,FALSE,0,NA,NA,NA,NA,NA
5081_094_VB4_VB_WGS_20250613_0258_S98,5081_094_VB4_VB_WGS_20250613_0258_S98__chrIV__935079__G__C,TRUE,TRUE,0,NA,NA,NA,NA,NA
5081_110_VB4_VB_WGS_20250613_0259_S114,5081_110_VB4_VB_WGS_20250613_0259_S114__chrII__142186__G__A,TRUE,TRUE,0,NA,NA,NA,NA,NA
5081_126_VB4_VB_WGS_20250613_0260_S130,5081_126_VB4_VB_WGS_20250613_0260_S130__chrXV__380309__C__A,TRUE,TRUE,0,NA,NA,NA,NA,NA
5081_158_VB4_VB_WGS_20250613_0262_S162,5081_158_VB4_VB_WGS_20250613_0262_S162__chrXV__317246__C__A,TRUE,FALSE,0,NA,NA,NA,NA,NA
5081_174_VB4_VB_WGS_20250613_0263_S178,5081_174_VB4_VB_WGS_20250613_0263_S178__chrI__197813__T__C,TRUE,FALSE,0,NA,NA,NA,NA,NA
5081_190_VB4_VB_WGS_20250613_0264_S194,5081_190_VB4_VB_WGS_20250613_0264_S194__chrIV__285505__A__G,TRUE,TRUE,0,NA,NA,NA,NA,NA
5081_015_VB4_VB_WGS_20250613_0265_S19,5081_015_VB4_VB_WGS_20250613_0265_S19__chrXIII__183999__G__A,TRUE,TRUE,0,NA,NA,NA,NA,NA
5081_031_VB4_VB_WGS_20250613_0266_S35,5081_031_VB4_VB_WGS_20250613_0266_S35__chrV__482159__A__G,TRUE,TRUE,0,NA,NA,NA,NA,NA
5081_047_VB4_VB_WGS_20250613_0267_S51,5081_047_VB4_VB_WGS_20250613_0267_S51__chrXII__619731__T__C,TRUE,TRUE,0,NA,NA,NA,NA,NA
5081_063_VB4_VB_WGS_20250613_0268_S67,5081_063_VB4_VB_WGS_20250613_0268_S67__chrXV__91740__A__T,TRUE,TRUE,0,NA,NA,NA,NA,NA
5081_095_VB4_VB_WGS_20250613_0270_S99,5081_095_VB4_VB_WGS_20250613_0270_S99__chrXII__762817__G__A,FALSE,FALSE,0,NA,NA,NA,NA,NA
5081_111_VB4_VB_WGS_20250613_0271_S115,5081_111_VB4_VB_WGS_20250613_0271_S115__chrXIV__569044__A__G,TRUE,FALSE,0,NA,NA,NA,NA,NA
5081_127_VB4_VB_WGS_20250613_0272_S131,5081_127_VB4_VB_WGS_20250613_0272_S131__chrXV__130289__A__C,TRUE,TRUE,0,NA,NA,NA,NA,NA
5081_143_VB4_VB_WGS_20250613_0273_S147,5081_143_VB4_VB_WGS_20250613_0273_S147__chrVIII__60785__C__T,FALSE,FALSE,0,NA,NA,NA,NA,NA
5081_159_VB4_VB_WGS_20250613_0274_S163,5081_159_VB4_VB_WGS_20250613_0274_S163__chrV__33551__A__G,TRUE,TRUE,0,NA,NA,NA,NA,NA
5081_175_VB4_VB_WGS_20250613_0275_S179,5081_175_VB4_VB_WGS_20250613_0275_S179__chrVIII__127766__G__C,TRUE,TRUE,0,NA,NA,NA,NA,NA
5081_191_VB4_VB_WGS_20250613_0276_S195,5081_191_VB4_VB_WGS_20250613_0276_S195__chrXI__47435__A__T,TRUE,FALSE,0,NA,NA,NA,NA,NA
5081_016_VB4_VB_WGS_20250613_0277_S20,5081_016_VB4_VB_WGS_20250613_0277_S20__chrV__343995__C__T,FALSE,FALSE,0,NA,NA,NA,NA,NA
5081_032_VB4_VB_WGS_20250613_0278_S36,5081_032_VB4_VB_WGS_20250613_0278_S36__chrXII__919261__T__G,FALSE,FALSE,0,NA,NA,NA,NA,NA
5081_048_VB4_VB_WGS_20250613_0279_S52,5081_048_VB4_VB_WGS_20250613_0279_S52__chrII__469374__G__A,TRUE,FALSE,1,0.00177166788892938,0.00177166788892938,0,107.212,100
5081_064_VB4_VB_WGS_20250613_0280_S68,5081_064_VB4_VB_WGS_20250613_0280_S68__chrXIV__311732__C__T,TRUE,TRUE,0,NA,NA,NA,NA,NA
5081_080_VB4_VB_WGS_20250613_0281_S84,5081_080_VB4_VB_WGS_20250613_0281_S84__chrXVI__99579__T__C,TRUE,FALSE,0,NA,NA,NA,NA,NA
5081_096_VB4_VB_WGS_20250613_0282_S100,5081_096_VB4_VB_WGS_20250613_0282_S100__chrIX__106017__C__T,TRUE,TRUE,0,NA,NA,NA,NA,NA
5081_128_VB4_VB_WGS_20250613_0284_S132,5081_128_VB4_VB_WGS_20250613_0284_S132__chrII__154387__C__T,TRUE,TRUE,0,NA,NA,NA,NA,NA
5081_144_VB4_VB_WGS_20250613_0285_S148,5081_144_VB4_VB_WGS_20250613_0285_S148__chrXIII__862215__C__T,FALSE,FALSE,0,NA,NA,NA,NA,NA
5081_160_VB4_VB_WGS_20250613_0286_S164,5081_160_VB4_VB_WGS_20250613_0286_S164__chrXV__582590__G__A,FALSE,FALSE,0,NA,NA,NA,NA,NA
5081_176_VB4_VB_WGS_20250613_0287_S180,5081_176_VB4_VB_WGS_20250613_0287_S180__chrIX__60844__T__C,TRUE,FALSE,0,NA,NA,NA,NA,NA
5081_192_VB4_VB_WGS_20250613_0288_S196,5081_192_VB4_VB_WGS_20250613_0288_S196__chrXV__403168__A__G,FALSE,FALSE,0,NA,NA,NA,NA,NA
5081_201_VB4_VB_WGS_20250613_0289_S205,5081_201_VB4_VB_WGS_20250613_0289_S205__chrII__137859__T__G,TRUE,FALSE,1,0.0440882179279851,0.0440882179279851,0,34.1115,50
5081_217_VB4_VB_WGS_20250613_0290_S221,5081_217_VB4_VB_WGS_20250613_0290_S221__chrII__424448__A__G,TRUE,FALSE,0,NA,NA,NA,NA,NA
5081_233_VB4_VB_WGS_20250613_0291_S237,5081_233_VB4_VB_WGS_20250613_0291_S237__chrXII__612516__T__C,TRUE,TRUE,0,NA,NA,NA,NA,NA
5081_249_VB4_VB_WGS_20250613_0292_S253,5081_249_VB4_VB_WGS_20250613_0292_S253__chrXII__807074__A__G,TRUE,FALSE,0,NA,NA,NA,NA,NA
5081_265_VB4_VB_WGS_20250613_0293_S269,5081_265_VB4_VB_WGS_20250613_0293_S269__chrXIII__9829__T__C,FALSE,FALSE,0,NA,NA,NA,NA,NA
5081_281_VB4_VB_WGS_20250613_0294_S285,5081_281_VB4_VB_WGS_20250613_0294_S285__chrIV__1038975__C__T,FALSE,FALSE,0,NA,NA,NA,NA,NA
5081_297_VB4_VB_WGS_20250613_0295_S301,5081_297_VB4_VB_WGS_20250613_0295_S301__chrXI__100445__A__G,FALSE,FALSE,0,NA,NA,NA,NA,NA
5081_313_VB4_VB_WGS_20250613_0296_S317,5081_313_VB4_VB_WGS_20250613_0296_S317__chrXIII__140395__G__A,TRUE,TRUE,0,NA,NA,NA,NA,NA
5081_329_VB4_VB_WGS_20250613_0297_S333,5081_329_VB4_VB_WGS_20250613_0297_S333__chrIV__135873__A__G,FALSE,FALSE,0,NA,NA,NA,NA,NA
5081_345_VB4_VB_WGS_20250613_0298_S349,5081_345_VB4_VB_WGS_20250613_0298_S349__chrX__703116__A__T,TRUE,TRUE,0,NA,NA,NA,NA,NA
5081_361_VB4_VB_WGS_20250613_0299_S365,5081_361_VB4_VB_WGS_20250613_0299_S365__chrIX__130004__T__A,TRUE,TRUE,0,NA,NA,NA,NA,NA
5081_202_VB4_VB_WGS_20250613_0301_S206,5081_202_VB4_VB_WGS_20250613_0301_S206__chrXI__122346__T__A,TRUE,TRUE,0,NA,NA,NA,NA,NA
5081_218_VB4_VB_WGS_20250613_0302_S222,5081_218_VB4_VB_WGS_20250613_0302_S222__chrVII__681232__A__T,FALSE,FALSE,0,NA,NA,NA,NA,NA
5081_250_VB4_VB_WGS_20250613_0304_S254,5081_250_VB4_VB_WGS_20250613_0304_S254__chrXIII__574079__G__A,FALSE,FALSE,0,NA,NA,NA,NA,NA
5081_266_VB4_VB_WGS_20250613_0305_S270,5081_266_VB4_VB_WGS_20250613_0305_S270__chrIII__18173__G__A,TRUE,TRUE,0,NA,NA,NA,NA,NA
5081_282_VB4_VB_WGS_20250613_0306_S286,5081_282_VB4_VB_WGS_20250613_0306_S286__chrI__31403__T__A,FALSE,FALSE,0,NA,NA,NA,NA,NA
5081_298_VB4_VB_WGS_20250613_0307_S302,5081_298_VB4_VB_WGS_20250613_0307_S302__chrII__533657__C__T,FALSE,FALSE,0,NA,NA,NA,NA,NA
5081_314_VB4_VB_WGS_20250613_0308_S318,5081_314_VB4_VB_WGS_20250613_0308_S318__chrXII__115512__A__G,FALSE,FALSE,0,NA,NA,NA,NA,NA
5081_330_VB4_VB_WGS_20250613_0309_S334,5081_330_VB4_VB_WGS_20250613_0309_S334__chrXII__605256__G__A,TRUE,TRUE,0,NA,NA,NA,NA,NA
5081_346_VB4_VB_WGS_20250613_0310_S350,5081_346_VB4_VB_WGS_20250613_0310_S350__chrXIV__25197__A__G,TRUE,TRUE,0,NA,NA,NA,NA,NA
5081_378_VB4_VB_WGS_20250613_0312_S382,5081_378_VB4_VB_WGS_20250613_0312_S382__chrIV__301751__T__C,TRUE,TRUE,0,NA,NA,NA,NA,NA
5081_203_VB4_VB_WGS_20250613_0313_S207,5081_203_VB4_VB_WGS_20250613_0313_S207__chrX__520595__A__G,TRUE,FALSE,0,NA,NA,NA,NA,NA
5081_219_VB4_VB_WGS_20250613_0314_S223,5081_219_VB4_VB_WGS_20250613_0314_S223__chrXIII__682467__G__A,TRUE,FALSE,0,NA,NA,NA,NA,NA
5081_235_VB4_VB_WGS_20250613_0315_S239,5081_235_VB4_VB_WGS_20250613_0315_S239__chrXII__953330__T__C,FALSE,FALSE,0,NA,NA,NA,NA,NA
5081_251_VB4_VB_WGS_20250613_0316_S255,5081_251_VB4_VB_WGS_20250613_0316_S255__chrVIII__21911__C__A,TRUE,FALSE,0,NA,NA,NA,NA,NA
5081_267_VB4_VB_WGS_20250613_0317_S271,5081_267_VB4_VB_WGS_20250613_0317_S271__chrVII__679558__G__C,TRUE,TRUE,0,NA,NA,NA,NA,NA
5081_283_VB4_VB_WGS_20250613_0318_S287,5081_283_VB4_VB_WGS_20250613_0318_S287__chrXII__935517__C__G,FALSE,FALSE,0,NA,NA,NA,NA,NA
5081_299_VB4_VB_WGS_20250613_0319_S303,5081_299_VB4_VB_WGS_20250613_0319_S303__chrVI__51343__A__G,FALSE,FALSE,0,NA,NA,NA,NA,NA
5081_315_VB4_VB_WGS_20250613_0320_S319,5081_315_VB4_VB_WGS_20250613_0320_S319__chrIX__200298__G__A,TRUE,TRUE,0,NA,NA,NA,NA,NA
5081_331_VB4_VB_WGS_20250613_0321_S335,5081_331_VB4_VB_WGS_20250613_0321_S335__chrI__197813__T__C,FALSE,FALSE,0,NA,NA,NA,NA,NA
5081_347_VB4_VB_WGS_20250613_0322_S351,5081_347_VB4_VB_WGS_20250613_0322_S351__chrVII__175590__A__G,TRUE,FALSE,0,NA,NA,NA,NA,NA
5081_363_VB4_VB_WGS_20250613_0323_S367,5081_363_VB4_VB_WGS_20250613_0323_S367__chrIV__122163__C__T,FALSE,FALSE,0,NA,NA,NA,NA,NA
5081_379_VB4_VB_WGS_20250613_0324_S383,5081_379_VB4_VB_WGS_20250613_0324_S383__chrXIII__514194__A__G,FALSE,FALSE,0,NA,NA,NA,NA,NA
5081_204_VB4_VB_WGS_20250613_0325_S208,5081_204_VB4_VB_WGS_20250613_0325_S208__chrXV__537556__C__T,TRUE,TRUE,0,NA,NA,NA,NA,NA
5081_220_VB4_VB_WGS_20250613_0326_S224,5081_220_VB4_VB_WGS_20250613_0326_S224__chrXV__379978__C__T,TRUE,FALSE,0,NA,NA,NA,NA,NA
5081_236_VB4_VB_WGS_20250613_0327_S240,5081_236_VB4_VB_WGS_20250613_0327_S240__chrXII__919648__C__T,FALSE,FALSE,0,NA,NA,NA,NA,NA
5081_252_VB4_VB_WGS_20250613_0328_S256,5081_252_VB4_VB_WGS_20250613_0328_S256__chrIX__62438__A__G,TRUE,TRUE,0,NA,NA,NA,NA,NA
5081_268_VB4_VB_WGS_20250613_0329_S272,5081_268_VB4_VB_WGS_20250613_0329_S272__chrXVI__750765__G__C,TRUE,FALSE,0,NA,NA,NA,NA,NA
5081_284_VB4_VB_WGS_20250613_0330_S288,5081_284_VB4_VB_WGS_20250613_0330_S288__chrXIII__862215__C__T,TRUE,FALSE,0,NA,NA,NA,NA,NA
5081_300_VB4_VB_WGS_20250613_0331_S304,5081_300_VB4_VB_WGS_20250613_0331_S304__chrXI__559707__T__C,TRUE,TRUE,0,NA,NA,NA,NA,NA
5081_316_VB4_VB_WGS_20250613_0332_S320,5081_316_VB4_VB_WGS_20250613_0332_S320__chrX__390122__G__A,TRUE,TRUE,0,NA,NA,NA,NA,NA
5081_332_VB4_VB_WGS_20250613_0333_S336,5081_332_VB4_VB_WGS_20250613_0333_S336__chrXI__419413__A__G,FALSE,FALSE,0,NA,NA,NA,NA,NA
5081_348_VB4_VB_WGS_20250613_0334_S352,5081_348_VB4_VB_WGS_20250613_0334_S352__chrXIV__142083__G__A,TRUE,FALSE,0,NA,NA,NA,NA,NA
5081_364_VB4_VB_WGS_20250613_0335_S368,5081_364_VB4_VB_WGS_20250613_0335_S368__chrI__52632__T__C,FALSE,FALSE,0,NA,NA,NA,NA,NA
5081_380_VB4_VB_WGS_20250613_0336_S384,5081_380_VB4_VB_WGS_20250613_0336_S384__chrXI__25337__C__T,TRUE,FALSE,0,NA,NA,NA,NA,NA
5081_205_VB4_VB_WGS_20250613_0337_S209,5081_205_VB4_VB_WGS_20250613_0337_S209__chrXIV__515089__C__T,TRUE,TRUE,0,NA,NA,NA,NA,NA
5081_221_VB4_VB_WGS_20250613_0338_S225,5081_221_VB4_VB_WGS_20250613_0338_S225__chrVI__234694__A__G,FALSE,FALSE,0,NA,NA,NA,NA,NA
5081_237_VB4_VB_WGS_20250613_0339_S241,5081_237_VB4_VB_WGS_20250613_0339_S241__chrXV__393383__G__C,TRUE,TRUE,0,NA,NA,NA,NA,NA
5081_253_VB4_VB_WGS_20250613_0340_S257,5081_253_VB4_VB_WGS_20250613_0340_S257__chrVI__234694__A__G,TRUE,FALSE,0,NA,NA,NA,NA,NA
5081_269_VB4_VB_WGS_20250613_0341_S273,5081_269_VB4_VB_WGS_20250613_0341_S273__chrV__24575__T__C,FALSE,FALSE,0,NA,NA,NA,NA,NA
5081_285_VB4_VB_WGS_20250613_0342_S289,5081_285_VB4_VB_WGS_20250613_0342_S289__chrXI__13443__T__C,FALSE,FALSE,0,NA,NA,NA,NA,NA
5081_301_VB4_VB_WGS_20250613_0343_S305,5081_301_VB4_VB_WGS_20250613_0343_S305__chrIV__1524270__T__C,FALSE,FALSE,1,0.925348666838362,0.925348666838362,1,160.356,100
5081_317_VB4_VB_WGS_20250613_0344_S321,5081_317_VB4_VB_WGS_20250613_0344_S321__chrI__206564__G__T,FALSE,FALSE,0,NA,NA,NA,NA,NA
5081_333_VB4_VB_WGS_20250613_0345_S337,5081_333_VB4_VB_WGS_20250613_0345_S337__chrIII__284226__C__A,TRUE,FALSE,0,NA,NA,NA,NA,NA
5081_349_VB4_VB_WGS_20250613_0346_S353,5081_349_VB4_VB_WGS_20250613_0346_S353__chrXV__317246__C__A,TRUE,FALSE,0,NA,NA,NA,NA,NA
5081_365_VB4_VB_WGS_20250613_0347_S369,5081_365_VB4_VB_WGS_20250613_0347_S369__chrXV__586659__G__A,FALSE,FALSE,0,NA,NA,NA,NA,NA
5081_206_VB4_VB_WGS_20250613_0349_S210,5081_206_VB4_VB_WGS_20250613_0349_S210__chrIV__1469751__C__T,FALSE,FALSE,0,NA,NA,NA,NA,NA
5081_222_VB4_VB_WGS_20250613_0350_S226,5081_222_VB4_VB_WGS_20250613_0350_S226__chrXVI__455023__C__T,TRUE,TRUE,0,NA,NA,NA,NA,NA
5081_238_VB4_VB_WGS_20250613_0351_S242,5081_238_VB4_VB_WGS_20250613_0351_S242__chrIV__252376__A__G,TRUE,TRUE,0,NA,NA,NA,NA,NA
5081_270_VB4_VB_WGS_20250613_0353_S274,5081_270_VB4_VB_WGS_20250613_0353_S274__chrIV__234547__C__G,TRUE,TRUE,0,NA,NA,NA,NA,NA
5081_286_VB4_VB_WGS_20250613_0354_S290,5081_286_VB4_VB_WGS_20250613_0354_S290__chrXIII__770231__G__C,TRUE,TRUE,0,NA,NA,NA,NA,NA
5081_302_VB4_VB_WGS_20250613_0355_S306,5081_302_VB4_VB_WGS_20250613_0355_S306__chrXIII__63566__A__G,TRUE,FALSE,0,NA,NA,NA,NA,NA
5081_318_VB4_VB_WGS_20250613_0356_S322,5081_318_VB4_VB_WGS_20250613_0356_S322__chrXIII__770231__G__C,TRUE,TRUE,0,NA,NA,NA,NA,NA
5081_334_VB4_VB_WGS_20250613_0357_S338,5081_334_VB4_VB_WGS_20250613_0357_S338__chrXII__315693__T__C,FALSE,FALSE,0,NA,NA,NA,NA,NA
5081_350_VB4_VB_WGS_20250613_0358_S354,5081_350_VB4_VB_WGS_20250613_0358_S354__chrXV__819520__G__A,TRUE,FALSE,0,NA,NA,NA,NA,NA
5081_366_VB4_VB_WGS_20250613_0359_S370,5081_366_VB4_VB_WGS_20250613_0359_S370__chrXV__995180__A__G,TRUE,TRUE,0,NA,NA,NA,NA,NA
5081_382_VB4_VB_WGS_20250613_0360_S386,5081_382_VB4_VB_WGS_20250613_0360_S386__chrIV__1508644__C__T,TRUE,FALSE,0,NA,NA,NA,NA,NA
5081_207_VB4_VB_WGS_20250613_0361_S211,5081_207_VB4_VB_WGS_20250613_0361_S211__chrXIII__681785__A__T,TRUE,FALSE,0,NA,NA,NA,NA,NA
5081_223_VB4_VB_WGS_20250613_0362_S227,5081_223_VB4_VB_WGS_20250613_0362_S227__chrXII__605256__G__A,TRUE,TRUE,0,NA,NA,NA,NA,NA
5081_239_VB4_VB_WGS_20250613_0363_S243,5081_239_VB4_VB_WGS_20250613_0363_S243__chrII__424490__G__A,TRUE,FALSE,0,NA,NA,NA,NA,NA
5081_255_VB4_VB_WGS_20250613_0364_S259,5081_255_VB4_VB_WGS_20250613_0364_S259__chrXII__114242__T__C,TRUE,TRUE,0,NA,NA,NA,NA,NA
5081_271_VB4_VB_WGS_20250613_0365_S275,5081_271_VB4_VB_WGS_20250613_0365_S275__chrXII__803961__T__C,FALSE,FALSE,0,NA,NA,NA,NA,NA
5081_287_VB4_VB_WGS_20250613_0366_S291,5081_287_VB4_VB_WGS_20250613_0366_S291__chrVII__807712__G__A,FALSE,FALSE,0,NA,NA,NA,NA,NA
5081_303_VB4_VB_WGS_20250613_0367_S307,5081_303_VB4_VB_WGS_20250613_0367_S307__chrVI__73684__G__C,TRUE,FALSE,0,NA,NA,NA,NA,NA
5081_319_VB4_VB_WGS_20250613_0368_S323,5081_319_VB4_VB_WGS_20250613_0368_S323__chrXI__235797__C__A,TRUE,TRUE,0,NA,NA,NA,NA,NA
5081_335_VB4_VB_WGS_20250613_0369_S339,5081_335_VB4_VB_WGS_20250613_0369_S339__chrXII__767420__G__A,FALSE,FALSE,0,NA,NA,NA,NA,NA
5081_351_VB4_VB_WGS_20250613_0370_S355,5081_351_VB4_VB_WGS_20250613_0370_S355__chrX__699851__G__A,TRUE,TRUE,0,NA,NA,NA,NA,NA
5081_367_VB4_VB_WGS_20250613_0371_S371,5081_367_VB4_VB_WGS_20250613_0371_S371__chrVI__73684__G__C,FALSE,FALSE,0,NA,NA,NA,NA,NA
5081_383_VB4_VB_WGS_20250613_0372_S387,5081_383_VB4_VB_WGS_20250613_0372_S387__chrIV__1522430__A__G,TRUE,TRUE,0,NA,NA,NA,NA,NA
5081_208_VB4_VB_WGS_20250613_0373_S212,5081_208_VB4_VB_WGS_20250613_0373_S212__chrX__162768__G__A,TRUE,FALSE,0,NA,NA,NA,NA,NA
5081_224_VB4_VB_WGS_20250613_0374_S228,5081_224_VB4_VB_WGS_20250613_0374_S228__chrVII__950132__A__G,TRUE,FALSE,0,NA,NA,NA,NA,NA
5081_240_VB4_VB_WGS_20250613_0375_S244,5081_240_VB4_VB_WGS_20250613_0375_S244__chrII__521571__G__T,FALSE,FALSE,0,NA,NA,NA,NA,NA
5081_256_VB4_VB_WGS_20250613_0376_S260,5081_256_VB4_VB_WGS_20250613_0376_S260__chrXV__566430__G__T,FALSE,FALSE,0,NA,NA,NA,NA,NA
5081_272_VB4_VB_WGS_20250613_0377_S276,5081_272_VB4_VB_WGS_20250613_0377_S276__chrII__549466__C__A,TRUE,TRUE,0,NA,NA,NA,NA,NA
5081_288_VB4_VB_WGS_20250613_0378_S292,5081_288_VB4_VB_WGS_20250613_0378_S292__chrIV__693070__G__C,TRUE,TRUE,0,NA,NA,NA,NA,NA
5081_304_VB4_VB_WGS_20250613_0379_S308,5081_304_VB4_VB_WGS_20250613_0379_S308__chrVI__27371__C__T,TRUE,FALSE,0,NA,NA,NA,NA,NA
5081_320_VB4_VB_WGS_20250613_0380_S324,5081_320_VB4_VB_WGS_20250613_0380_S324__chrVII__19599__T__C,TRUE,TRUE,0,NA,NA,NA,NA,NA
5081_336_VB4_VB_WGS_20250613_0381_S340,5081_336_VB4_VB_WGS_20250613_0381_S340__chrXIII__35559__C__G,TRUE,FALSE,0,NA,NA,NA,NA,NA
5081_352_VB4_VB_WGS_20250613_0382_S356,5081_352_VB4_VB_WGS_20250613_0382_S356__chrI__29713__T__A,TRUE,FALSE,0,NA,NA,NA,NA,NA
5081_368_VB4_VB_WGS_20250613_0383_S372,5081_368_VB4_VB_WGS_20250613_0383_S372__chrVIII__77853__C__T,TRUE,TRUE,0,NA,NA,NA,NA,NA
5081_384_VB4_VB_WGS_20250613_0384_S388,5081_384_VB4_VB_WGS_20250613_0384_S388__chrXIV__206848__A__G,TRUE,TRUE,0,NA,NA,NA,NA,NA
5081_385_VB4_VB_WGS_20250613_0385_S389,5081_385_VB4_VB_WGS_20250613_0385_S389__chrVII__370391__A__G,TRUE,FALSE,0,NA,NA,NA,NA,NA
5081_401_VB4_VB_WGS_20250613_0386_S405,5081_401_VB4_VB_WGS_20250613_0386_S405__chrXI__47435__A__T,TRUE,TRUE,0,NA,NA,NA,NA,NA
5081_417_VB4_VB_WGS_20250613_0387_S421,5081_417_VB4_VB_WGS_20250613_0387_S421__chrXII__114242__T__C,TRUE,TRUE,0,NA,NA,NA,NA,NA
5081_433_VB4_VB_WGS_20250613_0388_S437,5081_433_VB4_VB_WGS_20250613_0388_S437__chrV__435863__A__T,TRUE,FALSE,0,NA,NA,NA,NA,NA
5081_449_VB4_VB_WGS_20250613_0389_S453,5081_449_VB4_VB_WGS_20250613_0389_S453__chrIV__1516083__C__T,TRUE,FALSE,0,NA,NA,NA,NA,NA
5081_465_VB4_VB_WGS_20250613_0390_S469,5081_465_VB4_VB_WGS_20250613_0390_S469__chrXV__51031__T__C,FALSE,FALSE,0,NA,NA,NA,NA,NA
5081_481_VB4_VB_WGS_20250613_0391_S485,5081_481_VB4_VB_WGS_20250613_0391_S485__chrXII__793903__G__T,FALSE,FALSE,0,NA,NA,NA,NA,NA
5081_497_VB4_VB_WGS_20250613_0392_S501,5081_497_VB4_VB_WGS_20250613_0392_S501__chrXII__579633__C__T,TRUE,FALSE,0,NA,NA,NA,NA,NA
5081_529_VB4_VB_WGS_20250613_0394_S533,5081_529_VB4_VB_WGS_20250613_0394_S533__chrIV__896181__A__C,TRUE,TRUE,0,NA,NA,NA,NA,NA
5081_545_VB4_VB_WGS_20250613_0395_S549,5081_545_VB4_VB_WGS_20250613_0395_S549__chrXIV__569044__A__G,FALSE,FALSE,0,NA,NA,NA,NA,NA
5081_561_VB4_VB_WGS_20250613_0396_S565,5081_561_VB4_VB_WGS_20250613_0396_S565__chrXIV__500621__T__G,TRUE,TRUE,0,NA,NA,NA,NA,NA
5081_386_VB4_VB_WGS_20250613_0397_S390,5081_386_VB4_VB_WGS_20250613_0397_S390__chrXIII__129599__C__T,TRUE,TRUE,0,NA,NA,NA,NA,NA
5081_402_VB4_VB_WGS_20250613_0398_S406,5081_402_VB4_VB_WGS_20250613_0398_S406__chrVI__103389__T__G,TRUE,TRUE,0,NA,NA,NA,NA,NA
5081_418_VB4_VB_WGS_20250613_0399_S422,5081_418_VB4_VB_WGS_20250613_0399_S422__chrVII__18516__A__T,FALSE,FALSE,0,NA,NA,NA,NA,NA
5081_434_VB4_VB_WGS_20250613_0400_S438,5081_434_VB4_VB_WGS_20250613_0400_S438__chrI__30413__G__A,TRUE,TRUE,0,NA,NA,NA,NA,NA
5081_450_VB4_VB_WGS_20250613_0401_S454,5081_450_VB4_VB_WGS_20250613_0401_S454__chrXII__307563__T__G,FALSE,FALSE,0,NA,NA,NA,NA,NA
5081_466_VB4_VB_WGS_20250613_0402_S470,5081_466_VB4_VB_WGS_20250613_0402_S470__chrIII__262264__T__C,TRUE,FALSE,0,NA,NA,NA,NA,NA
5081_482_VB4_VB_WGS_20250613_0403_S486,5081_482_VB4_VB_WGS_20250613_0403_S486__chrXII__891452__C__T,FALSE,FALSE,0,NA,NA,NA,NA,NA
5081_498_VB4_VB_WGS_20250613_0404_S502,5081_498_VB4_VB_WGS_20250613_0404_S502__chrIX__336519__C__G,TRUE,TRUE,0,NA,NA,NA,NA,NA
5081_514_VB4_VB_WGS_20250613_0405_S518,5081_514_VB4_VB_WGS_20250613_0405_S518__chrXIV__40852__A__C,TRUE,FALSE,0,NA,NA,NA,NA,NA
5081_530_VB4_VB_WGS_20250613_0406_S534,5081_530_VB4_VB_WGS_20250613_0406_S534__chrI__198657__C__T,TRUE,TRUE,0,NA,NA,NA,NA,NA
5081_546_VB4_VB_WGS_20250613_0407_S550,5081_546_VB4_VB_WGS_20250613_0407_S550__chrIV__408981__C__A,TRUE,TRUE,0,NA,NA,NA,NA,NA
5081_562_VB4_VB_WGS_20250613_0408_S566,5081_562_VB4_VB_WGS_20250613_0408_S566__chrVIII__427619__T__C,FALSE,FALSE,0,NA,NA,NA,NA,NA
5081_387_VB4_VB_WGS_20250613_0409_S391,5081_387_VB4_VB_WGS_20250613_0409_S391__chrXII__257200__C__T,TRUE,FALSE,0,NA,NA,NA,NA,NA
5081_403_VB4_VB_WGS_20250613_0410_S407,5081_403_VB4_VB_WGS_20250613_0410_S407__chrI__52632__T__C,TRUE,TRUE,0,NA,NA,NA,NA,NA
5081_419_VB4_VB_WGS_20250613_0411_S423,5081_419_VB4_VB_WGS_20250613_0411_S423__chrIII__284226__C__A,TRUE,FALSE,0,NA,NA,NA,NA,NA
5081_435_VB4_VB_WGS_20250613_0412_S439,5081_435_VB4_VB_WGS_20250613_0412_S439__chrI__30413__G__A,TRUE,FALSE,0,NA,NA,NA,NA,NA
5081_451_VB4_VB_WGS_20250613_0413_S455,5081_451_VB4_VB_WGS_20250613_0413_S455__chrXI__122346__T__A,TRUE,TRUE,0,NA,NA,NA,NA,NA
5081_467_VB4_VB_WGS_20250613_0414_S471,5081_467_VB4_VB_WGS_20250613_0414_S471__chrV__225494__G__A,FALSE,FALSE,0,NA,NA,NA,NA,NA
5081_483_VB4_VB_WGS_20250613_0415_S487,5081_483_VB4_VB_WGS_20250613_0415_S487__chrXIII__444158__T__C,TRUE,TRUE,0,NA,NA,NA,NA,NA
5081_515_VB4_VB_WGS_20250613_0417_S519,5081_515_VB4_VB_WGS_20250613_0417_S519__chrXV__178440__T__C,TRUE,TRUE,0,NA,NA,NA,NA,NA
5081_531_VB4_VB_WGS_20250613_0418_S535,5081_531_VB4_VB_WGS_20250613_0418_S535__chrVI__79755__T__C,TRUE,TRUE,0,NA,NA,NA,NA,NA
5081_547_VB4_VB_WGS_20250613_0419_S551,5081_547_VB4_VB_WGS_20250613_0419_S551__chrI__31403__T__A,TRUE,TRUE,0,NA,NA,NA,NA,NA
5081_563_VB4_VB_WGS_20250613_0420_S567,5081_563_VB4_VB_WGS_20250613_0420_S567__chrII__309102__C__T,TRUE,TRUE,0,NA,NA,NA,NA,NA
5081_388_VB4_VB_WGS_20250613_0421_S392,5081_388_VB4_VB_WGS_20250613_0421_S392__chrX__100283__C__T,TRUE,TRUE,0,NA,NA,NA,NA,NA
5081_404_VB4_VB_WGS_20250613_0422_S408,5081_404_VB4_VB_WGS_20250613_0422_S408__chrVII__44796__A__G,FALSE,FALSE,0,NA,NA,NA,NA,NA
5081_436_VB4_VB_WGS_20250613_0424_S440,5081_436_VB4_VB_WGS_20250613_0424_S440__chrVII__1046353__C__T,TRUE,FALSE,0,NA,NA,NA,NA,NA
5081_452_VB4_VB_WGS_20250613_0425_S456,5081_452_VB4_VB_WGS_20250613_0425_S456__chrII__571870__T__G,TRUE,TRUE,0,NA,NA,NA,NA,NA
5081_468_VB4_VB_WGS_20250613_0426_S472,5081_468_VB4_VB_WGS_20250613_0426_S472__chrV__534723__T__C,TRUE,FALSE,0,NA,NA,NA,NA,NA
5081_484_VB4_VB_WGS_20250613_0427_S488,5081_484_VB4_VB_WGS_20250613_0427_S488__chrXV__379978__C__T,TRUE,FALSE,0,NA,NA,NA,NA,NA
5081_500_VB4_VB_WGS_20250613_0428_S504,5081_500_VB4_VB_WGS_20250613_0428_S504__chrXIV__528149__C__T,TRUE,FALSE,0,NA,NA,NA,NA,NA
5081_516_VB4_VB_WGS_20250613_0429_S520,5081_516_VB4_VB_WGS_20250613_0429_S520__chrIV__252376__A__G,TRUE,FALSE,0,NA,NA,NA,NA,NA
5081_532_VB4_VB_WGS_20250613_0430_S536,5081_532_VB4_VB_WGS_20250613_0430_S536__chrXII__65992__C__T,TRUE,TRUE,0,NA,NA,NA,NA,NA
5081_548_VB4_VB_WGS_20250613_0431_S552,5081_548_VB4_VB_WGS_20250613_0431_S552__chrIII__18173__G__A,TRUE,TRUE,0,NA,NA,NA,NA,NA
5081_564_VB4_VB_WGS_20250613_0432_S568,5081_564_VB4_VB_WGS_20250613_0432_S568__chrXV__641425__G__T,TRUE,FALSE,0,NA,NA,NA,NA,NA
5081_389_VB4_VB_WGS_20250613_0433_S393,5081_389_VB4_VB_WGS_20250613_0433_S393__chrXII__511197__C__T,TRUE,FALSE,0,NA,NA,NA,NA,NA
5081_405_VB4_VB_WGS_20250613_0434_S409,5081_405_VB4_VB_WGS_20250613_0434_S409__chrX__349384__C__T,TRUE,TRUE,0,NA,NA,NA,NA,NA
5081_421_VB4_VB_WGS_20250613_0435_S425,5081_421_VB4_VB_WGS_20250613_0435_S425__chrXIV__467028__A__G,TRUE,FALSE,1,0.00159583759334279,0.00159583759334279,0,223.008,100
5081_437_VB4_VB_WGS_20250613_0436_S441,5081_437_VB4_VB_WGS_20250613_0436_S441__chrXIII__140395__G__A,TRUE,TRUE,0,NA,NA,NA,NA,NA
5081_453_VB4_VB_WGS_20250613_0437_S457,5081_453_VB4_VB_WGS_20250613_0437_S457__chrIX__388220__A__G,TRUE,TRUE,0,NA,NA,NA,NA,NA
5081_469_VB4_VB_WGS_20250613_0438_S473,5081_469_VB4_VB_WGS_20250613_0438_S473__chrII__118818__C__A,TRUE,FALSE,0,NA,NA,NA,NA,NA
5081_485_VB4_VB_WGS_20250613_0439_S489,5081_485_VB4_VB_WGS_20250613_0439_S489__chrXV__474477__C__A,TRUE,TRUE,0,NA,NA,NA,NA,NA
5081_501_VB4_VB_WGS_20250613_0440_S505,5081_501_VB4_VB_WGS_20250613_0440_S505__chrXIV__678304__G__A,FALSE,FALSE,0,NA,NA,NA,NA,NA
5081_517_VB4_VB_WGS_20250613_0441_S521,5081_517_VB4_VB_WGS_20250613_0441_S521__chrXIV__25197__A__G,TRUE,TRUE,0,NA,NA,NA,NA,NA
5081_549_VB4_VB_WGS_20250613_0443_S553,5081_549_VB4_VB_WGS_20250613_0443_S553__chrVII__861407__A__G,TRUE,FALSE,0,NA,NA,NA,NA,NA
5081_565_VB4_VB_WGS_20250613_0444_S569,5081_565_VB4_VB_WGS_20250613_0444_S569__chrV__26265__A__C,TRUE,TRUE,0,NA,NA,NA,NA,NA
5081_390_VB4_VB_WGS_20250613_0445_S394,5081_390_VB4_VB_WGS_20250613_0445_S394__chrXII__404565__G__C,TRUE,TRUE,0,NA,NA,NA,NA,NA
5081_406_VB4_VB_WGS_20250613_0446_S410,5081_406_VB4_VB_WGS_20250613_0446_S410__chrXIV__544644__G__A,TRUE,FALSE,0,NA,NA,NA,NA,NA
5081_422_VB4_VB_WGS_20250613_0447_S426,5081_422_VB4_VB_WGS_20250613_0447_S426__chrXIV__189723__C__T,TRUE,FALSE,1,0.00447419935822389,0.00447419935822389,0,376.58,100
5081_438_VB4_VB_WGS_20250613_0448_S442,5081_438_VB4_VB_WGS_20250613_0448_S442__chrXII__101965__T__G,TRUE,TRUE,0,NA,NA,NA,NA,NA
5081_454_VB4_VB_WGS_20250613_0449_S458,5081_454_VB4_VB_WGS_20250613_0449_S458__chrX__517926__G__C,TRUE,TRUE,0,NA,NA,NA,NA,NA
5081_470_VB4_VB_WGS_20250613_0450_S474,5081_470_VB4_VB_WGS_20250613_0450_S474__chrIV__1521563__A__G,TRUE,FALSE,0,NA,NA,NA,NA,NA
5081_486_VB4_VB_WGS_20250613_0451_S490,5081_486_VB4_VB_WGS_20250613_0451_S490__chrXIII__87907__C__T,TRUE,TRUE,0,NA,NA,NA,NA,NA
5081_502_VB4_VB_WGS_20250613_0452_S506,5081_502_VB4_VB_WGS_20250613_0452_S506__chrVI__71230__G__C,TRUE,TRUE,0,NA,NA,NA,NA,NA
5081_534_VB4_VB_WGS_20250613_0454_S538,5081_534_VB4_VB_WGS_20250613_0454_S538__chrXV__474477__C__A,TRUE,TRUE,0,NA,NA,NA,NA,NA
5081_550_VB4_VB_WGS_20250613_0455_S554,5081_550_VB4_VB_WGS_20250613_0455_S554__chrXII__722380__T__C,FALSE,FALSE,0,NA,NA,NA,NA,NA
5081_566_VB4_VB_WGS_20250613_0456_S570,5081_566_VB4_VB_WGS_20250613_0456_S570__chrXVI__381495__G__C,FALSE,FALSE,0,NA,NA,NA,NA,NA
5081_391_VB4_VB_WGS_20250613_0457_S395,5081_391_VB4_VB_WGS_20250613_0457_S395__chrII__75097__T__A,TRUE,TRUE,0,NA,NA,NA,NA,NA
5081_407_VB4_VB_WGS_20250613_0458_S411,5081_407_VB4_VB_WGS_20250613_0458_S411__chrXV__130289__A__C,TRUE,TRUE,0,NA,NA,NA,NA,NA
5081_423_VB4_VB_WGS_20250613_0459_S427,5081_423_VB4_VB_WGS_20250613_0459_S427__chrVII__1073156__G__A,TRUE,TRUE,0,NA,NA,NA,NA,NA
5081_439_VB4_VB_WGS_20250613_0460_S443,5081_439_VB4_VB_WGS_20250613_0460_S443__chrIX__411837__G__T,TRUE,FALSE,0,NA,NA,NA,NA,NA
5081_455_VB4_VB_WGS_20250613_0461_S459,5081_455_VB4_VB_WGS_20250613_0461_S459__chrXV__39352__T__G,TRUE,TRUE,0,NA,NA,NA,NA,NA
5081_471_VB4_VB_WGS_20250613_0462_S475,5081_471_VB4_VB_WGS_20250613_0462_S475__chrII__754188__G__A,TRUE,TRUE,0,NA,NA,NA,NA,NA
5081_487_VB4_VB_WGS_20250613_0463_S491,5081_487_VB4_VB_WGS_20250613_0463_S491__chrXV__964712__C__T,TRUE,FALSE,0,NA,NA,NA,NA,NA
5081_503_VB4_VB_WGS_20250613_0464_S507,5081_503_VB4_VB_WGS_20250613_0464_S507__chrIV__49229__T__C,TRUE,TRUE,0,NA,NA,NA,NA,NA
5081_519_VB4_VB_WGS_20250613_0465_S523,5081_519_VB4_VB_WGS_20250613_0465_S523__chrIII__283302__C__T,FALSE,FALSE,0,NA,NA,NA,NA,NA
5081_551_VB4_VB_WGS_20250613_0467_S555,5081_551_VB4_VB_WGS_20250613_0467_S555__chrXIV__689057__A__G,TRUE,FALSE,0,NA,NA,NA,NA,NA
5081_567_VB4_VB_WGS_20250613_0468_S571,5081_567_VB4_VB_WGS_20250613_0468_S571__chrIV__1469751__C__T,TRUE,TRUE,0,NA,NA,NA,NA,NA
5081_392_VB4_VB_WGS_20250613_0469_S396,5081_392_VB4_VB_WGS_20250613_0469_S396__chrIV__122163__C__T,TRUE,TRUE,0,NA,NA,NA,NA,NA
5081_408_VB4_VB_WGS_20250613_0470_S412,5081_408_VB4_VB_WGS_20250613_0470_S412__chrI__198657__C__T,TRUE,TRUE,0,NA,NA,NA,NA,NA
5081_424_VB4_VB_WGS_20250613_0471_S428,5081_424_VB4_VB_WGS_20250613_0471_S428__chrVI__81945__T__C,TRUE,TRUE,0,NA,NA,NA,NA,NA
5081_440_VB4_VB_WGS_20250613_0472_S444,5081_440_VB4_VB_WGS_20250613_0472_S444__chrI__182210__T__A,TRUE,TRUE,0,NA,NA,NA,NA,NA
5081_456_VB4_VB_WGS_20250613_0473_S460,5081_456_VB4_VB_WGS_20250613_0473_S460__chrV__482384__G__C,TRUE,FALSE,0,NA,NA,NA,NA,NA
5081_472_VB4_VB_WGS_20250613_0474_S476,5081_472_VB4_VB_WGS_20250613_0474_S476__chrXII__68253__G__A,TRUE,TRUE,0,NA,NA,NA,NA,NA
5081_488_VB4_VB_WGS_20250613_0475_S492,5081_488_VB4_VB_WGS_20250613_0475_S492__chrXII__762817__G__A,TRUE,FALSE,0,NA,NA,NA,NA,NA
5081_504_VB4_VB_WGS_20250613_0476_S508,5081_504_VB4_VB_WGS_20250613_0476_S508__chrXII__669897__C__A,FALSE,FALSE,0,NA,NA,NA,NA,NA
5081_520_VB4_VB_WGS_20250613_0477_S524,5081_520_VB4_VB_WGS_20250613_0477_S524__chrXI__12322__C__T,FALSE,FALSE,0,NA,NA,NA,NA,NA
5081_552_VB4_VB_WGS_20250613_0479_S556,5081_552_VB4_VB_WGS_20250613_0479_S556__chrIX__74541__G__A,TRUE,TRUE,0,NA,NA,NA,NA,NA
5081_568_VB4_VB_WGS_20250613_0480_S572,5081_568_VB4_VB_WGS_20250613_0480_S572__chrVII__9493__A__G,TRUE,FALSE,0,NA,NA,NA,NA,NA
5081_577_VB4_VB_WGS_20250613_0481_S581,5081_577_VB4_VB_WGS_20250613_0481_S581__chrXIII__105326__G__A,TRUE,FALSE,0,NA,NA,NA,NA,NA
5081_593_VB4_VB_WGS_20250613_0482_S597,5081_593_VB4_VB_WGS_20250613_0482_S597__chrXIII__391574__G__A,TRUE,TRUE,0,NA,NA,NA,NA,NA
5081_609_VB4_VB_WGS_20250613_0483_S613,5081_609_VB4_VB_WGS_20250613_0483_S613__chrXI__394572__A__T,TRUE,TRUE,0,NA,NA,NA,NA,NA
5081_625_VB4_VB_WGS_20250613_0484_S629,5081_625_VB4_VB_WGS_20250613_0484_S629__chrX__517244__G__C,TRUE,TRUE,0,NA,NA,NA,NA,NA
5081_641_VB4_VB_WGS_20250613_0485_S645,5081_641_VB4_VB_WGS_20250613_0485_S645__chrXVI__203067__C__T,TRUE,TRUE,0,NA,NA,NA,NA,NA
5081_657_VB4_VB_WGS_20250613_0486_S661,5081_657_VB4_VB_WGS_20250613_0486_S661__chrIV__584489__A__T,FALSE,FALSE,0,NA,NA,NA,NA,NA
5081_673_VB4_VB_WGS_20250613_0487_S677,5081_673_VB4_VB_WGS_20250613_0487_S677__chrXII__807074__A__G,TRUE,FALSE,0,NA,NA,NA,NA,NA
5081_689_VB4_VB_WGS_20250613_0488_S693,5081_689_VB4_VB_WGS_20250613_0488_S693__chrIX__72762__T__C,FALSE,FALSE,0,NA,NA,NA,NA,NA
5081_705_VB4_VB_WGS_20250613_0489_S709,5081_705_VB4_VB_WGS_20250613_0489_S709__chrVI__129460__T__C,FALSE,FALSE,0,NA,NA,NA,NA,NA
5081_721_VB4_VB_WGS_20250613_0490_S725,5081_721_VB4_VB_WGS_20250613_0490_S725__chrII__442040__A__G,TRUE,TRUE,0,NA,NA,NA,NA,NA
5081_737_VB4_VB_WGS_20250613_0491_S741,5081_737_VB4_VB_WGS_20250613_0491_S741__chrXII__953330__T__C,TRUE,TRUE,0,NA,NA,NA,NA,NA
5081_594_VB4_VB_WGS_20250613_0494_S598,5081_594_VB4_VB_WGS_20250613_0494_S598__chrIX__110207__G__T,FALSE,FALSE,0,NA,NA,NA,NA,NA
5081_610_VB4_VB_WGS_20250613_0495_S614,5081_610_VB4_VB_WGS_20250613_0495_S614__chrIV__135873__A__G,TRUE,TRUE,0,NA,NA,NA,NA,NA
5081_626_VB4_VB_WGS_20250613_0496_S630,5081_626_VB4_VB_WGS_20250613_0496_S630__chrI__34554__A__G,TRUE,FALSE,0,NA,NA,NA,NA,NA
5081_642_VB4_VB_WGS_20250613_0497_S646,5081_642_VB4_VB_WGS_20250613_0497_S646__chrIV__578728__A__G,TRUE,FALSE,0,NA,NA,NA,NA,NA
5081_658_VB4_VB_WGS_20250613_0498_S662,5081_658_VB4_VB_WGS_20250613_0498_S662__chrX__160275__C__T,TRUE,TRUE,0,NA,NA,NA,NA,NA
5081_674_VB4_VB_WGS_20250613_0499_S678,5081_674_VB4_VB_WGS_20250613_0499_S678__chrXIII__109858__C__T,FALSE,FALSE,0,NA,NA,NA,NA,NA
5081_690_VB4_VB_WGS_20250613_0500_S694,5081_690_VB4_VB_WGS_20250613_0500_S694__chrII__154387__C__T,FALSE,FALSE,0,NA,NA,NA,NA,NA
5081_706_VB4_VB_WGS_20250613_0501_S710,5081_706_VB4_VB_WGS_20250613_0501_S710__chrIX__425781__A__G,TRUE,TRUE,0,NA,NA,NA,NA,NA
5081_722_VB4_VB_WGS_20250613_0502_S726,5081_722_VB4_VB_WGS_20250613_0502_S726__chrXV__415569__T__C,TRUE,FALSE,0,NA,NA,NA,NA,NA
5081_738_VB4_VB_WGS_20250613_0503_S742,5081_738_VB4_VB_WGS_20250613_0503_S742__chrII__142186__G__A,TRUE,TRUE,0,NA,NA,NA,NA,NA
5081_754_VB4_VB_WGS_20250613_0504_S758,5081_754_VB4_VB_WGS_20250613_0504_S758__chrIX__110207__G__T,TRUE,FALSE,0,NA,NA,NA,NA,NA
5081_579_VB4_VB_WGS_20250613_0505_S583,5081_579_VB4_VB_WGS_20250613_0505_S583__chrXII__65992__C__T,TRUE,FALSE,0,NA,NA,NA,NA,NA
5081_595_VB4_VB_WGS_20250613_0506_S599,5081_595_VB4_VB_WGS_20250613_0506_S599__chrXIV__528149__C__T,TRUE,FALSE,0,NA,NA,NA,NA,NA
5081_611_VB4_VB_WGS_20250613_0507_S615,5081_611_VB4_VB_WGS_20250613_0507_S615__chrXIII__514194__A__G,FALSE,FALSE,0,NA,NA,NA,NA,NA
5081_627_VB4_VB_WGS_20250613_0508_S631,5081_627_VB4_VB_WGS_20250613_0508_S631__chrV__343995__C__T,TRUE,TRUE,0,NA,NA,NA,NA,NA
5081_643_VB4_VB_WGS_20250613_0509_S647,5081_643_VB4_VB_WGS_20250613_0509_S647__chrII__543393__A__G,FALSE,FALSE,0,NA,NA,NA,NA,NA
5081_659_VB4_VB_WGS_20250613_0510_S663,5081_659_VB4_VB_WGS_20250613_0510_S663__chrII__568762__T__G,TRUE,TRUE,0,NA,NA,NA,NA,NA
5081_675_VB4_VB_WGS_20250613_0511_S679,5081_675_VB4_VB_WGS_20250613_0511_S679__chrXV__588090__G__C,TRUE,TRUE,0,NA,NA,NA,NA,NA
5081_691_VB4_VB_WGS_20250613_0512_S695,5081_691_VB4_VB_WGS_20250613_0512_S695__chrX__519866__C__T,TRUE,TRUE,0,NA,NA,NA,NA,NA
5081_707_VB4_VB_WGS_20250613_0513_S711,5081_707_VB4_VB_WGS_20250613_0513_S711__chrXIII__394731__G__C,TRUE,FALSE,0,NA,NA,NA,NA,NA
5081_723_VB4_VB_WGS_20250613_0514_S727,5081_723_VB4_VB_WGS_20250613_0514_S727__chrVI__72028__G__T,TRUE,FALSE,0,NA,NA,NA,NA,NA
5081_739_VB4_VB_WGS_20250613_0515_S743,5081_739_VB4_VB_WGS_20250613_0515_S743__chrXV__492545__G__A,TRUE,FALSE,0,NA,NA,NA,NA,NA
5081_755_VB4_VB_WGS_20250613_0516_S759,5081_755_VB4_VB_WGS_20250613_0516_S759__chrVI__71230__G__C,TRUE,TRUE,0,NA,NA,NA,NA,NA
5081_580_VB4_VB_WGS_20250613_0517_S584,5081_580_VB4_VB_WGS_20250613_0517_S584__chrXII__688347__C__T,TRUE,TRUE,0,NA,NA,NA,NA,NA
5081_596_VB4_VB_WGS_20250613_0518_S600,5081_596_VB4_VB_WGS_20250613_0518_S600__chrVIII__41712__G__A,TRUE,TRUE,0,NA,NA,NA,NA,NA
5081_612_VB4_VB_WGS_20250613_0519_S616,5081_612_VB4_VB_WGS_20250613_0519_S616__chrVII__195492__G__A,TRUE,TRUE,0,NA,NA,NA,NA,NA
5081_644_VB4_VB_WGS_20250613_0521_S648,5081_644_VB4_VB_WGS_20250613_0521_S648__chrXII__804294__G__A,TRUE,FALSE,0,NA,NA,NA,NA,NA
5081_660_VB4_VB_WGS_20250613_0522_S664,5081_660_VB4_VB_WGS_20250613_0522_S664__chrXII__919648__C__T,TRUE,TRUE,0,NA,NA,NA,NA,NA
5081_692_VB4_VB_WGS_20250613_0524_S696,5081_692_VB4_VB_WGS_20250613_0524_S696__chrXIV__591433__T__C,TRUE,FALSE,0,NA,NA,NA,NA,NA
5081_708_VB4_VB_WGS_20250613_0525_S712,5081_708_VB4_VB_WGS_20250613_0525_S712__chrV__482159__A__G,TRUE,TRUE,0,NA,NA,NA,NA,NA
5081_724_VB4_VB_WGS_20250613_0526_S728,5081_724_VB4_VB_WGS_20250613_0526_S728__chrIV__106297__A__C,TRUE,TRUE,0,NA,NA,NA,NA,NA
5081_740_VB4_VB_WGS_20250613_0527_S744,5081_740_VB4_VB_WGS_20250613_0527_S744__chrXV__415569__T__C,TRUE,FALSE,0,NA,NA,NA,NA,NA
5081_581_VB4_VB_WGS_20250613_0529_S585,5081_581_VB4_VB_WGS_20250613_0529_S585__chrXI__194575__C__T,TRUE,TRUE,0,NA,NA,NA,NA,NA
5081_597_VB4_VB_WGS_20250613_0530_S601,5081_597_VB4_VB_WGS_20250613_0530_S601__chrXII__826454__T__C,TRUE,TRUE,0,NA,NA,NA,NA,NA
5081_613_VB4_VB_WGS_20250613_0531_S617,5081_613_VB4_VB_WGS_20250613_0531_S617__chrXV__178440__T__C,FALSE,FALSE,0,NA,NA,NA,NA,NA
5081_629_VB4_VB_WGS_20250613_0532_S633,5081_629_VB4_VB_WGS_20250613_0532_S633__chrXVI__404060__C__A,TRUE,TRUE,0,NA,NA,NA,NA,NA
5081_645_VB4_VB_WGS_20250613_0533_S649,5081_645_VB4_VB_WGS_20250613_0533_S649__chrII__629782__T__C,TRUE,TRUE,0,NA,NA,NA,NA,NA
5081_677_VB4_VB_WGS_20250613_0535_S681,5081_677_VB4_VB_WGS_20250613_0535_S681__chrII__137859__T__G,TRUE,TRUE,0,NA,NA,NA,NA,NA
5081_693_VB4_VB_WGS_20250613_0536_S697,5081_693_VB4_VB_WGS_20250613_0536_S697__chrXI__13443__T__C,TRUE,TRUE,0,NA,NA,NA,NA,NA
5081_709_VB4_VB_WGS_20250613_0537_S713,5081_709_VB4_VB_WGS_20250613_0537_S713__chrXV__415035__A__C,TRUE,TRUE,0,NA,NA,NA,NA,NA
5081_725_VB4_VB_WGS_20250613_0538_S729,5081_725_VB4_VB_WGS_20250613_0538_S729__chrVII__769426__G__A,TRUE,FALSE,0,NA,NA,NA,NA,NA
5081_741_VB4_VB_WGS_20250613_0539_S745,5081_741_VB4_VB_WGS_20250613_0539_S745__chrIV__227289__A__G,TRUE,TRUE,0,NA,NA,NA,NA,NA
5081_757_VB4_VB_WGS_20250613_0540_S761,5081_757_VB4_VB_WGS_20250613_0540_S761__chrI__206564__G__T,FALSE,FALSE,0,NA,NA,NA,NA,NA
5081_582_VB4_VB_WGS_20250613_0541_S586,5081_582_VB4_VB_WGS_20250613_0541_S586__chrXII__803961__T__C,TRUE,TRUE,0,NA,NA,NA,NA,NA
5081_598_VB4_VB_WGS_20250613_0542_S602,5081_598_VB4_VB_WGS_20250613_0542_S602__chrXV__142614__G__A,TRUE,TRUE,0,NA,NA,NA,NA,NA
5081_614_VB4_VB_WGS_20250613_0543_S618,5081_614_VB4_VB_WGS_20250613_0543_S618__chrVII__681232__A__T,TRUE,FALSE,0,NA,NA,NA,NA,NA
5081_630_VB4_VB_WGS_20250613_0544_S634,5081_630_VB4_VB_WGS_20250613_0544_S634__chrXV__316888__A__C,TRUE,TRUE,0,NA,NA,NA,NA,NA
5081_646_VB4_VB_WGS_20250613_0545_S650,5081_646_VB4_VB_WGS_20250613_0545_S650__chrV__534723__T__C,TRUE,FALSE,0,NA,NA,NA,NA,NA
5081_662_VB4_VB_WGS_20250613_0546_S666,5081_662_VB4_VB_WGS_20250613_0546_S666__chrV__534723__T__C,TRUE,FALSE,0,NA,NA,NA,NA,NA
5081_678_VB4_VB_WGS_20250613_0547_S682,5081_678_VB4_VB_WGS_20250613_0547_S682__chrVII__950132__A__G,TRUE,TRUE,0,NA,NA,NA,NA,NA
5081_694_VB4_VB_WGS_20250613_0548_S698,5081_694_VB4_VB_WGS_20250613_0548_S698__chrXV__142614__G__A,TRUE,TRUE,0,NA,NA,NA,NA,NA
5081_710_VB4_VB_WGS_20250613_0549_S714,5081_710_VB4_VB_WGS_20250613_0549_S714__chrII__592643__G__T,TRUE,TRUE,0,NA,NA,NA,NA,NA
5081_726_VB4_VB_WGS_20250613_0550_S730,5081_726_VB4_VB_WGS_20250613_0550_S730__chrXII__404565__G__C,FALSE,FALSE,0,NA,NA,NA,NA,NA
5081_742_VB4_VB_WGS_20250613_0551_S746,5081_742_VB4_VB_WGS_20250613_0551_S746__chrV__482384__G__C,TRUE,TRUE,0,NA,NA,NA,NA,NA
5081_758_VB4_VB_WGS_20250613_0552_S762,5081_758_VB4_VB_WGS_20250613_0552_S762__chrXV__582590__G__A,TRUE,FALSE,0,NA,NA,NA,NA,NA
5081_583_VB4_VB_WGS_20250613_0553_S587,5081_583_VB4_VB_WGS_20250613_0553_S587__chrXVI__99579__T__C,TRUE,FALSE,0,NA,NA,NA,NA,NA
5081_599_VB4_VB_WGS_20250613_0554_S603,5081_599_VB4_VB_WGS_20250613_0554_S603__chrVII__217461__A__G,TRUE,TRUE,0,NA,NA,NA,NA,NA
5081_615_VB4_VB_WGS_20250613_0555_S619,5081_615_VB4_VB_WGS_20250613_0555_S619__chrVIII__60785__C__T,TRUE,TRUE,0,NA,NA,NA,NA,NA
5081_631_VB4_VB_WGS_20250613_0556_S635,5081_631_VB4_VB_WGS_20250613_0556_S635__chrIV__301246__C__T,TRUE,FALSE,0,NA,NA,NA,NA,NA
5081_647_VB4_VB_WGS_20250613_0557_S651,5081_647_VB4_VB_WGS_20250613_0557_S651__chrIX__130004__T__A,TRUE,TRUE,0,NA,NA,NA,NA,NA
5081_663_VB4_VB_WGS_20250613_0558_S667,5081_663_VB4_VB_WGS_20250613_0558_S667__chrIX__106017__C__T,FALSE,FALSE,0,NA,NA,NA,NA,NA
5081_679_VB4_VB_WGS_20250613_0559_S683,5081_679_VB4_VB_WGS_20250613_0559_S683__chrII__455029__T__C,TRUE,TRUE,0,NA,NA,NA,NA,NA
5081_695_VB4_VB_WGS_20250613_0560_S699,5081_695_VB4_VB_WGS_20250613_0560_S699__chrIV__78945__C__G,TRUE,TRUE,0,NA,NA,NA,NA,NA
5081_711_VB4_VB_WGS_20250613_0561_S715,5081_711_VB4_VB_WGS_20250613_0561_S715__chrIV__1514885__C__T,FALSE,FALSE,0,NA,NA,NA,NA,NA
5081_727_VB4_VB_WGS_20250613_0562_S731,5081_727_VB4_VB_WGS_20250613_0562_S731__chrVI__72028__G__T,FALSE,FALSE,0,NA,NA,NA,NA,NA
5081_743_VB4_VB_WGS_20250613_0563_S747,5081_743_VB4_VB_WGS_20250613_0563_S747__chrIII__156868__A__G,TRUE,FALSE,0,NA,NA,NA,NA,NA
5081_759_VB4_VB_WGS_20250613_0564_S763,5081_759_VB4_VB_WGS_20250613_0564_S763__chrXVI__864494__A__C,TRUE,FALSE,0,NA,NA,NA,NA,NA
5081_600_VB4_VB_WGS_20250613_0566_S604,5081_600_VB4_VB_WGS_20250613_0566_S604__chrVII__218213__T__A,FALSE,FALSE,0,NA,NA,NA,NA,NA
5081_616_VB4_VB_WGS_20250613_0567_S620,5081_616_VB4_VB_WGS_20250613_0567_S620__chrXIII__366501__A__G,FALSE,FALSE,0,NA,NA,NA,NA,NA
5081_632_VB4_VB_WGS_20250613_0568_S636,5081_632_VB4_VB_WGS_20250613_0568_S636__chrX__110925__T__C,FALSE,FALSE,0,NA,NA,NA,NA,NA
5081_648_VB4_VB_WGS_20250613_0569_S652,5081_648_VB4_VB_WGS_20250613_0569_S652__chrXVI__114721__C__T,TRUE,TRUE,0,NA,NA,NA,NA,NA
5081_664_VB4_VB_WGS_20250613_0570_S668,5081_664_VB4_VB_WGS_20250613_0570_S668__chrIX__60844__T__C,TRUE,FALSE,0,NA,NA,NA,NA,NA
5081_680_VB4_VB_WGS_20250613_0571_S684,5081_680_VB4_VB_WGS_20250613_0571_S684__chrVIII__427619__T__C,TRUE,FALSE,0,NA,NA,NA,NA,NA
5081_696_VB4_VB_WGS_20250613_0572_S700,5081_696_VB4_VB_WGS_20250613_0572_S700__chrXIII__118473__A__G,TRUE,FALSE,0,NA,NA,NA,NA,NA
5081_712_VB4_VB_WGS_20250613_0573_S716,5081_712_VB4_VB_WGS_20250613_0573_S716__chrV__24575__T__C,FALSE,FALSE,0,NA,NA,NA,NA,NA
5081_728_VB4_VB_WGS_20250613_0574_S732,5081_728_VB4_VB_WGS_20250613_0574_S732__chrI__206564__G__T,TRUE,FALSE,1,0.985788548482719,0.985788548482719,1,116.165,100
5081_760_VB4_VB_WGS_20250613_0576_S764,5081_760_VB4_VB_WGS_20250613_0576_S764__chrXV__589090__C__T,FALSE,FALSE,0,NA,NA,NA,NA,NA
5081_585_VB4_VB_WGS_20250613_0577_S589,5081_585_VB4_VB_WGS_20250613_0577_S589__chrII__186366__A__G,FALSE,FALSE,0,NA,NA,NA,NA,NA
5081_601_VB4_VB_WGS_20250613_0578_S605,5081_601_VB4_VB_WGS_20250613_0578_S605__chrXII__722380__T__C,TRUE,FALSE,0,NA,NA,NA,NA,NA
5081_617_VB4_VB_WGS_20250613_0579_S621,5081_617_VB4_VB_WGS_20250613_0579_S621__chrXIII__87907__C__T,TRUE,TRUE,0,NA,NA,NA,NA,NA
5081_633_VB4_VB_WGS_20250613_0580_S637,5081_633_VB4_VB_WGS_20250613_0580_S637__chrXIV__142083__G__A,TRUE,TRUE,0,NA,NA,NA,NA,NA
5081_649_VB4_VB_WGS_20250613_0581_S653,5081_649_VB4_VB_WGS_20250613_0581_S653__chrXIII__449969__G__A,TRUE,TRUE,0,NA,NA,NA,NA,NA
5081_665_VB4_VB_WGS_20250613_0582_S669,5081_665_VB4_VB_WGS_20250613_0582_S669__chrIV__693070__G__C,TRUE,TRUE,0,NA,NA,NA,NA,NA
5081_681_VB4_VB_WGS_20250613_0583_S685,5081_681_VB4_VB_WGS_20250613_0583_S685__chrIII__156868__A__G,TRUE,FALSE,0,NA,NA,NA,NA,NA
5081_697_VB4_VB_WGS_20250613_0584_S701,5081_697_VB4_VB_WGS_20250613_0584_S701__chrXIV__525732__C__T,TRUE,FALSE,0,NA,NA,NA,NA,NA
5081_713_VB4_VB_WGS_20250613_0585_S717,5081_713_VB4_VB_WGS_20250613_0585_S717__chrIV__1508583__G__T,TRUE,TRUE,0,NA,NA,NA,NA,NA
5081_729_VB4_VB_WGS_20250613_0586_S733,5081_729_VB4_VB_WGS_20250613_0586_S733__chrXVI__864494__A__C,TRUE,FALSE,0,NA,NA,NA,NA,NA
5081_745_VB4_VB_WGS_20250613_0587_S749,5081_745_VB4_VB_WGS_20250613_0587_S749__chrVII__275338__C__A,TRUE,TRUE,0,NA,NA,NA,NA,NA
5081_761_VB4_VB_WGS_20250613_0588_S765,5081_761_VB4_VB_WGS_20250613_0588_S765__chrII__455029__T__C,TRUE,TRUE,0,NA,NA,NA,NA,NA
5081_586_VB4_VB_WGS_20250613_0589_S590,5081_586_VB4_VB_WGS_20250613_0589_S590__chrIV__234547__C__G,TRUE,TRUE,0,NA,NA,NA,NA,NA
5081_602_VB4_VB_WGS_20250613_0590_S606,5081_602_VB4_VB_WGS_20250613_0590_S606__chrIV__693070__G__C,TRUE,TRUE,0,NA,NA,NA,NA,NA
5081_618_VB4_VB_WGS_20250613_0591_S622,5081_618_VB4_VB_WGS_20250613_0591_S622__chrXII__817876__G__A,FALSE,FALSE,0,NA,NA,NA,NA,NA
5081_634_VB4_VB_WGS_20250613_0592_S638,5081_634_VB4_VB_WGS_20250613_0592_S638__chrXV__929711__T__C,FALSE,FALSE,0,NA,NA,NA,NA,NA
5081_650_VB4_VB_WGS_20250613_0593_S654,5081_650_VB4_VB_WGS_20250613_0593_S654__chrIV__671424__A__G,TRUE,FALSE,0,NA,NA,NA,NA,NA
5081_666_VB4_VB_WGS_20250613_0594_S670,5081_666_VB4_VB_WGS_20250613_0594_S670__chrXV__505372__A__C,TRUE,TRUE,0,NA,NA,NA,NA,NA
5081_682_VB4_VB_WGS_20250613_0595_S686,5081_682_VB4_VB_WGS_20250613_0595_S686__chrIV__578728__A__G,FALSE,FALSE,0,NA,NA,NA,NA,NA
5081_698_VB4_VB_WGS_20250613_0596_S702,5081_698_VB4_VB_WGS_20250613_0596_S702__chrXIII__366010__G__A,FALSE,FALSE,0,NA,NA,NA,NA,NA
5081_714_VB4_VB_WGS_20250613_0597_S718,5081_714_VB4_VB_WGS_20250613_0597_S718__chrVII__17611__G__A,FALSE,FALSE,0,NA,NA,NA,NA,NA
5081_730_VB4_VB_WGS_20250613_0598_S734,5081_730_VB4_VB_WGS_20250613_0598_S734__chrX__100283__C__T,TRUE,TRUE,0,NA,NA,NA,NA,NA
5081_746_VB4_VB_WGS_20250613_0599_S750,5081_746_VB4_VB_WGS_20250613_0599_S750__chrXV__380309__C__A,TRUE,TRUE,0,NA,NA,NA,NA,NA
5081_762_VB4_VB_WGS_20250613_0600_S766,5081_762_VB4_VB_WGS_20250613_0600_S766__chrXV__1024047__G__T,TRUE,FALSE,0,NA,NA,NA,NA,NA
5081_587_VB4_VB_WGS_20250613_0601_S591,5081_587_VB4_VB_WGS_20250613_0601_S591__chrXV__393383__G__C,TRUE,TRUE,0,NA,NA,NA,NA,NA
5081_603_VB4_VB_WGS_20250613_0602_S607,5081_603_VB4_VB_WGS_20250613_0602_S607__chrVII__769429__G__A,TRUE,FALSE,0,NA,NA,NA,NA,NA
5081_635_VB4_VB_WGS_20250613_0604_S639,5081_635_VB4_VB_WGS_20250613_0604_S639__chrVII__19183__G__T,TRUE,TRUE,0,NA,NA,NA,NA,NA
5081_651_VB4_VB_WGS_20250613_0605_S655,5081_651_VB4_VB_WGS_20250613_0605_S655__chrXIII__105326__G__A,TRUE,FALSE,0,NA,NA,NA,NA,NA
5081_667_VB4_VB_WGS_20250613_0606_S671,5081_667_VB4_VB_WGS_20250613_0606_S671__chrXII__511197__C__T,TRUE,TRUE,0,NA,NA,NA,NA,NA
5081_683_VB4_VB_WGS_20250613_0607_S687,5081_683_VB4_VB_WGS_20250613_0607_S687__chrII__587830__G__C,TRUE,TRUE,0,NA,NA,NA,NA,NA
5081_699_VB4_VB_WGS_20250613_0608_S703,5081_699_VB4_VB_WGS_20250613_0608_S703__chrXVI__750765__G__C,TRUE,FALSE,0,NA,NA,NA,NA,NA
5081_715_VB4_VB_WGS_20250613_0609_S719,5081_715_VB4_VB_WGS_20250613_0609_S719__chrII__592643__G__T,TRUE,TRUE,0,NA,NA,NA,NA,NA
5081_731_VB4_VB_WGS_20250613_0610_S735,5081_731_VB4_VB_WGS_20250613_0610_S735__chrVII__442299__C__G,TRUE,FALSE,0,NA,NA,NA,NA,NA
5081_747_VB4_VB_WGS_20250613_0611_S751,5081_747_VB4_VB_WGS_20250613_0611_S751__chrXII__807074__A__G,FALSE,FALSE,0,NA,NA,NA,NA,NA
5081_763_VB4_VB_WGS_20250613_0612_S767,5081_763_VB4_VB_WGS_20250613_0612_S767__chrXIII__336695__C__T,FALSE,FALSE,0,NA,NA,NA,NA,NA
5081_604_VB4_VB_WGS_20250613_0614_S608,5081_604_VB4_VB_WGS_20250613_0614_S608__chrX__703116__A__T,TRUE,TRUE,0,NA,NA,NA,NA,NA
5081_620_VB4_VB_WGS_20250613_0615_S624,5081_620_VB4_VB_WGS_20250613_0615_S624__chrVI__51343__A__G,FALSE,FALSE,0,NA,NA,NA,NA,NA
5081_636_VB4_VB_WGS_20250613_0616_S640,5081_636_VB4_VB_WGS_20250613_0616_S640__chrXVI__404060__C__A,FALSE,FALSE,0,NA,NA,NA,NA,NA
5081_652_VB4_VB_WGS_20250613_0617_S656,5081_652_VB4_VB_WGS_20250613_0617_S656__chrXII__804542__C__T,TRUE,FALSE,0,NA,NA,NA,NA,NA
5081_668_VB4_VB_WGS_20250613_0618_S672,5081_668_VB4_VB_WGS_20250613_0618_S672__chrIX__58511__G__A,TRUE,TRUE,0,NA,NA,NA,NA,NA
5081_684_VB4_VB_WGS_20250613_0619_S688,5081_684_VB4_VB_WGS_20250613_0619_S688__chrXV__925372__G__A,TRUE,FALSE,0,NA,NA,NA,NA,NA
5081_700_VB4_VB_WGS_20250613_0620_S704,5081_700_VB4_VB_WGS_20250613_0620_S704__chrIX__60844__T__C,TRUE,FALSE,0,NA,NA,NA,NA,NA
5081_716_VB4_VB_WGS_20250613_0621_S720,5081_716_VB4_VB_WGS_20250613_0621_S720__chrXV__964403__C__A,TRUE,FALSE,0,NA,NA,NA,NA,NA
5081_732_VB4_VB_WGS_20250613_0622_S736,5081_732_VB4_VB_WGS_20250613_0622_S736__chrVII__190586__G__A,TRUE,TRUE,0,NA,NA,NA,NA,NA
5081_748_VB4_VB_WGS_20250613_0623_S752,5081_748_VB4_VB_WGS_20250613_0623_S752__chrIV__609905__C__T,TRUE,FALSE,0,NA,NA,NA,NA,NA
5081_764_VB4_VB_WGS_20250613_0624_S768,5081_764_VB4_VB_WGS_20250613_0624_S768__chrXV__819520__G__A,FALSE,FALSE,0,NA,NA,NA,NA,NA
5081_589_VB4_VB_WGS_20250613_0625_S593,5081_589_VB4_VB_WGS_20250613_0625_S593__chrVII__9493__A__G,TRUE,FALSE,0,NA,NA,NA,NA,NA
5081_605_VB4_VB_WGS_20250613_0626_S609,5081_605_VB4_VB_WGS_20250613_0626_S609__chrII__389557__G__A,TRUE,FALSE,1,0.00111174528214205,0.00111174528214205,0,170.719,100
5081_621_VB4_VB_WGS_20250613_0627_S625,5081_621_VB4_VB_WGS_20250613_0627_S625__chrXV__588565__G__A,TRUE,TRUE,0,NA,NA,NA,NA,NA
5081_637_VB4_VB_WGS_20250613_0628_S641,5081_637_VB4_VB_WGS_20250613_0628_S641__chrIV__70552__C__A,FALSE,FALSE,0,NA,NA,NA,NA,NA
5081_653_VB4_VB_WGS_20250613_0629_S657,5081_653_VB4_VB_WGS_20250613_0629_S657__chrXI__621619__A__G,TRUE,FALSE,0,NA,NA,NA,NA,NA
5081_669_VB4_VB_WGS_20250613_0630_S673,5081_669_VB4_VB_WGS_20250613_0630_S673__chrVII__861407__A__G,TRUE,FALSE,0,NA,NA,NA,NA,NA
5081_685_VB4_VB_WGS_20250613_0631_S689,5081_685_VB4_VB_WGS_20250613_0631_S689__chrXIII__35559__C__G,FALSE,FALSE,0,NA,NA,NA,NA,NA
5081_717_VB4_VB_WGS_20250613_0633_S721,5081_717_VB4_VB_WGS_20250613_0633_S721__chrXVI__427708__G__A,FALSE,FALSE,0,NA,NA,NA,NA,NA
5081_733_VB4_VB_WGS_20250613_0634_S737,5081_733_VB4_VB_WGS_20250613_0634_S737__chrI__137148__C__G,TRUE,FALSE,0,NA,NA,NA,NA,NA
5081_749_VB4_VB_WGS_20250613_0635_S753,5081_749_VB4_VB_WGS_20250613_0635_S753__chrX__675286__T__A,FALSE,FALSE,0,NA,NA,NA,NA,NA
5081_765_VB4_VB_WGS_20250613_0636_S769,5081_765_VB4_VB_WGS_20250613_0636_S769__chrXI__194575__C__T,TRUE,TRUE,0,NA,NA,NA,NA,NA
5081_590_VB4_VB_WGS_20250613_0637_S594,5081_590_VB4_VB_WGS_20250613_0637_S594__chrVII__18516__A__T,FALSE,FALSE,0,NA,NA,NA,NA,NA
5081_606_VB4_VB_WGS_20250613_0638_S610,5081_606_VB4_VB_WGS_20250613_0638_S610__chrXII__919648__C__T,TRUE,TRUE,0,NA,NA,NA,NA,NA
5081_622_VB4_VB_WGS_20250613_0639_S626,5081_622_VB4_VB_WGS_20250613_0639_S626__chrXI__235797__C__A,TRUE,FALSE,0,NA,NA,NA,NA,NA
5081_638_VB4_VB_WGS_20250613_0640_S642,5081_638_VB4_VB_WGS_20250613_0640_S642__chrXIV__544644__G__A,TRUE,FALSE,0,NA,NA,NA,NA,NA
5081_654_VB4_VB_WGS_20250613_0641_S658,5081_654_VB4_VB_WGS_20250613_0641_S658__chrIV__301246__C__T,TRUE,FALSE,0,NA,NA,NA,NA,NA
5081_670_VB4_VB_WGS_20250613_0642_S674,5081_670_VB4_VB_WGS_20250613_0642_S674__chrIX__106017__C__T,TRUE,TRUE,0,NA,NA,NA,NA,NA
5081_686_VB4_VB_WGS_20250613_0643_S690,5081_686_VB4_VB_WGS_20250613_0643_S690__chrXV__415569__T__C,TRUE,FALSE,0,NA,NA,NA,NA,NA
5081_718_VB4_VB_WGS_20250613_0645_S722,5081_718_VB4_VB_WGS_20250613_0645_S722__chrXIII__682467__G__A,TRUE,FALSE,0,NA,NA,NA,NA,NA
5081_734_VB4_VB_WGS_20250613_0646_S738,5081_734_VB4_VB_WGS_20250613_0646_S738__chrVII__679558__G__C,FALSE,FALSE,0,NA,NA,NA,NA,NA
5081_750_VB4_VB_WGS_20250613_0647_S754,5081_750_VB4_VB_WGS_20250613_0647_S754__chrXI__62502__C__G,TRUE,TRUE,0,NA,NA,NA,NA,NA
5081_766_VB4_VB_WGS_20250613_0648_S770,5081_766_VB4_VB_WGS_20250613_0648_S770__chrII__568762__T__G,FALSE,FALSE,0,NA,NA,NA,NA,NA
5081_607_VB4_VB_WGS_20250613_0650_S611,5081_607_VB4_VB_WGS_20250613_0650_S611__chrII__592643__G__T,FALSE,FALSE,0,NA,NA,NA,NA,NA
5081_623_VB4_VB_WGS_20250613_0651_S627,5081_623_VB4_VB_WGS_20250613_0651_S627__chrXV__641425__G__T,TRUE,FALSE,0,NA,NA,NA,NA,NA
5081_639_VB4_VB_WGS_20250613_0652_S643,5081_639_VB4_VB_WGS_20250613_0652_S643__chrI__198398__C__T,TRUE,TRUE,0,NA,NA,NA,NA,NA
5081_655_VB4_VB_WGS_20250613_0653_S659,5081_655_VB4_VB_WGS_20250613_0653_S659__chrXIII__909772__A__C,TRUE,FALSE,0,NA,NA,NA,NA,NA
5081_671_VB4_VB_WGS_20250613_0654_S675,5081_671_VB4_VB_WGS_20250613_0654_S675__chrXIII__682461__T__C,TRUE,TRUE,0,NA,NA,NA,NA,NA
5081_687_VB4_VB_WGS_20250613_0655_S691,5081_687_VB4_VB_WGS_20250613_0655_S691__chrXII__804294__G__A,TRUE,FALSE,0,NA,NA,NA,NA,NA
5081_703_VB4_VB_WGS_20250613_0656_S707,5081_703_VB4_VB_WGS_20250613_0656_S707__chrIV__301246__C__T,TRUE,TRUE,0,NA,NA,NA,NA,NA
5081_719_VB4_VB_WGS_20250613_0657_S723,5081_719_VB4_VB_WGS_20250613_0657_S723__chrXIII__391574__G__A,TRUE,TRUE,0,NA,NA,NA,NA,NA
5081_735_VB4_VB_WGS_20250613_0658_S739,5081_735_VB4_VB_WGS_20250613_0658_S739__chrXV__492545__G__A,TRUE,FALSE,0,NA,NA,NA,NA,NA
5081_751_VB4_VB_WGS_20250613_0659_S755,5081_751_VB4_VB_WGS_20250613_0659_S755__chrXV__173763__G__C,TRUE,TRUE,0,NA,NA,NA,NA,NA
5081_767_VB4_VB_WGS_20250613_0660_S771,5081_767_VB4_VB_WGS_20250613_0660_S771__chrXI__25337__C__T,TRUE,FALSE,0,NA,NA,NA,NA,NA
5081_592_VB4_VB_WGS_20250613_0661_S596,5081_592_VB4_VB_WGS_20250613_0661_S596__chrIII__283302__C__T,TRUE,FALSE,0,NA,NA,NA,NA,NA
5081_608_VB4_VB_WGS_20250613_0662_S612,5081_608_VB4_VB_WGS_20250613_0662_S612__chrXIII__109858__C__T,TRUE,FALSE,0,NA,NA,NA,NA,NA
5081_624_VB4_VB_WGS_20250613_0663_S628,5081_624_VB4_VB_WGS_20250613_0663_S628__chrXIV__525732__C__T,TRUE,FALSE,0,NA,NA,NA,NA,NA
5081_640_VB4_VB_WGS_20250613_0664_S644,5081_640_VB4_VB_WGS_20250613_0664_S644__chrXIII__238380__A__G,TRUE,TRUE,0,NA,NA,NA,NA,NA
5081_656_VB4_VB_WGS_20250613_0665_S660,5081_656_VB4_VB_WGS_20250613_0665_S660__chrVII__216695__G__A,TRUE,FALSE,0,NA,NA,NA,NA,NA
5081_672_VB4_VB_WGS_20250613_0666_S676,5081_672_VB4_VB_WGS_20250613_0666_S676__chrXI__100445__A__G,TRUE,FALSE,0,NA,NA,NA,NA,NA
5081_688_VB4_VB_WGS_20250613_0667_S692,5081_688_VB4_VB_WGS_20250613_0667_S692__chrXII__777814__A__G,FALSE,FALSE,0,NA,NA,NA,NA,NA
5081_704_VB4_VB_WGS_20250613_0668_S708,5081_704_VB4_VB_WGS_20250613_0668_S708__chrXIV__591433__T__C,TRUE,FALSE,0,NA,NA,NA,NA,NA
5081_720_VB4_VB_WGS_20250613_0669_S724,5081_720_VB4_VB_WGS_20250613_0669_S724__chrVII__629252__T__C,FALSE,FALSE,0,NA,NA,NA,NA,NA
5081_736_VB4_VB_WGS_20250613_0670_S740,5081_736_VB4_VB_WGS_20250613_0670_S740__chrXII__777814__A__G,TRUE,FALSE,0,NA,NA,NA,NA,NA
5081_752_VB4_VB_WGS_20250613_0671_S756,5081_752_VB4_VB_WGS_20250613_0671_S756__chrXV__589090__C__T,TRUE,FALSE,0,NA,NA,NA,NA,NA
5081_768_VB4_VB_WGS_20250613_0672_S772,5081_768_VB4_VB_WGS_20250613_0672_S772__chrXV__168199__G__A,FALSE,FALSE,0,NA,NA,NA,NA,NA
5081_393_VB4_VB_WGS_20250613_0673_S397,5081_393_VB4_VB_WGS_20250613_0673_S397__chrXV__925756__C__G,TRUE,FALSE,0,NA,NA,NA,NA,NA
5081_409_VB4_VB_WGS_20250613_0674_S413,5081_409_VB4_VB_WGS_20250613_0674_S413__chrXII__314977__C__T,TRUE,TRUE,0,NA,NA,NA,NA,NA
5081_425_VB4_VB_WGS_20250613_0675_S429,5081_425_VB4_VB_WGS_20250613_0675_S429__chrXV__385938__G__C,TRUE,TRUE,0,NA,NA,NA,NA,NA
5081_441_VB4_VB_WGS_20250613_0676_S445,5081_441_VB4_VB_WGS_20250613_0676_S445__chrXV__588090__G__C,TRUE,TRUE,0,NA,NA,NA,NA,NA
5081_457_VB4_VB_WGS_20250613_0677_S461,5081_457_VB4_VB_WGS_20250613_0677_S461__chrII__549466__C__A,TRUE,TRUE,0,NA,NA,NA,NA,NA
5081_473_VB4_VB_WGS_20250613_0678_S477,5081_473_VB4_VB_WGS_20250613_0678_S477__chrXV__168404__A__C,FALSE,FALSE,0,NA,NA,NA,NA,NA
5081_489_VB4_VB_WGS_20250613_0679_S493,5081_489_VB4_VB_WGS_20250613_0679_S493__chrII__571870__T__G,TRUE,TRUE,0,NA,NA,NA,NA,NA
5081_505_VB4_VB_WGS_20250613_0680_S509,5081_505_VB4_VB_WGS_20250613_0680_S509__chrVII__769429__G__A,TRUE,TRUE,0,NA,NA,NA,NA,NA
5081_521_VB4_VB_WGS_20250613_0681_S525,5081_521_VB4_VB_WGS_20250613_0681_S525__chrII__309102__C__T,TRUE,FALSE,0,NA,NA,NA,NA,NA
5081_537_VB4_VB_WGS_20250613_0682_S541,5081_537_VB4_VB_WGS_20250613_0682_S541__chrXI__311431__A__T,TRUE,TRUE,0,NA,NA,NA,NA,NA
5081_553_VB4_VB_WGS_20250613_0683_S557,5081_553_VB4_VB_WGS_20250613_0683_S557__chrXV__415035__A__C,TRUE,TRUE,0,NA,NA,NA,NA,NA
5081_569_VB4_VB_WGS_20250613_0684_S573,5081_569_VB4_VB_WGS_20250613_0684_S573__chrXIV__467028__A__G,TRUE,TRUE,0,NA,NA,NA,NA,NA
5081_394_VB4_VB_WGS_20250613_0685_S398,5081_394_VB4_VB_WGS_20250613_0685_S398__chrXIII__871306__T__C,TRUE,TRUE,0,NA,NA,NA,NA,NA
5081_410_VB4_VB_WGS_20250613_0686_S414,5081_410_VB4_VB_WGS_20250613_0686_S414__chrXV__562567__C__T,TRUE,FALSE,0,NA,NA,NA,NA,NA
5081_426_VB4_VB_WGS_20250613_0687_S430,5081_426_VB4_VB_WGS_20250613_0687_S430__chrI__29713__T__A,TRUE,TRUE,0,NA,NA,NA,NA,NA
5081_442_VB4_VB_WGS_20250613_0688_S446,5081_442_VB4_VB_WGS_20250613_0688_S446__chrIV__1059983__A__T,TRUE,FALSE,0,NA,NA,NA,NA,NA
5081_458_VB4_VB_WGS_20250613_0689_S462,5081_458_VB4_VB_WGS_20250613_0689_S462__chrVII__275338__C__A,TRUE,TRUE,0,NA,NA,NA,NA,NA
5081_474_VB4_VB_WGS_20250613_0690_S478,5081_474_VB4_VB_WGS_20250613_0690_S478__chrXV__566430__G__T,TRUE,TRUE,0,NA,NA,NA,NA,NA
5081_490_VB4_VB_WGS_20250613_0691_S494,5081_490_VB4_VB_WGS_20250613_0691_S494__chrII__400486__A__G,TRUE,TRUE,0,NA,NA,NA,NA,NA
5081_506_VB4_VB_WGS_20250613_0692_S510,5081_506_VB4_VB_WGS_20250613_0692_S510__chrX__517244__G__C,TRUE,TRUE,0,NA,NA,NA,NA,NA
5081_522_VB4_VB_WGS_20250613_0693_S526,5081_522_VB4_VB_WGS_20250613_0693_S526__chrXIII__574079__G__A,TRUE,TRUE,0,NA,NA,NA,NA,NA
5081_538_VB4_VB_WGS_20250613_0694_S542,5081_538_VB4_VB_WGS_20250613_0694_S542__chrXII__919261__T__G,FALSE,FALSE,0,NA,NA,NA,NA,NA
5081_570_VB4_VB_WGS_20250613_0696_S574,5081_570_VB4_VB_WGS_20250613_0696_S574__chrXIII__850191__C__T,TRUE,FALSE,0,NA,NA,NA,NA,NA
5081_395_VB4_VB_WGS_20250613_0697_S399,5081_395_VB4_VB_WGS_20250613_0697_S399__chrXIII__699971__C__G,TRUE,TRUE,0,NA,NA,NA,NA,NA
5081_411_VB4_VB_WGS_20250613_0698_S415,5081_411_VB4_VB_WGS_20250613_0698_S415__chrVI__20719__C__G,FALSE,FALSE,0,NA,NA,NA,NA,NA
5081_427_VB4_VB_WGS_20250613_0699_S431,5081_427_VB4_VB_WGS_20250613_0699_S431__chrIX__419726__G__A,TRUE,TRUE,0,NA,NA,NA,NA,NA
5081_443_VB4_VB_WGS_20250613_0700_S447,5081_443_VB4_VB_WGS_20250613_0700_S447__chrIV__234547__C__G,TRUE,TRUE,0,NA,NA,NA,NA,NA
5081_459_VB4_VB_WGS_20250613_0701_S463,5081_459_VB4_VB_WGS_20250613_0701_S463__chrVII__9493__A__G,FALSE,FALSE,0,NA,NA,NA,NA,NA
5081_475_VB4_VB_WGS_20250613_0702_S479,5081_475_VB4_VB_WGS_20250613_0702_S479__chrXV__168404__A__C,TRUE,TRUE,0,NA,NA,NA,NA,NA
5081_491_VB4_VB_WGS_20250613_0703_S495,5081_491_VB4_VB_WGS_20250613_0703_S495__chrXI__315847__A__G,TRUE,TRUE,0,NA,NA,NA,NA,NA
5081_523_VB4_VB_WGS_20250613_0705_S527,5081_523_VB4_VB_WGS_20250613_0705_S527__chrXV__379978__C__T,TRUE,FALSE,0,NA,NA,NA,NA,NA
5081_539_VB4_VB_WGS_20250613_0706_S543,5081_539_VB4_VB_WGS_20250613_0706_S543__chrV__19307__G__A,TRUE,FALSE,0,NA,NA,NA,NA,NA
5081_555_VB4_VB_WGS_20250613_0707_S559,5081_555_VB4_VB_WGS_20250613_0707_S559__chrXI__202432__C__T,TRUE,TRUE,0,NA,NA,NA,NA,NA
5081_571_VB4_VB_WGS_20250613_0708_S575,5081_571_VB4_VB_WGS_20250613_0708_S575__chrII__424490__G__A,TRUE,TRUE,0,NA,NA,NA,NA,NA
5081_412_VB4_VB_WGS_20250613_0710_S416,5081_412_VB4_VB_WGS_20250613_0710_S416__chrVIII__60785__C__T,FALSE,FALSE,0,NA,NA,NA,NA,NA
5081_428_VB4_VB_WGS_20250613_0711_S432,5081_428_VB4_VB_WGS_20250613_0711_S432__chrXV__562567__C__T,TRUE,FALSE,0,NA,NA,NA,NA,NA
5081_444_VB4_VB_WGS_20250613_0712_S448,5081_444_VB4_VB_WGS_20250613_0712_S448__chrII__469374__G__A,TRUE,FALSE,0,NA,NA,NA,NA,NA
5081_460_VB4_VB_WGS_20250613_0713_S464,5081_460_VB4_VB_WGS_20250613_0713_S464__chrXIV__259493__A__T,TRUE,TRUE,0,NA,NA,NA,NA,NA
5081_476_VB4_VB_WGS_20250613_0714_S480,5081_476_VB4_VB_WGS_20250613_0714_S480__chrXII__935517__C__G,TRUE,TRUE,0,NA,NA,NA,NA,NA
5081_492_VB4_VB_WGS_20250613_0715_S496,5081_492_VB4_VB_WGS_20250613_0715_S496__chrXI__621619__A__G,TRUE,TRUE,0,NA,NA,NA,NA,NA
5081_508_VB4_VB_WGS_20250613_0716_S512,5081_508_VB4_VB_WGS_20250613_0716_S512__chrIX__196033__T__C,TRUE,FALSE,0,NA,NA,NA,NA,NA
5081_524_VB4_VB_WGS_20250613_0717_S528,5081_524_VB4_VB_WGS_20250613_0717_S528__chrX__390122__G__A,TRUE,FALSE,0,NA,NA,NA,NA,NA
5081_540_VB4_VB_WGS_20250613_0718_S544,5081_540_VB4_VB_WGS_20250613_0718_S544__chrXIII__35559__C__G,TRUE,TRUE,0,NA,NA,NA,NA,NA
5081_556_VB4_VB_WGS_20250613_0719_S560,5081_556_VB4_VB_WGS_20250613_0719_S560__chrVII__618943__T__G,TRUE,TRUE,0,NA,NA,NA,NA,NA
5081_572_VB4_VB_WGS_20250613_0720_S576,5081_572_VB4_VB_WGS_20250613_0720_S576__chrIII__76973__G__A,TRUE,TRUE,0,NA,NA,NA,NA,NA
5081_397_VB4_VB_WGS_20250613_0721_S401,5081_397_VB4_VB_WGS_20250613_0721_S401__chrXI__311431__A__T,TRUE,TRUE,0,NA,NA,NA,NA,NA
5081_413_VB4_VB_WGS_20250613_0722_S417,5081_413_VB4_VB_WGS_20250613_0722_S417__chrVII__275338__C__A,TRUE,FALSE,0,NA,NA,NA,NA,NA
5081_429_VB4_VB_WGS_20250613_0723_S433,5081_429_VB4_VB_WGS_20250613_0723_S433__chrXIII__699971__C__G,TRUE,TRUE,0,NA,NA,NA,NA,NA
5081_445_VB4_VB_WGS_20250613_0724_S449,5081_445_VB4_VB_WGS_20250613_0724_S449__chrXV__173763__G__C,TRUE,TRUE,0,NA,NA,NA,NA,NA
5081_461_VB4_VB_WGS_20250613_0725_S465,5081_461_VB4_VB_WGS_20250613_0725_S465__chrIV__1059983__A__T,FALSE,FALSE,0,NA,NA,NA,NA,NA
5081_493_VB4_VB_WGS_20250613_0727_S497,5081_493_VB4_VB_WGS_20250613_0727_S497__chrXIV__25197__A__G,FALSE,FALSE,0,NA,NA,NA,NA,NA
5081_509_VB4_VB_WGS_20250613_0728_S513,5081_509_VB4_VB_WGS_20250613_0728_S513__chrIII__18173__G__A,TRUE,TRUE,0,NA,NA,NA,NA,NA
5081_525_VB4_VB_WGS_20250613_0729_S529,5081_525_VB4_VB_WGS_20250613_0729_S529__chrXV__39352__T__G,TRUE,TRUE,0,NA,NA,NA,NA,NA
5081_541_VB4_VB_WGS_20250613_0730_S545,5081_541_VB4_VB_WGS_20250613_0730_S545__chrII__568762__T__G,FALSE,FALSE,0,NA,NA,NA,NA,NA
5081_557_VB4_VB_WGS_20250613_0731_S561,5081_557_VB4_VB_WGS_20250613_0731_S561__chrXII__767420__G__A,FALSE,FALSE,0,NA,NA,NA,NA,NA
5081_573_VB4_VB_WGS_20250613_0732_S577,5081_573_VB4_VB_WGS_20250613_0732_S577__chrXV__582590__G__A,FALSE,FALSE,0,NA,NA,NA,NA,NA
5081_398_VB4_VB_WGS_20250613_0733_S402,5081_398_VB4_VB_WGS_20250613_0733_S402__chrXIII__682461__T__C,TRUE,FALSE,0,NA,NA,NA,NA,NA
5081_414_VB4_VB_WGS_20250613_0734_S418,5081_414_VB4_VB_WGS_20250613_0734_S418__chrVII__18561__G__T,TRUE,TRUE,0,NA,NA,NA,NA,NA
5081_430_VB4_VB_WGS_20250613_0735_S434,5081_430_VB4_VB_WGS_20250613_0735_S434__chrIV__1469510__C__T,TRUE,FALSE,0,NA,NA,NA,NA,NA
5081_446_VB4_VB_WGS_20250613_0736_S450,5081_446_VB4_VB_WGS_20250613_0736_S450__chrIV__1508583__G__T,TRUE,TRUE,0,NA,NA,NA,NA,NA
5081_462_VB4_VB_WGS_20250613_0737_S466,5081_462_VB4_VB_WGS_20250613_0737_S466__chrXII__68253__G__A,TRUE,TRUE,0,NA,NA,NA,NA,NA
5081_478_VB4_VB_WGS_20250613_0738_S482,5081_478_VB4_VB_WGS_20250613_0738_S482__chrXI__540879__G__A,FALSE,FALSE,0,NA,NA,NA,NA,NA
5081_494_VB4_VB_WGS_20250613_0739_S498,5081_494_VB4_VB_WGS_20250613_0739_S498__chrXV__925756__C__G,TRUE,FALSE,0,NA,NA,NA,NA,NA
5081_510_VB4_VB_WGS_20250613_0740_S514,5081_510_VB4_VB_WGS_20250613_0740_S514__chrXII__579588__G__A,FALSE,FALSE,0,NA,NA,NA,NA,NA
5081_526_VB4_VB_WGS_20250613_0741_S530,5081_526_VB4_VB_WGS_20250613_0741_S530__chrVII__370391__A__G,TRUE,FALSE,0,NA,NA,NA,NA,NA
5081_542_VB4_VB_WGS_20250613_0742_S546,5081_542_VB4_VB_WGS_20250613_0742_S546__chrIV__671424__A__G,TRUE,FALSE,0,NA,NA,NA,NA,NA
5081_558_VB4_VB_WGS_20250613_0743_S562,5081_558_VB4_VB_WGS_20250613_0743_S562__chrXII__804542__C__T,TRUE,TRUE,0,NA,NA,NA,NA,NA
5081_574_VB4_VB_WGS_20250613_0744_S578,5081_574_VB4_VB_WGS_20250613_0744_S578__chrXII__579633__C__T,TRUE,FALSE,0,NA,NA,NA,NA,NA
5081_399_VB4_VB_WGS_20250613_0745_S403,5081_399_VB4_VB_WGS_20250613_0745_S403__chrXIII__398576__A__T,FALSE,FALSE,0,NA,NA,NA,NA,NA
5081_415_VB4_VB_WGS_20250613_0746_S419,5081_415_VB4_VB_WGS_20250613_0746_S419__chrVIII__21911__C__A,FALSE,FALSE,0,NA,NA,NA,NA,NA
5081_431_VB4_VB_WGS_20250613_0747_S435,5081_431_VB4_VB_WGS_20250613_0747_S435__chrXII__793903__G__T,TRUE,TRUE,0,NA,NA,NA,NA,NA
5081_447_VB4_VB_WGS_20250613_0748_S451,5081_447_VB4_VB_WGS_20250613_0748_S451__chrVII__184145__T__A,FALSE,FALSE,0,NA,NA,NA,NA,NA
5081_463_VB4_VB_WGS_20250613_0749_S467,5081_463_VB4_VB_WGS_20250613_0749_S467__chrXIV__586448__T__A,FALSE,FALSE,0,NA,NA,NA,NA,NA
5081_479_VB4_VB_WGS_20250613_0750_S483,5081_479_VB4_VB_WGS_20250613_0750_S483__chrXII__234144__G__A,TRUE,TRUE,0,NA,NA,NA,NA,NA
5081_511_VB4_VB_WGS_20250613_0752_S515,5081_511_VB4_VB_WGS_20250613_0752_S515__chrXII__767420__G__A,TRUE,TRUE,0,NA,NA,NA,NA,NA
5081_527_VB4_VB_WGS_20250613_0753_S531,5081_527_VB4_VB_WGS_20250613_0753_S531__chrXVI__111646__A__C,FALSE,FALSE,0,NA,NA,NA,NA,NA
5081_543_VB4_VB_WGS_20250613_0754_S547,5081_543_VB4_VB_WGS_20250613_0754_S547__chrXV__537556__C__T,FALSE,FALSE,0,NA,NA,NA,NA,NA
5081_559_VB4_VB_WGS_20250613_0755_S563,5081_559_VB4_VB_WGS_20250613_0755_S563__chrVII__17611__G__A,TRUE,TRUE,0,NA,NA,NA,NA,NA
5081_400_VB4_VB_WGS_20250613_0757_S404,5081_400_VB4_VB_WGS_20250613_0757_S404__chrVI__129460__T__C,TRUE,FALSE,0,NA,NA,NA,NA,NA
5081_416_VB4_VB_WGS_20250613_0758_S420,5081_416_VB4_VB_WGS_20250613_0758_S420__chrIV__822719__T__C,FALSE,FALSE,0,NA,NA,NA,NA,NA
5081_432_VB4_VB_WGS_20250613_0759_S436,5081_432_VB4_VB_WGS_20250613_0759_S436__chrXVI__404060__C__A,TRUE,TRUE,0,NA,NA,NA,NA,NA
5081_448_VB4_VB_WGS_20250613_0760_S452,5081_448_VB4_VB_WGS_20250613_0760_S452__chrXVI__203067__C__T,TRUE,TRUE,0,NA,NA,NA,NA,NA
5081_464_VB4_VB_WGS_20250613_0761_S468,5081_464_VB4_VB_WGS_20250613_0761_S468__chrXIII__336695__C__T,TRUE,TRUE,0,NA,NA,NA,NA,NA
5081_480_VB4_VB_WGS_20250613_0762_S484,5081_480_VB4_VB_WGS_20250613_0762_S484__chrIX__200298__G__A,TRUE,TRUE,0,NA,NA,NA,NA,NA
5081_496_VB4_VB_WGS_20250613_0763_S500,5081_496_VB4_VB_WGS_20250613_0763_S500__chrXII__631177__G__A,TRUE,FALSE,0,NA,NA,NA,NA,NA
5081_512_VB4_VB_WGS_20250613_0764_S516,5081_512_VB4_VB_WGS_20250613_0764_S516__chrXV__1024047__G__T,FALSE,FALSE,0,NA,NA,NA,NA,NA
5081_528_VB4_VB_WGS_20250613_0765_S532,5081_528_VB4_VB_WGS_20250613_0765_S532__chrXIII__394731__G__C,TRUE,FALSE,0,NA,NA,NA,NA,NA
5081_544_VB4_VB_WGS_20250613_0766_S548,5081_544_VB4_VB_WGS_20250613_0766_S548__chrXV__562567__C__T,FALSE,FALSE,0,NA,NA,NA,NA,NA
5081_560_VB4_VB_WGS_20250613_0767_S564,5081_560_VB4_VB_WGS_20250613_0767_S564__chrXI__62502__C__G,TRUE,TRUE,0,NA,NA,NA,NA,NA
5081_576_VB4_VB_WGS_20250613_0768_S580,5081_576_VB4_VB_WGS_20250613_0768_S580__chrXII__117856__T__C,TRUE,FALSE,0,NA,NA,NA,NA,NA
5207_001_VB_WGS_2026012_001_S5,5207_001_VB_WGS_2026012_001_S5__chrXV__108950__T__A,TRUE,TRUE,0,NA,NA,NA,NA,NA
5207_017_VB_WGS_2026012_002_S21,5207_017_VB_WGS_2026012_002_S21__chrXIV__470440__T__C,TRUE,FALSE,0,NA,NA,NA,NA,NA
5207_033_VB_WGS_2026012_003_S37,5207_033_VB_WGS_2026012_003_S37__chrIII__284448__T__C,TRUE,TRUE,0,NA,NA,NA,NA,NA
5207_049_VB_WGS_2026012_004_S53,5207_049_VB_WGS_2026012_004_S53__chrV__360409__C__A,FALSE,FALSE,0,NA,NA,NA,NA,NA
5207_081_VB_WGS_2026012_006_S85,5207_081_VB_WGS_2026012_006_S85__chrXVI__111550__G__A,TRUE,TRUE,0,NA,NA,NA,NA,NA
5207_097_VB_WGS_2026012_007_S101,5207_097_VB_WGS_2026012_007_S101__chrXI__540879__G__A,FALSE,FALSE,0,NA,NA,NA,NA,NA
5207_113_VB_WGS_2026012_008_S117,5207_113_VB_WGS_2026012_008_S117__chrXV__51148__T__A,TRUE,TRUE,0,NA,NA,NA,NA,NA
5207_129_VB_WGS_2026012_009_S133,5207_129_VB_WGS_2026012_009_S133__chrXI__12322__C__T,TRUE,TRUE,0,NA,NA,NA,NA,NA
5207_145_VB_WGS_2026012_010_S149,5207_145_VB_WGS_2026012_010_S149__chrXII__561785__T__G,TRUE,FALSE,0,NA,NA,NA,NA,NA
5207_161_VB_WGS_2026012_011_S165,5207_161_VB_WGS_2026012_011_S165__chrVII__1073366__T__A,FALSE,FALSE,0,NA,NA,NA,NA,NA
5207_177_VB_WGS_2026012_012_S181,5207_177_VB_WGS_2026012_012_S181__chrXII__579588__G__A,TRUE,TRUE,0,NA,NA,NA,NA,NA
5207_018_VB_WGS_2026012_014_S22,5207_018_VB_WGS_2026012_014_S22__chrXV__947982__G__C,TRUE,TRUE,0,NA,NA,NA,NA,NA
5207_034_VB_WGS_2026012_015_S38,5207_034_VB_WGS_2026012_015_S38__chrV__261345__A__C,TRUE,TRUE,0,NA,NA,NA,NA,NA
5207_050_VB_WGS_2026012_016_S54,5207_050_VB_WGS_2026012_016_S54__chrXIII__569786__G__A,TRUE,TRUE,0,NA,NA,NA,NA,NA
5207_066_VB_WGS_2026012_017_S70,5207_066_VB_WGS_2026012_017_S70__chrXII__891452__C__T,TRUE,TRUE,0,NA,NA,NA,NA,NA
5207_082_VB_WGS_2026012_018_S86,5207_082_VB_WGS_2026012_018_S86__chrVIII__152802__T__C,FALSE,FALSE,0,NA,NA,NA,NA,NA
5207_098_VB_WGS_2026012_019_S102,5207_098_VB_WGS_2026012_019_S102__chrXI__419413__A__G,FALSE,FALSE,0,NA,NA,NA,NA,NA
5207_114_VB_WGS_2026012_020_S118,5207_114_VB_WGS_2026012_020_S118__chrV__14476__G__A,FALSE,FALSE,0,NA,NA,NA,NA,NA
5207_130_VB_WGS_2026012_021_S134,5207_130_VB_WGS_2026012_021_S134__chrVII__807712__G__A,TRUE,TRUE,0,NA,NA,NA,NA,NA
5207_146_VB_WGS_2026012_022_S150,5207_146_VB_WGS_2026012_022_S150__chrXVI__427708__G__A,TRUE,FALSE,0,NA,NA,NA,NA,NA
5207_162_VB_WGS_2026012_023_S166,5207_162_VB_WGS_2026012_023_S166__chrXII__1056105__G__C,TRUE,TRUE,0,NA,NA,NA,NA,NA
5207_178_VB_WGS_2026012_024_S182,5207_178_VB_WGS_2026012_024_S182__chrVII__169165__C__T,FALSE,FALSE,0,NA,NA,NA,NA,NA
5207_003_VB_WGS_2026012_025_S7,5207_003_VB_WGS_2026012_025_S7__chrIV__1455920__C__G,FALSE,FALSE,0,NA,NA,NA,NA,NA
5207_019_VB_WGS_2026012_026_S23,5207_019_VB_WGS_2026012_026_S23__chrXVI__381495__G__C,TRUE,TRUE,1,0.00692753607611648,0.00692753607611648,0,91.066,75
5207_035_VB_WGS_2026012_027_S39,5207_035_VB_WGS_2026012_027_S39__chrXII__315693__T__C,TRUE,FALSE,0,NA,NA,NA,NA,NA
5207_051_VB_WGS_2026012_028_S55,5207_051_VB_WGS_2026012_028_S55__chrXI__544682__C__A,TRUE,FALSE,0,NA,NA,NA,NA,NA
5207_067_VB_WGS_2026012_029_S71,5207_067_VB_WGS_2026012_029_S71__chrIV__130640__G__A,TRUE,FALSE,0,NA,NA,NA,NA,NA
5207_083_VB_WGS_2026012_030_S87,5207_083_VB_WGS_2026012_030_S87__chrII__594784__T__G,TRUE,FALSE,0,NA,NA,NA,NA,NA
5207_099_VB_WGS_2026012_031_S103,5207_099_VB_WGS_2026012_031_S103__chrXIII__679335__C__T,FALSE,FALSE,0,NA,NA,NA,NA,NA
5207_115_VB_WGS_2026012_032_S119,5207_115_VB_WGS_2026012_032_S119__chrXIV__312686__T__G,TRUE,TRUE,1,0.00467896202063889,0.00467896202063889,0,282.638,100
5207_131_VB_WGS_2026012_033_S135,5207_131_VB_WGS_2026012_033_S135__chrXV__947982__G__C,FALSE,FALSE,0,NA,NA,NA,NA,NA
5207_147_VB_WGS_2026012_034_S151,5207_147_VB_WGS_2026012_034_S151__chrIX__72762__T__C,TRUE,TRUE,0,NA,NA,NA,NA,NA
5207_163_VB_WGS_2026012_035_S167,5207_163_VB_WGS_2026012_035_S167__chrXIII__137879__C__T,TRUE,FALSE,0,NA,NA,NA,NA,NA
5207_179_VB_WGS_2026012_036_S183,5207_179_VB_WGS_2026012_036_S183__chrX__373973__G__T,TRUE,TRUE,0,NA,NA,NA,NA,NA
5207_004_VB_WGS_2026012_037_S8,5207_004_VB_WGS_2026012_037_S8__chrV__540409__C__A,TRUE,TRUE,0,NA,NA,NA,NA,NA
5207_020_VB_WGS_2026012_038_S24,5207_020_VB_WGS_2026012_038_S24__chrVII__129145__C__G,TRUE,TRUE,0,NA,NA,NA,NA,NA
5207_036_VB_WGS_2026012_039_S40,5207_036_VB_WGS_2026012_039_S40__chrVII__218213__T__A,FALSE,FALSE,0,NA,NA,NA,NA,NA
5207_052_VB_WGS_2026012_040_S56,5207_052_VB_WGS_2026012_040_S56__chrXIII__514194__A__G,TRUE,TRUE,0,NA,NA,NA,NA,NA
5207_068_VB_WGS_2026012_041_S72,5207_068_VB_WGS_2026012_041_S72__chrXIV__148586__G__A,TRUE,FALSE,0,NA,NA,NA,NA,NA
5207_084_VB_WGS_2026012_042_S88,5207_084_VB_WGS_2026012_042_S88__chrXVI__427708__G__A,TRUE,FALSE,0,NA,NA,NA,NA,NA
5207_100_VB_WGS_2026012_043_S104,5207_100_VB_WGS_2026012_043_S104__chrVIII__301777__G__A,TRUE,FALSE,0,NA,NA,NA,NA,NA
5207_116_VB_WGS_2026012_044_S120,5207_116_VB_WGS_2026012_044_S120__chrXII__490822__G__C,TRUE,FALSE,0,NA,NA,NA,NA,NA
5207_132_VB_WGS_2026012_045_S136,5207_132_VB_WGS_2026012_045_S136__chrVI__191409__A__T,TRUE,TRUE,0,NA,NA,NA,NA,NA
5207_148_VB_WGS_2026012_046_S152,5207_148_VB_WGS_2026012_046_S152__chrIV__85280__C__T,TRUE,TRUE,0,NA,NA,NA,NA,NA
5207_164_VB_WGS_2026012_047_S168,5207_164_VB_WGS_2026012_047_S168__chrVIII__477461__C__T,FALSE,FALSE,0,NA,NA,NA,NA,NA
5207_180_VB_WGS_2026012_048_S184,5207_180_VB_WGS_2026012_048_S184__chrXI__256639__A__G,TRUE,TRUE,0,NA,NA,NA,NA,NA
5207_005_VB_WGS_2026012_049_S9,5207_005_VB_WGS_2026012_049_S9__chrVI__51343__A__G,FALSE,FALSE,0,NA,NA,NA,NA,NA
5207_021_VB_WGS_2026012_050_S25,5207_021_VB_WGS_2026012_050_S25__chrXVI__72592__T__C,TRUE,TRUE,0,NA,NA,NA,NA,NA
5207_037_VB_WGS_2026012_051_S41,5207_037_VB_WGS_2026012_051_S41__chrXII__370558__G__A,TRUE,TRUE,0,NA,NA,NA,NA,NA
5207_053_VB_WGS_2026012_052_S57,5207_053_VB_WGS_2026012_052_S57__chrVII__337718__C__A,FALSE,FALSE,0,NA,NA,NA,NA,NA
5207_069_VB_WGS_2026012_053_S73,5207_069_VB_WGS_2026012_053_S73__chrIII__54609__A__C,TRUE,TRUE,0,NA,NA,NA,NA,NA
5207_085_VB_WGS_2026012_054_S89,5207_085_VB_WGS_2026012_054_S89__chrXV__97910__A__G,FALSE,FALSE,0,NA,NA,NA,NA,NA
5207_117_VB_WGS_2026012_056_S121,5207_117_VB_WGS_2026012_056_S121__chrII__107123__A__T,TRUE,TRUE,0,NA,NA,NA,NA,NA
5207_133_VB_WGS_2026012_057_S137,5207_133_VB_WGS_2026012_057_S137__chrIX__106747__G__A,FALSE,FALSE,0,NA,NA,NA,NA,NA
5207_165_VB_WGS_2026012_059_S169,5207_165_VB_WGS_2026012_059_S169__chrXVI__72592__T__C,TRUE,FALSE,0,NA,NA,NA,NA,NA
5207_181_VB_WGS_2026012_060_S185,5207_181_VB_WGS_2026012_060_S185__chrXV__569058__T__A,TRUE,FALSE,0,NA,NA,NA,NA,NA
5207_022_VB_WGS_2026012_062_S26,5207_022_VB_WGS_2026012_062_S26__chrVII__768669__C__T,TRUE,FALSE,0,NA,NA,NA,NA,NA
5207_038_VB_WGS_2026012_063_S42,5207_038_VB_WGS_2026012_063_S42__chrI__29227__A__G,TRUE,TRUE,0,NA,NA,NA,NA,NA
5207_054_VB_WGS_2026012_064_S58,5207_054_VB_WGS_2026012_064_S58__chrXII__817044__A__G,TRUE,FALSE,0,NA,NA,NA,NA,NA
5207_086_VB_WGS_2026012_066_S90,5207_086_VB_WGS_2026012_066_S90__chrXV__108950__T__A,TRUE,FALSE,0,NA,NA,NA,NA,NA
5207_102_VB_WGS_2026012_067_S106,5207_102_VB_WGS_2026012_067_S106__chrXVI__111646__A__C,FALSE,FALSE,0,NA,NA,NA,NA,NA
5207_118_VB_WGS_2026012_068_S122,5207_118_VB_WGS_2026012_068_S122__chrIX__72762__T__C,TRUE,TRUE,0,NA,NA,NA,NA,NA
5207_134_VB_WGS_2026012_069_S138,5207_134_VB_WGS_2026012_069_S138__chrXII__308220__G__A,TRUE,TRUE,0,NA,NA,NA,NA,NA
5207_150_VB_WGS_2026012_070_S154,5207_150_VB_WGS_2026012_070_S154__chrVI__51343__A__G,FALSE,FALSE,0,NA,NA,NA,NA,NA
5207_182_VB_WGS_2026012_072_S186,5207_182_VB_WGS_2026012_072_S186__chrXII__744885__T__A,FALSE,FALSE,0,NA,NA,NA,NA,NA
5207_007_VB_WGS_2026012_073_S11,5207_007_VB_WGS_2026012_073_S11__chrVII__10029__G__A,FALSE,FALSE,0,NA,NA,NA,NA,NA
5207_023_VB_WGS_2026012_074_S27,5207_023_VB_WGS_2026012_074_S27__chrXIV__586448__T__A,TRUE,TRUE,0,NA,NA,NA,NA,NA
5207_039_VB_WGS_2026012_075_S43,5207_039_VB_WGS_2026012_075_S43__chrVII__336598__G__A,FALSE,FALSE,0,NA,NA,NA,NA,NA
5207_055_VB_WGS_2026012_076_S59,5207_055_VB_WGS_2026012_076_S59__chrXIII__366501__A__G,FALSE,FALSE,0,NA,NA,NA,NA,NA
5207_071_VB_WGS_2026012_077_S75,5207_071_VB_WGS_2026012_077_S75__chrVII__337718__C__A,TRUE,TRUE,0,NA,NA,NA,NA,NA
5207_087_VB_WGS_2026012_078_S91,5207_087_VB_WGS_2026012_078_S91__chrXI__256639__A__G,TRUE,TRUE,0,NA,NA,NA,NA,NA
5207_103_VB_WGS_2026012_079_S107,5207_103_VB_WGS_2026012_079_S107__chrIX__108813__C__T,FALSE,FALSE,0,NA,NA,NA,NA,NA
5207_119_VB_WGS_2026012_080_S123,5207_119_VB_WGS_2026012_080_S123__chrIX__55716__T__C,TRUE,TRUE,0,NA,NA,NA,NA,NA
5207_135_VB_WGS_2026012_081_S139,5207_135_VB_WGS_2026012_081_S139__chrXIII__137879__C__T,TRUE,TRUE,0,NA,NA,NA,NA,NA
5207_151_VB_WGS_2026012_082_S155,5207_151_VB_WGS_2026012_082_S155__chrXII__919261__T__G,TRUE,FALSE,0,NA,NA,NA,NA,NA
5207_167_VB_WGS_2026012_083_S171,5207_167_VB_WGS_2026012_083_S171__chrII__130040__T__C,FALSE,FALSE,0,NA,NA,NA,NA,NA
5207_183_VB_WGS_2026012_084_S187,5207_183_VB_WGS_2026012_084_S187__chrI__196805__C__T,FALSE,FALSE,0,NA,NA,NA,NA,NA
5207_008_VB_WGS_2026012_085_S12,5207_008_VB_WGS_2026012_085_S12__chrII__753942__C__T,TRUE,FALSE,0,NA,NA,NA,NA,NA
5207_024_VB_WGS_2026012_086_S28,5207_024_VB_WGS_2026012_086_S28__chrVI__59951__A__G,FALSE,FALSE,0,NA,NA,NA,NA,NA
5207_040_VB_WGS_2026012_087_S44,5207_040_VB_WGS_2026012_087_S44__chrXIII__270930__T__C,TRUE,TRUE,0,NA,NA,NA,NA,NA
5207_056_VB_WGS_2026012_088_S60,5207_056_VB_WGS_2026012_088_S60__chrIV__584489__A__T,FALSE,FALSE,0,NA,NA,NA,NA,NA
5207_072_VB_WGS_2026012_089_S76,5207_072_VB_WGS_2026012_089_S76__chrVII__17260__G__A,TRUE,TRUE,0,NA,NA,NA,NA,NA
5207_088_VB_WGS_2026012_090_S92,5207_088_VB_WGS_2026012_090_S92__chrVI__191409__A__T,TRUE,TRUE,0,NA,NA,NA,NA,NA
5207_104_VB_WGS_2026012_091_S108,5207_104_VB_WGS_2026012_091_S108__chrX__705865__C__T,TRUE,TRUE,0,NA,NA,NA,NA,NA
5207_120_VB_WGS_2026012_092_S124,5207_120_VB_WGS_2026012_092_S124__chrXIII__9829__T__C,TRUE,TRUE,1,0.435972804442021,0.435972804442021,0,55.919,75
5207_136_VB_WGS_2026012_093_S140,5207_136_VB_WGS_2026012_093_S140__chrIX__65359__T__A,FALSE,FALSE,0,NA,NA,NA,NA,NA
5207_152_VB_WGS_2026012_094_S156,5207_152_VB_WGS_2026012_094_S156__chrI__30371__C__A,TRUE,TRUE,0,NA,NA,NA,NA,NA
5207_168_VB_WGS_2026012_095_S172,5207_168_VB_WGS_2026012_095_S172__chrVII__928933__G__A,FALSE,FALSE,0,NA,NA,NA,NA,NA
5207_184_VB_WGS_2026012_096_S188,5207_184_VB_WGS_2026012_096_S188__chrIV__1455920__C__G,FALSE,FALSE,0,NA,NA,NA,NA,NA
5207_193_VB_WGS_2026012_097_S197,5207_193_VB_WGS_2026012_097_S197__chrIV__73193__C__A,FALSE,FALSE,0,NA,NA,NA,NA,NA
5207_209_VB_WGS_2026012_098_S213,5207_209_VB_WGS_2026012_098_S213__chrX__705865__C__T,TRUE,FALSE,0,NA,NA,NA,NA,NA
5207_225_VB_WGS_2026012_099_S229,5207_225_VB_WGS_2026012_099_S229__chrX__549542__T__C,TRUE,TRUE,0,NA,NA,NA,NA,NA
5207_241_VB_WGS_2026012_100_S245,5207_241_VB_WGS_2026012_100_S245__chrIX__57683__A__G,FALSE,FALSE,0,NA,NA,NA,NA,NA
5207_257_VB_WGS_2026012_101_S261,5207_257_VB_WGS_2026012_101_S261__chrV__360409__C__A,TRUE,TRUE,0,NA,NA,NA,NA,NA
5207_273_VB_WGS_2026012_102_S277,5207_273_VB_WGS_2026012_102_S277__chrXIII__446215__T__C,TRUE,FALSE,0,NA,NA,NA,NA,NA
5207_289_VB_WGS_2026012_103_S293,5207_289_VB_WGS_2026012_103_S293__chrXI__203127__T__C,FALSE,FALSE,0,NA,NA,NA,NA,NA
5207_305_VB_WGS_2026012_104_S309,5207_305_VB_WGS_2026012_104_S309__chrVII__629252__T__C,TRUE,FALSE,0,NA,NA,NA,NA,NA
5207_321_VB_WGS_2026012_105_S325,5207_321_VB_WGS_2026012_105_S325__chrXII__561785__T__G,FALSE,FALSE,0,NA,NA,NA,NA,NA
5207_337_VB_WGS_2026012_106_S341,5207_337_VB_WGS_2026012_106_S341__chrXII__804258__C__T,TRUE,FALSE,0,NA,NA,NA,NA,NA
5207_369_VB_WGS_2026012_108_S373,5207_369_VB_WGS_2026012_108_S373__chrVI__51343__A__G,TRUE,FALSE,0,NA,NA,NA,NA,NA
5207_194_VB_WGS_2026012_109_S198,5207_194_VB_WGS_2026012_109_S198__chrXII__405606__A__T,TRUE,TRUE,0,NA,NA,NA,NA,NA
5207_210_VB_WGS_2026012_110_S214,5207_210_VB_WGS_2026012_110_S214__chrIV__1381192__T__C,FALSE,FALSE,0,NA,NA,NA,NA,NA
5207_226_VB_WGS_2026012_111_S230,5207_226_VB_WGS_2026012_111_S230__chrII__259158__A__G,FALSE,FALSE,0,NA,NA,NA,NA,NA
5207_242_VB_WGS_2026012_112_S246,5207_242_VB_WGS_2026012_112_S246__chrX__442604__A__G,FALSE,FALSE,0,NA,NA,NA,NA,NA
5207_258_VB_WGS_2026012_113_S262,5207_258_VB_WGS_2026012_113_S262__chrVII__336598__G__A,FALSE,FALSE,0,NA,NA,NA,NA,NA
5207_274_VB_WGS_2026012_114_S278,5207_274_VB_WGS_2026012_114_S278__chrXII__891452__C__T,FALSE,FALSE,0,NA,NA,NA,NA,NA
5207_290_VB_WGS_2026012_115_S294,5207_290_VB_WGS_2026012_115_S294__chrIX__35770__T__C,FALSE,FALSE,0,NA,NA,NA,NA,NA
5207_306_VB_WGS_2026012_116_S310,5207_306_VB_WGS_2026012_116_S310__chrIX__106747__G__A,TRUE,TRUE,0,NA,NA,NA,NA,NA
5207_322_VB_WGS_2026012_117_S326,5207_322_VB_WGS_2026012_117_S326__chrX__138281__A__G,TRUE,TRUE,0,NA,NA,NA,NA,NA
5207_338_VB_WGS_2026012_118_S342,5207_338_VB_WGS_2026012_118_S342__chrX__51723__G__A,FALSE,FALSE,0,NA,NA,NA,NA,NA
5207_354_VB_WGS_2026012_119_S358,5207_354_VB_WGS_2026012_119_S358__chrI__196805__C__T,TRUE,TRUE,0,NA,NA,NA,NA,NA
5207_370_VB_WGS_2026012_120_S374,5207_370_VB_WGS_2026012_120_S374__chrIX__26801__T__C,FALSE,FALSE,0,NA,NA,NA,NA,NA
5207_195_VB_WGS_2026012_121_S199,5207_195_VB_WGS_2026012_121_S199__chrX__51723__G__A,FALSE,FALSE,0,NA,NA,NA,NA,NA
5207_211_VB_WGS_2026012_122_S215,5207_211_VB_WGS_2026012_122_S215__chrVII__125147__T__C,FALSE,FALSE,0,NA,NA,NA,NA,NA
5207_227_VB_WGS_2026012_123_S231,5207_227_VB_WGS_2026012_123_S231__chrII__547617__C__T,TRUE,FALSE,0,NA,NA,NA,NA,NA
5207_243_VB_WGS_2026012_124_S247,5207_243_VB_WGS_2026012_124_S247__chrXI__544682__C__A,TRUE,FALSE,0,NA,NA,NA,NA,NA
5207_259_VB_WGS_2026012_125_S263,5207_259_VB_WGS_2026012_125_S263__chrIII__54609__A__C,FALSE,FALSE,0,NA,NA,NA,NA,NA
5207_275_VB_WGS_2026012_126_S279,5207_275_VB_WGS_2026012_126_S279__chrXI__544682__C__A,TRUE,FALSE,0,NA,NA,NA,NA,NA
5207_291_VB_WGS_2026012_127_S295,5207_291_VB_WGS_2026012_127_S295__chrXIV__148586__G__A,TRUE,FALSE,0,NA,NA,NA,NA,NA
5207_323_VB_WGS_2026012_129_S327,5207_323_VB_WGS_2026012_129_S327__chrXII__308220__G__A,TRUE,FALSE,0,NA,NA,NA,NA,NA
5207_339_VB_WGS_2026012_130_S343,5207_339_VB_WGS_2026012_130_S343__chrVII__18516__A__T,TRUE,TRUE,0,NA,NA,NA,NA,NA
5207_355_VB_WGS_2026012_131_S359,5207_355_VB_WGS_2026012_131_S359__chrIX__106747__G__A,TRUE,TRUE,0,NA,NA,NA,NA,NA
5207_371_VB_WGS_2026012_132_S375,5207_371_VB_WGS_2026012_132_S375__chrXIV__470440__T__C,TRUE,TRUE,0,NA,NA,NA,NA,NA
5207_212_VB_WGS_2026012_134_S216,5207_212_VB_WGS_2026012_134_S216__chrXVI__111550__G__A,TRUE,TRUE,0,NA,NA,NA,NA,NA
5207_228_VB_WGS_2026012_135_S232,5207_228_VB_WGS_2026012_135_S232__chrIX__429333__C__T,FALSE,FALSE,0,NA,NA,NA,NA,NA
5207_244_VB_WGS_2026012_136_S248,5207_244_VB_WGS_2026012_136_S248__chrXII__405606__A__T,TRUE,TRUE,0,NA,NA,NA,NA,NA
5207_260_VB_WGS_2026012_137_S264,5207_260_VB_WGS_2026012_137_S264__chrXIV__313406__C__T,TRUE,FALSE,0,NA,NA,NA,NA,NA
5207_276_VB_WGS_2026012_138_S280,5207_276_VB_WGS_2026012_138_S280__chrVIII__301777__G__A,FALSE,FALSE,0,NA,NA,NA,NA,NA
5207_292_VB_WGS_2026012_139_S296,5207_292_VB_WGS_2026012_139_S296__chrXIII__569786__G__A,TRUE,TRUE,0,NA,NA,NA,NA,NA
5207_308_VB_WGS_2026012_140_S312,5207_308_VB_WGS_2026012_140_S312__chrXI__570942__T__C,FALSE,FALSE,0,NA,NA,NA,NA,NA
5207_324_VB_WGS_2026012_141_S328,5207_324_VB_WGS_2026012_141_S328__chrVII__770332__G__A,FALSE,FALSE,0,NA,NA,NA,NA,NA
5207_340_VB_WGS_2026012_142_S344,5207_340_VB_WGS_2026012_142_S344__chrII__158308__A__T,TRUE,TRUE,0,NA,NA,NA,NA,NA
5207_356_VB_WGS_2026012_143_S360,5207_356_VB_WGS_2026012_143_S360__chrXII__490822__G__C,FALSE,FALSE,0,NA,NA,NA,NA,NA
5207_372_VB_WGS_2026012_144_S376,5207_372_VB_WGS_2026012_144_S376__chrX__507303__G__T,TRUE,TRUE,0,NA,NA,NA,NA,NA
5207_213_VB_WGS_2026012_146_S217,5207_213_VB_WGS_2026012_146_S217__chrVII__963897__T__C,TRUE,TRUE,0,NA,NA,NA,NA,NA
5207_229_VB_WGS_2026012_147_S233,5207_229_VB_WGS_2026012_147_S233__chrXIII__514194__A__G,FALSE,FALSE,0,NA,NA,NA,NA,NA
5207_245_VB_WGS_2026012_148_S249,5207_245_VB_WGS_2026012_148_S249__chrVII__1030938__C__T,FALSE,FALSE,0,NA,NA,NA,NA,NA
5207_261_VB_WGS_2026012_149_S265,5207_261_VB_WGS_2026012_149_S265__chrVII__956270__T__C,TRUE,TRUE,0,NA,NA,NA,NA,NA
5207_277_VB_WGS_2026012_150_S281,5207_277_VB_WGS_2026012_150_S281__chrXVI__381495__G__C,FALSE,FALSE,0,NA,NA,NA,NA,NA
5207_293_VB_WGS_2026012_151_S297,5207_293_VB_WGS_2026012_151_S297__chrXV__569058__T__A,FALSE,FALSE,0,NA,NA,NA,NA,NA
5207_309_VB_WGS_2026012_152_S313,5207_309_VB_WGS_2026012_152_S313__chrII__538047__G__A,FALSE,FALSE,0,NA,NA,NA,NA,NA
5207_325_VB_WGS_2026012_153_S329,5207_325_VB_WGS_2026012_153_S329__chrXII__919261__T__G,FALSE,FALSE,0,NA,NA,NA,NA,NA
5207_341_VB_WGS_2026012_154_S345,5207_341_VB_WGS_2026012_154_S345__chrVII__1073366__T__A,FALSE,FALSE,0,NA,NA,NA,NA,NA
5207_357_VB_WGS_2026012_155_S361,5207_357_VB_WGS_2026012_155_S361__chrXI__557824__C__G,TRUE,TRUE,0,NA,NA,NA,NA,NA
5207_373_VB_WGS_2026012_156_S377,5207_373_VB_WGS_2026012_156_S377__chrII__362011__C__T,FALSE,FALSE,0,NA,NA,NA,NA,NA
5207_214_VB_WGS_2026012_158_S218,5207_214_VB_WGS_2026012_158_S218__chrXI__269563__T__C,FALSE,FALSE,0,NA,NA,NA,NA,NA
5207_230_VB_WGS_2026012_159_S234,5207_230_VB_WGS_2026012_159_S234__chrII__158308__A__T,TRUE,TRUE,0,NA,NA,NA,NA,NA
5207_246_VB_WGS_2026012_160_S250,5207_246_VB_WGS_2026012_160_S250__chrII__80185__C__A,FALSE,FALSE,0,NA,NA,NA,NA,NA
5207_262_VB_WGS_2026012_161_S266,5207_262_VB_WGS_2026012_161_S266__chrXIV__678304__G__A,FALSE,FALSE,0,NA,NA,NA,NA,NA
5207_278_VB_WGS_2026012_162_S282,5207_278_VB_WGS_2026012_162_S282__chrVIII__80882__A__G,TRUE,TRUE,0,NA,NA,NA,NA,NA
5207_294_VB_WGS_2026012_163_S298,5207_294_VB_WGS_2026012_163_S298__chrXV__393430__T__C,FALSE,FALSE,0,NA,NA,NA,NA,NA
5207_310_VB_WGS_2026012_164_S314,5207_310_VB_WGS_2026012_164_S314__chrVII__169165__C__T,FALSE,FALSE,0,NA,NA,NA,NA,NA
5207_326_VB_WGS_2026012_165_S330,5207_326_VB_WGS_2026012_165_S330__chrIV__1082812__T__G,FALSE,FALSE,0,NA,NA,NA,NA,NA
5207_342_VB_WGS_2026012_166_S346,5207_342_VB_WGS_2026012_166_S346__chrX__442604__A__G,TRUE,TRUE,0,NA,NA,NA,NA,NA
5207_358_VB_WGS_2026012_167_S362,5207_358_VB_WGS_2026012_167_S362__chrIV__1306509__G__T,TRUE,TRUE,0,NA,NA,NA,NA,NA
5207_374_VB_WGS_2026012_168_S378,5207_374_VB_WGS_2026012_168_S378__chrVI__59951__A__G,TRUE,TRUE,0,NA,NA,NA,NA,NA
5207_199_VB_WGS_2026012_169_S203,5207_199_VB_WGS_2026012_169_S203__chrXII__405606__A__T,FALSE,FALSE,0,NA,NA,NA,NA,NA
5207_215_VB_WGS_2026012_170_S219,5207_215_VB_WGS_2026012_170_S219__chrII__198093__A__G,TRUE,TRUE,0,NA,NA,NA,NA,NA
5207_231_VB_WGS_2026012_171_S235,5207_231_VB_WGS_2026012_171_S235__chrII__198093__A__G,FALSE,FALSE,0,NA,NA,NA,NA,NA
5207_247_VB_WGS_2026012_172_S251,5207_247_VB_WGS_2026012_172_S251__chrX__400808__T__C,FALSE,FALSE,0,NA,NA,NA,NA,NA
5207_263_VB_WGS_2026012_173_S267,5207_263_VB_WGS_2026012_173_S267__chrXVI__111646__A__C,FALSE,FALSE,0,NA,NA,NA,NA,NA
5207_279_VB_WGS_2026012_174_S283,5207_279_VB_WGS_2026012_174_S283__chrI__185954__T__A,FALSE,FALSE,0,NA,NA,NA,NA,NA
5207_295_VB_WGS_2026012_175_S299,5207_295_VB_WGS_2026012_175_S299__chrII__538047__G__A,FALSE,FALSE,0,NA,NA,NA,NA,NA
5207_311_VB_WGS_2026012_176_S315,5207_311_VB_WGS_2026012_176_S315__chrXII__262942__T__A,TRUE,TRUE,0,NA,NA,NA,NA,NA
5207_327_VB_WGS_2026012_177_S331,5207_327_VB_WGS_2026012_177_S331__chrIX__65359__T__A,TRUE,TRUE,0,NA,NA,NA,NA,NA
5207_343_VB_WGS_2026012_178_S347,5207_343_VB_WGS_2026012_178_S347__chrXI__419413__A__G,FALSE,FALSE,0,NA,NA,NA,NA,NA
5207_359_VB_WGS_2026012_179_S363,5207_359_VB_WGS_2026012_179_S363__chrV__530754__G__A,TRUE,FALSE,0,NA,NA,NA,NA,NA
5207_375_VB_WGS_2026012_180_S379,5207_375_VB_WGS_2026012_180_S379__chrVI__186667__T__C,TRUE,FALSE,0,NA,NA,NA,NA,NA
5207_200_VB_WGS_2026012_181_S204,5207_200_VB_WGS_2026012_181_S204__chrXIV__388126__T__C,FALSE,FALSE,0,NA,NA,NA,NA,NA
5207_232_VB_WGS_2026012_183_S236,5207_232_VB_WGS_2026012_183_S236__chrXV__51148__T__A,TRUE,FALSE,0,NA,NA,NA,NA,NA
5207_248_VB_WGS_2026012_184_S252,5207_248_VB_WGS_2026012_184_S252__chrVII__218213__T__A,TRUE,TRUE,0,NA,NA,NA,NA,NA
5207_264_VB_WGS_2026012_185_S268,5207_264_VB_WGS_2026012_185_S268__chrIX__27241__G__A,TRUE,TRUE,0,NA,NA,NA,NA,NA
5207_280_VB_WGS_2026012_186_S284,5207_280_VB_WGS_2026012_186_S284__chrXIII__449175__T__C,TRUE,TRUE,1,0.00479006929443119,0.00479006929443119,0,123.28,100
5207_296_VB_WGS_2026012_187_S300,5207_296_VB_WGS_2026012_187_S300__chrVIII__301777__G__A,FALSE,FALSE,0,NA,NA,NA,NA,NA
5207_312_VB_WGS_2026012_188_S316,5207_312_VB_WGS_2026012_188_S316__chrVII__18516__A__T,TRUE,TRUE,0,NA,NA,NA,NA,NA
5207_328_VB_WGS_2026012_189_S332,5207_328_VB_WGS_2026012_189_S332__chrIX__393280__A__G,TRUE,TRUE,0,NA,NA,NA,NA,NA
5207_344_VB_WGS_2026012_190_S348,5207_344_VB_WGS_2026012_190_S348__chrIV__584489__A__T,FALSE,FALSE,0,NA,NA,NA,NA,NA
5207_360_VB_WGS_2026012_191_S364,5207_360_VB_WGS_2026012_191_S364__chrV__261345__A__C,TRUE,TRUE,1,0.22507931119868901,0.22507931119868901,0,138.93,62.5
5207_025_VB_WGS_2026012_194_S29,5207_025_VB_WGS_2026012_194_S29__chrIX__150327__C__G,TRUE,FALSE,0,NA,NA,NA,NA,NA
5207_057_VB_WGS_2026012_196_S61,5207_057_VB_WGS_2026012_196_S61__chrI__30371__C__A,FALSE,FALSE,0,NA,NA,NA,NA,NA
5207_073_VB_WGS_2026012_197_S77,5207_073_VB_WGS_2026012_197_S77__chrI__185954__T__A,FALSE,FALSE,0,NA,NA,NA,NA,NA
5207_089_VB_WGS_2026012_198_S93,5207_089_VB_WGS_2026012_198_S93__chrV__470321__C__T,TRUE,TRUE,0,NA,NA,NA,NA,NA
5207_105_VB_WGS_2026012_199_S109,5207_105_VB_WGS_2026012_199_S109__chrII__155022__G__A,FALSE,FALSE,0,NA,NA,NA,NA,NA
5207_121_VB_WGS_2026012_200_S125,5207_121_VB_WGS_2026012_200_S125__chrII__521571__G__T,FALSE,FALSE,0,NA,NA,NA,NA,NA
5207_137_VB_WGS_2026012_201_S141,5207_137_VB_WGS_2026012_201_S141__chrVII__629252__T__C,FALSE,FALSE,0,NA,NA,NA,NA,NA
5207_153_VB_WGS_2026012_202_S157,5207_153_VB_WGS_2026012_202_S157__chrIV__744456__G__T,FALSE,FALSE,0,NA,NA,NA,NA,NA
5207_169_VB_WGS_2026012_203_S173,5207_169_VB_WGS_2026012_203_S173__chrVII__10029__G__A,TRUE,FALSE,0,NA,NA,NA,NA,NA
5207_185_VB_WGS_2026012_204_S189,5207_185_VB_WGS_2026012_204_S189__chrII__259158__A__G,TRUE,FALSE,0,NA,NA,NA,NA,NA
5207_010_VB_WGS_2026012_205_S14,5207_010_VB_WGS_2026012_205_S14__chrII__360376__T__A,TRUE,TRUE,0,NA,NA,NA,NA,NA
5207_026_VB_WGS_2026012_206_S30,5207_026_VB_WGS_2026012_206_S30__chrIX__35770__T__C,TRUE,FALSE,0,NA,NA,NA,NA,NA
5207_042_VB_WGS_2026012_207_S46,5207_042_VB_WGS_2026012_207_S46__chrXII__1056105__G__C,TRUE,TRUE,0,NA,NA,NA,NA,NA
5207_058_VB_WGS_2026012_208_S62,5207_058_VB_WGS_2026012_208_S62__chrIX__35770__T__C,TRUE,TRUE,0,NA,NA,NA,NA,NA
5207_074_VB_WGS_2026012_209_S78,5207_074_VB_WGS_2026012_209_S78__chrXIV__663901__T__C,TRUE,FALSE,0,NA,NA,NA,NA,NA
5207_090_VB_WGS_2026012_210_S94,5207_090_VB_WGS_2026012_210_S94__chrXII__675924__T__C,FALSE,FALSE,0,NA,NA,NA,NA,NA
5207_106_VB_WGS_2026012_211_S110,5207_106_VB_WGS_2026012_211_S110__chrXVI__111646__A__C,FALSE,FALSE,0,NA,NA,NA,NA,NA
5207_122_VB_WGS_2026012_212_S126,5207_122_VB_WGS_2026012_212_S126__chrV__261345__A__C,TRUE,TRUE,0,NA,NA,NA,NA,NA
5207_138_VB_WGS_2026012_213_S142,5207_138_VB_WGS_2026012_213_S142__chrIX__150327__C__G,TRUE,TRUE,0,NA,NA,NA,NA,NA
5207_170_VB_WGS_2026012_215_S174,5207_170_VB_WGS_2026012_215_S174__chrXV__328791__C__A,TRUE,TRUE,0,NA,NA,NA,NA,NA
5207_186_VB_WGS_2026012_216_S190,5207_186_VB_WGS_2026012_216_S190__chrVII__768669__C__T,TRUE,FALSE,0,NA,NA,NA,NA,NA
5207_011_VB_WGS_2026012_217_S15,5207_011_VB_WGS_2026012_217_S15__chrXI__419413__A__G,TRUE,TRUE,0,NA,NA,NA,NA,NA
5207_027_VB_WGS_2026012_218_S31,5207_027_VB_WGS_2026012_218_S31__chrXII__747808__G__A,TRUE,FALSE,0,NA,NA,NA,NA,NA
5207_043_VB_WGS_2026012_219_S47,5207_043_VB_WGS_2026012_219_S47__chrXII__675924__T__C,FALSE,FALSE,0,NA,NA,NA,NA,NA
5207_059_VB_WGS_2026012_220_S63,5207_059_VB_WGS_2026012_220_S63__chrXVI__540311__C__G,TRUE,TRUE,0,NA,NA,NA,NA,NA
5207_075_VB_WGS_2026012_221_S79,5207_075_VB_WGS_2026012_221_S79__chrIV__705422__C__T,TRUE,TRUE,0,NA,NA,NA,NA,NA
5207_091_VB_WGS_2026012_222_S95,5207_091_VB_WGS_2026012_222_S95__chrVII__129145__C__G,FALSE,FALSE,0,NA,NA,NA,NA,NA
5207_107_VB_WGS_2026012_223_S111,5207_107_VB_WGS_2026012_223_S111__chrIV__584489__A__T,TRUE,FALSE,0,NA,NA,NA,NA,NA
5207_123_VB_WGS_2026012_224_S127,5207_123_VB_WGS_2026012_224_S127__chrXIII__562752__A__G,TRUE,TRUE,0,NA,NA,NA,NA,NA
5207_139_VB_WGS_2026012_225_S143,5207_139_VB_WGS_2026012_225_S143__chrXV__569058__T__A,TRUE,FALSE,0,NA,NA,NA,NA,NA
5207_155_VB_WGS_2026012_226_S159,5207_155_VB_WGS_2026012_226_S159__chrVIII__185064__G__A,TRUE,TRUE,0,NA,NA,NA,NA,NA
5207_171_VB_WGS_2026012_227_S175,5207_171_VB_WGS_2026012_227_S175__chrIV__744456__G__T,TRUE,TRUE,0,NA,NA,NA,NA,NA
5207_187_VB_WGS_2026012_228_S191,5207_187_VB_WGS_2026012_228_S191__chrXIV__663901__T__C,TRUE,FALSE,0,NA,NA,NA,NA,NA
5207_012_VB_WGS_2026012_229_S16,5207_012_VB_WGS_2026012_229_S16__chrXII__919261__T__G,FALSE,FALSE,0,NA,NA,NA,NA,NA
5207_028_VB_WGS_2026012_230_S32,5207_028_VB_WGS_2026012_230_S32__chrX__591553__A__G,FALSE,FALSE,0,NA,NA,NA,NA,NA
5207_044_VB_WGS_2026012_231_S48,5207_044_VB_WGS_2026012_231_S48__chrXI__579180__A__G,TRUE,TRUE,0,NA,NA,NA,NA,NA
5207_060_VB_WGS_2026012_232_S64,5207_060_VB_WGS_2026012_232_S64__chrVI__186667__T__C,TRUE,TRUE,0,NA,NA,NA,NA,NA
5207_076_VB_WGS_2026012_233_S80,5207_076_VB_WGS_2026012_233_S80__chrVIII__150470__A__G,FALSE,FALSE,0,NA,NA,NA,NA,NA
5207_092_VB_WGS_2026012_234_S96,5207_092_VB_WGS_2026012_234_S96__chrX__138281__A__G,FALSE,FALSE,0,NA,NA,NA,NA,NA
5207_108_VB_WGS_2026012_235_S112,5207_108_VB_WGS_2026012_235_S112__chrXV__40593__A__G,FALSE,FALSE,0,NA,NA,NA,NA,NA
5207_124_VB_WGS_2026012_236_S128,5207_124_VB_WGS_2026012_236_S128__chrX__705865__C__T,TRUE,FALSE,0,NA,NA,NA,NA,NA
5207_140_VB_WGS_2026012_237_S144,5207_140_VB_WGS_2026012_237_S144__chrV__554819__A__T,TRUE,TRUE,0,NA,NA,NA,NA,NA
5207_156_VB_WGS_2026012_238_S160,5207_156_VB_WGS_2026012_238_S160__chrVII__807712__G__A,TRUE,TRUE,0,NA,NA,NA,NA,NA
5207_172_VB_WGS_2026012_239_S176,5207_172_VB_WGS_2026012_239_S176__chrXV__611688__A__C,TRUE,FALSE,0,NA,NA,NA,NA,NA
5207_188_VB_WGS_2026012_240_S192,5207_188_VB_WGS_2026012_240_S192__chrII__459672__T__C,TRUE,FALSE,0,NA,NA,NA,NA,NA
5207_013_VB_WGS_2026012_241_S17,5207_013_VB_WGS_2026012_241_S17__chrVII__629252__T__C,TRUE,FALSE,0,NA,NA,NA,NA,NA
5207_029_VB_WGS_2026012_242_S33,5207_029_VB_WGS_2026012_242_S33__chrIV__725245__C__T,TRUE,FALSE,0,NA,NA,NA,NA,NA
5207_045_VB_WGS_2026012_243_S49,5207_045_VB_WGS_2026012_243_S49__chrXIII__514194__A__G,FALSE,FALSE,0,NA,NA,NA,NA,NA
5207_061_VB_WGS_2026012_244_S65,5207_061_VB_WGS_2026012_244_S65__chrX__373973__G__T,TRUE,TRUE,0,NA,NA,NA,NA,NA
5207_077_VB_WGS_2026012_245_S81,5207_077_VB_WGS_2026012_245_S81__chrII__594784__T__G,FALSE,FALSE,0,NA,NA,NA,NA,NA
5207_093_VB_WGS_2026012_246_S97,5207_093_VB_WGS_2026012_246_S97__chrXIII__562752__A__G,TRUE,TRUE,0,NA,NA,NA,NA,NA
5207_109_VB_WGS_2026012_247_S113,5207_109_VB_WGS_2026012_247_S113__chrVII__129145__C__G,TRUE,TRUE,0,NA,NA,NA,NA,NA
5207_141_VB_WGS_2026012_249_S145,5207_141_VB_WGS_2026012_249_S145__chrXII__315693__T__C,TRUE,FALSE,0,NA,NA,NA,NA,NA
5207_157_VB_WGS_2026012_250_S161,5207_157_VB_WGS_2026012_250_S161__chrXIII__128370__T__C,TRUE,FALSE,0,NA,NA,NA,NA,NA
5207_173_VB_WGS_2026012_251_S177,5207_173_VB_WGS_2026012_251_S177__chrII__259158__A__G,TRUE,FALSE,0,NA,NA,NA,NA,NA
5207_189_VB_WGS_2026012_252_S193,5207_189_VB_WGS_2026012_252_S193__chrXI__490946__T__C,TRUE,TRUE,0,NA,NA,NA,NA,NA
5207_014_VB_WGS_2026012_253_S18,5207_014_VB_WGS_2026012_253_S18__chrXII__307563__T__G,FALSE,FALSE,0,NA,NA,NA,NA,NA
5207_030_VB_WGS_2026012_254_S34,5207_030_VB_WGS_2026012_254_S34__chrII__360376__T__A,TRUE,FALSE,0,NA,NA,NA,NA,NA
5207_046_VB_WGS_2026012_255_S50,5207_046_VB_WGS_2026012_255_S50__chrX__90680__T__G,TRUE,FALSE,0,NA,NA,NA,NA,NA
5207_062_VB_WGS_2026012_256_S66,5207_062_VB_WGS_2026012_256_S66__chrV__195529__A__G,TRUE,FALSE,0,NA,NA,NA,NA,NA
5207_078_VB_WGS_2026012_257_S82,5207_078_VB_WGS_2026012_257_S82__chrX__373973__G__T,FALSE,FALSE,0,NA,NA,NA,NA,NA
5207_094_VB_WGS_2026012_258_S98,5207_094_VB_WGS_2026012_258_S98__chrX__400808__T__C,FALSE,FALSE,0,NA,NA,NA,NA,NA
5207_110_VB_WGS_2026012_259_S114,5207_110_VB_WGS_2026012_259_S114__chrXVI__427708__G__A,TRUE,FALSE,0,NA,NA,NA,NA,NA
5207_126_VB_WGS_2026012_260_S130,5207_126_VB_WGS_2026012_260_S130__chrI__29227__A__G,TRUE,TRUE,0,NA,NA,NA,NA,NA
5207_142_VB_WGS_2026012_261_S146,5207_142_VB_WGS_2026012_261_S146__chrXII__307563__T__G,TRUE,FALSE,0,NA,NA,NA,NA,NA
5207_158_VB_WGS_2026012_262_S162,5207_158_VB_WGS_2026012_262_S162__chrII__521571__G__T,TRUE,TRUE,0,NA,NA,NA,NA,NA
5207_174_VB_WGS_2026012_263_S178,5207_174_VB_WGS_2026012_263_S178__chrVII__203987__A__T,FALSE,FALSE,0,NA,NA,NA,NA,NA
5207_190_VB_WGS_2026012_264_S194,5207_190_VB_WGS_2026012_264_S194__chrIX__429333__C__T,TRUE,TRUE,0,NA,NA,NA,NA,NA
5207_015_VB_WGS_2026012_265_S19,5207_015_VB_WGS_2026012_265_S19__chrIV__467595__T__C,TRUE,TRUE,0,NA,NA,NA,NA,NA
5207_031_VB_WGS_2026012_266_S35,5207_031_VB_WGS_2026012_266_S35__chrII__155022__G__A,FALSE,FALSE,0,NA,NA,NA,NA,NA
5207_047_VB_WGS_2026012_267_S51,5207_047_VB_WGS_2026012_267_S51__chrXI__12322__C__T,TRUE,TRUE,0,NA,NA,NA,NA,NA
5207_063_VB_WGS_2026012_268_S67,5207_063_VB_WGS_2026012_268_S67__chrXIII__562752__A__G,TRUE,TRUE,0,NA,NA,NA,NA,NA
5207_079_VB_WGS_2026012_269_S83,5207_079_VB_WGS_2026012_269_S83__chrIX__72762__T__C,TRUE,FALSE,0,NA,NA,NA,NA,NA
5207_095_VB_WGS_2026012_270_S99,5207_095_VB_WGS_2026012_270_S99__chrXI__203127__T__C,TRUE,TRUE,0,NA,NA,NA,NA,NA
5207_127_VB_WGS_2026012_272_S131,5207_127_VB_WGS_2026012_272_S131__chrXIII__77997__C__T,TRUE,TRUE,0,NA,NA,NA,NA,NA
5207_143_VB_WGS_2026012_273_S147,5207_143_VB_WGS_2026012_273_S147__chrXIII__133436__A__G,TRUE,TRUE,0,NA,NA,NA,NA,NA
5207_159_VB_WGS_2026012_274_S163,5207_159_VB_WGS_2026012_274_S163__chrXIII__137879__C__T,TRUE,TRUE,0,NA,NA,NA,NA,NA
5207_175_VB_WGS_2026012_275_S179,5207_175_VB_WGS_2026012_275_S179__chrV__554819__A__T,FALSE,FALSE,0,NA,NA,NA,NA,NA
5207_191_VB_WGS_2026012_276_S195,5207_191_VB_WGS_2026012_276_S195__chrV__195529__A__G,TRUE,FALSE,0,NA,NA,NA,NA,NA
5207_016_VB_WGS_2026012_277_S20,5207_016_VB_WGS_2026012_277_S20__chrIV__85280__C__T,TRUE,TRUE,0,NA,NA,NA,NA,NA
5207_032_VB_WGS_2026012_278_S36,5207_032_VB_WGS_2026012_278_S36__chrXIII__133436__A__G,TRUE,FALSE,0,NA,NA,NA,NA,NA
5207_048_VB_WGS_2026012_279_S52,5207_048_VB_WGS_2026012_279_S52__chrVII__807712__G__A,TRUE,TRUE,0,NA,NA,NA,NA,NA
5207_064_VB_WGS_2026012_280_S68,5207_064_VB_WGS_2026012_280_S68__chrXV__929711__T__C,TRUE,TRUE,0,NA,NA,NA,NA,NA
5207_080_VB_WGS_2026012_281_S84,5207_080_VB_WGS_2026012_281_S84__chrXIV__418803__G__A,TRUE,TRUE,0,NA,NA,NA,NA,NA
5207_096_VB_WGS_2026012_282_S100,5207_096_VB_WGS_2026012_282_S100__chrVII__768669__C__T,TRUE,FALSE,0,NA,NA,NA,NA,NA
5207_112_VB_WGS_2026012_283_S116,5207_112_VB_WGS_2026012_283_S116__chrII__80185__C__A,FALSE,FALSE,0,NA,NA,NA,NA,NA
5207_128_VB_WGS_2026012_284_S132,5207_128_VB_WGS_2026012_284_S132__chrXII__804258__C__T,TRUE,FALSE,0,NA,NA,NA,NA,NA
5207_144_VB_WGS_2026012_285_S148,5207_144_VB_WGS_2026012_285_S148__chrIX__109134__G__A,TRUE,TRUE,1,8.8662479537268e-4,8.8662479537268e-4,0,325.778,100
5207_160_VB_WGS_2026012_286_S164,5207_160_VB_WGS_2026012_286_S164__chrX__431547__A__G,TRUE,FALSE,0,NA,NA,NA,NA,NA
5207_176_VB_WGS_2026012_287_S180,5207_176_VB_WGS_2026012_287_S180__chrV__195529__A__G,TRUE,FALSE,0,NA,NA,NA,NA,NA
5207_192_VB_WGS_2026012_288_S196,5207_192_VB_WGS_2026012_288_S196__chrXIV__418803__G__A,TRUE,TRUE,0,NA,NA,NA,NA,NA
5207_201_VB_WGS_2026012_289_S205,5207_201_VB_WGS_2026012_289_S205__chrXIV__709906__T__C,FALSE,FALSE,0,NA,NA,NA,NA,NA
5207_217_VB_WGS_2026012_290_S221,5207_217_VB_WGS_2026012_290_S221__chrXVI__221892__C__T,TRUE,FALSE,0,NA,NA,NA,NA,NA
5207_233_VB_WGS_2026012_291_S237,5207_233_VB_WGS_2026012_291_S237__chrXII__674711__T__C,TRUE,FALSE,0,NA,NA,NA,NA,NA
5207_249_VB_WGS_2026012_292_S253,5207_249_VB_WGS_2026012_292_S253__chrXIII__674833__G__A,TRUE,TRUE,0,NA,NA,NA,NA,NA
5207_265_VB_WGS_2026012_293_S269,5207_265_VB_WGS_2026012_293_S269__chrVI__186667__T__C,FALSE,FALSE,0,NA,NA,NA,NA,NA
5207_281_VB_WGS_2026012_294_S285,5207_281_VB_WGS_2026012_294_S285__chrXIII__366501__A__G,TRUE,TRUE,0,NA,NA,NA,NA,NA
5207_297_VB_WGS_2026012_295_S301,5207_297_VB_WGS_2026012_295_S301__chrXV__328791__C__A,FALSE,FALSE,0,NA,NA,NA,NA,NA
5207_313_VB_WGS_2026012_296_S317,5207_313_VB_WGS_2026012_296_S317__chrVII__218213__T__A,FALSE,FALSE,0,NA,NA,NA,NA,NA
5207_329_VB_WGS_2026012_297_S333,5207_329_VB_WGS_2026012_297_S333__chrV__14476__G__A,FALSE,FALSE,0,NA,NA,NA,NA,NA
5207_345_VB_WGS_2026012_298_S349,5207_345_VB_WGS_2026012_298_S349__chrXIII__9829__T__C,FALSE,FALSE,0,NA,NA,NA,NA,NA
5207_361_VB_WGS_2026012_299_S365,5207_361_VB_WGS_2026012_299_S365__chrVII__956270__T__C,FALSE,FALSE,0,NA,NA,NA,NA,NA
5207_377_VB_WGS_2026012_300_S381,5207_377_VB_WGS_2026012_300_S381__chrXVI__707796__T__A,TRUE,TRUE,0,NA,NA,NA,NA,NA
5207_202_VB_WGS_2026012_301_S206,5207_202_VB_WGS_2026012_301_S206__chrXV__415710__T__C,FALSE,FALSE,0,NA,NA,NA,NA,NA
5207_218_VB_WGS_2026012_302_S222,5207_218_VB_WGS_2026012_302_S222__chrXV__53781__C__T,FALSE,FALSE,0,NA,NA,NA,NA,NA
5207_234_VB_WGS_2026012_303_S238,5207_234_VB_WGS_2026012_303_S238__chrXV__947982__G__C,TRUE,TRUE,0,NA,NA,NA,NA,NA
5207_250_VB_WGS_2026012_304_S254,5207_250_VB_WGS_2026012_304_S254__chrV__360409__C__A,FALSE,FALSE,0,NA,NA,NA,NA,NA
5207_266_VB_WGS_2026012_305_S270,5207_266_VB_WGS_2026012_305_S270__chrXII__315693__T__C,FALSE,FALSE,0,NA,NA,NA,NA,NA
5207_282_VB_WGS_2026012_306_S286,5207_282_VB_WGS_2026012_306_S286__chrXV__97910__A__G,TRUE,TRUE,0,NA,NA,NA,NA,NA
5207_298_VB_WGS_2026012_307_S302,5207_298_VB_WGS_2026012_307_S302__chrVII__337718__C__A,FALSE,FALSE,0,NA,NA,NA,NA,NA
5207_314_VB_WGS_2026012_308_S318,5207_314_VB_WGS_2026012_308_S318__chrX__73391__T__C,FALSE,FALSE,0,NA,NA,NA,NA,NA
5207_346_VB_WGS_2026012_310_S350,5207_346_VB_WGS_2026012_310_S350__chrXII__804258__C__T,FALSE,FALSE,0,NA,NA,NA,NA,NA
5207_362_VB_WGS_2026012_311_S366,5207_362_VB_WGS_2026012_311_S366__chrXIII__128370__T__C,TRUE,FALSE,0,NA,NA,NA,NA,NA
5207_378_VB_WGS_2026012_312_S382,5207_378_VB_WGS_2026012_312_S382__chrVIII__152802__T__C,TRUE,FALSE,0,NA,NA,NA,NA,NA
5207_203_VB_WGS_2026012_313_S207,5207_203_VB_WGS_2026012_313_S207__chrVIII__152802__T__C,FALSE,FALSE,0,NA,NA,NA,NA,NA
5207_219_VB_WGS_2026012_314_S223,5207_219_VB_WGS_2026012_314_S223__chrXIV__678304__G__A,TRUE,FALSE,0,NA,NA,NA,NA,NA
5207_235_VB_WGS_2026012_315_S239,5207_235_VB_WGS_2026012_315_S239__chrX__630373__A__G,TRUE,TRUE,0,NA,NA,NA,NA,NA
5207_251_VB_WGS_2026012_316_S255,5207_251_VB_WGS_2026012_316_S255__chrII__80185__C__A,FALSE,FALSE,0,NA,NA,NA,NA,NA
5207_283_VB_WGS_2026012_318_S287,5207_283_VB_WGS_2026012_318_S287__chrIV__130640__G__A,FALSE,FALSE,0,NA,NA,NA,NA,NA
5207_299_VB_WGS_2026012_319_S303,5207_299_VB_WGS_2026012_319_S303__chrVIII__80882__A__G,FALSE,FALSE,0,NA,NA,NA,NA,NA
5207_315_VB_WGS_2026012_320_S319,5207_315_VB_WGS_2026012_320_S319__chrI__29227__A__G,FALSE,FALSE,0,NA,NA,NA,NA,NA
5207_331_VB_WGS_2026012_321_S335,5207_331_VB_WGS_2026012_321_S335__chrII__594784__T__G,FALSE,FALSE,0,NA,NA,NA,NA,NA
5207_347_VB_WGS_2026012_322_S351,5207_347_VB_WGS_2026012_322_S351__chrVI__186667__T__C,FALSE,FALSE,0,NA,NA,NA,NA,NA
5207_363_VB_WGS_2026012_323_S367,5207_363_VB_WGS_2026012_323_S367__chrXVI__427130__A__G,TRUE,TRUE,0,NA,NA,NA,NA,NA
5207_379_VB_WGS_2026012_324_S383,5207_379_VB_WGS_2026012_324_S383__chrII__753942__C__T,TRUE,TRUE,0,NA,NA,NA,NA,NA
5207_204_VB_WGS_2026012_325_S208,5207_204_VB_WGS_2026012_325_S208__chrXIII__270930__T__C,TRUE,TRUE,0,NA,NA,NA,NA,NA
5207_220_VB_WGS_2026012_326_S224,5207_220_VB_WGS_2026012_326_S224__chrXVI__427130__A__G,TRUE,TRUE,0,NA,NA,NA,NA,NA
5207_236_VB_WGS_2026012_327_S240,5207_236_VB_WGS_2026012_327_S240__chrXVI__111550__G__A,FALSE,FALSE,0,NA,NA,NA,NA,NA
5207_252_VB_WGS_2026012_328_S256,5207_252_VB_WGS_2026012_328_S256__chrIV__85280__C__T,TRUE,TRUE,0,NA,NA,NA,NA,NA
5207_268_VB_WGS_2026012_329_S272,5207_268_VB_WGS_2026012_329_S272__chrIV__744456__G__T,FALSE,FALSE,0,NA,NA,NA,NA,NA
5207_284_VB_WGS_2026012_330_S288,5207_284_VB_WGS_2026012_330_S288__chrXII__307563__T__G,FALSE,FALSE,0,NA,NA,NA,NA,NA
5207_300_VB_WGS_2026012_331_S304,5207_300_VB_WGS_2026012_331_S304__chrIX__393280__A__G,TRUE,FALSE,0,NA,NA,NA,NA,NA
5207_332_VB_WGS_2026012_333_S336,5207_332_VB_WGS_2026012_333_S336__chrX__431547__A__G,FALSE,FALSE,0,NA,NA,NA,NA,NA
5207_348_VB_WGS_2026012_334_S352,5207_348_VB_WGS_2026012_334_S352__chrII__521571__G__T,FALSE,FALSE,0,NA,NA,NA,NA,NA
5207_364_VB_WGS_2026012_335_S368,5207_364_VB_WGS_2026012_335_S368__chrXI__540879__G__A,FALSE,FALSE,0,NA,NA,NA,NA,NA
5207_380_VB_WGS_2026012_336_S384,5207_380_VB_WGS_2026012_336_S384__chrVII__18516__A__T,TRUE,TRUE,0,NA,NA,NA,NA,NA
5207_205_VB_WGS_2026012_337_S209,5207_205_VB_WGS_2026012_337_S209__chrXI__490946__T__C,FALSE,FALSE,0,NA,NA,NA,NA,NA
5207_221_VB_WGS_2026012_338_S225,5207_221_VB_WGS_2026012_338_S225__chrV__232364__G__C,TRUE,TRUE,0,NA,NA,NA,NA,NA
5207_237_VB_WGS_2026012_339_S241,5207_237_VB_WGS_2026012_339_S241__chrXIV__586448__T__A,TRUE,TRUE,0,NA,NA,NA,NA,NA
5207_253_VB_WGS_2026012_340_S257,5207_253_VB_WGS_2026012_340_S257__chrXI__256639__A__G,TRUE,TRUE,0,NA,NA,NA,NA,NA
5207_269_VB_WGS_2026012_341_S273,5207_269_VB_WGS_2026012_341_S273__chrXVI__381495__G__C,TRUE,TRUE,0,NA,NA,NA,NA,NA
5207_285_VB_WGS_2026012_342_S289,5207_285_VB_WGS_2026012_342_S289__chrXV__328791__C__A,TRUE,TRUE,0,NA,NA,NA,NA,NA
5207_301_VB_WGS_2026012_343_S305,5207_301_VB_WGS_2026012_343_S305__chrXI__260286__A__G,TRUE,TRUE,0,NA,NA,NA,NA,NA
5207_317_VB_WGS_2026012_344_S321,5207_317_VB_WGS_2026012_344_S321__chrX__507303__G__T,FALSE,FALSE,0,NA,NA,NA,NA,NA
5207_333_VB_WGS_2026012_345_S337,5207_333_VB_WGS_2026012_345_S337__chrII__571411__A__G,TRUE,TRUE,0,NA,NA,NA,NA,NA
5207_349_VB_WGS_2026012_346_S353,5207_349_VB_WGS_2026012_346_S353__chrVII__594969__A__G,FALSE,FALSE,0,NA,NA,NA,NA,NA
5207_365_VB_WGS_2026012_347_S369,5207_365_VB_WGS_2026012_347_S369__chrXII__817044__A__G,TRUE,FALSE,0,NA,NA,NA,NA,NA
5207_381_VB_WGS_2026012_348_S385,5207_381_VB_WGS_2026012_348_S385__chrVII__749165__C__T,FALSE,FALSE,0,NA,NA,NA,NA,NA
5207_206_VB_WGS_2026012_349_S210,5207_206_VB_WGS_2026012_349_S210__chrXIV__388126__T__C,FALSE,FALSE,0,NA,NA,NA,NA,NA
5207_222_VB_WGS_2026012_350_S226,5207_222_VB_WGS_2026012_350_S226__chrXV__168202__T__C,TRUE,FALSE,0,NA,NA,NA,NA,NA
5207_238_VB_WGS_2026012_351_S242,5207_238_VB_WGS_2026012_351_S242__chrXVI__221892__C__T,TRUE,FALSE,0,NA,NA,NA,NA,NA
5207_254_VB_WGS_2026012_352_S258,5207_254_VB_WGS_2026012_352_S258__chrXI__260286__A__G,TRUE,TRUE,0,NA,NA,NA,NA,NA
5207_270_VB_WGS_2026012_353_S274,5207_270_VB_WGS_2026012_353_S274__chrIV__70552__C__A,FALSE,FALSE,0,NA,NA,NA,NA,NA
5207_286_VB_WGS_2026012_354_S290,5207_286_VB_WGS_2026012_354_S290__chrVII__535018__T__A,TRUE,TRUE,0,NA,NA,NA,NA,NA
5207_302_VB_WGS_2026012_355_S306,5207_302_VB_WGS_2026012_355_S306__chrVI__191409__A__T,TRUE,TRUE,0,NA,NA,NA,NA,NA
5207_318_VB_WGS_2026012_356_S322,5207_318_VB_WGS_2026012_356_S322__chrV__14476__G__A,FALSE,FALSE,0,NA,NA,NA,NA,NA
5207_334_VB_WGS_2026012_357_S338,5207_334_VB_WGS_2026012_357_S338__chrIV__130640__G__A,TRUE,TRUE,0,NA,NA,NA,NA,NA
5207_350_VB_WGS_2026012_358_S354,5207_350_VB_WGS_2026012_358_S354__chrXI__570942__T__C,FALSE,FALSE,0,NA,NA,NA,NA,NA
5207_366_VB_WGS_2026012_359_S370,5207_366_VB_WGS_2026012_359_S370__chrXIII__9829__T__C,TRUE,TRUE,0,NA,NA,NA,NA,NA
5207_382_VB_WGS_2026012_360_S386,5207_382_VB_WGS_2026012_360_S386__chrV__243719__G__T,TRUE,TRUE,0,NA,NA,NA,NA,NA
5207_223_VB_WGS_2026012_362_S227,5207_223_VB_WGS_2026012_362_S227__chrV__243719__G__T,FALSE,FALSE,0,NA,NA,NA,NA,NA
5207_239_VB_WGS_2026012_363_S243,5207_239_VB_WGS_2026012_363_S243__chrXII__281400__C__T,TRUE,TRUE,1,0.0227920163002875,0.0227920163002875,0,40.2149,66.66666666666666
5207_255_VB_WGS_2026012_364_S259,5207_255_VB_WGS_2026012_364_S259__chrII__398292__G__A,TRUE,TRUE,0,NA,NA,NA,NA,NA
5207_271_VB_WGS_2026012_365_S275,5207_271_VB_WGS_2026012_365_S275__chrX__73391__T__C,TRUE,FALSE,0,NA,NA,NA,NA,NA
5207_287_VB_WGS_2026012_366_S291,5207_287_VB_WGS_2026012_366_S291__chrIV__705422__C__T,TRUE,TRUE,0,NA,NA,NA,NA,NA
5207_303_VB_WGS_2026012_367_S307,5207_303_VB_WGS_2026012_367_S307__chrXII__281400__C__T,TRUE,TRUE,0,NA,NA,NA,NA,NA
5207_319_VB_WGS_2026012_368_S323,5207_319_VB_WGS_2026012_368_S323__chrVII__125147__T__C,TRUE,TRUE,0,NA,NA,NA,NA,NA
5207_335_VB_WGS_2026012_369_S339,5207_335_VB_WGS_2026012_369_S339__chrVII__1073366__T__A,TRUE,FALSE,0,NA,NA,NA,NA,NA
5207_351_VB_WGS_2026012_370_S355,5207_351_VB_WGS_2026012_370_S355__chrIX__393280__A__G,TRUE,TRUE,0,NA,NA,NA,NA,NA
5207_367_VB_WGS_2026012_371_S371,5207_367_VB_WGS_2026012_371_S371__chrXII__744885__T__A,TRUE,TRUE,0,NA,NA,NA,NA,NA
5207_383_VB_WGS_2026012_372_S387,5207_383_VB_WGS_2026012_372_S387__chrXIII__77997__C__T,FALSE,FALSE,0,NA,NA,NA,NA,NA
5207_208_VB_WGS_2026012_373_S212,5207_208_VB_WGS_2026012_373_S212__chrXII__1056105__G__C,TRUE,TRUE,0,NA,NA,NA,NA,NA
5207_224_VB_WGS_2026012_374_S228,5207_224_VB_WGS_2026012_374_S228__chrIII__54609__A__C,TRUE,TRUE,0,NA,NA,NA,NA,NA
5207_240_VB_WGS_2026012_375_S244,5207_240_VB_WGS_2026012_375_S244__chrXV__537790__G__C,TRUE,FALSE,0,NA,NA,NA,NA,NA
5207_272_VB_WGS_2026012_377_S276,5207_272_VB_WGS_2026012_377_S276__chrIX__109134__G__A,FALSE,FALSE,0,NA,NA,NA,NA,NA
5207_288_VB_WGS_2026012_378_S292,5207_288_VB_WGS_2026012_378_S292__chrXIV__313406__C__T,FALSE,FALSE,0,NA,NA,NA,NA,NA
5207_304_VB_WGS_2026012_379_S308,5207_304_VB_WGS_2026012_379_S308__chrX__73391__T__C,TRUE,FALSE,0,NA,NA,NA,NA,NA
5207_320_VB_WGS_2026012_380_S324,5207_320_VB_WGS_2026012_380_S324__chrV__17871__G__A,FALSE,FALSE,0,NA,NA,NA,NA,NA
5207_368_VB_WGS_2026012_383_S372,5207_368_VB_WGS_2026012_383_S372__chrXI__570942__T__C,TRUE,FALSE,0,NA,NA,NA,NA,NA
5207_384_VB_WGS_2026012_384_S388,5207_384_VB_WGS_2026012_384_S388__chrXIV__678304__G__A,TRUE,TRUE,0,NA,NA,NA,NA,NA
5081_017_VB4_VB_WGS_20250613_0002_S21,5081_017_VB4_VB_WGS_20250613_0002_S21__chrVI__160471__A__ATTAT,TRUE,TRUE,0,NA,NA,NA,NA,NA
5081_033_VB4_VB_WGS_20250613_0003_S37,5081_033_VB4_VB_WGS_20250613_0003_S37__chrXII__928464__T__TG,TRUE,TRUE,0,NA,NA,NA,NA,NA
5081_180_VB4_VB_WGS_20250613_0048_S184,5081_180_VB4_VB_WGS_20250613_0048_S184__chrVII__747792__TCAG__T,TRUE,FALSE,0,NA,NA,NA,NA,NA
5081_117_VB4_VB_WGS_20250613_0056_S121,5081_117_VB4_VB_WGS_20250613_0056_S121__chrVII__17838__CATG__C,FALSE,FALSE,0,NA,NA,NA,NA,NA
5081_166_VB4_VB_WGS_20250613_0071_S170,5081_166_VB4_VB_WGS_20250613_0071_S170__chrVII__905164__T__TA,TRUE,TRUE,0,NA,NA,NA,NA,NA
5081_103_VB4_VB_WGS_20250613_0079_S107,5081_103_VB4_VB_WGS_20250613_0079_S107__chrXII__1014227__GTC__G,FALSE,FALSE,0,NA,NA,NA,NA,NA
5081_167_VB4_VB_WGS_20250613_0083_S171,5081_167_VB4_VB_WGS_20250613_0083_S171__chrX__126726__ATT__A,TRUE,TRUE,0,NA,NA,NA,NA,NA
5081_289_VB4_VB_WGS_20250613_0103_S293,5081_289_VB4_VB_WGS_20250613_0103_S293__chrXII__928464__T__TG,TRUE,TRUE,0,NA,NA,NA,NA,NA
5081_227_VB4_VB_WGS_20250613_0123_S231,5081_227_VB4_VB_WGS_20250613_0123_S231__chrXII__1014227__GTC__G,TRUE,TRUE,0,NA,NA,NA,NA,NA
5081_260_VB4_VB_WGS_20250613_0137_S264,5081_260_VB4_VB_WGS_20250613_0137_S264__chrIX__426348__GTTC__G,TRUE,TRUE,0,NA,NA,NA,NA,NA
5081_325_VB4_VB_WGS_20250613_0153_S329,5081_325_VB4_VB_WGS_20250613_0153_S329__chrI__197919__G__GA,FALSE,FALSE,0,NA,NA,NA,NA,NA
5081_231_VB4_VB_WGS_20250613_0171_S235,5081_231_VB4_VB_WGS_20250613_0171_S235__chrVII__17838__CATG__C,TRUE,TRUE,0,NA,NA,NA,NA,NA
5081_264_VB4_VB_WGS_20250613_0185_S268,5081_264_VB4_VB_WGS_20250613_0185_S268__chrV__423672__AT__A,TRUE,TRUE,0,NA,NA,NA,NA,NA
5081_073_VB4_VB_WGS_20250613_0197_S77,5081_073_VB4_VB_WGS_20250613_0197_S77__chrII__363508__GA__G,TRUE,FALSE,0,NA,NA,NA,NA,NA
5081_153_VB4_VB_WGS_20250613_0202_S157,5081_153_VB4_VB_WGS_20250613_0202_S157__chrIX__426348__GTTC__G,TRUE,TRUE,0,NA,NA,NA,NA,NA
5081_169_VB4_VB_WGS_20250613_0203_S173,5081_169_VB4_VB_WGS_20250613_0203_S173__chrIV__435390__AT__A,TRUE,FALSE,0,NA,NA,NA,NA,NA
5081_042_VB4_VB_WGS_20250613_0207_S46,5081_042_VB4_VB_WGS_20250613_0207_S46__chrXVI__923582__T__TG,TRUE,TRUE,0,NA,NA,NA,NA,NA
5081_124_VB4_VB_WGS_20250613_0236_S128,5081_124_VB4_VB_WGS_20250613_0236_S128__chrII__644106__TAGCGTTTTGCTACTAACAA__T,TRUE,FALSE,0,NA,NA,NA,NA,NA
5081_140_VB4_VB_WGS_20250613_0237_S144,5081_140_VB4_VB_WGS_20250613_0237_S144__chrIX__338044__GGA__G,TRUE,TRUE,0,NA,NA,NA,NA,NA
5081_172_VB4_VB_WGS_20250613_0239_S176,5081_172_VB4_VB_WGS_20250613_0239_S176__chrXI__19607__GA__G,TRUE,TRUE,0,NA,NA,NA,NA,NA
5081_142_VB4_VB_WGS_20250613_0261_S146,5081_142_VB4_VB_WGS_20250613_0261_S146__chrII__344318__G__GGCCACAAATAA,FALSE,FALSE,0,NA,NA,NA,NA,NA
5081_079_VB4_VB_WGS_20250613_0269_S83,5081_079_VB4_VB_WGS_20250613_0269_S83__chrXIII__26816__GACCCT__G,FALSE,FALSE,0,NA,NA,NA,NA,NA
5081_112_VB4_VB_WGS_20250613_0283_S116,5081_112_VB4_VB_WGS_20250613_0283_S116__chrVII__568520__TTTA__T,TRUE,FALSE,0,NA,NA,NA,NA,NA
5081_377_VB4_VB_WGS_20250613_0300_S381,5081_377_VB4_VB_WGS_20250613_0300_S381__chrXIII__26816__GACCCT__G,TRUE,TRUE,0,NA,NA,NA,NA,NA
5081_234_VB4_VB_WGS_20250613_0303_S238,5081_234_VB4_VB_WGS_20250613_0303_S238__chrXII__793081__T__TA,FALSE,FALSE,0,NA,NA,NA,NA,NA
5081_362_VB4_VB_WGS_20250613_0311_S366,5081_362_VB4_VB_WGS_20250613_0311_S366__chrXII__793081__T__TA,TRUE,TRUE,0,NA,NA,NA,NA,NA
5081_381_VB4_VB_WGS_20250613_0348_S385,5081_381_VB4_VB_WGS_20250613_0348_S385__chrII__747841__GT__G,TRUE,TRUE,0,NA,NA,NA,NA,NA
5081_254_VB4_VB_WGS_20250613_0352_S258,5081_254_VB4_VB_WGS_20250613_0352_S258__chrIX__338044__GGA__G,FALSE,FALSE,0,NA,NA,NA,NA,NA
5081_513_VB4_VB_WGS_20250613_0393_S517,5081_513_VB4_VB_WGS_20250613_0393_S517__chrII__644106__TAGCGTTTTGCTACTAACAA__T,TRUE,TRUE,0,NA,NA,NA,NA,NA
5081_499_VB4_VB_WGS_20250613_0416_S503,5081_499_VB4_VB_WGS_20250613_0416_S503__chrVII__18479__CA__C,TRUE,FALSE,0,NA,NA,NA,NA,NA
5081_420_VB4_VB_WGS_20250613_0423_S424,5081_420_VB4_VB_WGS_20250613_0423_S424__chrXV__136025__GA__G,TRUE,TRUE,0,NA,NA,NA,NA,NA
5081_533_VB4_VB_WGS_20250613_0442_S537,5081_533_VB4_VB_WGS_20250613_0442_S537__chrXIV__560932__T__TC,FALSE,FALSE,0,NA,NA,NA,NA,NA
5081_518_VB4_VB_WGS_20250613_0453_S522,5081_518_VB4_VB_WGS_20250613_0453_S522__chrIV__232542__TAAAAGAAGTTTCCTCTTTCCTAAACTTA__T,TRUE,TRUE,0,NA,NA,NA,NA,NA
5081_535_VB4_VB_WGS_20250613_0466_S539,5081_535_VB4_VB_WGS_20250613_0466_S539__chrXV__136025__GA__G,TRUE,TRUE,0,NA,NA,NA,NA,NA
5081_536_VB4_VB_WGS_20250613_0478_S540,5081_536_VB4_VB_WGS_20250613_0478_S540__chrXIV__560932__T__TC,TRUE,FALSE,0,NA,NA,NA,NA,NA
5081_753_VB4_VB_WGS_20250613_0492_S757,5081_753_VB4_VB_WGS_20250613_0492_S757__chrI__29791__GT__G,TRUE,TRUE,0,NA,NA,NA,NA,NA
5081_578_VB4_VB_WGS_20250613_0493_S582,5081_578_VB4_VB_WGS_20250613_0493_S582__chrXV__32815__C__CTT,TRUE,TRUE,0,NA,NA,NA,NA,NA
5081_628_VB4_VB_WGS_20250613_0520_S632,5081_628_VB4_VB_WGS_20250613_0520_S632__chrI__197919__G__GA,TRUE,TRUE,0,NA,NA,NA,NA,NA
5081_676_VB4_VB_WGS_20250613_0523_S680,5081_676_VB4_VB_WGS_20250613_0523_S680__chrXI__19607__GA__G,TRUE,TRUE,0,NA,NA,NA,NA,NA
5081_756_VB4_VB_WGS_20250613_0528_S760,5081_756_VB4_VB_WGS_20250613_0528_S760__chrIV__232542__TAAAAGAAGTTTCCTCTTTCCTAAACTTA__T,FALSE,FALSE,0,NA,NA,NA,NA,NA
5081_661_VB4_VB_WGS_20250613_0534_S665,5081_661_VB4_VB_WGS_20250613_0534_S665__chrII__747841__GT__G,FALSE,FALSE,0,NA,NA,NA,NA,NA
5081_584_VB4_VB_WGS_20250613_0565_S588,5081_584_VB4_VB_WGS_20250613_0565_S588__chrVI__160471__A__ATTAT,TRUE,TRUE,0,NA,NA,NA,NA,NA
5081_744_VB4_VB_WGS_20250613_0575_S748,5081_744_VB4_VB_WGS_20250613_0575_S748__chrXV__32815__C__CTT,TRUE,TRUE,0,NA,NA,NA,NA,NA
5081_619_VB4_VB_WGS_20250613_0603_S623,5081_619_VB4_VB_WGS_20250613_0603_S623__chrVII__18479__CA__C,FALSE,FALSE,0,NA,NA,NA,NA,NA
5081_588_VB4_VB_WGS_20250613_0613_S592,5081_588_VB4_VB_WGS_20250613_0613_S592__chrXV__524973__CTG__C,TRUE,TRUE,0,NA,NA,NA,NA,NA
5081_701_VB4_VB_WGS_20250613_0632_S705,5081_701_VB4_VB_WGS_20250613_0632_S705__chrI__29791__GT__G,TRUE,TRUE,0,NA,NA,NA,NA,NA
5081_702_VB4_VB_WGS_20250613_0644_S706,5081_702_VB4_VB_WGS_20250613_0644_S706__chrIV__232542__TAAAAGAAGTTTCCTCTTTCCTAAACTTA__T,TRUE,TRUE,0,NA,NA,NA,NA,NA
5081_591_VB4_VB_WGS_20250613_0649_S595,5081_591_VB4_VB_WGS_20250613_0649_S595__chrXVI__923582__T__TG,TRUE,TRUE,0,NA,NA,NA,NA,NA
5081_554_VB4_VB_WGS_20250613_0695_S558,5081_554_VB4_VB_WGS_20250613_0695_S558__chrVII__568520__TTTA__T,TRUE,FALSE,1,0.818090604432132,0.818090604432132,0,98.9055,100
5081_507_VB4_VB_WGS_20250613_0704_S511,5081_507_VB4_VB_WGS_20250613_0704_S511__chrX__126726__ATT__A,TRUE,TRUE,0,NA,NA,NA,NA,NA
5081_396_VB4_VB_WGS_20250613_0709_S400,5081_396_VB4_VB_WGS_20250613_0709_S400__chrVII__747792__TCAG__T,TRUE,FALSE,0,NA,NA,NA,NA,NA
5081_477_VB4_VB_WGS_20250613_0726_S481,5081_477_VB4_VB_WGS_20250613_0726_S481__chrIV__435390__AT__A,TRUE,TRUE,0,NA,NA,NA,NA,NA
5081_495_VB4_VB_WGS_20250613_0751_S499,5081_495_VB4_VB_WGS_20250613_0751_S499__chrXV__524973__CTG__C,FALSE,FALSE,0,NA,NA,NA,NA,NA
5081_575_VB4_VB_WGS_20250613_0756_S579,5081_575_VB4_VB_WGS_20250613_0756_S579__chrVII__905164__T__TA,TRUE,TRUE,0,NA,NA,NA,NA,NA
5207_065_VB_WGS_2026012_005_S69,5207_065_VB_WGS_2026012_005_S69__chrVI__100385__ACAGGTG__A,TRUE,FALSE,1,0.0204907248199272,0.0204907248199272,0,117.884,100
5207_002_VB_WGS_2026012_013_S6,5207_002_VB_WGS_2026012_013_S6__chrXII__747710__G__GT,FALSE,FALSE,0,NA,NA,NA,NA,NA
5207_101_VB_WGS_2026012_055_S105,5207_101_VB_WGS_2026012_055_S105__chrXIII__852529__T__TGTC,FALSE,FALSE,0,NA,NA,NA,NA,NA
5207_149_VB_WGS_2026012_058_S153,5207_149_VB_WGS_2026012_058_S153__chrVII__598978__CG__C,FALSE,FALSE,0,NA,NA,NA,NA,NA
5207_006_VB_WGS_2026012_061_S10,5207_006_VB_WGS_2026012_061_S10__chrVII__598978__CG__C,TRUE,TRUE,0,NA,NA,NA,NA,NA
5207_070_VB_WGS_2026012_065_S74,5207_070_VB_WGS_2026012_065_S74__chrV__355237__T__TG,TRUE,TRUE,0,NA,NA,NA,NA,NA
5207_166_VB_WGS_2026012_071_S170,5207_166_VB_WGS_2026012_071_S170__chrIX__126009__TC__T,TRUE,FALSE,0,NA,NA,NA,NA,NA
5207_353_VB_WGS_2026012_107_S357,5207_353_VB_WGS_2026012_107_S357__chrIV__1341641__TCCCC__T,TRUE,FALSE,0,NA,NA,NA,NA,NA
5207_307_VB_WGS_2026012_128_S311,5207_307_VB_WGS_2026012_128_S311__chrXI__596999__A__AT,FALSE,FALSE,0,NA,NA,NA,NA,NA
5207_196_VB_WGS_2026012_133_S200,5207_196_VB_WGS_2026012_133_S200__chrXII__747710__G__GT,FALSE,FALSE,0,NA,NA,NA,NA,NA
5207_197_VB_WGS_2026012_145_S201,5207_197_VB_WGS_2026012_145_S201__chrV__355237__T__TG,FALSE,FALSE,0,NA,NA,NA,NA,NA
5207_198_VB_WGS_2026012_157_S202,5207_198_VB_WGS_2026012_157_S202__chrVI__233008__ATC__T,FALSE,FALSE,0,NA,NA,NA,NA,NA
5207_216_VB_WGS_2026012_182_S220,5207_216_VB_WGS_2026012_182_S220__chrXIII__852529__T__TGTC,TRUE,TRUE,0,NA,NA,NA,NA,NA
5207_376_VB_WGS_2026012_192_S380,5207_376_VB_WGS_2026012_192_S380__chrVI__100385__ACAGGTG__A,TRUE,TRUE,0,NA,NA,NA,NA,NA
5207_009_VB_WGS_2026012_193_S13,5207_009_VB_WGS_2026012_193_S13__chrV__355237__T__TG,FALSE,FALSE,0,NA,NA,NA,NA,NA
5207_041_VB_WGS_2026012_195_S45,5207_041_VB_WGS_2026012_195_S45__chrVI__100385__ACAGGTG__A,TRUE,FALSE,1,0.0204907248199272,0.0204907248199272,0,216.784,100
5207_154_VB_WGS_2026012_214_S158,5207_154_VB_WGS_2026012_214_S158__chrXI__596999__A__AT,TRUE,TRUE,0,NA,NA,NA,NA,NA
5207_125_VB_WGS_2026012_248_S129,5207_125_VB_WGS_2026012_248_S129__chrIX__126009__TC__T,FALSE,FALSE,0,NA,NA,NA,NA,NA
5207_111_VB_WGS_2026012_271_S115,5207_111_VB_WGS_2026012_271_S115__chrI__192550__CCAAAAAAAAAAAAA__C,TRUE,TRUE,0,NA,NA,NA,NA,NA
5207_330_VB_WGS_2026012_309_S334,5207_330_VB_WGS_2026012_309_S334__chrXIII__852529__T__TGTC,FALSE,FALSE,0,NA,NA,NA,NA,NA
5207_267_VB_WGS_2026012_317_S271,5207_267_VB_WGS_2026012_317_S271__chrIX__126009__TC__T,FALSE,FALSE,0,NA,NA,NA,NA,NA
5207_316_VB_WGS_2026012_332_S320,5207_316_VB_WGS_2026012_332_S320__chrVII__1072707__G__GA,TRUE,TRUE,0,NA,NA,NA,NA,NA
5207_207_VB_WGS_2026012_361_S211,5207_207_VB_WGS_2026012_361_S211__chrII__401034__A__AC,FALSE,FALSE,0,NA,NA,NA,NA,NA
5207_256_VB_WGS_2026012_376_S260,5207_256_VB_WGS_2026012_376_S260__chrXIII__512572__ATTT__A,TRUE,FALSE,0,NA,NA,NA,NA,NA
5207_336_VB_WGS_2026012_381_S340,5207_336_VB_WGS_2026012_381_S340__chrVI__233008__ATC__T,TRUE,TRUE,0,NA,NA,NA,NA,NA
5207_352_VB_WGS_2026012_382_S356,5207_352_VB_WGS_2026012_382_S356__chrVII__1072707__G__GA,TRUE,TRUE,0,NA,NA,NA,NA,NA
