name,experiment_key,plate,instrument_well,biological_sample,well_position,assay,cas_variant,cas_promoter,guide_promoter,direct_repeat,donor_recruitment,guide_id,strain,replicate,timepoint,generations,control,figure,paper_panel,raw_fcs_available_locally,source_table
AD20240516_plate2_gfpSNR52solliquid(1)_Experiment_day2_A06.fcs,cas_variant_gfp_off,AD20240516_plate2_gfpSNR52solliquid(1),A06,A5,,GFP_OFF,FnCas12a,TEF,SNR52,As_DR,,,,1,11_gen,5.8,no,Figure 1,GFP OFF Cas-variant time course,True,processed_data/GFP_OFF_vars_colonies_20260311.csv
AD20240516_plate2_gfpSNR52solliquid(1)_Experiment_day2_B06.fcs,cas_variant_gfp_off,AD20240516_plate2_gfpSNR52solliquid(1),B06,A5,,GFP_OFF,FnCas12a,TEF,SNR52,As_DR,,,,2,11_gen,5.9,no,Figure 1,GFP OFF Cas-variant time course,True,processed_data/GFP_OFF_vars_colonies_20260311.csv
AD20240516_plate2_gfpSNR52solliquid(1)_Experiment_day2_C05.fcs,cas_variant_gfp_off,AD20240516_plate2_gfpSNR52solliquid(1),C05,A2,,GFP_OFF,enAsCas12a,TEF,SNR52,As_DR,,,,1,11_gen,4.6,no,Figure 1,GFP OFF Cas-variant time course,True,processed_data/GFP_OFF_vars_colonies_20260311.csv
AD20240516_plate2_gfpSNR52solliquid(1)_Experiment_day2_C06.fcs,cas_variant_gfp_off,AD20240516_plate2_gfpSNR52solliquid(1),C06,A6,,GFP_OFF,LbCas12a,TEF,SNR52,As_DR,,,,1,11_gen,4.1,no,Figure 1,GFP OFF Cas-variant time course,True,processed_data/GFP_OFF_vars_colonies_20260311.csv
AD20240516_plate2_gfpSNR52solliquid(1)_Experiment_day2_D05.fcs,cas_variant_gfp_off,AD20240516_plate2_gfpSNR52solliquid(1),D05,A2,,GFP_OFF,enAsCas12a,TEF,SNR52,As_DR,,,,2,11_gen,3.8,no,Figure 1,GFP OFF Cas-variant time course,True,processed_data/GFP_OFF_vars_colonies_20260311.csv
AD20240516_plate2_gfpSNR52solliquid(1)_Experiment_day2_D06.fcs,cas_variant_gfp_off,AD20240516_plate2_gfpSNR52solliquid(1),D06,A6,,GFP_OFF,LbCas12a,TEF,SNR52,As_DR,,,,2,11_gen,4.2,no,Figure 1,GFP OFF Cas-variant time course,True,processed_data/GFP_OFF_vars_colonies_20260311.csv
AD20240516_plate2_gfpSNR52solliquid(1)_Experiment_day2_E06.fcs,cas_variant_gfp_off,AD20240516_plate2_gfpSNR52solliquid(1),E06,A7,,GFP_OFF,AsCas12a,TEF,SNR52,As_DR,,,,1,11_gen,5.5,no,Figure 1,GFP OFF Cas-variant time course,True,processed_data/GFP_OFF_vars_colonies_20260311.csv
AD20240516_plate2_gfpSNR52solliquid(1)_Experiment_day2_F06.fcs,cas_variant_gfp_off,AD20240516_plate2_gfpSNR52solliquid(1),F06,A7,,GFP_OFF,AsCas12a,TEF,SNR52,As_DR,,,,2,11_gen,4.2,no,Figure 1,GFP OFF Cas-variant time course,True,processed_data/GFP_OFF_vars_colonies_20260311.csv
AD20240516_plate2_gfpSNR52solliquid(1)_Experiment_day2_G06.fcs,cas_variant_gfp_off,AD20240516_plate2_gfpSNR52solliquid(1),G06,A8,,GFP_OFF,MbCas12a,TEF,SNR52,As_DR,,,,1,11_gen,4.5,no,Figure 1,GFP OFF Cas-variant time course,True,processed_data/GFP_OFF_vars_colonies_20260311.csv
AD20240516_plate2_gfpSNR52solliquid(1)_Experiment_day2_H06.fcs,cas_variant_gfp_off,AD20240516_plate2_gfpSNR52solliquid(1),H06,A8,,GFP_OFF,MbCas12a,TEF,SNR52,As_DR,,,,2,11_gen,4.1,no,Figure 1,GFP OFF Cas-variant time course,True,processed_data/GFP_OFF_vars_colonies_20260311.csv
AD_20240709_cas12a_all_PGK1plateC_Experiment_12gen_A06.fcs,cas_variant_gfp_off,AD_20240709_cas12a_all_PGK1plateC,A06,C5,,GFP_OFF,FnCas12a,PGK1,SNR52,As_DR,,,,1,11_gen,5.6,no,Figure 1,GFP OFF Cas-variant time course,True,processed_data/GFP_OFF_vars_colonies_20260311.csv
AD_20240709_cas12a_all_PGK1plateC_Experiment_12gen_B06.fcs,cas_variant_gfp_off,AD_20240709_cas12a_all_PGK1plateC,B06,C5,,GFP_OFF,FnCas12a,PGK1,SNR52,As_DR,,,,2,11_gen,5.7,no,Figure 1,GFP OFF Cas-variant time course,True,processed_data/GFP_OFF_vars_colonies_20260311.csv
AD_20240709_cas12a_all_PGK1plateC_Experiment_12gen_C05.fcs,cas_variant_gfp_off,AD_20240709_cas12a_all_PGK1plateC,C05,C2,,GFP_OFF,enAsCas12a,PGK1,SNR52,As_DR,,,,1,11_gen,6.1,no,Figure 1,GFP OFF Cas-variant time course,True,processed_data/GFP_OFF_vars_colonies_20260311.csv
AD_20240709_cas12a_all_PGK1plateC_Experiment_12gen_C06.fcs,cas_variant_gfp_off,AD_20240709_cas12a_all_PGK1plateC,C06,C6,,GFP_OFF,LbCas12a,PGK1,SNR52,As_DR,,,,1,11_gen,7.0,no,Figure 1,GFP OFF Cas-variant time course,True,processed_data/GFP_OFF_vars_colonies_20260311.csv
AD_20240709_cas12a_all_PGK1plateC_Experiment_12gen_D05.fcs,cas_variant_gfp_off,AD_20240709_cas12a_all_PGK1plateC,D05,C2,,GFP_OFF,enAsCas12a,PGK1,SNR52,As_DR,,,,2,11_gen,6.4,no,Figure 1,GFP OFF Cas-variant time course,True,processed_data/GFP_OFF_vars_colonies_20260311.csv
AD_20240709_cas12a_all_PGK1plateC_Experiment_12gen_D06.fcs,cas_variant_gfp_off,AD_20240709_cas12a_all_PGK1plateC,D06,C6,,GFP_OFF,LbCas12a,PGK1,SNR52,As_DR,,,,2,11_gen,6.9,no,Figure 1,GFP OFF Cas-variant time course,True,processed_data/GFP_OFF_vars_colonies_20260311.csv
AD_20240709_cas12a_all_PGK1plateC_Experiment_12gen_E06.fcs,cas_variant_gfp_off,AD_20240709_cas12a_all_PGK1plateC,E06,C7,,GFP_OFF,AsCas12a,PGK1,SNR52,As_DR,,,,1,11_gen,6.9,no,Figure 1,GFP OFF Cas-variant time course,True,processed_data/GFP_OFF_vars_colonies_20260311.csv
AD_20240709_cas12a_all_PGK1plateC_Experiment_12gen_F06.fcs,cas_variant_gfp_off,AD_20240709_cas12a_all_PGK1plateC,F06,C7,,GFP_OFF,AsCas12a,PGK1,SNR52,As_DR,,,,2,11_gen,7.1,no,Figure 1,GFP OFF Cas-variant time course,True,processed_data/GFP_OFF_vars_colonies_20260311.csv
VB_20241007_MbCas12a_PGK1_Experiment_T03_C3.fcs,cas_variant_gfp_off,VB_20241007_MbCas12a_PGK1,,C3,,GFP_OFF,MbCas12a,PGK1,SNR52,As_DR,,,,1,11_gen,12.06455656,No,Figure 1,GFP OFF Cas-variant time course,True,processed_data/GFP_OFF_vars_colonies_20260311.csv
VB_20241007_MbCas12a_PGK1_Experiment_T03_D3.fcs,cas_variant_gfp_off,VB_20241007_MbCas12a_PGK1,,D3,,GFP_OFF,MbCas12a,PGK1,SNR52,As_DR,,,,2,11_gen,11.84770171,No,Figure 1,GFP OFF Cas-variant time course,True,processed_data/GFP_OFF_vars_colonies_20260311.csv
AD20240516_plate2_gfpSNR52solliquid(1)_Experiment_day3_A08.fcs,cas_variant_gfp_off,AD20240516_plate2_gfpSNR52solliquid(1),A08,A5,,GFP_OFF,FnCas12a,TEF,SNR52,As_DR,,,,1,20_gen,9.8,no,Figure 1,GFP OFF Cas-variant time course,True,processed_data/GFP_OFF_vars_colonies_20260311.csv
AD20240516_plate2_gfpSNR52solliquid(1)_Experiment_day3_B08.fcs,cas_variant_gfp_off,AD20240516_plate2_gfpSNR52solliquid(1),B08,A5,,GFP_OFF,FnCas12a,TEF,SNR52,As_DR,,,,2,20_gen,9.8,no,Figure 1,GFP OFF Cas-variant time course,True,processed_data/GFP_OFF_vars_colonies_20260311.csv
AD20240516_plate2_gfpSNR52solliquid(1)_Experiment_day3_C07.fcs,cas_variant_gfp_off,AD20240516_plate2_gfpSNR52solliquid(1),C07,A2,,GFP_OFF,enAsCas12a,TEF,SNR52,As_DR,,,,1,20_gen,9.3,no,Figure 1,GFP OFF Cas-variant time course,True,processed_data/GFP_OFF_vars_colonies_20260311.csv
AD20240516_plate2_gfpSNR52solliquid(1)_Experiment_day3_C08.fcs,cas_variant_gfp_off,AD20240516_plate2_gfpSNR52solliquid(1),C08,A6,,GFP_OFF,LbCas12a,TEF,SNR52,As_DR,,,,1,20_gen,9.9,no,Figure 1,GFP OFF Cas-variant time course,True,processed_data/GFP_OFF_vars_colonies_20260311.csv
AD20240516_plate2_gfpSNR52solliquid(1)_Experiment_day3_D07.fcs,cas_variant_gfp_off,AD20240516_plate2_gfpSNR52solliquid(1),D07,A2,,GFP_OFF,enAsCas12a,TEF,SNR52,As_DR,,,,2,20_gen,9.8,no,Figure 1,GFP OFF Cas-variant time course,True,processed_data/GFP_OFF_vars_colonies_20260311.csv
AD20240516_plate2_gfpSNR52solliquid(1)_Experiment_day3_D08.fcs,cas_variant_gfp_off,AD20240516_plate2_gfpSNR52solliquid(1),D08,A6,,GFP_OFF,LbCas12a,TEF,SNR52,As_DR,,,,2,20_gen,9.9,no,Figure 1,GFP OFF Cas-variant time course,True,processed_data/GFP_OFF_vars_colonies_20260311.csv
AD20240516_plate2_gfpSNR52solliquid(1)_Experiment_day3_E08.fcs,cas_variant_gfp_off,AD20240516_plate2_gfpSNR52solliquid(1),E08,A7,,GFP_OFF,AsCas12a,TEF,SNR52,As_DR,,,,1,20_gen,9.7,no,Figure 1,GFP OFF Cas-variant time course,True,processed_data/GFP_OFF_vars_colonies_20260311.csv
AD20240516_plate2_gfpSNR52solliquid(1)_Experiment_day3_F08.fcs,cas_variant_gfp_off,AD20240516_plate2_gfpSNR52solliquid(1),F08,A7,,GFP_OFF,AsCas12a,TEF,SNR52,As_DR,,,,2,20_gen,9.7,no,Figure 1,GFP OFF Cas-variant time course,True,processed_data/GFP_OFF_vars_colonies_20260311.csv
AD20240516_plate2_gfpSNR52solliquid(1)_Experiment_day3_G08.fcs,cas_variant_gfp_off,AD20240516_plate2_gfpSNR52solliquid(1),G08,A8,,GFP_OFF,MbCas12a,TEF,SNR52,As_DR,,,,1,20_gen,9.8,no,Figure 1,GFP OFF Cas-variant time course,True,processed_data/GFP_OFF_vars_colonies_20260311.csv
AD20240516_plate2_gfpSNR52solliquid(1)_Experiment_day3_H08.fcs,cas_variant_gfp_off,AD20240516_plate2_gfpSNR52solliquid(1),H08,A8,,GFP_OFF,MbCas12a,TEF,SNR52,As_DR,,,,2,20_gen,9.9,no,Figure 1,GFP OFF Cas-variant time course,True,processed_data/GFP_OFF_vars_colonies_20260311.csv
AD_20240709_cas12a_all_PGK1plateC_Experiment_24gen_A08.fcs,cas_variant_gfp_off,AD_20240709_cas12a_all_PGK1plateC,A08,C5,,GFP_OFF,FnCas12a,PGK1,SNR52,As_DR,,,,1,20_gen,9.1,no,Figure 1,GFP OFF Cas-variant time course,True,processed_data/GFP_OFF_vars_colonies_20260311.csv
AD_20240709_cas12a_all_PGK1plateC_Experiment_24gen_B08.fcs,cas_variant_gfp_off,AD_20240709_cas12a_all_PGK1plateC,B08,C5,,GFP_OFF,FnCas12a,PGK1,SNR52,As_DR,,,,2,20_gen,9.2,no,Figure 1,GFP OFF Cas-variant time course,True,processed_data/GFP_OFF_vars_colonies_20260311.csv
AD_20240709_cas12a_all_PGK1plateC_Experiment_24gen_C07.fcs,cas_variant_gfp_off,AD_20240709_cas12a_all_PGK1plateC,C07,C2,,GFP_OFF,enAsCas12a,PGK1,SNR52,As_DR,,,,1,20_gen,9.6,no,Figure 1,GFP OFF Cas-variant time course,True,processed_data/GFP_OFF_vars_colonies_20260311.csv
AD_20240709_cas12a_all_PGK1plateC_Experiment_24gen_C08.fcs,cas_variant_gfp_off,AD_20240709_cas12a_all_PGK1plateC,C08,C6,,GFP_OFF,LbCas12a,PGK1,SNR52,As_DR,,,,1,20_gen,9.3,no,Figure 1,GFP OFF Cas-variant time course,True,processed_data/GFP_OFF_vars_colonies_20260311.csv
AD_20240709_cas12a_all_PGK1plateC_Experiment_24gen_D07.fcs,cas_variant_gfp_off,AD_20240709_cas12a_all_PGK1plateC,D07,C2,,GFP_OFF,enAsCas12a,PGK1,SNR52,As_DR,,,,2,20_gen,9.6,no,Figure 1,GFP OFF Cas-variant time course,True,processed_data/GFP_OFF_vars_colonies_20260311.csv
AD_20240709_cas12a_all_PGK1plateC_Experiment_24gen_D08.fcs,cas_variant_gfp_off,AD_20240709_cas12a_all_PGK1plateC,D08,C6,,GFP_OFF,LbCas12a,PGK1,SNR52,As_DR,,,,2,20_gen,9.3,no,Figure 1,GFP OFF Cas-variant time course,True,processed_data/GFP_OFF_vars_colonies_20260311.csv
AD_20240709_cas12a_all_PGK1plateC_Experiment_24gen_E08.fcs,cas_variant_gfp_off,AD_20240709_cas12a_all_PGK1plateC,E08,C7,,GFP_OFF,AsCas12a,PGK1,SNR52,As_DR,,,,1,20_gen,9.3,no,Figure 1,GFP OFF Cas-variant time course,True,processed_data/GFP_OFF_vars_colonies_20260311.csv
AD_20240709_cas12a_all_PGK1plateC_Experiment_24gen_F08.fcs,cas_variant_gfp_off,AD_20240709_cas12a_all_PGK1plateC,F08,C7,,GFP_OFF,AsCas12a,PGK1,SNR52,As_DR,,,,2,20_gen,9.4,no,Figure 1,GFP OFF Cas-variant time course,True,processed_data/GFP_OFF_vars_colonies_20260311.csv
VB_20241007_MbCas12a_PGK1_Experiment_T04_C4.fcs,cas_variant_gfp_off,VB_20241007_MbCas12a_PGK1,,C4,,GFP_OFF,MbCas12a,PGK1,SNR52,As_DR,,,,1,20_gen,18.18349764,No,Figure 1,GFP OFF Cas-variant time course,True,processed_data/GFP_OFF_vars_colonies_20260311.csv
VB_20241007_MbCas12a_PGK1_Experiment_T04_D4.fcs,cas_variant_gfp_off,VB_20241007_MbCas12a_PGK1,,D4,,GFP_OFF,MbCas12a,PGK1,SNR52,As_DR,,,,2,20_gen,18.04737405,No,Figure 1,GFP OFF Cas-variant time course,True,processed_data/GFP_OFF_vars_colonies_20260311.csv
AD20240516_plate2_gfpSNR52solliquid(1)_Experiment_scrapedcells_and_day_1_A04.fcs,cas_variant_gfp_off,AD20240516_plate2_gfpSNR52solliquid(1),A04,A5,,GFP_OFF,FnCas12a,TEF,SNR52,As_DR,,,,1,6_gen,7.5,no,Figure 1,GFP OFF Cas-variant time course,True,processed_data/GFP_OFF_vars_colonies_20260311.csv
AD20240516_plate2_gfpSNR52solliquid(1)_Experiment_scrapedcells_and_day_1_B04.fcs,cas_variant_gfp_off,AD20240516_plate2_gfpSNR52solliquid(1),B04,A5,,GFP_OFF,FnCas12a,TEF,SNR52,As_DR,,,,2,6_gen,7.4,no,Figure 1,GFP OFF Cas-variant time course,True,processed_data/GFP_OFF_vars_colonies_20260311.csv
AD20240516_plate2_gfpSNR52solliquid(1)_Experiment_scrapedcells_and_day_1_C03.fcs,cas_variant_gfp_off,AD20240516_plate2_gfpSNR52solliquid(1),C03,A2,,GFP_OFF,enAsCas12a,TEF,SNR52,As_DR,,,,1,6_gen,7.9,no,Figure 1,GFP OFF Cas-variant time course,True,processed_data/GFP_OFF_vars_colonies_20260311.csv
AD20240516_plate2_gfpSNR52solliquid(1)_Experiment_scrapedcells_and_day_1_C04.fcs,cas_variant_gfp_off,AD20240516_plate2_gfpSNR52solliquid(1),C04,A6,,GFP_OFF,LbCas12a,TEF,SNR52,As_DR,,,,1,6_gen,4.9,no,Figure 1,GFP OFF Cas-variant time course,True,processed_data/GFP_OFF_vars_colonies_20260311.csv
AD20240516_plate2_gfpSNR52solliquid(1)_Experiment_scrapedcells_and_day_1_D03.fcs,cas_variant_gfp_off,AD20240516_plate2_gfpSNR52solliquid(1),D03,A2,,GFP_OFF,enAsCas12a,TEF,SNR52,As_DR,,,,2,6_gen,8.0,no,Figure 1,GFP OFF Cas-variant time course,True,processed_data/GFP_OFF_vars_colonies_20260311.csv
AD20240516_plate2_gfpSNR52solliquid(1)_Experiment_scrapedcells_and_day_1_D04.fcs,cas_variant_gfp_off,AD20240516_plate2_gfpSNR52solliquid(1),D04,A6,,GFP_OFF,LbCas12a,TEF,SNR52,As_DR,,,,2,6_gen,4.4,no,Figure 1,GFP OFF Cas-variant time course,True,processed_data/GFP_OFF_vars_colonies_20260311.csv
AD20240516_plate2_gfpSNR52solliquid(1)_Experiment_scrapedcells_and_day_1_E04.fcs,cas_variant_gfp_off,AD20240516_plate2_gfpSNR52solliquid(1),E04,A7,,GFP_OFF,AsCas12a,TEF,SNR52,As_DR,,,,1,6_gen,4.8,no,Figure 1,GFP OFF Cas-variant time course,True,processed_data/GFP_OFF_vars_colonies_20260311.csv
AD20240516_plate2_gfpSNR52solliquid(1)_Experiment_scrapedcells_and_day_1_F04.fcs,cas_variant_gfp_off,AD20240516_plate2_gfpSNR52solliquid(1),F04,A7,,GFP_OFF,AsCas12a,TEF,SNR52,As_DR,,,,2,6_gen,4.7,no,Figure 1,GFP OFF Cas-variant time course,True,processed_data/GFP_OFF_vars_colonies_20260311.csv
AD20240516_plate2_gfpSNR52solliquid(1)_Experiment_scrapedcells_and_day_1_G04.fcs,cas_variant_gfp_off,AD20240516_plate2_gfpSNR52solliquid(1),G04,A8,,GFP_OFF,MbCas12a,TEF,SNR52,As_DR,,,,1,6_gen,5.0,no,Figure 1,GFP OFF Cas-variant time course,True,processed_data/GFP_OFF_vars_colonies_20260311.csv
AD20240516_plate2_gfpSNR52solliquid(1)_Experiment_scrapedcells_and_day_1_H04.fcs,cas_variant_gfp_off,AD20240516_plate2_gfpSNR52solliquid(1),H04,A8,,GFP_OFF,MbCas12a,TEF,SNR52,As_DR,,,,2,6_gen,4.9,no,Figure 1,GFP OFF Cas-variant time course,True,processed_data/GFP_OFF_vars_colonies_20260311.csv
AD_20240709_cas12a_all_PGK1plateC_Experiment_scraped_cells_firstread_A04.fcs,cas_variant_gfp_off,AD_20240709_cas12a_all_PGK1plateC,A04,C5,,GFP_OFF,FnCas12a,PGK1,SNR52,As_DR,,,,1,6_gen,8.3,no,Figure 1,GFP OFF Cas-variant time course,True,processed_data/GFP_OFF_vars_colonies_20260311.csv
AD_20240709_cas12a_all_PGK1plateC_Experiment_scraped_cells_firstread_B04.fcs,cas_variant_gfp_off,AD_20240709_cas12a_all_PGK1plateC,B04,C5,,GFP_OFF,FnCas12a,PGK1,SNR52,As_DR,,,,2,6_gen,8.0,no,Figure 1,GFP OFF Cas-variant time course,True,processed_data/GFP_OFF_vars_colonies_20260311.csv
AD_20240709_cas12a_all_PGK1plateC_Experiment_scraped_cells_firstread_C03.fcs,cas_variant_gfp_off,AD_20240709_cas12a_all_PGK1plateC,C03,C2,,GFP_OFF,enAsCas12a,PGK1,SNR52,As_DR,,,,1,6_gen,7.1,no,Figure 1,GFP OFF Cas-variant time course,True,processed_data/GFP_OFF_vars_colonies_20260311.csv
AD_20240709_cas12a_all_PGK1plateC_Experiment_scraped_cells_firstread_C04.fcs,cas_variant_gfp_off,AD_20240709_cas12a_all_PGK1plateC,C04,C6,,GFP_OFF,LbCas12a,PGK1,SNR52,As_DR,,,,1,6_gen,4.7,no,Figure 1,GFP OFF Cas-variant time course,True,processed_data/GFP_OFF_vars_colonies_20260311.csv
AD_20240709_cas12a_all_PGK1plateC_Experiment_scraped_cells_firstread_D03.fcs,cas_variant_gfp_off,AD_20240709_cas12a_all_PGK1plateC,D03,C2,,GFP_OFF,enAsCas12a,PGK1,SNR52,As_DR,,,,2,6_gen,7.1,no,Figure 1,GFP OFF Cas-variant time course,True,processed_data/GFP_OFF_vars_colonies_20260311.csv
AD_20240709_cas12a_all_PGK1plateC_Experiment_scraped_cells_firstread_D04.fcs,cas_variant_gfp_off,AD_20240709_cas12a_all_PGK1plateC,D04,C6,,GFP_OFF,LbCas12a,PGK1,SNR52,As_DR,,,,2,6_gen,4.8,no,Figure 1,GFP OFF Cas-variant time course,True,processed_data/GFP_OFF_vars_colonies_20260311.csv
AD_20240709_cas12a_all_PGK1plateC_Experiment_scraped_cells_firstread_E04.fcs,cas_variant_gfp_off,AD_20240709_cas12a_all_PGK1plateC,E04,C7,,GFP_OFF,AsCas12a,PGK1,SNR52,As_DR,,,,1,6_gen,5.0,no,Figure 1,GFP OFF Cas-variant time course,True,processed_data/GFP_OFF_vars_colonies_20260311.csv
AD_20240709_cas12a_all_PGK1plateC_Experiment_scraped_cells_firstread_F04.fcs,cas_variant_gfp_off,AD_20240709_cas12a_all_PGK1plateC,F04,C7,,GFP_OFF,AsCas12a,PGK1,SNR52,As_DR,,,,2,6_gen,4.5,no,Figure 1,GFP OFF Cas-variant time course,True,processed_data/GFP_OFF_vars_colonies_20260311.csv
VB_20241007_MbCas12a_PGK1_Experiment_T02_C2.fcs,cas_variant_gfp_off,VB_20241007_MbCas12a_PGK1,,C2,,GFP_OFF,MbCas12a,PGK1,SNR52,As_DR,,,,1,6_gen,4.155727282,No,Figure 1,GFP OFF Cas-variant time course,True,processed_data/GFP_OFF_vars_colonies_20260311.csv
VB_20241007_MbCas12a_PGK1_Experiment_T02_D2.fcs,cas_variant_gfp_off,VB_20241007_MbCas12a_PGK1,,D2,,GFP_OFF,MbCas12a,PGK1,SNR52,As_DR,,,,2,6_gen,3.840796879,No,Figure 1,GFP OFF Cas-variant time course,True,processed_data/GFP_OFF_vars_colonies_20260311.csv
AD20240516_plate2_gfpSNR52solliquid(1)_Experiment_scrapedcells_and_day_1_A02.fcs,cas_variant_gfp_off,AD20240516_plate2_gfpSNR52solliquid(1),A02,A5,,GFP_OFF,FnCas12a,TEF,SNR52,As_DR,,,,1,scraped,,no,Figure 1,GFP OFF Cas-variant time course,True,processed_data/GFP_OFF_vars_colonies_20260311.csv
AD20240516_plate2_gfpSNR52solliquid(1)_Experiment_scrapedcells_and_day_1_B02.fcs,cas_variant_gfp_off,AD20240516_plate2_gfpSNR52solliquid(1),B02,A5,,GFP_OFF,FnCas12a,TEF,SNR52,As_DR,,,,2,scraped,,no,Figure 1,GFP OFF Cas-variant time course,True,processed_data/GFP_OFF_vars_colonies_20260311.csv
AD20240516_plate2_gfpSNR52solliquid(1)_Experiment_scrapedcells_and_day_1_C01.fcs,cas_variant_gfp_off,AD20240516_plate2_gfpSNR52solliquid(1),C01,A2,,GFP_OFF,enAsCas12a,TEF,SNR52,As_DR,,,,1,scraped,,no,Figure 1,GFP OFF Cas-variant time course,True,processed_data/GFP_OFF_vars_colonies_20260311.csv
AD20240516_plate2_gfpSNR52solliquid(1)_Experiment_scrapedcells_and_day_1_C02.fcs,cas_variant_gfp_off,AD20240516_plate2_gfpSNR52solliquid(1),C02,A6,,GFP_OFF,LbCas12a,TEF,SNR52,As_DR,,,,1,scraped,,no,Figure 1,GFP OFF Cas-variant time course,True,processed_data/GFP_OFF_vars_colonies_20260311.csv
AD20240516_plate2_gfpSNR52solliquid(1)_Experiment_scrapedcells_and_day_1_D01.fcs,cas_variant_gfp_off,AD20240516_plate2_gfpSNR52solliquid(1),D01,A2,,GFP_OFF,enAsCas12a,TEF,SNR52,As_DR,,,,2,scraped,,no,Figure 1,GFP OFF Cas-variant time course,True,processed_data/GFP_OFF_vars_colonies_20260311.csv
AD20240516_plate2_gfpSNR52solliquid(1)_Experiment_scrapedcells_and_day_1_D02.fcs,cas_variant_gfp_off,AD20240516_plate2_gfpSNR52solliquid(1),D02,A6,,GFP_OFF,LbCas12a,TEF,SNR52,As_DR,,,,2,scraped,,no,Figure 1,GFP OFF Cas-variant time course,True,processed_data/GFP_OFF_vars_colonies_20260311.csv
AD20240516_plate2_gfpSNR52solliquid(1)_Experiment_scrapedcells_and_day_1_E02.fcs,cas_variant_gfp_off,AD20240516_plate2_gfpSNR52solliquid(1),E02,A7,,GFP_OFF,AsCas12a,TEF,SNR52,As_DR,,,,1,scraped,,no,Figure 1,GFP OFF Cas-variant time course,True,processed_data/GFP_OFF_vars_colonies_20260311.csv
AD20240516_plate2_gfpSNR52solliquid(1)_Experiment_scrapedcells_and_day_1_F02.fcs,cas_variant_gfp_off,AD20240516_plate2_gfpSNR52solliquid(1),F02,A7,,GFP_OFF,AsCas12a,TEF,SNR52,As_DR,,,,2,scraped,,no,Figure 1,GFP OFF Cas-variant time course,True,processed_data/GFP_OFF_vars_colonies_20260311.csv
AD20240516_plate2_gfpSNR52solliquid(1)_Experiment_scrapedcells_and_day_1_G02.fcs,cas_variant_gfp_off,AD20240516_plate2_gfpSNR52solliquid(1),G02,A8,,GFP_OFF,MbCas12a,TEF,SNR52,As_DR,,,,1,scraped,,no,Figure 1,GFP OFF Cas-variant time course,True,processed_data/GFP_OFF_vars_colonies_20260311.csv
AD20240516_plate2_gfpSNR52solliquid(1)_Experiment_scrapedcells_and_day_1_H02.fcs,cas_variant_gfp_off,AD20240516_plate2_gfpSNR52solliquid(1),H02,A8,,GFP_OFF,MbCas12a,TEF,SNR52,As_DR,,,,2,scraped,,no,Figure 1,GFP OFF Cas-variant time course,True,processed_data/GFP_OFF_vars_colonies_20260311.csv
AD_20240709_cas12a_all_PGK1plateC_Experiment_scraped_cells_firstread_A02.fcs,cas_variant_gfp_off,AD_20240709_cas12a_all_PGK1plateC,A02,C5,,GFP_OFF,FnCas12a,PGK1,SNR52,As_DR,,,,1,scraped,,no,Figure 1,GFP OFF Cas-variant time course,True,processed_data/GFP_OFF_vars_colonies_20260311.csv
AD_20240709_cas12a_all_PGK1plateC_Experiment_scraped_cells_firstread_B02.fcs,cas_variant_gfp_off,AD_20240709_cas12a_all_PGK1plateC,B02,C5,,GFP_OFF,FnCas12a,PGK1,SNR52,As_DR,,,,2,scraped,,no,Figure 1,GFP OFF Cas-variant time course,True,processed_data/GFP_OFF_vars_colonies_20260311.csv
AD_20240709_cas12a_all_PGK1plateC_Experiment_scraped_cells_firstread_C01.fcs,cas_variant_gfp_off,AD_20240709_cas12a_all_PGK1plateC,C01,C2,,GFP_OFF,enAsCas12a,PGK1,SNR52,As_DR,,,,1,scraped,,no,Figure 1,GFP OFF Cas-variant time course,True,processed_data/GFP_OFF_vars_colonies_20260311.csv
AD_20240709_cas12a_all_PGK1plateC_Experiment_scraped_cells_firstread_C02.fcs,cas_variant_gfp_off,AD_20240709_cas12a_all_PGK1plateC,C02,C6,,GFP_OFF,LbCas12a,PGK1,SNR52,As_DR,,,,1,scraped,,no,Figure 1,GFP OFF Cas-variant time course,True,processed_data/GFP_OFF_vars_colonies_20260311.csv
AD_20240709_cas12a_all_PGK1plateC_Experiment_scraped_cells_firstread_D01.fcs,cas_variant_gfp_off,AD_20240709_cas12a_all_PGK1plateC,D01,C2,,GFP_OFF,enAsCas12a,PGK1,SNR52,As_DR,,,,2,scraped,,no,Figure 1,GFP OFF Cas-variant time course,True,processed_data/GFP_OFF_vars_colonies_20260311.csv
AD_20240709_cas12a_all_PGK1plateC_Experiment_scraped_cells_firstread_D02.fcs,cas_variant_gfp_off,AD_20240709_cas12a_all_PGK1plateC,D02,C6,,GFP_OFF,LbCas12a,PGK1,SNR52,As_DR,,,,2,scraped,,no,Figure 1,GFP OFF Cas-variant time course,True,processed_data/GFP_OFF_vars_colonies_20260311.csv
AD_20240709_cas12a_all_PGK1plateC_Experiment_scraped_cells_firstread_E02.fcs,cas_variant_gfp_off,AD_20240709_cas12a_all_PGK1plateC,E02,C7,,GFP_OFF,AsCas12a,PGK1,SNR52,As_DR,,,,1,scraped,,no,Figure 1,GFP OFF Cas-variant time course,True,processed_data/GFP_OFF_vars_colonies_20260311.csv
AD_20240709_cas12a_all_PGK1plateC_Experiment_scraped_cells_firstread_F02.fcs,cas_variant_gfp_off,AD_20240709_cas12a_all_PGK1plateC,F02,C7,,GFP_OFF,AsCas12a,PGK1,SNR52,As_DR,,,,2,scraped,,no,Figure 1,GFP OFF Cas-variant time course,True,processed_data/GFP_OFF_vars_colonies_20260311.csv
VB_20241007_MbCas12a_PGK1_Experiment_T01_C1.fcs,cas_variant_gfp_off,VB_20241007_MbCas12a_PGK1,,C1,,GFP_OFF,MbCas12a,PGK1,SNR52,As_DR,,,,1,scraped,0.0,No,Figure 1,GFP OFF Cas-variant time course,True,processed_data/GFP_OFF_vars_colonies_20260311.csv
VB_20241007_MbCas12a_PGK1_Experiment_T01_D1.fcs,cas_variant_gfp_off,VB_20241007_MbCas12a_PGK1,,D1,,GFP_OFF,MbCas12a,PGK1,SNR52,As_DR,,,,2,scraped,0.0,No,Figure 1,GFP OFF Cas-variant time course,True,processed_data/GFP_OFF_vars_colonies_20260311.csv
VB_20240909_Cas_vars_Experiment_T03_PGK1_D1_E11.fcs,cas_variant_gfp_on,VB_20240909_Cas_vars,E11,T03_PGK1_D1,,GFP_ON,FnCas12a,PGK1,,As_DR,,A15,ys321,1,11_gen,17.05337611,No,Figure 1,GFP ON Cas-variant time course,True,processed_data/GFP_ON_vars_colonies_20260311.csv
VB_20240909_Cas_vars_Experiment_T03_PGK1_D1_F11.fcs,cas_variant_gfp_on,VB_20240909_Cas_vars,F11,T03_PGK1_D1,,GFP_ON,LbCas12a,PGK1,,As_DR,,A15,ys322,1,11_gen,11.675449,No,Figure 1,GFP ON Cas-variant time course,True,processed_data/GFP_ON_vars_colonies_20260311.csv
VB_20240909_Cas_vars_Experiment_T03_PGK1_D1_G11.fcs,cas_variant_gfp_on,VB_20240909_Cas_vars,G11,T03_PGK1_D1,,GFP_ON,AsCas12a,PGK1,,As_DR,,A15,ys323,1,11_gen,14.42500604,No,Figure 1,GFP ON Cas-variant time course,True,processed_data/GFP_ON_vars_colonies_20260311.csv
VB_20240909_Cas_vars_Experiment_T03_PGK1_D2_E12.fcs,cas_variant_gfp_on,VB_20240909_Cas_vars,E12,T03_PGK1_D2,,GFP_ON,FnCas12a,PGK1,,As_DR,,A15,ys321,2,11_gen,16.89175333,No,Figure 1,GFP ON Cas-variant time course,True,processed_data/GFP_ON_vars_colonies_20260311.csv
VB_20240909_Cas_vars_Experiment_T03_PGK1_D2_F12.fcs,cas_variant_gfp_on,VB_20240909_Cas_vars,F12,T03_PGK1_D2,,GFP_ON,LbCas12a,PGK1,,As_DR,,A15,ys322,2,11_gen,14.70043972,No,Figure 1,GFP ON Cas-variant time course,True,processed_data/GFP_ON_vars_colonies_20260311.csv
VB_20240909_Cas_vars_Experiment_T03_PGK1_D2_G12.fcs,cas_variant_gfp_on,VB_20240909_Cas_vars,G12,T03_PGK1_D2,,GFP_ON,AsCas12a,PGK1,,As_DR,,A15,ys323,2,11_gen,13.99774403,No,Figure 1,GFP ON Cas-variant time course,True,processed_data/GFP_ON_vars_colonies_20260311.csv
VB_20240909_Cas_vars_Experiment_T03_TEF_D1_E9.fcs,cas_variant_gfp_on,VB_20240909_Cas_vars,E9,T03_TEF_D1,,GFP_ON,FnCas12a,TEF,,As_DR,,A15,ys307,1,11_gen,17.33080486,No,Figure 1,GFP ON Cas-variant time course,True,processed_data/GFP_ON_vars_colonies_20260311.csv
VB_20240909_Cas_vars_Experiment_T03_TEF_D1_F9.fcs,cas_variant_gfp_on,VB_20240909_Cas_vars,F9,T03_TEF_D1,,GFP_ON,LbCas12a,TEF,,As_DR,,A15,ys308,1,11_gen,15.71304277,No,Figure 1,GFP ON Cas-variant time course,True,processed_data/GFP_ON_vars_colonies_20260311.csv
VB_20240909_Cas_vars_Experiment_T03_TEF_D1_G9.fcs,cas_variant_gfp_on,VB_20240909_Cas_vars,G9,T03_TEF_D1,,GFP_ON,AsCas12a,TEF,,As_DR,,A15,ys309,1,11_gen,15.93799167,No,Figure 1,GFP ON Cas-variant time course,True,processed_data/GFP_ON_vars_colonies_20260311.csv
VB_20240909_Cas_vars_Experiment_T03_TEF_D1_H9.fcs,cas_variant_gfp_on,VB_20240909_Cas_vars,H9,T03_TEF_D1,,GFP_ON,MbCas12a,TEF,,As_DR,,A15,ys310,1,11_gen,16.20413093,No,Figure 1,GFP ON Cas-variant time course,True,processed_data/GFP_ON_vars_colonies_20260311.csv
VB_20240909_Cas_vars_Experiment_T03_TEF_D2_E10.fcs,cas_variant_gfp_on,VB_20240909_Cas_vars,E10,T03_TEF_D2,,GFP_ON,FnCas12a,TEF,,As_DR,,A15,ys307,2,11_gen,17.13764441,No,Figure 1,GFP ON Cas-variant time course,True,processed_data/GFP_ON_vars_colonies_20260311.csv
VB_20240909_Cas_vars_Experiment_T03_TEF_D2_F10.fcs,cas_variant_gfp_on,VB_20240909_Cas_vars,F10,T03_TEF_D2,,GFP_ON,LbCas12a,TEF,,As_DR,,A15,ys308,2,11_gen,14.78796784,No,Figure 1,GFP ON Cas-variant time course,True,processed_data/GFP_ON_vars_colonies_20260311.csv
VB_20240909_Cas_vars_Experiment_T03_TEF_D2_G10.fcs,cas_variant_gfp_on,VB_20240909_Cas_vars,G10,T03_TEF_D2,,GFP_ON,AsCas12a,TEF,,As_DR,,A15,ys309,2,11_gen,15.03171499,No,Figure 1,GFP ON Cas-variant time course,True,processed_data/GFP_ON_vars_colonies_20260311.csv
VB_20240909_Cas_vars_Experiment_T03_TEF_D2_H10.fcs,cas_variant_gfp_on,VB_20240909_Cas_vars,H10,T03_TEF_D2,,GFP_ON,MbCas12a,TEF,,As_DR,,A15,ys310,2,11_gen,15.12605912,No,Figure 1,GFP ON Cas-variant time course,True,processed_data/GFP_ON_vars_colonies_20260311.csv
VB_20240916_PGK1_proms_P2_Experiment_ys304_T03_A11.fcs,cas_variant_gfp_on,VB_20240916_PGK1_proms_P2,A11,ys304_T03,,GFP_ON,enAsCas12a,TEF,,As_DR,,A15,ys304,1,11_gen,13.29948279,No,Figure 1,GFP ON Cas-variant time course,True,processed_data/GFP_ON_vars_colonies_20260311.csv
VB_20240916_PGK1_proms_P2_Experiment_ys304_T03_A12.fcs,cas_variant_gfp_on,VB_20240916_PGK1_proms_P2,A12,ys304_T03,,GFP_ON,enAsCas12a,TEF,,As_DR,,A15,ys304,2,11_gen,12.22612314,No,Figure 1,GFP ON Cas-variant time course,True,processed_data/GFP_ON_vars_colonies_20260311.csv
VB_20240916_PGK1_proms_P2_Experiment_ys318_T03_C3.fcs,cas_variant_gfp_on,VB_20240916_PGK1_proms_P2,C3,ys318_T03,,GFP_ON,enAsCas12a,PGK1,SNR52,As_DR,,A15,ys318,1,11_gen,13.87897051,No,Figure 1,GFP ON Cas-variant time course; Guide-promoter comparison,True,processed_data/GFP_ON_vars_colonies_20260311.csv; processed_data/PGK1_proms_eff_colonies_20260311.csv
VB_20240916_PGK1_proms_P2_Experiment_ys318_T03_C4.fcs,cas_variant_gfp_on,VB_20240916_PGK1_proms_P2,C4,ys318_T03,,GFP_ON,enAsCas12a,PGK1,SNR52,As_DR,,A15,ys318,2,11_gen,12.60214209,No,Figure 1,GFP ON Cas-variant time course; Guide-promoter comparison,True,processed_data/GFP_ON_vars_colonies_20260311.csv; processed_data/PGK1_proms_eff_colonies_20260311.csv
VB_20241007_MbCas12a_PGK1_Experiment_T03_G3.fcs,cas_variant_gfp_on,VB_20241007_MbCas12a_PGK1,G3,T03,,GFP_ON,MbCas12a,PGK1,,As_DR,,A15,ys341,1,11_gen,14.16976511,No,Figure 1,GFP ON Cas-variant time course,True,processed_data/GFP_ON_vars_colonies_20260311.csv
VB_20241007_MbCas12a_PGK1_Experiment_T03_H3.fcs,cas_variant_gfp_on,VB_20241007_MbCas12a_PGK1,H3,T03,,GFP_ON,MbCas12a,PGK1,,As_DR,,A15,ys341,2,11_gen,14.28026127,No,Figure 1,GFP ON Cas-variant time course,True,processed_data/GFP_ON_vars_colonies_20260311.csv
VB_20240911_Cas_vars_P2_Experiment_T04_PGK1_D1_E3.fcs,cas_variant_gfp_on,VB_20240911_Cas_vars_P2,E3,T04_PGK1_D1,,GFP_ON,FnCas12a,PGK1,,As_DR,,A15,ys321,1,20_gen,23.80826362,No,Figure 1,GFP ON Cas-variant time course,True,processed_data/GFP_ON_vars_colonies_20260311.csv
VB_20240911_Cas_vars_P2_Experiment_T04_PGK1_D1_F3.fcs,cas_variant_gfp_on,VB_20240911_Cas_vars_P2,F3,T04_PGK1_D1,,GFP_ON,LbCas12a,PGK1,,As_DR,,A15,ys322,1,20_gen,18.38694391,No,Figure 1,GFP ON Cas-variant time course,True,processed_data/GFP_ON_vars_colonies_20260311.csv
VB_20240911_Cas_vars_P2_Experiment_T04_PGK1_D1_G3.fcs,cas_variant_gfp_on,VB_20240911_Cas_vars_P2,G3,T04_PGK1_D1,,GFP_ON,AsCas12a,PGK1,,As_DR,,A15,ys323,1,20_gen,21.30275029,No,Figure 1,GFP ON Cas-variant time course,True,processed_data/GFP_ON_vars_colonies_20260311.csv
VB_20240911_Cas_vars_P2_Experiment_T04_PGK1_D2_E4.fcs,cas_variant_gfp_on,VB_20240911_Cas_vars_P2,E4,T04_PGK1_D2,,GFP_ON,FnCas12a,PGK1,,As_DR,,A15,ys321,2,20_gen,22.75964979,No,Figure 1,GFP ON Cas-variant time course,True,processed_data/GFP_ON_vars_colonies_20260311.csv
VB_20240911_Cas_vars_P2_Experiment_T04_PGK1_D2_F4.fcs,cas_variant_gfp_on,VB_20240911_Cas_vars_P2,F4,T04_PGK1_D2,,GFP_ON,LbCas12a,PGK1,,As_DR,,A15,ys322,2,20_gen,21.51806298,No,Figure 1,GFP ON Cas-variant time course,True,processed_data/GFP_ON_vars_colonies_20260311.csv
VB_20240911_Cas_vars_P2_Experiment_T04_PGK1_D2_G4.fcs,cas_variant_gfp_on,VB_20240911_Cas_vars_P2,G4,T04_PGK1_D2,,GFP_ON,AsCas12a,PGK1,,As_DR,,A15,ys323,2,20_gen,19.55845898,No,Figure 1,GFP ON Cas-variant time course,True,processed_data/GFP_ON_vars_colonies_20260311.csv
VB_20240911_Cas_vars_P2_Experiment_T04_TEF_D1_E1.fcs,cas_variant_gfp_on,VB_20240911_Cas_vars_P2,E1,T04_TEF_D1,,GFP_ON,FnCas12a,TEF,,As_DR,,A15,ys307,1,20_gen,24.12781784,No,Figure 1,GFP ON Cas-variant time course,True,processed_data/GFP_ON_vars_colonies_20260311.csv
VB_20240911_Cas_vars_P2_Experiment_T04_TEF_D1_F1.fcs,cas_variant_gfp_on,VB_20240911_Cas_vars_P2,F1,T04_TEF_D1,,GFP_ON,LbCas12a,TEF,,As_DR,,A15,ys308,1,20_gen,21.52039769,No,Figure 1,GFP ON Cas-variant time course,True,processed_data/GFP_ON_vars_colonies_20260311.csv
VB_20240911_Cas_vars_P2_Experiment_T04_TEF_D1_G1.fcs,cas_variant_gfp_on,VB_20240911_Cas_vars_P2,G1,T04_TEF_D1,,GFP_ON,AsCas12a,TEF,,As_DR,,A15,ys309,1,20_gen,22.54680091,No,Figure 1,GFP ON Cas-variant time course,True,processed_data/GFP_ON_vars_colonies_20260311.csv
VB_20240911_Cas_vars_P2_Experiment_T04_TEF_D1_H1.fcs,cas_variant_gfp_on,VB_20240911_Cas_vars_P2,H1,T04_TEF_D1,,GFP_ON,MbCas12a,TEF,,As_DR,,A15,ys310,1,20_gen,22.14898938,No,Figure 1,GFP ON Cas-variant time course,True,processed_data/GFP_ON_vars_colonies_20260311.csv
VB_20240911_Cas_vars_P2_Experiment_T04_TEF_D2_E2.fcs,cas_variant_gfp_on,VB_20240911_Cas_vars_P2,E2,T04_TEF_D2,,GFP_ON,FnCas12a,TEF,,As_DR,,A15,ys307,2,20_gen,23.30756941,No,Figure 1,GFP ON Cas-variant time course,True,processed_data/GFP_ON_vars_colonies_20260311.csv
VB_20240911_Cas_vars_P2_Experiment_T04_TEF_D2_F2.fcs,cas_variant_gfp_on,VB_20240911_Cas_vars_P2,F2,T04_TEF_D2,,GFP_ON,LbCas12a,TEF,,As_DR,,A15,ys308,2,20_gen,21.92547136,No,Figure 1,GFP ON Cas-variant time course,True,processed_data/GFP_ON_vars_colonies_20260311.csv
VB_20240911_Cas_vars_P2_Experiment_T04_TEF_D2_G2.fcs,cas_variant_gfp_on,VB_20240911_Cas_vars_P2,G2,T04_TEF_D2,,GFP_ON,AsCas12a,TEF,,As_DR,,A15,ys309,2,20_gen,21.51714181,No,Figure 1,GFP ON Cas-variant time course,True,processed_data/GFP_ON_vars_colonies_20260311.csv
VB_20240911_Cas_vars_P2_Experiment_T04_TEF_D2_H2.fcs,cas_variant_gfp_on,VB_20240911_Cas_vars_P2,H2,T04_TEF_D2,,GFP_ON,MbCas12a,TEF,,As_DR,,A15,ys310,2,20_gen,21.97405602,No,Figure 1,GFP ON Cas-variant time course,True,processed_data/GFP_ON_vars_colonies_20260311.csv
VB_20240916_PGK1_proms_P2_Experiment_ys304_T04_C11.fcs,cas_variant_gfp_on,VB_20240916_PGK1_proms_P2,C11,ys304_T04,,GFP_ON,enAsCas12a,TEF,,As_DR,,A15,ys304,1,20_gen,22.81715218,No,Figure 1,GFP ON Cas-variant time course,True,processed_data/GFP_ON_vars_colonies_20260311.csv
VB_20240916_PGK1_proms_P2_Experiment_ys304_T04_C12.fcs,cas_variant_gfp_on,VB_20240916_PGK1_proms_P2,C12,ys304_T04,,GFP_ON,enAsCas12a,TEF,,As_DR,,A15,ys304,2,20_gen,21.71997859,No,Figure 1,GFP ON Cas-variant time course,True,processed_data/GFP_ON_vars_colonies_20260311.csv
VB_20240916_PGK1_proms_P2_Experiment_ys318_T04_G3.fcs,cas_variant_gfp_on,VB_20240916_PGK1_proms_P2,G3,ys318_T04,,GFP_ON,enAsCas12a,PGK1,SNR52,As_DR,,A15,ys318,1,20_gen,23.27557529,No,Figure 1,GFP ON Cas-variant time course; Guide-promoter comparison,True,processed_data/GFP_ON_vars_colonies_20260311.csv; processed_data/PGK1_proms_eff_colonies_20260311.csv
VB_20240916_PGK1_proms_P2_Experiment_ys318_T04_G4.fcs,cas_variant_gfp_on,VB_20240916_PGK1_proms_P2,G4,ys318_T04,,GFP_ON,enAsCas12a,PGK1,SNR52,As_DR,,A15,ys318,2,20_gen,21.62728165,No,Figure 1,GFP ON Cas-variant time course; Guide-promoter comparison,True,processed_data/GFP_ON_vars_colonies_20260311.csv; processed_data/PGK1_proms_eff_colonies_20260311.csv
VB_20241007_MbCas12a_PGK1_Experiment_T04_G4.fcs,cas_variant_gfp_on,VB_20241007_MbCas12a_PGK1,G4,T04,,GFP_ON,MbCas12a,PGK1,,As_DR,,A15,ys341,1,20_gen,20.62097622,No,Figure 1,GFP ON Cas-variant time course,True,processed_data/GFP_ON_vars_colonies_20260311.csv
VB_20241007_MbCas12a_PGK1_Experiment_T04_H4.fcs,cas_variant_gfp_on,VB_20241007_MbCas12a_PGK1,H4,T04,,GFP_ON,MbCas12a,PGK1,,As_DR,,A15,ys341,2,20_gen,20.67257869,No,Figure 1,GFP ON Cas-variant time course,True,processed_data/GFP_ON_vars_colonies_20260311.csv
VB_20240909_Cas_vars_Experiment_T02_PGK1_D1_E7.fcs,cas_variant_gfp_on,VB_20240909_Cas_vars,E7,T02_PGK1_D1,,GFP_ON,FnCas12a,PGK1,,As_DR,,A15,ys321,1,6_gen,7.478971805,No,Figure 1,GFP ON Cas-variant time course,True,processed_data/GFP_ON_vars_colonies_20260311.csv
VB_20240909_Cas_vars_Experiment_T02_PGK1_D1_F7.fcs,cas_variant_gfp_on,VB_20240909_Cas_vars,F7,T02_PGK1_D1,,GFP_ON,LbCas12a,PGK1,,As_DR,,A15,ys322,1,6_gen,5.292781749,No,Figure 1,GFP ON Cas-variant time course,True,processed_data/GFP_ON_vars_colonies_20260311.csv
VB_20240909_Cas_vars_Experiment_T02_PGK1_D1_G7.fcs,cas_variant_gfp_on,VB_20240909_Cas_vars,G7,T02_PGK1_D1,,GFP_ON,AsCas12a,PGK1,,As_DR,,A15,ys323,1,6_gen,4.807354922,No,Figure 1,GFP ON Cas-variant time course,True,processed_data/GFP_ON_vars_colonies_20260311.csv
VB_20240909_Cas_vars_Experiment_T02_PGK1_D2_E8.fcs,cas_variant_gfp_on,VB_20240909_Cas_vars,E8,T02_PGK1_D2,,GFP_ON,FnCas12a,PGK1,,As_DR,,A15,ys321,2,6_gen,7.478971805,No,Figure 1,GFP ON Cas-variant time course,True,processed_data/GFP_ON_vars_colonies_20260311.csv
VB_20240909_Cas_vars_Experiment_T02_PGK1_D2_F8.fcs,cas_variant_gfp_on,VB_20240909_Cas_vars,F8,T02_PGK1_D2,,GFP_ON,LbCas12a,PGK1,,As_DR,,A15,ys322,2,6_gen,5.378511623,No,Figure 1,GFP ON Cas-variant time course,True,processed_data/GFP_ON_vars_colonies_20260311.csv
VB_20240909_Cas_vars_Experiment_T02_PGK1_D2_G8.fcs,cas_variant_gfp_on,VB_20240909_Cas_vars,G8,T02_PGK1_D2,,GFP_ON,AsCas12a,PGK1,,As_DR,,A15,ys323,2,6_gen,4.584962501,No,Figure 1,GFP ON Cas-variant time course,True,processed_data/GFP_ON_vars_colonies_20260311.csv
VB_20240909_Cas_vars_Experiment_T02_TEF_D1_E5.fcs,cas_variant_gfp_on,VB_20240909_Cas_vars,E5,T02_TEF_D1,,GFP_ON,FnCas12a,TEF,,As_DR,,A15,ys307,1,6_gen,7.754887502,No,Figure 1,GFP ON Cas-variant time course,True,processed_data/GFP_ON_vars_colonies_20260311.csv
VB_20240909_Cas_vars_Experiment_T02_TEF_D1_F5.fcs,cas_variant_gfp_on,VB_20240909_Cas_vars,F5,T02_TEF_D1,,GFP_ON,LbCas12a,TEF,,As_DR,,A15,ys308,1,6_gen,6.459431619,No,Figure 1,GFP ON Cas-variant time course,True,processed_data/GFP_ON_vars_colonies_20260311.csv
VB_20240909_Cas_vars_Experiment_T02_TEF_D1_G5.fcs,cas_variant_gfp_on,VB_20240909_Cas_vars,G5,T02_TEF_D1,,GFP_ON,AsCas12a,TEF,,As_DR,,A15,ys309,1,6_gen,6.776103988,No,Figure 1,GFP ON Cas-variant time course,True,processed_data/GFP_ON_vars_colonies_20260311.csv
VB_20240909_Cas_vars_Experiment_T02_TEF_D1_H5.fcs,cas_variant_gfp_on,VB_20240909_Cas_vars,H5,T02_TEF_D1,,GFP_ON,MbCas12a,TEF,,As_DR,,A15,ys310,1,6_gen,6.944858446,No,Figure 1,GFP ON Cas-variant time course,True,processed_data/GFP_ON_vars_colonies_20260311.csv
VB_20240909_Cas_vars_Experiment_T02_TEF_D2_E6.fcs,cas_variant_gfp_on,VB_20240909_Cas_vars,E6,T02_TEF_D2,,GFP_ON,FnCas12a,TEF,,As_DR,,A15,ys307,2,6_gen,7.596935142,No,Figure 1,GFP ON Cas-variant time course,True,processed_data/GFP_ON_vars_colonies_20260311.csv
VB_20240909_Cas_vars_Experiment_T02_TEF_D2_F6.fcs,cas_variant_gfp_on,VB_20240909_Cas_vars,F6,T02_TEF_D2,,GFP_ON,LbCas12a,TEF,,As_DR,,A15,ys308,2,6_gen,5.40599236,No,Figure 1,GFP ON Cas-variant time course,True,processed_data/GFP_ON_vars_colonies_20260311.csv
VB_20240909_Cas_vars_Experiment_T02_TEF_D2_G6.fcs,cas_variant_gfp_on,VB_20240909_Cas_vars,G6,T02_TEF_D2,,GFP_ON,AsCas12a,TEF,,As_DR,,A15,ys309,2,6_gen,5.608809243,No,Figure 1,GFP ON Cas-variant time course,True,processed_data/GFP_ON_vars_colonies_20260311.csv
VB_20240909_Cas_vars_Experiment_T02_TEF_D2_H6.fcs,cas_variant_gfp_on,VB_20240909_Cas_vars,H6,T02_TEF_D2,,GFP_ON,MbCas12a,TEF,,As_DR,,A15,ys310,2,6_gen,5.906890596,No,Figure 1,GFP ON Cas-variant time course,True,processed_data/GFP_ON_vars_colonies_20260311.csv
VB_20240916_PGK1_proms_Experiment_ys304_T02_C11.fcs,cas_variant_gfp_on,VB_20240916_PGK1_proms,C11,ys304_T02,,GFP_ON,enAsCas12a,TEF,,As_DR,,A15,ys304,1,6_gen,7.738767837,No,Figure 1,GFP ON Cas-variant time course,True,processed_data/GFP_ON_vars_colonies_20260311.csv
VB_20240916_PGK1_proms_Experiment_ys304_T02_C12.fcs,cas_variant_gfp_on,VB_20240916_PGK1_proms,C12,ys304_T02,,GFP_ON,enAsCas12a,TEF,,As_DR,,A15,ys304,2,6_gen,7.300123725,No,Figure 1,GFP ON Cas-variant time course,True,processed_data/GFP_ON_vars_colonies_20260311.csv
VB_20240916_PGK1_proms_Experiment_ys318_T02_G3.fcs,cas_variant_gfp_on,VB_20240916_PGK1_proms,G3,ys318_T02,,GFP_ON,enAsCas12a,PGK1,SNR52,As_DR,,A15,ys318,1,6_gen,8.419538892,No,Figure 1,GFP ON Cas-variant time course; Guide-promoter comparison,True,processed_data/GFP_ON_vars_colonies_20260311.csv; processed_data/PGK1_proms_eff_colonies_20260311.csv
VB_20240916_PGK1_proms_Experiment_ys318_T02_G4.fcs,cas_variant_gfp_on,VB_20240916_PGK1_proms,G4,ys318_T02,,GFP_ON,enAsCas12a,PGK1,SNR52,As_DR,,A15,ys318,2,6_gen,8.06608919,No,Figure 1,GFP ON Cas-variant time course; Guide-promoter comparison,True,processed_data/GFP_ON_vars_colonies_20260311.csv; processed_data/PGK1_proms_eff_colonies_20260311.csv
VB_20241007_MbCas12a_PGK1_Experiment_T02_G2.fcs,cas_variant_gfp_on,VB_20241007_MbCas12a_PGK1,G2,T02,,GFP_ON,MbCas12a,PGK1,,As_DR,,A15,ys341,1,6_gen,6.264785414,No,Figure 1,GFP ON Cas-variant time course,True,processed_data/GFP_ON_vars_colonies_20260311.csv
VB_20241007_MbCas12a_PGK1_Experiment_T02_H2.fcs,cas_variant_gfp_on,VB_20241007_MbCas12a_PGK1,H2,T02,,GFP_ON,MbCas12a,PGK1,,As_DR,,A15,ys341,2,6_gen,6.49848298,No,Figure 1,GFP ON Cas-variant time course,True,processed_data/GFP_ON_vars_colonies_20260311.csv
VB_20240909_Cas_vars_Experiment_T01_PGK1_D1_E3.fcs,cas_variant_gfp_on,VB_20240909_Cas_vars,E3,T01_PGK1_D1,,GFP_ON,FnCas12a,PGK1,,As_DR,,A15,ys321,1,scraped,0.0,No,Figure 1,GFP ON Cas-variant time course,True,processed_data/GFP_ON_vars_colonies_20260311.csv
VB_20240909_Cas_vars_Experiment_T01_PGK1_D1_F3.fcs,cas_variant_gfp_on,VB_20240909_Cas_vars,F3,T01_PGK1_D1,,GFP_ON,LbCas12a,PGK1,,As_DR,,A15,ys322,1,scraped,0.0,No,Figure 1,GFP ON Cas-variant time course,True,processed_data/GFP_ON_vars_colonies_20260311.csv
VB_20240909_Cas_vars_Experiment_T01_PGK1_D1_G3.fcs,cas_variant_gfp_on,VB_20240909_Cas_vars,G3,T01_PGK1_D1,,GFP_ON,AsCas12a,PGK1,,As_DR,,A15,ys323,1,scraped,0.0,No,Figure 1,GFP ON Cas-variant time course,True,processed_data/GFP_ON_vars_colonies_20260311.csv
VB_20240909_Cas_vars_Experiment_T01_PGK1_D2_E4.fcs,cas_variant_gfp_on,VB_20240909_Cas_vars,E4,T01_PGK1_D2,,GFP_ON,FnCas12a,PGK1,,As_DR,,A15,ys321,2,scraped,0.0,No,Figure 1,GFP ON Cas-variant time course,True,processed_data/GFP_ON_vars_colonies_20260311.csv
VB_20240909_Cas_vars_Experiment_T01_PGK1_D2_F4.fcs,cas_variant_gfp_on,VB_20240909_Cas_vars,F4,T01_PGK1_D2,,GFP_ON,LbCas12a,PGK1,,As_DR,,A15,ys322,2,scraped,0.0,No,Figure 1,GFP ON Cas-variant time course,True,processed_data/GFP_ON_vars_colonies_20260311.csv
VB_20240909_Cas_vars_Experiment_T01_PGK1_D2_G4.fcs,cas_variant_gfp_on,VB_20240909_Cas_vars,G4,T01_PGK1_D2,,GFP_ON,AsCas12a,PGK1,,As_DR,,A15,ys323,2,scraped,0.0,No,Figure 1,GFP ON Cas-variant time course,True,processed_data/GFP_ON_vars_colonies_20260311.csv
VB_20240909_Cas_vars_Experiment_T01_TEF_D1_E1.fcs,cas_variant_gfp_on,VB_20240909_Cas_vars,E1,T01_TEF_D1,,GFP_ON,FnCas12a,TEF,SNR52,As_DR,,A15,ys307,1,scraped,0.0,No,Figure 1,GFP ON Cas-variant time course; GFP ON bridge-normalized direct-repeat viability,True,processed_data/DR_data_gfp_on_viability_bridge_normalized_20260512.csv; processed_data/GFP_ON_vars_colonies_20260311.csv
VB_20240909_Cas_vars_Experiment_T01_TEF_D1_F1.fcs,cas_variant_gfp_on,VB_20240909_Cas_vars,F1,T01_TEF_D1,,GFP_ON,LbCas12a,TEF,SNR52,As_DR,,A15,ys308,1,scraped,0.0,No,Figure 1,GFP ON Cas-variant time course; GFP ON bridge-normalized direct-repeat viability,True,processed_data/DR_data_gfp_on_viability_bridge_normalized_20260512.csv; processed_data/GFP_ON_vars_colonies_20260311.csv
VB_20240909_Cas_vars_Experiment_T01_TEF_D1_G1.fcs,cas_variant_gfp_on,VB_20240909_Cas_vars,G1,T01_TEF_D1,,GFP_ON,AsCas12a,TEF,SNR52,As_DR,,A15,ys309,1,scraped,0.0,No,Figure 1,GFP ON Cas-variant time course; GFP ON bridge-normalized direct-repeat viability,True,processed_data/DR_data_gfp_on_viability_bridge_normalized_20260512.csv; processed_data/GFP_ON_vars_colonies_20260311.csv
VB_20240909_Cas_vars_Experiment_T01_TEF_D1_H1.fcs,cas_variant_gfp_on,VB_20240909_Cas_vars,H1,T01_TEF_D1,,GFP_ON,MbCas12a,TEF,SNR52,As_DR,,A15,ys310,1,scraped,0.0,No,Figure 1,GFP ON Cas-variant time course; GFP ON bridge-normalized direct-repeat viability,True,processed_data/DR_data_gfp_on_viability_bridge_normalized_20260512.csv; processed_data/GFP_ON_vars_colonies_20260311.csv
VB_20240909_Cas_vars_Experiment_T01_TEF_D2_E2.fcs,cas_variant_gfp_on,VB_20240909_Cas_vars,E2,T01_TEF_D2,,GFP_ON,FnCas12a,TEF,SNR52,As_DR,,A15,ys307,2,scraped,0.0,No,Figure 1,GFP ON Cas-variant time course; GFP ON bridge-normalized direct-repeat viability,True,processed_data/DR_data_gfp_on_viability_bridge_normalized_20260512.csv; processed_data/GFP_ON_vars_colonies_20260311.csv
VB_20240909_Cas_vars_Experiment_T01_TEF_D2_F2.fcs,cas_variant_gfp_on,VB_20240909_Cas_vars,F2,T01_TEF_D2,,GFP_ON,LbCas12a,TEF,SNR52,As_DR,,A15,ys308,2,scraped,0.0,No,Figure 1,GFP ON Cas-variant time course; GFP ON bridge-normalized direct-repeat viability,True,processed_data/DR_data_gfp_on_viability_bridge_normalized_20260512.csv; processed_data/GFP_ON_vars_colonies_20260311.csv
VB_20240909_Cas_vars_Experiment_T01_TEF_D2_G2.fcs,cas_variant_gfp_on,VB_20240909_Cas_vars,G2,T01_TEF_D2,,GFP_ON,AsCas12a,TEF,SNR52,As_DR,,A15,ys309,2,scraped,0.0,No,Figure 1,GFP ON Cas-variant time course; GFP ON bridge-normalized direct-repeat viability,True,processed_data/DR_data_gfp_on_viability_bridge_normalized_20260512.csv; processed_data/GFP_ON_vars_colonies_20260311.csv
VB_20240909_Cas_vars_Experiment_T01_TEF_D2_H2.fcs,cas_variant_gfp_on,VB_20240909_Cas_vars,H2,T01_TEF_D2,,GFP_ON,MbCas12a,TEF,SNR52,As_DR,,A15,ys310,2,scraped,0.0,No,Figure 1,GFP ON Cas-variant time course; GFP ON bridge-normalized direct-repeat viability,True,processed_data/DR_data_gfp_on_viability_bridge_normalized_20260512.csv; processed_data/GFP_ON_vars_colonies_20260311.csv
VB_20240916_PGK1_proms_Experiment_ys304_T01_A11.fcs,cas_variant_gfp_on,VB_20240916_PGK1_proms,A11,ys304_T01,,GFP_ON,enAsCas12a,TEF,SNR52,As_DR,,A15,ys304,1,scraped,0.0,No,Figure 1,GFP ON Cas-variant time course; GFP ON bridge-normalized direct-repeat viability,True,processed_data/DR_data_gfp_on_viability_bridge_normalized_20260512.csv; processed_data/GFP_ON_vars_colonies_20260311.csv
VB_20240916_PGK1_proms_Experiment_ys304_T01_A12.fcs,cas_variant_gfp_on,VB_20240916_PGK1_proms,A12,ys304_T01,,GFP_ON,enAsCas12a,TEF,SNR52,As_DR,,A15,ys304,2,scraped,0.0,No,Figure 1,GFP ON Cas-variant time course; GFP ON bridge-normalized direct-repeat viability,True,processed_data/DR_data_gfp_on_viability_bridge_normalized_20260512.csv; processed_data/GFP_ON_vars_colonies_20260311.csv
VB_20240916_PGK1_proms_Experiment_ys318_T01_C3.fcs,cas_variant_gfp_on,VB_20240916_PGK1_proms,C3,ys318_T01,,GFP_ON,enAsCas12a,PGK1,SNR52,As_DR,,A15,ys318,1,scraped,0.0,No,Figure 1,GFP ON Cas-variant time course; Guide-promoter comparison,True,processed_data/GFP_ON_vars_colonies_20260311.csv; processed_data/PGK1_proms_eff_colonies_20260311.csv
VB_20240916_PGK1_proms_Experiment_ys318_T01_C4.fcs,cas_variant_gfp_on,VB_20240916_PGK1_proms,C4,ys318_T01,,GFP_ON,enAsCas12a,PGK1,SNR52,As_DR,,A15,ys318,2,scraped,0.0,No,Figure 1,GFP ON Cas-variant time course; Guide-promoter comparison,True,processed_data/GFP_ON_vars_colonies_20260311.csv; processed_data/PGK1_proms_eff_colonies_20260311.csv
VB_20241007_MbCas12a_PGK1_Experiment_T01_G1.fcs,cas_variant_gfp_on,VB_20241007_MbCas12a_PGK1,G1,T01,,GFP_ON,MbCas12a,PGK1,,As_DR,,A15,ys341,1,scraped,0.0,No,Figure 1,GFP ON Cas-variant time course,True,processed_data/GFP_ON_vars_colonies_20260311.csv
VB_20241007_MbCas12a_PGK1_Experiment_T01_H1.fcs,cas_variant_gfp_on,VB_20241007_MbCas12a_PGK1,H1,T01,,GFP_ON,MbCas12a,PGK1,,As_DR,,A15,ys341,2,scraped,0.0,No,Figure 1,GFP ON Cas-variant time course,True,processed_data/GFP_ON_vars_colonies_20260311.csv
AD_20250121_cognate_DR_2_Experiment_Group_A01.fcs,direct_repeat_comparison,AD_20250121_cognate_DR_2,A01,ys85_A71,,GFP_OFF,enAsCas12a,TEF,syn1,As_DR,,A71,ys85,1,11_gen,11.8,no,Figure 1,GFP OFF direct-repeat comparison,True,processed_data/DR_data_processed_20260312.csv
AD_20250121_cognate_DR_2_Experiment_Group_A03.fcs,direct_repeat_comparison,AD_20250121_cognate_DR_2,A03,ys88_A80,,GFP_OFF,FnCas12a,TEF,SNR52,cognate,,A80,ys88,1,11_gen,13.3,no,Figure 1,GFP OFF direct-repeat comparison,True,processed_data/DR_data_processed_20260312.csv
AD_20250121_cognate_DR_2_Experiment_Group_A04.fcs,direct_repeat_comparison,AD_20250121_cognate_DR_2,A04,ys89_p136,,GFP_OFF,LbCas12a,TEF,SNR52,As_DR,,p136,ys89,1,11_gen,11.6,no,Figure 1,GFP OFF direct-repeat comparison,True,processed_data/DR_data_processed_20260312.csv
AD_20250121_cognate_DR_2_Experiment_Group_A05.fcs,direct_repeat_comparison,AD_20250121_cognate_DR_2,A05,ys91_p136,,GFP_OFF,MbCas12a,TEF,SNR52,As_DR,,p136,ys91,1,11_gen,12.0,no,Figure 1,GFP OFF direct-repeat comparison,True,processed_data/DR_data_processed_20260312.csv
AD_20250121_cognate_DR_2_Experiment_Group_B01.fcs,direct_repeat_comparison,AD_20250121_cognate_DR_2,B01,ys85_A71,,GFP_OFF,enAsCas12a,TEF,syn1,As_DR,,A71,ys85,2,11_gen,11.7,no,Figure 1,GFP OFF direct-repeat comparison,True,processed_data/DR_data_processed_20260312.csv
AD_20250121_cognate_DR_2_Experiment_Group_B03.fcs,direct_repeat_comparison,AD_20250121_cognate_DR_2,B03,ys88_A80,,GFP_OFF,FnCas12a,TEF,SNR52,cognate,,A80,ys88,2,11_gen,13.6,no,Figure 1,GFP OFF direct-repeat comparison,True,processed_data/DR_data_processed_20260312.csv
AD_20250121_cognate_DR_2_Experiment_Group_B04.fcs,direct_repeat_comparison,AD_20250121_cognate_DR_2,B04,ys89_p136,,GFP_OFF,LbCas12a,TEF,SNR52,As_DR,,p136,ys89,2,11_gen,11.4,no,Figure 1,GFP OFF direct-repeat comparison,True,processed_data/DR_data_processed_20260312.csv
AD_20250121_cognate_DR_2_Experiment_Group_B05.fcs,direct_repeat_comparison,AD_20250121_cognate_DR_2,B05,ys91_p136,,GFP_OFF,MbCas12a,TEF,SNR52,As_DR,,p136,ys91,2,11_gen,11.4,no,Figure 1,GFP OFF direct-repeat comparison,True,processed_data/DR_data_processed_20260312.csv
AD_20250121_cognate_DR_2_Experiment_Group_C03.fcs,direct_repeat_comparison,AD_20250121_cognate_DR_2,C03,ys88_A83,,GFP_OFF,FnCas12a,TEF,syn1,cognate,,A83,ys88,1,11_gen,12.1,no,Figure 1,GFP OFF direct-repeat comparison,True,processed_data/DR_data_processed_20260312.csv
AD_20250121_cognate_DR_2_Experiment_Group_C04.fcs,direct_repeat_comparison,AD_20250121_cognate_DR_2,C04,ys90_A71,,GFP_OFF,AsCas12a,TEF,syn1,As_DR,,A71,ys90,1,11_gen,12.6,no,Figure 1,GFP OFF direct-repeat comparison,True,processed_data/DR_data_processed_20260312.csv
AD_20250121_cognate_DR_2_Experiment_Group_D03.fcs,direct_repeat_comparison,AD_20250121_cognate_DR_2,D03,ys88_A83,,GFP_OFF,FnCas12a,TEF,syn1,cognate,,A83,ys88,2,11_gen,11.6,no,Figure 1,GFP OFF direct-repeat comparison,True,processed_data/DR_data_processed_20260312.csv
AD_20250121_cognate_DR_2_Experiment_Group_D04.fcs,direct_repeat_comparison,AD_20250121_cognate_DR_2,D04,ys90_A71,,GFP_OFF,AsCas12a,TEF,syn1,As_DR,,A71,ys90,2,11_gen,12.7,no,Figure 1,GFP OFF direct-repeat comparison,True,processed_data/DR_data_processed_20260312.csv
AD_20250121_cognate_DR_2_Experiment_Group_E01.fcs,direct_repeat_comparison,AD_20250121_cognate_DR_2,E01,ys85_p136,,GFP_OFF,enAsCas12a,TEF,SNR52,As_DR,,p136,ys85,1,11_gen,13.0,no,Figure 1,GFP OFF direct-repeat comparison,True,processed_data/DR_data_processed_20260312.csv
AD_20250121_cognate_DR_2_Experiment_Group_E03.fcs,direct_repeat_comparison,AD_20250121_cognate_DR_2,E03,ys88_p136,,GFP_OFF,FnCas12a,TEF,SNR52,As_DR,,p136,ys88,1,11_gen,13.7,no,Figure 1,GFP OFF direct-repeat comparison,True,processed_data/DR_data_processed_20260312.csv
AD_20250121_cognate_DR_2_Experiment_Group_E04.fcs,direct_repeat_comparison,AD_20250121_cognate_DR_2,E04,ys90_p136,,GFP_OFF,AsCas12a,TEF,SNR52,As_DR,,p136,ys90,1,11_gen,11.6,no,Figure 1,GFP OFF direct-repeat comparison,True,processed_data/DR_data_processed_20260312.csv
AD_20250121_cognate_DR_2_Experiment_Group_F01.fcs,direct_repeat_comparison,AD_20250121_cognate_DR_2,F01,ys85_p136,,GFP_OFF,enAsCas12a,TEF,SNR52,As_DR,,p136,ys85,2,11_gen,13.7,no,Figure 1,GFP OFF direct-repeat comparison,True,processed_data/DR_data_processed_20260312.csv
AD_20250121_cognate_DR_2_Experiment_Group_F03.fcs,direct_repeat_comparison,AD_20250121_cognate_DR_2,F03,ys88_p136,,GFP_OFF,FnCas12a,TEF,SNR52,As_DR,,p136,ys88,2,11_gen,13.8,no,Figure 1,GFP OFF direct-repeat comparison,True,processed_data/DR_data_processed_20260312.csv
AD_20250121_cognate_DR_2_Experiment_Group_F04.fcs,direct_repeat_comparison,AD_20250121_cognate_DR_2,F04,ys90_p136,,GFP_OFF,AsCas12a,TEF,SNR52,As_DR,,p136,ys90,2,11_gen,11.9,no,Figure 1,GFP OFF direct-repeat comparison,True,processed_data/DR_data_processed_20260312.csv
AD_20250121_cognate_DR_2_Experiment_Group_G03.fcs,direct_repeat_comparison,AD_20250121_cognate_DR_2,G03,ys89_A82,,GFP_OFF,LbCas12a,TEF,SNR52,cognate,,A82,ys89,1,11_gen,13.6,no,Figure 1,GFP OFF direct-repeat comparison,True,processed_data/DR_data_processed_20260312.csv
AD_20250121_cognate_DR_2_Experiment_Group_G04.fcs,direct_repeat_comparison,AD_20250121_cognate_DR_2,G04,ys91_A81,,GFP_OFF,MbCas12a,TEF,SNR52,cognate,,A81,ys91,1,11_gen,14.0,no,Figure 1,GFP OFF direct-repeat comparison,True,processed_data/DR_data_processed_20260312.csv
AD_20250121_cognate_DR_2_Experiment_Group_H03.fcs,direct_repeat_comparison,AD_20250121_cognate_DR_2,H03,ys89_A82,,GFP_OFF,LbCas12a,TEF,SNR52,cognate,,A82,ys89,2,11_gen,14.0,no,Figure 1,GFP OFF direct-repeat comparison,True,processed_data/DR_data_processed_20260312.csv
AD_20250121_cognate_DR_2_Experiment_Group_H04.fcs,direct_repeat_comparison,AD_20250121_cognate_DR_2,H04,ys91_A81,,GFP_OFF,MbCas12a,TEF,SNR52,cognate,,A81,ys91,2,11_gen,13.5,no,Figure 1,GFP OFF direct-repeat comparison,True,processed_data/DR_data_processed_20260312.csv
AD_20260429_TEF_cognate_Experiment_Group(1)_E02.fcs,direct_repeat_comparison,AD_20260429_TEF_cognate,E02,ys305_A115,,GFP_ON,LbCas12a(CO),TEF,SNR52,cognate,,A115,ys305,1,11_gen,14.2,no,Figure 1,GFP ON cognate direct-repeat kinetics,False,processed_data/DR_data_gfp_on_cognate_processed_20260506.csv
AD_20260429_TEF_cognate_Experiment_Group(1)_E03.fcs,direct_repeat_comparison,AD_20260429_TEF_cognate,E03,ys306_A113,,GFP_ON,FnCas12a(CO),TEF,SNR52,cognate,,A113,ys306,1,11_gen,15.1,no,Figure 1,GFP ON cognate direct-repeat kinetics,False,processed_data/DR_data_gfp_on_cognate_processed_20260506.csv
AD_20260429_TEF_cognate_Experiment_Group(1)_E04.fcs,direct_repeat_comparison,AD_20260429_TEF_cognate,E04,ys307_A113,,GFP_ON,FnCas12a,TEF,SNR52,cognate,,A113,ys307,1,11_gen,14.2,no,Figure 1,GFP ON cognate direct-repeat kinetics,False,processed_data/DR_data_gfp_on_cognate_processed_20260506.csv
AD_20260429_TEF_cognate_Experiment_Group(1)_E05.fcs,direct_repeat_comparison,AD_20260429_TEF_cognate,E05,ys308_A115,,GFP_ON,LbCas12a,TEF,SNR52,cognate,,A115,ys308,1,11_gen,14.3,no,Figure 1,GFP ON cognate direct-repeat kinetics,False,processed_data/DR_data_gfp_on_cognate_processed_20260506.csv
AD_20260429_TEF_cognate_Experiment_Group(1)_E06.fcs,direct_repeat_comparison,AD_20260429_TEF_cognate,E06,ys310_A114,,GFP_ON,MbCas12a,TEF,SNR52,cognate,,A114,ys310,1,11_gen,13.7,no,Figure 1,GFP ON cognate direct-repeat kinetics,False,processed_data/DR_data_gfp_on_cognate_processed_20260506.csv
AD_20260429_TEF_cognate_Experiment_Group(1)_F02.fcs,direct_repeat_comparison,AD_20260429_TEF_cognate,F02,ys305_A115,,GFP_ON,LbCas12a(CO),TEF,SNR52,cognate,,A115,ys305,2,11_gen,13.8,no,Figure 1,GFP ON cognate direct-repeat kinetics,False,processed_data/DR_data_gfp_on_cognate_processed_20260506.csv
AD_20260429_TEF_cognate_Experiment_Group(1)_F03.fcs,direct_repeat_comparison,AD_20260429_TEF_cognate,F03,ys306_A113,,GFP_ON,FnCas12a(CO),TEF,SNR52,cognate,,A113,ys306,2,11_gen,14.9,no,Figure 1,GFP ON cognate direct-repeat kinetics,False,processed_data/DR_data_gfp_on_cognate_processed_20260506.csv
AD_20260429_TEF_cognate_Experiment_Group(1)_F04.fcs,direct_repeat_comparison,AD_20260429_TEF_cognate,F04,ys307_A113,,GFP_ON,FnCas12a,TEF,SNR52,cognate,,A113,ys307,2,11_gen,14.6,no,Figure 1,GFP ON cognate direct-repeat kinetics,False,processed_data/DR_data_gfp_on_cognate_processed_20260506.csv
AD_20260429_TEF_cognate_Experiment_Group(1)_F05.fcs,direct_repeat_comparison,AD_20260429_TEF_cognate,F05,ys308_A115,,GFP_ON,LbCas12a,TEF,SNR52,cognate,,A115,ys308,2,11_gen,14.9,no,Figure 1,GFP ON cognate direct-repeat kinetics,False,processed_data/DR_data_gfp_on_cognate_processed_20260506.csv
AD_20260429_TEF_cognate_Experiment_Group(1)_F06.fcs,direct_repeat_comparison,AD_20260429_TEF_cognate,F06,ys310_A114,,GFP_ON,MbCas12a,TEF,SNR52,cognate,,A114,ys310,2,11_gen,13.3,no,Figure 1,GFP ON cognate direct-repeat kinetics,False,processed_data/DR_data_gfp_on_cognate_processed_20260506.csv
AD_20250121_cognate_DR_3_Experiment_Group_A06.fcs,direct_repeat_comparison,AD_20250121_cognate_DR_3,A06,ys85_A71,,GFP_OFF,enAsCas12a,TEF,syn1,As_DR,,A71,ys85,1,20_gen,18.6,no,Figure 1,GFP OFF direct-repeat comparison,True,processed_data/DR_data_processed_20260312.csv
AD_20250121_cognate_DR_3_Experiment_Group_A08.fcs,direct_repeat_comparison,AD_20250121_cognate_DR_3,A08,ys88_A80,,GFP_OFF,FnCas12a,TEF,SNR52,cognate,,A80,ys88,1,20_gen,20.2,no,Figure 1,GFP OFF direct-repeat comparison,True,processed_data/DR_data_processed_20260312.csv
AD_20250121_cognate_DR_3_Experiment_Group_A10.fcs,direct_repeat_comparison,AD_20250121_cognate_DR_3,A10,ys89_p136,,GFP_OFF,LbCas12a,TEF,SNR52,As_DR,,p136,ys89,1,20_gen,17.7,no,Figure 1,GFP OFF direct-repeat comparison,True,processed_data/DR_data_processed_20260312.csv
AD_20250121_cognate_DR_3_Experiment_Group_A11.fcs,direct_repeat_comparison,AD_20250121_cognate_DR_3,A11,ys91_p136,,GFP_OFF,MbCas12a,TEF,SNR52,As_DR,,p136,ys91,1,20_gen,18.0,no,Figure 1,GFP OFF direct-repeat comparison,True,processed_data/DR_data_processed_20260312.csv
AD_20250121_cognate_DR_3_Experiment_Group_B06.fcs,direct_repeat_comparison,AD_20250121_cognate_DR_3,B06,ys85_A71,,GFP_OFF,enAsCas12a,TEF,syn1,As_DR,,A71,ys85,2,20_gen,18.1,no,Figure 1,GFP OFF direct-repeat comparison,True,processed_data/DR_data_processed_20260312.csv
AD_20250121_cognate_DR_3_Experiment_Group_B08.fcs,direct_repeat_comparison,AD_20250121_cognate_DR_3,B08,ys88_A80,,GFP_OFF,FnCas12a,TEF,SNR52,cognate,,A80,ys88,2,20_gen,19.9,no,Figure 1,GFP OFF direct-repeat comparison,True,processed_data/DR_data_processed_20260312.csv
AD_20250121_cognate_DR_3_Experiment_Group_B10.fcs,direct_repeat_comparison,AD_20250121_cognate_DR_3,B10,ys89_p136,,GFP_OFF,LbCas12a,TEF,SNR52,As_DR,,p136,ys89,2,20_gen,17.5,no,Figure 1,GFP OFF direct-repeat comparison,True,processed_data/DR_data_processed_20260312.csv
AD_20250121_cognate_DR_3_Experiment_Group_B11.fcs,direct_repeat_comparison,AD_20250121_cognate_DR_3,B11,ys91_p136,,GFP_OFF,MbCas12a,TEF,SNR52,As_DR,,p136,ys91,2,20_gen,17.1,no,Figure 1,GFP OFF direct-repeat comparison,True,processed_data/DR_data_processed_20260312.csv
AD_20250121_cognate_DR_3_Experiment_Group_C08.fcs,direct_repeat_comparison,AD_20250121_cognate_DR_3,C08,ys88_A83,,GFP_OFF,FnCas12a,TEF,syn1,cognate,,A83,ys88,1,20_gen,18.2,no,Figure 1,GFP OFF direct-repeat comparison,True,processed_data/DR_data_processed_20260312.csv
AD_20250121_cognate_DR_3_Experiment_Group_C10.fcs,direct_repeat_comparison,AD_20250121_cognate_DR_3,C10,ys90_A71,,GFP_OFF,AsCas12a,TEF,syn1,As_DR,,A71,ys90,1,20_gen,18.6,no,Figure 1,GFP OFF direct-repeat comparison,True,processed_data/DR_data_processed_20260312.csv
AD_20250121_cognate_DR_3_Experiment_Group_D08.fcs,direct_repeat_comparison,AD_20250121_cognate_DR_3,D08,ys88_A83,,GFP_OFF,FnCas12a,TEF,syn1,cognate,,A83,ys88,2,20_gen,17.9,no,Figure 1,GFP OFF direct-repeat comparison,True,processed_data/DR_data_processed_20260312.csv
AD_20250121_cognate_DR_3_Experiment_Group_D10.fcs,direct_repeat_comparison,AD_20250121_cognate_DR_3,D10,ys90_A71,,GFP_OFF,AsCas12a,TEF,syn1,As_DR,,A71,ys90,2,20_gen,18.8,no,Figure 1,GFP OFF direct-repeat comparison,True,processed_data/DR_data_processed_20260312.csv
AD_20250121_cognate_DR_3_Experiment_Group_E06.fcs,direct_repeat_comparison,AD_20250121_cognate_DR_3,E06,ys85_p136,,GFP_OFF,enAsCas12a,TEF,SNR52,As_DR,,p136,ys85,1,20_gen,20.2,no,Figure 1,GFP OFF direct-repeat comparison,True,processed_data/DR_data_processed_20260312.csv
AD_20250121_cognate_DR_3_Experiment_Group_E08.fcs,direct_repeat_comparison,AD_20250121_cognate_DR_3,E08,ys88_p136,,GFP_OFF,FnCas12a,TEF,SNR52,As_DR,,p136,ys88,1,20_gen,19.9,no,Figure 1,GFP OFF direct-repeat comparison,True,processed_data/DR_data_processed_20260312.csv
AD_20250121_cognate_DR_3_Experiment_Group_E10.fcs,direct_repeat_comparison,AD_20250121_cognate_DR_3,E10,ys90_p136,,GFP_OFF,AsCas12a,TEF,SNR52,As_DR,,p136,ys90,1,20_gen,17.4,no,Figure 1,GFP OFF direct-repeat comparison,True,processed_data/DR_data_processed_20260312.csv
AD_20250121_cognate_DR_3_Experiment_Group_F06.fcs,direct_repeat_comparison,AD_20250121_cognate_DR_3,F06,ys85_p136,,GFP_OFF,enAsCas12a,TEF,SNR52,As_DR,,p136,ys85,2,20_gen,20.5,no,Figure 1,GFP OFF direct-repeat comparison,True,processed_data/DR_data_processed_20260312.csv
AD_20250121_cognate_DR_3_Experiment_Group_F08.fcs,direct_repeat_comparison,AD_20250121_cognate_DR_3,F08,ys88_p136,,GFP_OFF,FnCas12a,TEF,SNR52,As_DR,,p136,ys88,2,20_gen,19.8,no,Figure 1,GFP OFF direct-repeat comparison,True,processed_data/DR_data_processed_20260312.csv
AD_20250121_cognate_DR_3_Experiment_Group_F10.fcs,direct_repeat_comparison,AD_20250121_cognate_DR_3,F10,ys90_p136,,GFP_OFF,AsCas12a,TEF,SNR52,As_DR,,p136,ys90,2,20_gen,17.4,no,Figure 1,GFP OFF direct-repeat comparison,True,processed_data/DR_data_processed_20260312.csv
AD_20250121_cognate_DR_3_Experiment_Group_G08.fcs,direct_repeat_comparison,AD_20250121_cognate_DR_3,G08,ys89_A82,,GFP_OFF,LbCas12a,TEF,SNR52,cognate,,A82,ys89,1,20_gen,20.3,no,Figure 1,GFP OFF direct-repeat comparison,True,processed_data/DR_data_processed_20260312.csv
AD_20250121_cognate_DR_3_Experiment_Group_G10.fcs,direct_repeat_comparison,AD_20250121_cognate_DR_3,G10,ys91_A81,,GFP_OFF,MbCas12a,TEF,SNR52,cognate,,A81,ys91,1,20_gen,19.8,no,Figure 1,GFP OFF direct-repeat comparison,True,processed_data/DR_data_processed_20260312.csv
AD_20250121_cognate_DR_3_Experiment_Group_H08.fcs,direct_repeat_comparison,AD_20250121_cognate_DR_3,H08,ys89_A82,,GFP_OFF,LbCas12a,TEF,SNR52,cognate,,A82,ys89,2,20_gen,20.3,no,Figure 1,GFP OFF direct-repeat comparison,True,processed_data/DR_data_processed_20260312.csv
AD_20250121_cognate_DR_3_Experiment_Group_H10.fcs,direct_repeat_comparison,AD_20250121_cognate_DR_3,H10,ys91_A81,,GFP_OFF,MbCas12a,TEF,SNR52,cognate,,A81,ys91,2,20_gen,19.9,no,Figure 1,GFP OFF direct-repeat comparison,True,processed_data/DR_data_processed_20260312.csv
AD_20260429_TEF_cognate_Experiment_last timepoint_G02.fcs,direct_repeat_comparison,AD_20260429_TEF_cognate,G02,ys305_A115,,GFP_ON,LbCas12a(CO),TEF,SNR52,cognate,,A115,ys305,1,20_gen,23.2,no,Figure 1,GFP ON cognate direct-repeat kinetics,False,processed_data/DR_data_gfp_on_cognate_processed_20260506.csv
AD_20260429_TEF_cognate_Experiment_last timepoint_G03.fcs,direct_repeat_comparison,AD_20260429_TEF_cognate,G03,ys306_A113,,GFP_ON,FnCas12a(CO),TEF,SNR52,cognate,,A113,ys306,1,20_gen,24.0,no,Figure 1,GFP ON cognate direct-repeat kinetics,False,processed_data/DR_data_gfp_on_cognate_processed_20260506.csv
AD_20260429_TEF_cognate_Experiment_last timepoint_G04.fcs,direct_repeat_comparison,AD_20260429_TEF_cognate,G04,ys307_A113,,GFP_ON,FnCas12a,TEF,SNR52,cognate,,A113,ys307,1,20_gen,23.1,no,Figure 1,GFP ON cognate direct-repeat kinetics,False,processed_data/DR_data_gfp_on_cognate_processed_20260506.csv
AD_20260429_TEF_cognate_Experiment_last timepoint_G05.fcs,direct_repeat_comparison,AD_20260429_TEF_cognate,G05,ys308_A115,,GFP_ON,LbCas12a,TEF,SNR52,cognate,,A115,ys308,1,20_gen,23.3,no,Figure 1,GFP ON cognate direct-repeat kinetics,False,processed_data/DR_data_gfp_on_cognate_processed_20260506.csv
AD_20260429_TEF_cognate_Experiment_last timepoint_G06.fcs,direct_repeat_comparison,AD_20260429_TEF_cognate,G06,ys310_A114,,GFP_ON,MbCas12a,TEF,SNR52,cognate,,A114,ys310,1,20_gen,22.7,no,Figure 1,GFP ON cognate direct-repeat kinetics,False,processed_data/DR_data_gfp_on_cognate_processed_20260506.csv
AD_20260429_TEF_cognate_Experiment_last timepoint_H02.fcs,direct_repeat_comparison,AD_20260429_TEF_cognate,H02,ys305_A115,,GFP_ON,LbCas12a(CO),TEF,SNR52,cognate,,A115,ys305,2,20_gen,22.8,no,Figure 1,GFP ON cognate direct-repeat kinetics,False,processed_data/DR_data_gfp_on_cognate_processed_20260506.csv
AD_20260429_TEF_cognate_Experiment_last timepoint_H03.fcs,direct_repeat_comparison,AD_20260429_TEF_cognate,H03,ys306_A113,,GFP_ON,FnCas12a(CO),TEF,SNR52,cognate,,A113,ys306,2,20_gen,23.7,no,Figure 1,GFP ON cognate direct-repeat kinetics,False,processed_data/DR_data_gfp_on_cognate_processed_20260506.csv
AD_20260429_TEF_cognate_Experiment_last timepoint_H04.fcs,direct_repeat_comparison,AD_20260429_TEF_cognate,H04,ys307_A113,,GFP_ON,FnCas12a,TEF,SNR52,cognate,,A113,ys307,2,20_gen,23.3,no,Figure 1,GFP ON cognate direct-repeat kinetics,False,processed_data/DR_data_gfp_on_cognate_processed_20260506.csv
AD_20260429_TEF_cognate_Experiment_last timepoint_H05.fcs,direct_repeat_comparison,AD_20260429_TEF_cognate,H05,ys308_A115,,GFP_ON,LbCas12a,TEF,SNR52,cognate,,A115,ys308,2,20_gen,23.6,no,Figure 1,GFP ON cognate direct-repeat kinetics,False,processed_data/DR_data_gfp_on_cognate_processed_20260506.csv
AD_20260429_TEF_cognate_Experiment_last timepoint_H06.fcs,direct_repeat_comparison,AD_20260429_TEF_cognate,H06,ys310_A114,,GFP_ON,MbCas12a,TEF,SNR52,cognate,,A114,ys310,2,20_gen,22.3,no,Figure 1,GFP ON cognate direct-repeat kinetics,False,processed_data/DR_data_gfp_on_cognate_processed_20260506.csv
AD_20250121_cognate_DR_1_Experiment_Group_A01.fcs,direct_repeat_comparison,AD_20250121_cognate_DR_1,A01,ys85_A71,,GFP_OFF,enAsCas12a,TEF,syn1,As_DR,,A71,ys85,1,6_gen,6.7,no,Figure 1,GFP OFF direct-repeat comparison,True,processed_data/DR_data_processed_20260312.csv
AD_20250121_cognate_DR_1_Experiment_Group_A03.fcs,direct_repeat_comparison,AD_20250121_cognate_DR_1,A03,ys88_A80,,GFP_OFF,FnCas12a,TEF,SNR52,cognate,,A80,ys88,1,6_gen,8.8,no,Figure 1,GFP OFF direct-repeat comparison,True,processed_data/DR_data_processed_20260312.csv
AD_20250121_cognate_DR_1_Experiment_Group_A04.fcs,direct_repeat_comparison,AD_20250121_cognate_DR_1,A04,ys89_p136,,GFP_OFF,LbCas12a,TEF,SNR52,As_DR,,p136,ys89,1,6_gen,6.4,no,Figure 1,GFP OFF direct-repeat comparison,True,processed_data/DR_data_processed_20260312.csv
AD_20250121_cognate_DR_1_Experiment_Group_A05.fcs,direct_repeat_comparison,AD_20250121_cognate_DR_1,A05,ys91_p136,,GFP_OFF,MbCas12a,TEF,SNR52,As_DR,,p136,ys91,1,6_gen,6.5,no,Figure 1,GFP OFF direct-repeat comparison,True,processed_data/DR_data_processed_20260312.csv
AD_20250121_cognate_DR_1_Experiment_Group_B01.fcs,direct_repeat_comparison,AD_20250121_cognate_DR_1,B01,ys85_A71,,GFP_OFF,enAsCas12a,TEF,syn1,As_DR,,A71,ys85,2,6_gen,6.3,no,Figure 1,GFP OFF direct-repeat comparison,True,processed_data/DR_data_processed_20260312.csv
AD_20250121_cognate_DR_1_Experiment_Group_B03.fcs,direct_repeat_comparison,AD_20250121_cognate_DR_1,B03,ys88_A80,,GFP_OFF,FnCas12a,TEF,SNR52,cognate,,A80,ys88,2,6_gen,8.7,no,Figure 1,GFP OFF direct-repeat comparison,True,processed_data/DR_data_processed_20260312.csv
AD_20250121_cognate_DR_1_Experiment_Group_B04.fcs,direct_repeat_comparison,AD_20250121_cognate_DR_1,B04,ys89_p136,,GFP_OFF,LbCas12a,TEF,SNR52,As_DR,,p136,ys89,2,6_gen,6.2,no,Figure 1,GFP OFF direct-repeat comparison,True,processed_data/DR_data_processed_20260312.csv
AD_20250121_cognate_DR_1_Experiment_Group_B05.fcs,direct_repeat_comparison,AD_20250121_cognate_DR_1,B05,ys91_p136,,GFP_OFF,MbCas12a,TEF,SNR52,As_DR,,p136,ys91,2,6_gen,5.9,no,Figure 1,GFP OFF direct-repeat comparison,True,processed_data/DR_data_processed_20260312.csv
AD_20250121_cognate_DR_1_Experiment_Group_C03.fcs,direct_repeat_comparison,AD_20250121_cognate_DR_1,C03,ys88_A83,,GFP_OFF,FnCas12a,TEF,syn1,cognate,,A83,ys88,1,6_gen,6.5,no,Figure 1,GFP OFF direct-repeat comparison,True,processed_data/DR_data_processed_20260312.csv
AD_20250121_cognate_DR_1_Experiment_Group_C04.fcs,direct_repeat_comparison,AD_20250121_cognate_DR_1,C04,ys90_A71,,GFP_OFF,AsCas12a,TEF,syn1,As_DR,,A71,ys90,1,6_gen,7.2,no,Figure 1,GFP OFF direct-repeat comparison,True,processed_data/DR_data_processed_20260312.csv
AD_20250121_cognate_DR_1_Experiment_Group_D03.fcs,direct_repeat_comparison,AD_20250121_cognate_DR_1,D03,ys88_A83,,GFP_OFF,FnCas12a,TEF,syn1,cognate,,A83,ys88,2,6_gen,6.3,no,Figure 1,GFP OFF direct-repeat comparison,True,processed_data/DR_data_processed_20260312.csv
AD_20250121_cognate_DR_1_Experiment_Group_D04.fcs,direct_repeat_comparison,AD_20250121_cognate_DR_1,D04,ys90_A71,,GFP_OFF,AsCas12a,TEF,syn1,As_DR,,A71,ys90,2,6_gen,7.3,no,Figure 1,GFP OFF direct-repeat comparison,True,processed_data/DR_data_processed_20260312.csv
AD_20250121_cognate_DR_1_Experiment_Group_E01.fcs,direct_repeat_comparison,AD_20250121_cognate_DR_1,E01,ys85_p136,,GFP_OFF,enAsCas12a,TEF,SNR52,As_DR,,p136,ys85,1,6_gen,8.9,no,Figure 1,GFP OFF direct-repeat comparison,True,processed_data/DR_data_processed_20260312.csv
AD_20250121_cognate_DR_1_Experiment_Group_E03.fcs,direct_repeat_comparison,AD_20250121_cognate_DR_1,E03,ys88_p136,,GFP_OFF,FnCas12a,TEF,SNR52,As_DR,,p136,ys88,1,6_gen,8.7,no,Figure 1,GFP OFF direct-repeat comparison,True,processed_data/DR_data_processed_20260312.csv
AD_20250121_cognate_DR_1_Experiment_Group_E04.fcs,direct_repeat_comparison,AD_20250121_cognate_DR_1,E04,ys90_p136,,GFP_OFF,AsCas12a,TEF,SNR52,As_DR,,p136,ys90,1,6_gen,6.1,no,Figure 1,GFP OFF direct-repeat comparison,True,processed_data/DR_data_processed_20260312.csv
AD_20250121_cognate_DR_1_Experiment_Group_F01.fcs,direct_repeat_comparison,AD_20250121_cognate_DR_1,F01,ys85_p136,,GFP_OFF,enAsCas12a,TEF,SNR52,As_DR,,p136,ys85,2,6_gen,8.8,no,Figure 1,GFP OFF direct-repeat comparison,True,processed_data/DR_data_processed_20260312.csv
AD_20250121_cognate_DR_1_Experiment_Group_F03.fcs,direct_repeat_comparison,AD_20250121_cognate_DR_1,F03,ys88_p136,,GFP_OFF,FnCas12a,TEF,SNR52,As_DR,,p136,ys88,2,6_gen,8.6,no,Figure 1,GFP OFF direct-repeat comparison,True,processed_data/DR_data_processed_20260312.csv
AD_20250121_cognate_DR_1_Experiment_Group_F04.fcs,direct_repeat_comparison,AD_20250121_cognate_DR_1,F04,ys90_p136,,GFP_OFF,AsCas12a,TEF,SNR52,As_DR,,p136,ys90,2,6_gen,6.2,no,Figure 1,GFP OFF direct-repeat comparison,True,processed_data/DR_data_processed_20260312.csv
AD_20250121_cognate_DR_1_Experiment_Group_G03.fcs,direct_repeat_comparison,AD_20250121_cognate_DR_1,G03,ys89_A82,,GFP_OFF,LbCas12a,TEF,SNR52,cognate,,A82,ys89,1,6_gen,8.7,no,Figure 1,GFP OFF direct-repeat comparison,True,processed_data/DR_data_processed_20260312.csv
AD_20250121_cognate_DR_1_Experiment_Group_G04.fcs,direct_repeat_comparison,AD_20250121_cognate_DR_1,G04,ys91_A81,,GFP_OFF,MbCas12a,TEF,SNR52,cognate,,A81,ys91,1,6_gen,8.4,no,Figure 1,GFP OFF direct-repeat comparison,True,processed_data/DR_data_processed_20260312.csv
AD_20250121_cognate_DR_1_Experiment_Group_H03.fcs,direct_repeat_comparison,AD_20250121_cognate_DR_1,H03,ys89_A82,,GFP_OFF,LbCas12a,TEF,SNR52,cognate,,A82,ys89,2,6_gen,8.7,no,Figure 1,GFP OFF direct-repeat comparison,True,processed_data/DR_data_processed_20260312.csv
AD_20250121_cognate_DR_1_Experiment_Group_H04.fcs,direct_repeat_comparison,AD_20250121_cognate_DR_1,H04,ys91_A81,,GFP_OFF,MbCas12a,TEF,SNR52,cognate,,A81,ys91,2,6_gen,8.1,no,Figure 1,GFP OFF direct-repeat comparison,True,processed_data/DR_data_processed_20260312.csv
AD_20260429_TEF_cognate_Experiment_14h(T01)_C02.fcs,direct_repeat_comparison,AD_20260429_TEF_cognate,C02,ys305_A115,,GFP_ON,LbCas12a(CO),TEF,SNR52,cognate,,A115,ys305,1,6_gen,8.0,no,Figure 1,GFP ON cognate direct-repeat kinetics,False,processed_data/DR_data_gfp_on_cognate_processed_20260506.csv
AD_20260429_TEF_cognate_Experiment_14h(T01)_C03.fcs,direct_repeat_comparison,AD_20260429_TEF_cognate,C03,ys306_A113,,GFP_ON,FnCas12a(CO),TEF,SNR52,cognate,,A113,ys306,1,6_gen,8.8,no,Figure 1,GFP ON cognate direct-repeat kinetics,False,processed_data/DR_data_gfp_on_cognate_processed_20260506.csv
AD_20260429_TEF_cognate_Experiment_14h(T01)_C04.fcs,direct_repeat_comparison,AD_20260429_TEF_cognate,C04,ys307_A113,,GFP_ON,FnCas12a,TEF,SNR52,cognate,,A113,ys307,1,6_gen,8.7,no,Figure 1,GFP ON cognate direct-repeat kinetics,False,processed_data/DR_data_gfp_on_cognate_processed_20260506.csv
AD_20260429_TEF_cognate_Experiment_14h(T01)_C05.fcs,direct_repeat_comparison,AD_20260429_TEF_cognate,C05,ys308_A115,,GFP_ON,LbCas12a,TEF,SNR52,cognate,,A115,ys308,1,6_gen,8.2,no,Figure 1,GFP ON cognate direct-repeat kinetics,False,processed_data/DR_data_gfp_on_cognate_processed_20260506.csv
AD_20260429_TEF_cognate_Experiment_14h(T01)_C06.fcs,direct_repeat_comparison,AD_20260429_TEF_cognate,C06,ys310_A114,,GFP_ON,MbCas12a,TEF,SNR52,cognate,,A114,ys310,1,6_gen,6.7,no,Figure 1,GFP ON cognate direct-repeat kinetics,False,processed_data/DR_data_gfp_on_cognate_processed_20260506.csv
AD_20260429_TEF_cognate_Experiment_14h(T01)_D02.fcs,direct_repeat_comparison,AD_20260429_TEF_cognate,D02,ys305_A115,,GFP_ON,LbCas12a(CO),TEF,SNR52,cognate,,A115,ys305,2,6_gen,7.1,no,Figure 1,GFP ON cognate direct-repeat kinetics,False,processed_data/DR_data_gfp_on_cognate_processed_20260506.csv
AD_20260429_TEF_cognate_Experiment_14h(T01)_D03.fcs,direct_repeat_comparison,AD_20260429_TEF_cognate,D03,ys306_A113,,GFP_ON,FnCas12a(CO),TEF,SNR52,cognate,,A113,ys306,2,6_gen,9.0,no,Figure 1,GFP ON cognate direct-repeat kinetics,False,processed_data/DR_data_gfp_on_cognate_processed_20260506.csv
AD_20260429_TEF_cognate_Experiment_14h(T01)_D04.fcs,direct_repeat_comparison,AD_20260429_TEF_cognate,D04,ys307_A113,,GFP_ON,FnCas12a,TEF,SNR52,cognate,,A113,ys307,2,6_gen,8.1,no,Figure 1,GFP ON cognate direct-repeat kinetics,False,processed_data/DR_data_gfp_on_cognate_processed_20260506.csv
AD_20260429_TEF_cognate_Experiment_14h(T01)_D05.fcs,direct_repeat_comparison,AD_20260429_TEF_cognate,D05,ys308_A115,,GFP_ON,LbCas12a,TEF,SNR52,cognate,,A115,ys308,2,6_gen,8.6,no,Figure 1,GFP ON cognate direct-repeat kinetics,False,processed_data/DR_data_gfp_on_cognate_processed_20260506.csv
AD_20260429_TEF_cognate_Experiment_14h(T01)_D06.fcs,direct_repeat_comparison,AD_20260429_TEF_cognate,D06,ys310_A114,,GFP_ON,MbCas12a,TEF,SNR52,cognate,,A114,ys310,2,6_gen,6.5,no,Figure 1,GFP ON cognate direct-repeat kinetics,False,processed_data/DR_data_gfp_on_cognate_processed_20260506.csv
AD_20250121_cognate_DR_1_Experiment_Group_A06.fcs,direct_repeat_comparison,AD_20250121_cognate_DR_1,A06,ys85_A71,,GFP_OFF,enAsCas12a,TEF,syn1,As_DR,,A71,ys85,1,scraped,0.0,no,Figure 1,GFP OFF direct-repeat comparison,True,processed_data/DR_data_processed_20260312.csv
AD_20250121_cognate_DR_1_Experiment_Group_A08.fcs,direct_repeat_comparison,AD_20250121_cognate_DR_1,A08,ys88_A80,,GFP_OFF,FnCas12a,TEF,SNR52,cognate,,A80,ys88,1,scraped,0.0,no,Figure 1,GFP OFF direct-repeat comparison,True,processed_data/DR_data_processed_20260312.csv
AD_20250121_cognate_DR_1_Experiment_Group_A09.fcs,direct_repeat_comparison,AD_20250121_cognate_DR_1,A09,ys89_p136,,GFP_OFF,LbCas12a,TEF,SNR52,As_DR,,p136,ys89,1,scraped,0.0,no,Figure 1,GFP OFF direct-repeat comparison,True,processed_data/DR_data_processed_20260312.csv
AD_20250121_cognate_DR_1_Experiment_Group_A10.fcs,direct_repeat_comparison,AD_20250121_cognate_DR_1,A10,ys91_p136,,GFP_OFF,MbCas12a,TEF,SNR52,As_DR,,p136,ys91,1,scraped,0.0,no,Figure 1,GFP OFF direct-repeat comparison,True,processed_data/DR_data_processed_20260312.csv
AD_20250121_cognate_DR_1_Experiment_Group_B06.fcs,direct_repeat_comparison,AD_20250121_cognate_DR_1,B06,ys85_A71,,GFP_OFF,enAsCas12a,TEF,syn1,As_DR,,A71,ys85,2,scraped,0.0,no,Figure 1,GFP OFF direct-repeat comparison,True,processed_data/DR_data_processed_20260312.csv
AD_20250121_cognate_DR_1_Experiment_Group_B08.fcs,direct_repeat_comparison,AD_20250121_cognate_DR_1,B08,ys88_A80,,GFP_OFF,FnCas12a,TEF,SNR52,cognate,,A80,ys88,2,scraped,0.0,no,Figure 1,GFP OFF direct-repeat comparison,True,processed_data/DR_data_processed_20260312.csv
AD_20250121_cognate_DR_1_Experiment_Group_B09.fcs,direct_repeat_comparison,AD_20250121_cognate_DR_1,B09,ys89_p136,,GFP_OFF,LbCas12a,TEF,SNR52,As_DR,,p136,ys89,2,scraped,0.0,no,Figure 1,GFP OFF direct-repeat comparison,True,processed_data/DR_data_processed_20260312.csv
AD_20250121_cognate_DR_1_Experiment_Group_B10.fcs,direct_repeat_comparison,AD_20250121_cognate_DR_1,B10,ys91_p136,,GFP_OFF,MbCas12a,TEF,SNR52,As_DR,,p136,ys91,2,scraped,0.0,no,Figure 1,GFP OFF direct-repeat comparison,True,processed_data/DR_data_processed_20260312.csv
AD_20250121_cognate_DR_1_Experiment_Group_C08.fcs,direct_repeat_comparison,AD_20250121_cognate_DR_1,C08,ys88_A83,,GFP_OFF,FnCas12a,TEF,syn1,cognate,,A83,ys88,1,scraped,0.0,no,Figure 1,GFP OFF direct-repeat comparison,True,processed_data/DR_data_processed_20260312.csv
AD_20250121_cognate_DR_1_Experiment_Group_C09.fcs,direct_repeat_comparison,AD_20250121_cognate_DR_1,C09,ys90_A71,,GFP_OFF,AsCas12a,TEF,syn1,As_DR,,A71,ys90,1,scraped,0.0,no,Figure 1,GFP OFF direct-repeat comparison,True,processed_data/DR_data_processed_20260312.csv
AD_20250121_cognate_DR_1_Experiment_Group_D08.fcs,direct_repeat_comparison,AD_20250121_cognate_DR_1,D08,ys88_A83,,GFP_OFF,FnCas12a,TEF,syn1,cognate,,A83,ys88,2,scraped,0.0,no,Figure 1,GFP OFF direct-repeat comparison,True,processed_data/DR_data_processed_20260312.csv
AD_20250121_cognate_DR_1_Experiment_Group_D09.fcs,direct_repeat_comparison,AD_20250121_cognate_DR_1,D09,ys90_A71,,GFP_OFF,AsCas12a,TEF,syn1,As_DR,,A71,ys90,2,scraped,0.0,no,Figure 1,GFP OFF direct-repeat comparison,True,processed_data/DR_data_processed_20260312.csv
AD_20250121_cognate_DR_1_Experiment_Group_E06.fcs,direct_repeat_comparison,AD_20250121_cognate_DR_1,E06,ys85_p136,,GFP_OFF,enAsCas12a,TEF,SNR52,As_DR,,p136,ys85,1,scraped,0.0,no,Figure 1,GFP OFF direct-repeat comparison,True,processed_data/DR_data_processed_20260312.csv
AD_20250121_cognate_DR_1_Experiment_Group_E08.fcs,direct_repeat_comparison,AD_20250121_cognate_DR_1,E08,ys88_p136,,GFP_OFF,FnCas12a,TEF,SNR52,As_DR,,p136,ys88,1,scraped,0.0,no,Figure 1,GFP OFF direct-repeat comparison,True,processed_data/DR_data_processed_20260312.csv
AD_20250121_cognate_DR_1_Experiment_Group_E09.fcs,direct_repeat_comparison,AD_20250121_cognate_DR_1,E09,ys90_p136,,GFP_OFF,AsCas12a,TEF,SNR52,As_DR,,p136,ys90,1,scraped,0.0,no,Figure 1,GFP OFF direct-repeat comparison,True,processed_data/DR_data_processed_20260312.csv
AD_20250121_cognate_DR_1_Experiment_Group_F06.fcs,direct_repeat_comparison,AD_20250121_cognate_DR_1,F06,ys85_p136,,GFP_OFF,enAsCas12a,TEF,SNR52,As_DR,,p136,ys85,2,scraped,0.0,no,Figure 1,GFP OFF direct-repeat comparison,True,processed_data/DR_data_processed_20260312.csv
AD_20250121_cognate_DR_1_Experiment_Group_F08.fcs,direct_repeat_comparison,AD_20250121_cognate_DR_1,F08,ys88_p136,,GFP_OFF,FnCas12a,TEF,SNR52,As_DR,,p136,ys88,2,scraped,0.0,no,Figure 1,GFP OFF direct-repeat comparison,True,processed_data/DR_data_processed_20260312.csv
AD_20250121_cognate_DR_1_Experiment_Group_F09.fcs,direct_repeat_comparison,AD_20250121_cognate_DR_1,F09,ys90_p136,,GFP_OFF,AsCas12a,TEF,SNR52,As_DR,,p136,ys90,2,scraped,0.0,no,Figure 1,GFP OFF direct-repeat comparison,True,processed_data/DR_data_processed_20260312.csv
AD_20250121_cognate_DR_1_Experiment_Group_G08.fcs,direct_repeat_comparison,AD_20250121_cognate_DR_1,G08,ys89_A82,,GFP_OFF,LbCas12a,TEF,SNR52,cognate,,A82,ys89,1,scraped,0.0,no,Figure 1,GFP OFF direct-repeat comparison,True,processed_data/DR_data_processed_20260312.csv
AD_20250121_cognate_DR_1_Experiment_Group_G09.fcs,direct_repeat_comparison,AD_20250121_cognate_DR_1,G09,ys91_A81,,GFP_OFF,MbCas12a,TEF,SNR52,cognate,,A81,ys91,1,scraped,0.0,no,Figure 1,GFP OFF direct-repeat comparison,True,processed_data/DR_data_processed_20260312.csv
AD_20250121_cognate_DR_1_Experiment_Group_H08.fcs,direct_repeat_comparison,AD_20250121_cognate_DR_1,H08,ys89_A82,,GFP_OFF,LbCas12a,TEF,SNR52,cognate,,A82,ys89,2,scraped,0.0,no,Figure 1,GFP OFF direct-repeat comparison,True,processed_data/DR_data_processed_20260312.csv
AD_20250121_cognate_DR_1_Experiment_Group_H09.fcs,direct_repeat_comparison,AD_20250121_cognate_DR_1,H09,ys91_A81,,GFP_OFF,MbCas12a,TEF,SNR52,cognate,,A81,ys91,2,scraped,0.0,no,Figure 1,GFP OFF direct-repeat comparison,True,processed_data/DR_data_processed_20260312.csv
AD_20260429_TEF_cognate_Experiment_Group_A01.fcs,direct_repeat_viability_bridge,AD_20260429_TEF_cognate,A01,ys304_A15,,GFP_ON,enAsCas12a,TEF,SNR52,cognate,,A15,ys304,1,scraped,0.0,no,Figure 1,GFP ON bridge-normalized direct-repeat viability,False,processed_data/DR_data_gfp_on_viability_bridge_normalized_20260512.csv
AD_20260429_TEF_cognate_Experiment_Group_A02.fcs,direct_repeat_viability_bridge,AD_20260429_TEF_cognate,A02,ys305_A115,,GFP_ON,LbCas12a(CO),TEF,SNR52,cognate,,A115,ys305,1,scraped,0.0,no,Figure 1,GFP ON bridge-normalized direct-repeat viability; GFP ON cognate direct-repeat kinetics,False,processed_data/DR_data_gfp_on_cognate_processed_20260506.csv; processed_data/DR_data_gfp_on_viability_bridge_normalized_20260512.csv
AD_20260429_TEF_cognate_Experiment_Group_A03.fcs,direct_repeat_viability_bridge,AD_20260429_TEF_cognate,A03,ys306_A113,,GFP_ON,FnCas12a(CO),TEF,SNR52,cognate,,A113,ys306,1,scraped,0.0,no,Figure 1,GFP ON bridge-normalized direct-repeat viability; GFP ON cognate direct-repeat kinetics,False,processed_data/DR_data_gfp_on_cognate_processed_20260506.csv; processed_data/DR_data_gfp_on_viability_bridge_normalized_20260512.csv
AD_20260429_TEF_cognate_Experiment_Group_A04.fcs,direct_repeat_viability_bridge,AD_20260429_TEF_cognate,A04,ys307_A113,,GFP_ON,FnCas12a,TEF,SNR52,cognate,,A113,ys307,1,scraped,0.0,no,Figure 1,GFP ON bridge-normalized direct-repeat viability; GFP ON cognate direct-repeat kinetics,False,processed_data/DR_data_gfp_on_cognate_processed_20260506.csv; processed_data/DR_data_gfp_on_viability_bridge_normalized_20260512.csv
AD_20260429_TEF_cognate_Experiment_Group_A05.fcs,direct_repeat_viability_bridge,AD_20260429_TEF_cognate,A05,ys308_A115,,GFP_ON,LbCas12a,TEF,SNR52,cognate,,A115,ys308,1,scraped,0.0,no,Figure 1,GFP ON bridge-normalized direct-repeat viability; GFP ON cognate direct-repeat kinetics,False,processed_data/DR_data_gfp_on_cognate_processed_20260506.csv; processed_data/DR_data_gfp_on_viability_bridge_normalized_20260512.csv
AD_20260429_TEF_cognate_Experiment_Group_A06.fcs,direct_repeat_viability_bridge,AD_20260429_TEF_cognate,A06,ys310_A114,,GFP_ON,MbCas12a,TEF,SNR52,cognate,,A114,ys310,1,scraped,0.0,no,Figure 1,GFP ON bridge-normalized direct-repeat viability; GFP ON cognate direct-repeat kinetics,False,processed_data/DR_data_gfp_on_cognate_processed_20260506.csv; processed_data/DR_data_gfp_on_viability_bridge_normalized_20260512.csv
AD_20260429_TEF_cognate_Experiment_Group_B01.fcs,direct_repeat_viability_bridge,AD_20260429_TEF_cognate,B01,ys304_A15,,GFP_ON,enAsCas12a,TEF,SNR52,cognate,,A15,ys304,2,scraped,0.0,no,Figure 1,GFP ON bridge-normalized direct-repeat viability,False,processed_data/DR_data_gfp_on_viability_bridge_normalized_20260512.csv
AD_20260429_TEF_cognate_Experiment_Group_B02.fcs,direct_repeat_viability_bridge,AD_20260429_TEF_cognate,B02,ys305_A115,,GFP_ON,LbCas12a(CO),TEF,SNR52,cognate,,A115,ys305,2,scraped,0.0,no,Figure 1,GFP ON bridge-normalized direct-repeat viability; GFP ON cognate direct-repeat kinetics,False,processed_data/DR_data_gfp_on_cognate_processed_20260506.csv; processed_data/DR_data_gfp_on_viability_bridge_normalized_20260512.csv
AD_20260429_TEF_cognate_Experiment_Group_B03.fcs,direct_repeat_viability_bridge,AD_20260429_TEF_cognate,B03,ys306_A113,,GFP_ON,FnCas12a(CO),TEF,SNR52,cognate,,A113,ys306,2,scraped,0.0,no,Figure 1,GFP ON bridge-normalized direct-repeat viability; GFP ON cognate direct-repeat kinetics,False,processed_data/DR_data_gfp_on_cognate_processed_20260506.csv; processed_data/DR_data_gfp_on_viability_bridge_normalized_20260512.csv
AD_20260429_TEF_cognate_Experiment_Group_B04.fcs,direct_repeat_viability_bridge,AD_20260429_TEF_cognate,B04,ys307_A113,,GFP_ON,FnCas12a,TEF,SNR52,cognate,,A113,ys307,2,scraped,0.0,no,Figure 1,GFP ON bridge-normalized direct-repeat viability; GFP ON cognate direct-repeat kinetics,False,processed_data/DR_data_gfp_on_cognate_processed_20260506.csv; processed_data/DR_data_gfp_on_viability_bridge_normalized_20260512.csv
AD_20260429_TEF_cognate_Experiment_Group_B05.fcs,direct_repeat_viability_bridge,AD_20260429_TEF_cognate,B05,ys308_A115,,GFP_ON,LbCas12a,TEF,SNR52,cognate,,A115,ys308,2,scraped,0.0,no,Figure 1,GFP ON bridge-normalized direct-repeat viability; GFP ON cognate direct-repeat kinetics,False,processed_data/DR_data_gfp_on_cognate_processed_20260506.csv; processed_data/DR_data_gfp_on_viability_bridge_normalized_20260512.csv
AD_20260429_TEF_cognate_Experiment_Group_B06.fcs,direct_repeat_viability_bridge,AD_20260429_TEF_cognate,B06,ys310_A114,,GFP_ON,MbCas12a,TEF,SNR52,cognate,,A114,ys310,2,scraped,0.0,no,Figure 1,GFP ON bridge-normalized direct-repeat viability; GFP ON cognate direct-repeat kinetics,False,processed_data/DR_data_gfp_on_cognate_processed_20260506.csv; processed_data/DR_data_gfp_on_viability_bridge_normalized_20260512.csv
VB_20240909_Cas_vars_Experiment_T01_TEF_D1_C1.fcs,direct_repeat_viability_bridge,VB_20240909_Cas_vars,C1,T01_TEF_D1,,GFP_ON,LbCas12a(CO),TEF,SNR52,As_DR,,A15,ys305,1,scraped,0.0,no,Figure 1,GFP ON bridge-normalized direct-repeat viability,True,processed_data/DR_data_gfp_on_viability_bridge_normalized_20260512.csv
VB_20240909_Cas_vars_Experiment_T01_TEF_D1_D1.fcs,direct_repeat_viability_bridge,VB_20240909_Cas_vars,D1,T01_TEF_D1,,GFP_ON,FnCas12a(CO),TEF,SNR52,As_DR,,A15,ys306,1,scraped,0.0,no,Figure 1,GFP ON bridge-normalized direct-repeat viability,True,processed_data/DR_data_gfp_on_viability_bridge_normalized_20260512.csv
VB_20240909_Cas_vars_Experiment_T01_TEF_D2_C2.fcs,direct_repeat_viability_bridge,VB_20240909_Cas_vars,C2,T01_TEF_D2,,GFP_ON,LbCas12a(CO),TEF,SNR52,As_DR,,A15,ys305,2,scraped,0.0,no,Figure 1,GFP ON bridge-normalized direct-repeat viability,True,processed_data/DR_data_gfp_on_viability_bridge_normalized_20260512.csv
VB_20240909_Cas_vars_Experiment_T01_TEF_D2_D2.fcs,direct_repeat_viability_bridge,VB_20240909_Cas_vars,D2,T01_TEF_D2,,GFP_ON,FnCas12a(CO),TEF,SNR52,As_DR,,A15,ys306,2,scraped,0.0,no,Figure 1,GFP ON bridge-normalized direct-repeat viability,True,processed_data/DR_data_gfp_on_viability_bridge_normalized_20260512.csv
AD_20241022_gfplib_rpr1_plate1_Experiment_Group_A09.fcs,enas_rpr_no,AD_20241022_gfplib_rpr1_plate1,A09,A01,A01,GFP panel,enAsCas12a,,RPR1,,No,A01,,1,11_gen,12.9,No,Figure 2,GFP panel replicate kinetics,True,results/01_gfp_library_transfer_counts/tables/gfp_lib_standardized_all_replicates.csv
AD_20241022_gfplib_rpr1_plate1_Experiment_Group_A10.fcs,enas_rpr_no,AD_20241022_gfplib_rpr1_plate1,A10,B05,B05,GFP panel,enAsCas12a,,RPR1,,No,B05,,1,11_gen,8.8,No,Figure 2,GFP panel replicate kinetics,True,results/01_gfp_library_transfer_counts/tables/gfp_lib_standardized_all_replicates.csv
AD_20241022_gfplib_rpr1_plate1_Experiment_Group_A11.fcs,enas_rpr_no,AD_20241022_gfplib_rpr1_plate1,A11,E01,E01,GFP panel,enAsCas12a,,RPR1,,No,E01,,1,11_gen,15.2,No,Figure 2,GFP panel replicate kinetics,True,results/01_gfp_library_transfer_counts/tables/gfp_lib_standardized_all_replicates.csv
AD_20241022_gfplib_rpr1_plate1_Experiment_Group_A12.fcs,enas_rpr_no,AD_20241022_gfplib_rpr1_plate1,A12,H11,H11,GFP panel,enAsCas12a,,RPR1,,No,H11,,1,11_gen,7.2,No,Figure 2,GFP panel replicate kinetics,True,results/01_gfp_library_transfer_counts/tables/gfp_lib_standardized_all_replicates.csv
AD_20241022_gfplib_rpr1_plate1_Experiment_Group_B09.fcs,enas_rpr_no,AD_20241022_gfplib_rpr1_plate1,B09,A01,A01,GFP panel,enAsCas12a,,RPR1,,No,A01,,2,11_gen,12.7,No,Figure 2,GFP panel replicate kinetics,True,results/01_gfp_library_transfer_counts/tables/gfp_lib_standardized_all_replicates.csv
AD_20241022_gfplib_rpr1_plate1_Experiment_Group_B10.fcs,enas_rpr_no,AD_20241022_gfplib_rpr1_plate1,B10,B05,B05,GFP panel,enAsCas12a,,RPR1,,No,B05,,2,11_gen,7.1,No,Figure 2,GFP panel replicate kinetics,True,results/01_gfp_library_transfer_counts/tables/gfp_lib_standardized_all_replicates.csv
AD_20241022_gfplib_rpr1_plate1_Experiment_Group_B11.fcs,enas_rpr_no,AD_20241022_gfplib_rpr1_plate1,B11,E01,E01,GFP panel,enAsCas12a,,RPR1,,No,E01,,2,11_gen,15.0,No,Figure 2,GFP panel replicate kinetics,True,results/01_gfp_library_transfer_counts/tables/gfp_lib_standardized_all_replicates.csv
AD_20241022_gfplib_rpr1_plate1_Experiment_Group_B12.fcs,enas_rpr_no,AD_20241022_gfplib_rpr1_plate1,B12,H11,H11,GFP panel,enAsCas12a,,RPR1,,No,H11,,2,11_gen,16.0,No,Figure 2,GFP panel replicate kinetics,True,results/01_gfp_library_transfer_counts/tables/gfp_lib_standardized_all_replicates.csv
AD_20241022_gfplib_rpr1_plate1_Experiment_Group_C09.fcs,enas_rpr_no,AD_20241022_gfplib_rpr1_plate1,C09,A04,A04,GFP panel,enAsCas12a,,RPR1,,No,A04,,1,11_gen,14.8,No,Figure 2,GFP panel replicate kinetics,True,results/01_gfp_library_transfer_counts/tables/gfp_lib_standardized_all_replicates.csv
AD_20241022_gfplib_rpr1_plate1_Experiment_Group_C10.fcs,enas_rpr_no,AD_20241022_gfplib_rpr1_plate1,C10,C03,C03,GFP panel,enAsCas12a,,RPR1,,No,C03,,1,11_gen,15.3,No,Figure 2,GFP panel replicate kinetics,True,results/01_gfp_library_transfer_counts/tables/gfp_lib_standardized_all_replicates.csv
AD_20241022_gfplib_rpr1_plate1_Experiment_Group_C11.fcs,enas_rpr_no,AD_20241022_gfplib_rpr1_plate1,C11,E02,E02,GFP panel,enAsCas12a,,RPR1,,No,E02,,1,11_gen,14.2,No,Figure 2,GFP panel replicate kinetics,True,results/01_gfp_library_transfer_counts/tables/gfp_lib_standardized_all_replicates.csv
AD_20241022_gfplib_rpr1_plate1_Experiment_Group_D09.fcs,enas_rpr_no,AD_20241022_gfplib_rpr1_plate1,D09,A04,A04,GFP panel,enAsCas12a,,RPR1,,No,A04,,2,11_gen,14.7,No,Figure 2,GFP panel replicate kinetics,True,results/01_gfp_library_transfer_counts/tables/gfp_lib_standardized_all_replicates.csv
AD_20241022_gfplib_rpr1_plate1_Experiment_Group_D10.fcs,enas_rpr_no,AD_20241022_gfplib_rpr1_plate1,D10,C03,C03,GFP panel,enAsCas12a,,RPR1,,No,C03,,2,11_gen,15.0,No,Figure 2,GFP panel replicate kinetics,True,results/01_gfp_library_transfer_counts/tables/gfp_lib_standardized_all_replicates.csv
AD_20241022_gfplib_rpr1_plate1_Experiment_Group_D11.fcs,enas_rpr_no,AD_20241022_gfplib_rpr1_plate1,D11,E02,E02,GFP panel,enAsCas12a,,RPR1,,No,E02,,2,11_gen,14.8,No,Figure 2,GFP panel replicate kinetics,True,results/01_gfp_library_transfer_counts/tables/gfp_lib_standardized_all_replicates.csv
AD_20241022_gfplib_rpr1_plate1_Experiment_Group_E09.fcs,enas_rpr_no,AD_20241022_gfplib_rpr1_plate1,E09,A09,A09,GFP panel,enAsCas12a,,RPR1,,No,A09,,1,11_gen,15.0,Yes,Figure 2,GFP panel replicate kinetics,True,results/01_gfp_library_transfer_counts/tables/gfp_lib_standardized_all_replicates.csv
AD_20241022_gfplib_rpr1_plate1_Experiment_Group_E10.fcs,enas_rpr_no,AD_20241022_gfplib_rpr1_plate1,E10,C04,C04,GFP panel,enAsCas12a,,RPR1,,No,C04,,1,11_gen,9.8,No,Figure 2,GFP panel replicate kinetics,True,results/01_gfp_library_transfer_counts/tables/gfp_lib_standardized_all_replicates.csv
AD_20241022_gfplib_rpr1_plate1_Experiment_Group_E11.fcs,enas_rpr_no,AD_20241022_gfplib_rpr1_plate1,E11,E05,E05,GFP panel,enAsCas12a,,RPR1,,No,E05,,1,11_gen,14.6,No,Figure 2,GFP panel replicate kinetics,True,results/01_gfp_library_transfer_counts/tables/gfp_lib_standardized_all_replicates.csv
AD_20241022_gfplib_rpr1_plate1_Experiment_Group_F09.fcs,enas_rpr_no,AD_20241022_gfplib_rpr1_plate1,F09,A09,A09,GFP panel,enAsCas12a,,RPR1,,No,A09,,2,11_gen,15.2,Yes,Figure 2,GFP panel replicate kinetics,True,results/01_gfp_library_transfer_counts/tables/gfp_lib_standardized_all_replicates.csv
AD_20241022_gfplib_rpr1_plate1_Experiment_Group_F10.fcs,enas_rpr_no,AD_20241022_gfplib_rpr1_plate1,F10,C04,C04,GFP panel,enAsCas12a,,RPR1,,No,C04,,2,11_gen,9.3,No,Figure 2,GFP panel replicate kinetics,True,results/01_gfp_library_transfer_counts/tables/gfp_lib_standardized_all_replicates.csv
AD_20241022_gfplib_rpr1_plate1_Experiment_Group_F11.fcs,enas_rpr_no,AD_20241022_gfplib_rpr1_plate1,F11,E05,E05,GFP panel,enAsCas12a,,RPR1,,No,E05,,2,11_gen,15.1,No,Figure 2,GFP panel replicate kinetics,True,results/01_gfp_library_transfer_counts/tables/gfp_lib_standardized_all_replicates.csv
AD_20241022_gfplib_rpr1_plate1_Experiment_Group_G09.fcs,enas_rpr_no,AD_20241022_gfplib_rpr1_plate1,G09,A12,A12,GFP panel,enAsCas12a,,RPR1,,No,A12,,1,11_gen,9.7,No,Figure 2,GFP panel replicate kinetics,True,results/01_gfp_library_transfer_counts/tables/gfp_lib_standardized_all_replicates.csv
AD_20241022_gfplib_rpr1_plate1_Experiment_Group_G10.fcs,enas_rpr_no,AD_20241022_gfplib_rpr1_plate1,G10,C05,C05,GFP panel,enAsCas12a,,RPR1,,No,C05,,1,11_gen,14.6,No,Figure 2,GFP panel replicate kinetics,True,results/01_gfp_library_transfer_counts/tables/gfp_lib_standardized_all_replicates.csv
AD_20241022_gfplib_rpr1_plate1_Experiment_Group_G11.fcs,enas_rpr_no,AD_20241022_gfplib_rpr1_plate1,G11,G03,G03,GFP panel,enAsCas12a,,RPR1,,No,G03,,1,11_gen,15.3,No,Figure 2,GFP panel replicate kinetics,True,results/01_gfp_library_transfer_counts/tables/gfp_lib_standardized_all_replicates.csv
AD_20241022_gfplib_rpr1_plate1_Experiment_Group_H09.fcs,enas_rpr_no,AD_20241022_gfplib_rpr1_plate1,H09,A12,A12,GFP panel,enAsCas12a,,RPR1,,No,A12,,2,11_gen,10.1,No,Figure 2,GFP panel replicate kinetics,True,results/01_gfp_library_transfer_counts/tables/gfp_lib_standardized_all_replicates.csv
AD_20241022_gfplib_rpr1_plate1_Experiment_Group_H10.fcs,enas_rpr_no,AD_20241022_gfplib_rpr1_plate1,H10,C05,C05,GFP panel,enAsCas12a,,RPR1,,No,C05,,2,11_gen,13.8,No,Figure 2,GFP panel replicate kinetics,True,results/01_gfp_library_transfer_counts/tables/gfp_lib_standardized_all_replicates.csv
AD_20241022_gfplib_rpr1_plate1_Experiment_Group_H11.fcs,enas_rpr_no,AD_20241022_gfplib_rpr1_plate1,H11,G03,G03,GFP panel,enAsCas12a,,RPR1,,No,G03,,2,11_gen,15.5,No,Figure 2,GFP panel replicate kinetics,True,results/01_gfp_library_transfer_counts/tables/gfp_lib_standardized_all_replicates.csv
AD_20241022_gfplib_rpr1_plate2_Experiment_Group_A01.fcs,enas_rpr_no,AD_20241022_gfplib_rpr1_plate2,A01,A01,A01,GFP panel,enAsCas12a,,RPR1,,No,A01,,1,20_gen,20.6,No,Figure 2,GFP panel replicate kinetics,True,results/01_gfp_library_transfer_counts/tables/gfp_lib_standardized_all_replicates.csv
AD_20241022_gfplib_rpr1_plate2_Experiment_Group_A02.fcs,enas_rpr_no,AD_20241022_gfplib_rpr1_plate2,A02,B05,B05,GFP panel,enAsCas12a,,RPR1,,No,B05,,1,20_gen,17.9,No,Figure 2,GFP panel replicate kinetics,True,results/01_gfp_library_transfer_counts/tables/gfp_lib_standardized_all_replicates.csv
AD_20241022_gfplib_rpr1_plate2_Experiment_Group_A03.fcs,enas_rpr_no,AD_20241022_gfplib_rpr1_plate2,A03,E01,E01,GFP panel,enAsCas12a,,RPR1,,No,E01,,1,20_gen,23.9,No,Figure 2,GFP panel replicate kinetics,True,results/01_gfp_library_transfer_counts/tables/gfp_lib_standardized_all_replicates.csv
AD_20241022_gfplib_rpr1_plate2_Experiment_Group_A04.fcs,enas_rpr_no,AD_20241022_gfplib_rpr1_plate2,A04,H11,H11,GFP panel,enAsCas12a,,RPR1,,No,H11,,1,20_gen,8.7,No,Figure 2,GFP panel replicate kinetics,True,results/01_gfp_library_transfer_counts/tables/gfp_lib_standardized_all_replicates.csv
AD_20241022_gfplib_rpr1_plate2_Experiment_Group_B01.fcs,enas_rpr_no,AD_20241022_gfplib_rpr1_plate2,B01,A01,A01,GFP panel,enAsCas12a,,RPR1,,No,A01,,2,20_gen,20.6,No,Figure 2,GFP panel replicate kinetics,True,results/01_gfp_library_transfer_counts/tables/gfp_lib_standardized_all_replicates.csv
AD_20241022_gfplib_rpr1_plate2_Experiment_Group_B02.fcs,enas_rpr_no,AD_20241022_gfplib_rpr1_plate2,B02,B05,B05,GFP panel,enAsCas12a,,RPR1,,No,B05,,2,20_gen,16.2,No,Figure 2,GFP panel replicate kinetics,True,results/01_gfp_library_transfer_counts/tables/gfp_lib_standardized_all_replicates.csv
AD_20241022_gfplib_rpr1_plate2_Experiment_Group_B03.fcs,enas_rpr_no,AD_20241022_gfplib_rpr1_plate2,B03,E01,E01,GFP panel,enAsCas12a,,RPR1,,No,E01,,2,20_gen,24.0,No,Figure 2,GFP panel replicate kinetics,True,results/01_gfp_library_transfer_counts/tables/gfp_lib_standardized_all_replicates.csv
AD_20241022_gfplib_rpr1_plate2_Experiment_Group_B04.fcs,enas_rpr_no,AD_20241022_gfplib_rpr1_plate2,B04,H11,H11,GFP panel,enAsCas12a,,RPR1,,No,H11,,2,20_gen,24.6,No,Figure 2,GFP panel replicate kinetics,True,results/01_gfp_library_transfer_counts/tables/gfp_lib_standardized_all_replicates.csv
AD_20241022_gfplib_rpr1_plate2_Experiment_Group_C01.fcs,enas_rpr_no,AD_20241022_gfplib_rpr1_plate2,C01,A04,A04,GFP panel,enAsCas12a,,RPR1,,No,A04,,1,20_gen,23.1,No,Figure 2,GFP panel replicate kinetics,True,results/01_gfp_library_transfer_counts/tables/gfp_lib_standardized_all_replicates.csv
AD_20241022_gfplib_rpr1_plate2_Experiment_Group_C02.fcs,enas_rpr_no,AD_20241022_gfplib_rpr1_plate2,C02,C03,C03,GFP panel,enAsCas12a,,RPR1,,No,C03,,1,20_gen,24.4,No,Figure 2,GFP panel replicate kinetics,True,results/01_gfp_library_transfer_counts/tables/gfp_lib_standardized_all_replicates.csv
AD_20241022_gfplib_rpr1_plate2_Experiment_Group_C03.fcs,enas_rpr_no,AD_20241022_gfplib_rpr1_plate2,C03,E02,E02,GFP panel,enAsCas12a,,RPR1,,No,E02,,1,20_gen,22.5,No,Figure 2,GFP panel replicate kinetics,True,results/01_gfp_library_transfer_counts/tables/gfp_lib_standardized_all_replicates.csv
AD_20241022_gfplib_rpr1_plate2_Experiment_Group_D01.fcs,enas_rpr_no,AD_20241022_gfplib_rpr1_plate2,D01,A04,A04,GFP panel,enAsCas12a,,RPR1,,No,A04,,2,20_gen,23.1,No,Figure 2,GFP panel replicate kinetics,True,results/01_gfp_library_transfer_counts/tables/gfp_lib_standardized_all_replicates.csv
AD_20241022_gfplib_rpr1_plate2_Experiment_Group_D02.fcs,enas_rpr_no,AD_20241022_gfplib_rpr1_plate2,D02,C03,C03,GFP panel,enAsCas12a,,RPR1,,No,C03,,2,20_gen,23.7,No,Figure 2,GFP panel replicate kinetics,True,results/01_gfp_library_transfer_counts/tables/gfp_lib_standardized_all_replicates.csv
AD_20241022_gfplib_rpr1_plate2_Experiment_Group_D03.fcs,enas_rpr_no,AD_20241022_gfplib_rpr1_plate2,D03,E02,E02,GFP panel,enAsCas12a,,RPR1,,No,E02,,2,20_gen,23.2,No,Figure 2,GFP panel replicate kinetics,True,results/01_gfp_library_transfer_counts/tables/gfp_lib_standardized_all_replicates.csv
AD_20241022_gfplib_rpr1_plate2_Experiment_Group_E01.fcs,enas_rpr_no,AD_20241022_gfplib_rpr1_plate2,E01,A09,A09,GFP panel,enAsCas12a,,RPR1,,No,A09,,1,20_gen,23.0,Yes,Figure 2,GFP panel replicate kinetics,True,results/01_gfp_library_transfer_counts/tables/gfp_lib_standardized_all_replicates.csv
AD_20241022_gfplib_rpr1_plate2_Experiment_Group_E02.fcs,enas_rpr_no,AD_20241022_gfplib_rpr1_plate2,E02,C04,C04,GFP panel,enAsCas12a,,RPR1,,No,C04,,1,20_gen,18.9,No,Figure 2,GFP panel replicate kinetics,True,results/01_gfp_library_transfer_counts/tables/gfp_lib_standardized_all_replicates.csv
AD_20241022_gfplib_rpr1_plate2_Experiment_Group_E03.fcs,enas_rpr_no,AD_20241022_gfplib_rpr1_plate2,E03,E05,E05,GFP panel,enAsCas12a,,RPR1,,No,E05,,1,20_gen,23.1,No,Figure 2,GFP panel replicate kinetics,True,results/01_gfp_library_transfer_counts/tables/gfp_lib_standardized_all_replicates.csv
AD_20241022_gfplib_rpr1_plate2_Experiment_Group_F01.fcs,enas_rpr_no,AD_20241022_gfplib_rpr1_plate2,F01,A09,A09,GFP panel,enAsCas12a,,RPR1,,No,A09,,2,20_gen,23.5,Yes,Figure 2,GFP panel replicate kinetics,True,results/01_gfp_library_transfer_counts/tables/gfp_lib_standardized_all_replicates.csv
AD_20241022_gfplib_rpr1_plate2_Experiment_Group_F02.fcs,enas_rpr_no,AD_20241022_gfplib_rpr1_plate2,F02,C04,C04,GFP panel,enAsCas12a,,RPR1,,No,C04,,2,20_gen,17.8,No,Figure 2,GFP panel replicate kinetics,True,results/01_gfp_library_transfer_counts/tables/gfp_lib_standardized_all_replicates.csv
AD_20241022_gfplib_rpr1_plate2_Experiment_Group_F03.fcs,enas_rpr_no,AD_20241022_gfplib_rpr1_plate2,F03,E05,E05,GFP panel,enAsCas12a,,RPR1,,No,E05,,2,20_gen,23.6,No,Figure 2,GFP panel replicate kinetics,True,results/01_gfp_library_transfer_counts/tables/gfp_lib_standardized_all_replicates.csv
AD_20241022_gfplib_rpr1_plate2_Experiment_Group_G01.fcs,enas_rpr_no,AD_20241022_gfplib_rpr1_plate2,G01,A12,A12,GFP panel,enAsCas12a,,RPR1,,No,A12,,1,20_gen,18.5,No,Figure 2,GFP panel replicate kinetics,True,results/01_gfp_library_transfer_counts/tables/gfp_lib_standardized_all_replicates.csv
AD_20241022_gfplib_rpr1_plate2_Experiment_Group_G02.fcs,enas_rpr_no,AD_20241022_gfplib_rpr1_plate2,G02,C05,C05,GFP panel,enAsCas12a,,RPR1,,No,C05,,1,20_gen,23.3,No,Figure 2,GFP panel replicate kinetics,True,results/01_gfp_library_transfer_counts/tables/gfp_lib_standardized_all_replicates.csv
AD_20241022_gfplib_rpr1_plate2_Experiment_Group_G03.fcs,enas_rpr_no,AD_20241022_gfplib_rpr1_plate2,G03,G03,G03,GFP panel,enAsCas12a,,RPR1,,No,G03,,1,20_gen,24.0,No,Figure 2,GFP panel replicate kinetics,True,results/01_gfp_library_transfer_counts/tables/gfp_lib_standardized_all_replicates.csv
AD_20241022_gfplib_rpr1_plate2_Experiment_Group_H01.fcs,enas_rpr_no,AD_20241022_gfplib_rpr1_plate2,H01,A12,A12,GFP panel,enAsCas12a,,RPR1,,No,A12,,2,20_gen,18.2,No,Figure 2,GFP panel replicate kinetics,True,results/01_gfp_library_transfer_counts/tables/gfp_lib_standardized_all_replicates.csv
AD_20241022_gfplib_rpr1_plate2_Experiment_Group_H02.fcs,enas_rpr_no,AD_20241022_gfplib_rpr1_plate2,H02,C05,C05,GFP panel,enAsCas12a,,RPR1,,No,C05,,2,20_gen,22.7,No,Figure 2,GFP panel replicate kinetics,True,results/01_gfp_library_transfer_counts/tables/gfp_lib_standardized_all_replicates.csv
AD_20241022_gfplib_rpr1_plate2_Experiment_Group_H03.fcs,enas_rpr_no,AD_20241022_gfplib_rpr1_plate2,H03,G03,G03,GFP panel,enAsCas12a,,RPR1,,No,G03,,2,20_gen,24.3,No,Figure 2,GFP panel replicate kinetics,True,results/01_gfp_library_transfer_counts/tables/gfp_lib_standardized_all_replicates.csv
AD_20241022_gfplib_rpr1_plate1_Experiment_Group_A01.fcs,enas_rpr_no,AD_20241022_gfplib_rpr1_plate1,A01,A01,A01,GFP panel,enAsCas12a,,RPR1,,No,A01,,1,6_gen,5.2,No,Figure 2,GFP panel replicate kinetics,True,results/01_gfp_library_transfer_counts/tables/gfp_lib_standardized_all_replicates.csv
AD_20241022_gfplib_rpr1_plate1_Experiment_Group_A02.fcs,enas_rpr_no,AD_20241022_gfplib_rpr1_plate1,A02,B05,B05,GFP panel,enAsCas12a,,RPR1,,No,B05,,1,6_gen,3.7,No,Figure 2,GFP panel replicate kinetics,True,results/01_gfp_library_transfer_counts/tables/gfp_lib_standardized_all_replicates.csv
AD_20241022_gfplib_rpr1_plate1_Experiment_Group_A03.fcs,enas_rpr_no,AD_20241022_gfplib_rpr1_plate1,A03,E01,E01,GFP panel,enAsCas12a,,RPR1,,No,E01,,1,6_gen,8.3,No,Figure 2,GFP panel replicate kinetics,True,results/01_gfp_library_transfer_counts/tables/gfp_lib_standardized_all_replicates.csv
AD_20241022_gfplib_rpr1_plate1_Experiment_Group_A04.fcs,enas_rpr_no,AD_20241022_gfplib_rpr1_plate1,A04,H11,H11,GFP panel,enAsCas12a,,RPR1,,No,H11,,1,6_gen,4.5,No,Figure 2,GFP panel replicate kinetics,True,results/01_gfp_library_transfer_counts/tables/gfp_lib_standardized_all_replicates.csv
AD_20241022_gfplib_rpr1_plate1_Experiment_Group_B01.fcs,enas_rpr_no,AD_20241022_gfplib_rpr1_plate1,B01,A01,A01,GFP panel,enAsCas12a,,RPR1,,No,A01,,2,6_gen,5.4,No,Figure 2,GFP panel replicate kinetics,True,results/01_gfp_library_transfer_counts/tables/gfp_lib_standardized_all_replicates.csv
AD_20241022_gfplib_rpr1_plate1_Experiment_Group_B02.fcs,enas_rpr_no,AD_20241022_gfplib_rpr1_plate1,B02,B05,B05,GFP panel,enAsCas12a,,RPR1,,No,B05,,2,6_gen,3.8,No,Figure 2,GFP panel replicate kinetics,True,results/01_gfp_library_transfer_counts/tables/gfp_lib_standardized_all_replicates.csv
AD_20241022_gfplib_rpr1_plate1_Experiment_Group_B03.fcs,enas_rpr_no,AD_20241022_gfplib_rpr1_plate1,B03,E01,E01,GFP panel,enAsCas12a,,RPR1,,No,E01,,2,6_gen,8.1,No,Figure 2,GFP panel replicate kinetics,True,results/01_gfp_library_transfer_counts/tables/gfp_lib_standardized_all_replicates.csv
AD_20241022_gfplib_rpr1_plate1_Experiment_Group_B04.fcs,enas_rpr_no,AD_20241022_gfplib_rpr1_plate1,B04,H11,H11,GFP panel,enAsCas12a,,RPR1,,No,H11,,2,6_gen,8.0,No,Figure 2,GFP panel replicate kinetics,True,results/01_gfp_library_transfer_counts/tables/gfp_lib_standardized_all_replicates.csv
AD_20241022_gfplib_rpr1_plate1_Experiment_Group_C01.fcs,enas_rpr_no,AD_20241022_gfplib_rpr1_plate1,C01,A04,A04,GFP panel,enAsCas12a,,RPR1,,No,A04,,1,6_gen,8.5,No,Figure 2,GFP panel replicate kinetics,True,results/01_gfp_library_transfer_counts/tables/gfp_lib_standardized_all_replicates.csv
AD_20241022_gfplib_rpr1_plate1_Experiment_Group_C02.fcs,enas_rpr_no,AD_20241022_gfplib_rpr1_plate1,C02,C03,C03,GFP panel,enAsCas12a,,RPR1,,No,C03,,1,6_gen,8.8,No,Figure 2,GFP panel replicate kinetics,True,results/01_gfp_library_transfer_counts/tables/gfp_lib_standardized_all_replicates.csv
AD_20241022_gfplib_rpr1_plate1_Experiment_Group_C03.fcs,enas_rpr_no,AD_20241022_gfplib_rpr1_plate1,C03,E02,E02,GFP panel,enAsCas12a,,RPR1,,No,E02,,1,6_gen,7.7,No,Figure 2,GFP panel replicate kinetics,True,results/01_gfp_library_transfer_counts/tables/gfp_lib_standardized_all_replicates.csv
AD_20241022_gfplib_rpr1_plate1_Experiment_Group_D01.fcs,enas_rpr_no,AD_20241022_gfplib_rpr1_plate1,D01,A04,A04,GFP panel,enAsCas12a,,RPR1,,No,A04,,2,6_gen,8.3,No,Figure 2,GFP panel replicate kinetics,True,results/01_gfp_library_transfer_counts/tables/gfp_lib_standardized_all_replicates.csv
AD_20241022_gfplib_rpr1_plate1_Experiment_Group_D02.fcs,enas_rpr_no,AD_20241022_gfplib_rpr1_plate1,D02,C03,C03,GFP panel,enAsCas12a,,RPR1,,No,C03,,2,6_gen,8.9,No,Figure 2,GFP panel replicate kinetics,True,results/01_gfp_library_transfer_counts/tables/gfp_lib_standardized_all_replicates.csv
AD_20241022_gfplib_rpr1_plate1_Experiment_Group_D03.fcs,enas_rpr_no,AD_20241022_gfplib_rpr1_plate1,D03,E02,E02,GFP panel,enAsCas12a,,RPR1,,No,E02,,2,6_gen,8.5,No,Figure 2,GFP panel replicate kinetics,True,results/01_gfp_library_transfer_counts/tables/gfp_lib_standardized_all_replicates.csv
AD_20241022_gfplib_rpr1_plate1_Experiment_Group_E01.fcs,enas_rpr_no,AD_20241022_gfplib_rpr1_plate1,E01,A09,A09,GFP panel,enAsCas12a,,RPR1,,No,A09,,1,6_gen,7.9,Yes,Figure 2,GFP panel replicate kinetics,True,results/01_gfp_library_transfer_counts/tables/gfp_lib_standardized_all_replicates.csv
AD_20241022_gfplib_rpr1_plate1_Experiment_Group_E02.fcs,enas_rpr_no,AD_20241022_gfplib_rpr1_plate1,E02,C04,C04,GFP panel,enAsCas12a,,RPR1,,No,C04,,1,6_gen,3.6,No,Figure 2,GFP panel replicate kinetics,True,results/01_gfp_library_transfer_counts/tables/gfp_lib_standardized_all_replicates.csv
AD_20241022_gfplib_rpr1_plate1_Experiment_Group_E03.fcs,enas_rpr_no,AD_20241022_gfplib_rpr1_plate1,E03,E05,E05,GFP panel,enAsCas12a,,RPR1,,No,E05,,1,6_gen,8.2,No,Figure 2,GFP panel replicate kinetics,True,results/01_gfp_library_transfer_counts/tables/gfp_lib_standardized_all_replicates.csv
AD_20241022_gfplib_rpr1_plate1_Experiment_Group_F01.fcs,enas_rpr_no,AD_20241022_gfplib_rpr1_plate1,F01,A09,A09,GFP panel,enAsCas12a,,RPR1,,No,A09,,2,6_gen,8.1,Yes,Figure 2,GFP panel replicate kinetics,True,results/01_gfp_library_transfer_counts/tables/gfp_lib_standardized_all_replicates.csv
AD_20241022_gfplib_rpr1_plate1_Experiment_Group_F02.fcs,enas_rpr_no,AD_20241022_gfplib_rpr1_plate1,F02,C04,C04,GFP panel,enAsCas12a,,RPR1,,No,C04,,2,6_gen,5.0,No,Figure 2,GFP panel replicate kinetics,True,results/01_gfp_library_transfer_counts/tables/gfp_lib_standardized_all_replicates.csv
AD_20241022_gfplib_rpr1_plate1_Experiment_Group_F03.fcs,enas_rpr_no,AD_20241022_gfplib_rpr1_plate1,F03,E05,E05,GFP panel,enAsCas12a,,RPR1,,No,E05,,2,6_gen,8.2,No,Figure 2,GFP panel replicate kinetics,True,results/01_gfp_library_transfer_counts/tables/gfp_lib_standardized_all_replicates.csv
AD_20241022_gfplib_rpr1_plate1_Experiment_Group_G01.fcs,enas_rpr_no,AD_20241022_gfplib_rpr1_plate1,G01,A12,A12,GFP panel,enAsCas12a,,RPR1,,No,A12,,1,6_gen,5.3,No,Figure 2,GFP panel replicate kinetics,True,results/01_gfp_library_transfer_counts/tables/gfp_lib_standardized_all_replicates.csv
AD_20241022_gfplib_rpr1_plate1_Experiment_Group_G02.fcs,enas_rpr_no,AD_20241022_gfplib_rpr1_plate1,G02,C05,C05,GFP panel,enAsCas12a,,RPR1,,No,C05,,1,6_gen,8.1,No,Figure 2,GFP panel replicate kinetics,True,results/01_gfp_library_transfer_counts/tables/gfp_lib_standardized_all_replicates.csv
AD_20241022_gfplib_rpr1_plate1_Experiment_Group_G03.fcs,enas_rpr_no,AD_20241022_gfplib_rpr1_plate1,G03,G03,G03,GFP panel,enAsCas12a,,RPR1,,No,G03,,1,6_gen,8.6,No,Figure 2,GFP panel replicate kinetics,True,results/01_gfp_library_transfer_counts/tables/gfp_lib_standardized_all_replicates.csv
AD_20241022_gfplib_rpr1_plate1_Experiment_Group_H01.fcs,enas_rpr_no,AD_20241022_gfplib_rpr1_plate1,H01,A12,A12,GFP panel,enAsCas12a,,RPR1,,No,A12,,2,6_gen,4.3,No,Figure 2,GFP panel replicate kinetics,True,results/01_gfp_library_transfer_counts/tables/gfp_lib_standardized_all_replicates.csv
AD_20241022_gfplib_rpr1_plate1_Experiment_Group_H02.fcs,enas_rpr_no,AD_20241022_gfplib_rpr1_plate1,H02,C05,C05,GFP panel,enAsCas12a,,RPR1,,No,C05,,2,6_gen,7.8,No,Figure 2,GFP panel replicate kinetics,True,results/01_gfp_library_transfer_counts/tables/gfp_lib_standardized_all_replicates.csv
AD_20241022_gfplib_rpr1_plate1_Experiment_Group_H03.fcs,enas_rpr_no,AD_20241022_gfplib_rpr1_plate1,H03,G03,G03,GFP panel,enAsCas12a,,RPR1,,No,G03,,2,6_gen,8.7,No,Figure 2,GFP panel replicate kinetics,True,results/01_gfp_library_transfer_counts/tables/gfp_lib_standardized_all_replicates.csv
AD_20241022_gfplib_rpr1_plate1_Experiment_Group_A05.fcs,enas_rpr_no,AD_20241022_gfplib_rpr1_plate1,A05,A01,A01,GFP panel,enAsCas12a,,RPR1,,No,A01,,1,scraped,0.0,No,Figure 2,GFP panel replicate kinetics,True,results/01_gfp_library_transfer_counts/tables/gfp_lib_standardized_all_replicates.csv
AD_20241022_gfplib_rpr1_plate1_Experiment_Group_A06.fcs,enas_rpr_no,AD_20241022_gfplib_rpr1_plate1,A06,B05,B05,GFP panel,enAsCas12a,,RPR1,,No,B05,,1,scraped,0.0,No,Figure 2,GFP panel replicate kinetics,True,results/01_gfp_library_transfer_counts/tables/gfp_lib_standardized_all_replicates.csv
AD_20241022_gfplib_rpr1_plate1_Experiment_Group_A07.fcs,enas_rpr_no,AD_20241022_gfplib_rpr1_plate1,A07,E01,E01,GFP panel,enAsCas12a,,RPR1,,No,E01,,1,scraped,0.0,No,Figure 2,GFP panel replicate kinetics,True,results/01_gfp_library_transfer_counts/tables/gfp_lib_standardized_all_replicates.csv
AD_20241022_gfplib_rpr1_plate1_Experiment_Group_A08.fcs,enas_rpr_no,AD_20241022_gfplib_rpr1_plate1,A08,H11,H11,GFP panel,enAsCas12a,,RPR1,,No,H11,,1,scraped,0.0,No,Figure 2,GFP panel replicate kinetics,True,results/01_gfp_library_transfer_counts/tables/gfp_lib_standardized_all_replicates.csv
AD_20241022_gfplib_rpr1_plate1_Experiment_Group_B05.fcs,enas_rpr_no,AD_20241022_gfplib_rpr1_plate1,B05,A01,A01,GFP panel,enAsCas12a,,RPR1,,No,A01,,2,scraped,0.0,No,Figure 2,GFP panel replicate kinetics,True,results/01_gfp_library_transfer_counts/tables/gfp_lib_standardized_all_replicates.csv
AD_20241022_gfplib_rpr1_plate1_Experiment_Group_B06.fcs,enas_rpr_no,AD_20241022_gfplib_rpr1_plate1,B06,B05,B05,GFP panel,enAsCas12a,,RPR1,,No,B05,,2,scraped,0.0,No,Figure 2,GFP panel replicate kinetics,True,results/01_gfp_library_transfer_counts/tables/gfp_lib_standardized_all_replicates.csv
AD_20241022_gfplib_rpr1_plate1_Experiment_Group_B07.fcs,enas_rpr_no,AD_20241022_gfplib_rpr1_plate1,B07,E01,E01,GFP panel,enAsCas12a,,RPR1,,No,E01,,2,scraped,0.0,No,Figure 2,GFP panel replicate kinetics,True,results/01_gfp_library_transfer_counts/tables/gfp_lib_standardized_all_replicates.csv
AD_20241022_gfplib_rpr1_plate1_Experiment_Group_B08.fcs,enas_rpr_no,AD_20241022_gfplib_rpr1_plate1,B08,H11,H11,GFP panel,enAsCas12a,,RPR1,,No,H11,,2,scraped,0.0,No,Figure 2,GFP panel replicate kinetics,True,results/01_gfp_library_transfer_counts/tables/gfp_lib_standardized_all_replicates.csv
AD_20241022_gfplib_rpr1_plate1_Experiment_Group_C05.fcs,enas_rpr_no,AD_20241022_gfplib_rpr1_plate1,C05,A04,A04,GFP panel,enAsCas12a,,RPR1,,No,A04,,1,scraped,0.0,No,Figure 2,GFP panel replicate kinetics,True,results/01_gfp_library_transfer_counts/tables/gfp_lib_standardized_all_replicates.csv
AD_20241022_gfplib_rpr1_plate1_Experiment_Group_C06.fcs,enas_rpr_no,AD_20241022_gfplib_rpr1_plate1,C06,C03,C03,GFP panel,enAsCas12a,,RPR1,,No,C03,,1,scraped,0.0,No,Figure 2,GFP panel replicate kinetics,True,results/01_gfp_library_transfer_counts/tables/gfp_lib_standardized_all_replicates.csv
AD_20241022_gfplib_rpr1_plate1_Experiment_Group_C07.fcs,enas_rpr_no,AD_20241022_gfplib_rpr1_plate1,C07,E02,E02,GFP panel,enAsCas12a,,RPR1,,No,E02,,1,scraped,0.0,No,Figure 2,GFP panel replicate kinetics,True,results/01_gfp_library_transfer_counts/tables/gfp_lib_standardized_all_replicates.csv
AD_20241022_gfplib_rpr1_plate1_Experiment_Group_D05.fcs,enas_rpr_no,AD_20241022_gfplib_rpr1_plate1,D05,A04,A04,GFP panel,enAsCas12a,,RPR1,,No,A04,,2,scraped,0.0,No,Figure 2,GFP panel replicate kinetics,True,results/01_gfp_library_transfer_counts/tables/gfp_lib_standardized_all_replicates.csv
AD_20241022_gfplib_rpr1_plate1_Experiment_Group_D06.fcs,enas_rpr_no,AD_20241022_gfplib_rpr1_plate1,D06,C03,C03,GFP panel,enAsCas12a,,RPR1,,No,C03,,2,scraped,0.0,No,Figure 2,GFP panel replicate kinetics,True,results/01_gfp_library_transfer_counts/tables/gfp_lib_standardized_all_replicates.csv
AD_20241022_gfplib_rpr1_plate1_Experiment_Group_D07.fcs,enas_rpr_no,AD_20241022_gfplib_rpr1_plate1,D07,E02,E02,GFP panel,enAsCas12a,,RPR1,,No,E02,,2,scraped,0.0,No,Figure 2,GFP panel replicate kinetics,True,results/01_gfp_library_transfer_counts/tables/gfp_lib_standardized_all_replicates.csv
AD_20241022_gfplib_rpr1_plate1_Experiment_Group_E05.fcs,enas_rpr_no,AD_20241022_gfplib_rpr1_plate1,E05,A09,A09,GFP panel,enAsCas12a,,RPR1,,No,A09,,1,scraped,0.0,Yes,Figure 2,GFP panel replicate kinetics,True,results/01_gfp_library_transfer_counts/tables/gfp_lib_standardized_all_replicates.csv
AD_20241022_gfplib_rpr1_plate1_Experiment_Group_E06.fcs,enas_rpr_no,AD_20241022_gfplib_rpr1_plate1,E06,C04,C04,GFP panel,enAsCas12a,,RPR1,,No,C04,,1,scraped,0.0,No,Figure 2,GFP panel replicate kinetics,True,results/01_gfp_library_transfer_counts/tables/gfp_lib_standardized_all_replicates.csv
AD_20241022_gfplib_rpr1_plate1_Experiment_Group_E07.fcs,enas_rpr_no,AD_20241022_gfplib_rpr1_plate1,E07,E05,E05,GFP panel,enAsCas12a,,RPR1,,No,E05,,1,scraped,0.0,No,Figure 2,GFP panel replicate kinetics,True,results/01_gfp_library_transfer_counts/tables/gfp_lib_standardized_all_replicates.csv
AD_20241022_gfplib_rpr1_plate1_Experiment_Group_F05.fcs,enas_rpr_no,AD_20241022_gfplib_rpr1_plate1,F05,A09,A09,GFP panel,enAsCas12a,,RPR1,,No,A09,,2,scraped,0.0,Yes,Figure 2,GFP panel replicate kinetics,True,results/01_gfp_library_transfer_counts/tables/gfp_lib_standardized_all_replicates.csv
AD_20241022_gfplib_rpr1_plate1_Experiment_Group_F06.fcs,enas_rpr_no,AD_20241022_gfplib_rpr1_plate1,F06,C04,C04,GFP panel,enAsCas12a,,RPR1,,No,C04,,2,scraped,0.0,No,Figure 2,GFP panel replicate kinetics,True,results/01_gfp_library_transfer_counts/tables/gfp_lib_standardized_all_replicates.csv
AD_20241022_gfplib_rpr1_plate1_Experiment_Group_F07.fcs,enas_rpr_no,AD_20241022_gfplib_rpr1_plate1,F07,E05,E05,GFP panel,enAsCas12a,,RPR1,,No,E05,,2,scraped,0.0,No,Figure 2,GFP panel replicate kinetics,True,results/01_gfp_library_transfer_counts/tables/gfp_lib_standardized_all_replicates.csv
AD_20241022_gfplib_rpr1_plate1_Experiment_Group_G05.fcs,enas_rpr_no,AD_20241022_gfplib_rpr1_plate1,G05,A12,A12,GFP panel,enAsCas12a,,RPR1,,No,A12,,1,scraped,0.0,No,Figure 2,GFP panel replicate kinetics,True,results/01_gfp_library_transfer_counts/tables/gfp_lib_standardized_all_replicates.csv
AD_20241022_gfplib_rpr1_plate1_Experiment_Group_G06.fcs,enas_rpr_no,AD_20241022_gfplib_rpr1_plate1,G06,C05,C05,GFP panel,enAsCas12a,,RPR1,,No,C05,,1,scraped,0.0,No,Figure 2,GFP panel replicate kinetics,True,results/01_gfp_library_transfer_counts/tables/gfp_lib_standardized_all_replicates.csv
AD_20241022_gfplib_rpr1_plate1_Experiment_Group_G07.fcs,enas_rpr_no,AD_20241022_gfplib_rpr1_plate1,G07,G03,G03,GFP panel,enAsCas12a,,RPR1,,No,G03,,1,scraped,0.0,No,Figure 2,GFP panel replicate kinetics,True,results/01_gfp_library_transfer_counts/tables/gfp_lib_standardized_all_replicates.csv
AD_20241022_gfplib_rpr1_plate1_Experiment_Group_H05.fcs,enas_rpr_no,AD_20241022_gfplib_rpr1_plate1,H05,A12,A12,GFP panel,enAsCas12a,,RPR1,,No,A12,,2,scraped,0.0,No,Figure 2,GFP panel replicate kinetics,True,results/01_gfp_library_transfer_counts/tables/gfp_lib_standardized_all_replicates.csv
AD_20241022_gfplib_rpr1_plate1_Experiment_Group_H06.fcs,enas_rpr_no,AD_20241022_gfplib_rpr1_plate1,H06,C05,C05,GFP panel,enAsCas12a,,RPR1,,No,C05,,2,scraped,0.0,No,Figure 2,GFP panel replicate kinetics,True,results/01_gfp_library_transfer_counts/tables/gfp_lib_standardized_all_replicates.csv
AD_20241022_gfplib_rpr1_plate1_Experiment_Group_H07.fcs,enas_rpr_no,AD_20241022_gfplib_rpr1_plate1,H07,G03,G03,GFP panel,enAsCas12a,,RPR1,,No,G03,,2,scraped,0.0,No,Figure 2,GFP panel replicate kinetics,True,results/01_gfp_library_transfer_counts/tables/gfp_lib_standardized_all_replicates.csv
AD_20241028_gfplib_rpr1_donorrec_plate1_Experiment_Group_A09.fcs,enas_rpr_yes,AD_20241028_gfplib_rpr1_donorrec_plate1,A09,A01,A01,GFP panel,enAsCas12a,,RPR1,,Yes,A01,,1,11_gen,14.2,No,Figure 2,GFP panel replicate kinetics,True,results/01_gfp_library_transfer_counts/tables/gfp_lib_standardized_all_replicates.csv
AD_20241028_gfplib_rpr1_donorrec_plate1_Experiment_Group_A10.fcs,enas_rpr_yes,AD_20241028_gfplib_rpr1_donorrec_plate1,A10,B05,B05,GFP panel,enAsCas12a,,RPR1,,Yes,B05,,1,11_gen,9.2,No,Figure 2,GFP panel replicate kinetics,True,results/01_gfp_library_transfer_counts/tables/gfp_lib_standardized_all_replicates.csv
AD_20241028_gfplib_rpr1_donorrec_plate1_Experiment_Group_A11.fcs,enas_rpr_yes,AD_20241028_gfplib_rpr1_donorrec_plate1,A11,E01,E01,GFP panel,enAsCas12a,,RPR1,,Yes,E01,,1,11_gen,14.4,No,Figure 2,GFP panel replicate kinetics,True,results/01_gfp_library_transfer_counts/tables/gfp_lib_standardized_all_replicates.csv
AD_20241028_gfplib_rpr1_donorrec_plate1_Experiment_Group_A12.fcs,enas_rpr_yes,AD_20241028_gfplib_rpr1_donorrec_plate1,A12,H11,H11,GFP panel,enAsCas12a,,RPR1,,Yes,H11,,1,11_gen,11.6,No,Figure 2,GFP panel replicate kinetics,True,results/01_gfp_library_transfer_counts/tables/gfp_lib_standardized_all_replicates.csv
AD_20241028_gfplib_rpr1_donorrec_plate1_Experiment_Group_B09.fcs,enas_rpr_yes,AD_20241028_gfplib_rpr1_donorrec_plate1,B09,A01,A01,GFP panel,enAsCas12a,,RPR1,,Yes,A01,,2,11_gen,14.3,No,Figure 2,GFP panel replicate kinetics,True,results/01_gfp_library_transfer_counts/tables/gfp_lib_standardized_all_replicates.csv
AD_20241028_gfplib_rpr1_donorrec_plate1_Experiment_Group_B10.fcs,enas_rpr_yes,AD_20241028_gfplib_rpr1_donorrec_plate1,B10,B05,B05,GFP panel,enAsCas12a,,RPR1,,Yes,B05,,2,11_gen,9.5,No,Figure 2,GFP panel replicate kinetics,True,results/01_gfp_library_transfer_counts/tables/gfp_lib_standardized_all_replicates.csv
AD_20241028_gfplib_rpr1_donorrec_plate1_Experiment_Group_B11.fcs,enas_rpr_yes,AD_20241028_gfplib_rpr1_donorrec_plate1,B11,E01,E01,GFP panel,enAsCas12a,,RPR1,,Yes,E01,,2,11_gen,14.2,No,Figure 2,GFP panel replicate kinetics,True,results/01_gfp_library_transfer_counts/tables/gfp_lib_standardized_all_replicates.csv
AD_20241028_gfplib_rpr1_donorrec_plate1_Experiment_Group_B12.fcs,enas_rpr_yes,AD_20241028_gfplib_rpr1_donorrec_plate1,B12,H11,H11,GFP panel,enAsCas12a,,RPR1,,Yes,H11,,2,11_gen,13.0,No,Figure 2,GFP panel replicate kinetics,True,results/01_gfp_library_transfer_counts/tables/gfp_lib_standardized_all_replicates.csv
AD_20241028_gfplib_rpr1_donorrec_plate1_Experiment_Group_C09.fcs,enas_rpr_yes,AD_20241028_gfplib_rpr1_donorrec_plate1,C09,A04,A04,GFP panel,enAsCas12a,,RPR1,,Yes,A04,,1,11_gen,13.8,No,Figure 2,GFP panel replicate kinetics,True,results/01_gfp_library_transfer_counts/tables/gfp_lib_standardized_all_replicates.csv
AD_20241028_gfplib_rpr1_donorrec_plate1_Experiment_Group_C10.fcs,enas_rpr_yes,AD_20241028_gfplib_rpr1_donorrec_plate1,C10,C03,C03,GFP panel,enAsCas12a,,RPR1,,Yes,C03,,1,11_gen,14.3,No,Figure 2,GFP panel replicate kinetics,True,results/01_gfp_library_transfer_counts/tables/gfp_lib_standardized_all_replicates.csv
AD_20241028_gfplib_rpr1_donorrec_plate1_Experiment_Group_C11.fcs,enas_rpr_yes,AD_20241028_gfplib_rpr1_donorrec_plate1,C11,E02,E02,GFP panel,enAsCas12a,,RPR1,,Yes,E02,,1,11_gen,11.3,No,Figure 2,GFP panel replicate kinetics,True,results/01_gfp_library_transfer_counts/tables/gfp_lib_standardized_all_replicates.csv
AD_20241028_gfplib_rpr1_donorrec_plate1_Experiment_Group_D09.fcs,enas_rpr_yes,AD_20241028_gfplib_rpr1_donorrec_plate1,D09,A04,A04,GFP panel,enAsCas12a,,RPR1,,Yes,A04,,2,11_gen,13.4,No,Figure 2,GFP panel replicate kinetics,True,results/01_gfp_library_transfer_counts/tables/gfp_lib_standardized_all_replicates.csv
AD_20241028_gfplib_rpr1_donorrec_plate1_Experiment_Group_D10.fcs,enas_rpr_yes,AD_20241028_gfplib_rpr1_donorrec_plate1,D10,C03,C03,GFP panel,enAsCas12a,,RPR1,,Yes,C03,,2,11_gen,14.7,No,Figure 2,GFP panel replicate kinetics,True,results/01_gfp_library_transfer_counts/tables/gfp_lib_standardized_all_replicates.csv
AD_20241028_gfplib_rpr1_donorrec_plate1_Experiment_Group_D11.fcs,enas_rpr_yes,AD_20241028_gfplib_rpr1_donorrec_plate1,D11,E02,E02,GFP panel,enAsCas12a,,RPR1,,Yes,E02,,2,11_gen,12.4,No,Figure 2,GFP panel replicate kinetics,True,results/01_gfp_library_transfer_counts/tables/gfp_lib_standardized_all_replicates.csv
AD_20241028_gfplib_rpr1_donorrec_plate1_Experiment_Group_E09.fcs,enas_rpr_yes,AD_20241028_gfplib_rpr1_donorrec_plate1,E09,A09,A09,GFP panel,enAsCas12a,,RPR1,,Yes,A09,,1,11_gen,14.6,Yes,Figure 2,GFP panel replicate kinetics,True,results/01_gfp_library_transfer_counts/tables/gfp_lib_standardized_all_replicates.csv
AD_20241028_gfplib_rpr1_donorrec_plate1_Experiment_Group_E10.fcs,enas_rpr_yes,AD_20241028_gfplib_rpr1_donorrec_plate1,E10,C04,C04,GFP panel,enAsCas12a,,RPR1,,Yes,C04,,1,11_gen,11.1,No,Figure 2,GFP panel replicate kinetics,True,results/01_gfp_library_transfer_counts/tables/gfp_lib_standardized_all_replicates.csv
AD_20241028_gfplib_rpr1_donorrec_plate1_Experiment_Group_E11.fcs,enas_rpr_yes,AD_20241028_gfplib_rpr1_donorrec_plate1,E11,E05,E05,GFP panel,enAsCas12a,,RPR1,,Yes,E05,,1,11_gen,13.8,No,Figure 2,GFP panel replicate kinetics,True,results/01_gfp_library_transfer_counts/tables/gfp_lib_standardized_all_replicates.csv
AD_20241028_gfplib_rpr1_donorrec_plate1_Experiment_Group_F09.fcs,enas_rpr_yes,AD_20241028_gfplib_rpr1_donorrec_plate1,F09,A09,A09,GFP panel,enAsCas12a,,RPR1,,Yes,A09,,2,11_gen,14.5,Yes,Figure 2,GFP panel replicate kinetics,True,results/01_gfp_library_transfer_counts/tables/gfp_lib_standardized_all_replicates.csv
AD_20241028_gfplib_rpr1_donorrec_plate1_Experiment_Group_F10.fcs,enas_rpr_yes,AD_20241028_gfplib_rpr1_donorrec_plate1,F10,C04,C04,GFP panel,enAsCas12a,,RPR1,,Yes,C04,,2,11_gen,11.1,No,Figure 2,GFP panel replicate kinetics,True,results/01_gfp_library_transfer_counts/tables/gfp_lib_standardized_all_replicates.csv
AD_20241028_gfplib_rpr1_donorrec_plate1_Experiment_Group_F11.fcs,enas_rpr_yes,AD_20241028_gfplib_rpr1_donorrec_plate1,F11,E05,E05,GFP panel,enAsCas12a,,RPR1,,Yes,E05,,2,11_gen,12.7,No,Figure 2,GFP panel replicate kinetics,True,results/01_gfp_library_transfer_counts/tables/gfp_lib_standardized_all_replicates.csv
AD_20241028_gfplib_rpr1_donorrec_plate1_Experiment_Group_G09.fcs,enas_rpr_yes,AD_20241028_gfplib_rpr1_donorrec_plate1,G09,A12,A12,GFP panel,enAsCas12a,,RPR1,,Yes,A12,,1,11_gen,11.5,No,Figure 2,GFP panel replicate kinetics,True,results/01_gfp_library_transfer_counts/tables/gfp_lib_standardized_all_replicates.csv
AD_20241028_gfplib_rpr1_donorrec_plate1_Experiment_Group_G10.fcs,enas_rpr_yes,AD_20241028_gfplib_rpr1_donorrec_plate1,G10,C05,C05,GFP panel,enAsCas12a,,RPR1,,Yes,C05,,1,11_gen,14.9,No,Figure 2,GFP panel replicate kinetics,True,results/01_gfp_library_transfer_counts/tables/gfp_lib_standardized_all_replicates.csv
AD_20241028_gfplib_rpr1_donorrec_plate1_Experiment_Group_G11.fcs,enas_rpr_yes,AD_20241028_gfplib_rpr1_donorrec_plate1,G11,G03,G03,GFP panel,enAsCas12a,,RPR1,,Yes,G03,,1,11_gen,14.9,No,Figure 2,GFP panel replicate kinetics,True,results/01_gfp_library_transfer_counts/tables/gfp_lib_standardized_all_replicates.csv
AD_20241028_gfplib_rpr1_donorrec_plate1_Experiment_Group_H09.fcs,enas_rpr_yes,AD_20241028_gfplib_rpr1_donorrec_plate1,H09,A12,A12,GFP panel,enAsCas12a,,RPR1,,Yes,A12,,2,11_gen,11.4,No,Figure 2,GFP panel replicate kinetics,True,results/01_gfp_library_transfer_counts/tables/gfp_lib_standardized_all_replicates.csv
AD_20241028_gfplib_rpr1_donorrec_plate1_Experiment_Group_H10.fcs,enas_rpr_yes,AD_20241028_gfplib_rpr1_donorrec_plate1,H10,C05,C05,GFP panel,enAsCas12a,,RPR1,,Yes,C05,,2,11_gen,15.0,No,Figure 2,GFP panel replicate kinetics,True,results/01_gfp_library_transfer_counts/tables/gfp_lib_standardized_all_replicates.csv
AD_20241028_gfplib_rpr1_donorrec_plate1_Experiment_Group_H11.fcs,enas_rpr_yes,AD_20241028_gfplib_rpr1_donorrec_plate1,H11,G03,G03,GFP panel,enAsCas12a,,RPR1,,Yes,G03,,2,11_gen,13.4,No,Figure 2,GFP panel replicate kinetics,True,results/01_gfp_library_transfer_counts/tables/gfp_lib_standardized_all_replicates.csv
AD_20241028_gfplib_rpr1_donorrec_plate2_Experiment_Group_A01.fcs,enas_rpr_yes,AD_20241028_gfplib_rpr1_donorrec_plate2,A01,A01,A01,GFP panel,enAsCas12a,,RPR1,,Yes,A01,,1,20_gen,20.7,No,Figure 2,GFP panel replicate kinetics,True,results/01_gfp_library_transfer_counts/tables/gfp_lib_standardized_all_replicates.csv
AD_20241028_gfplib_rpr1_donorrec_plate2_Experiment_Group_A02.fcs,enas_rpr_yes,AD_20241028_gfplib_rpr1_donorrec_plate2,A02,B05,B05,GFP panel,enAsCas12a,,RPR1,,Yes,B05,,1,20_gen,16.1,No,Figure 2,GFP panel replicate kinetics,True,results/01_gfp_library_transfer_counts/tables/gfp_lib_standardized_all_replicates.csv
AD_20241028_gfplib_rpr1_donorrec_plate2_Experiment_Group_A03.fcs,enas_rpr_yes,AD_20241028_gfplib_rpr1_donorrec_plate2,A03,E01,E01,GFP panel,enAsCas12a,,RPR1,,Yes,E01,,1,20_gen,21.2,No,Figure 2,GFP panel replicate kinetics,True,results/01_gfp_library_transfer_counts/tables/gfp_lib_standardized_all_replicates.csv
AD_20241028_gfplib_rpr1_donorrec_plate2_Experiment_Group_A04.fcs,enas_rpr_yes,AD_20241028_gfplib_rpr1_donorrec_plate2,A04,H11,H11,GFP panel,enAsCas12a,,RPR1,,Yes,H11,,1,20_gen,18.9,No,Figure 2,GFP panel replicate kinetics,True,results/01_gfp_library_transfer_counts/tables/gfp_lib_standardized_all_replicates.csv
AD_20241028_gfplib_rpr1_donorrec_plate2_Experiment_Group_B01.fcs,enas_rpr_yes,AD_20241028_gfplib_rpr1_donorrec_plate2,B01,A01,A01,GFP panel,enAsCas12a,,RPR1,,Yes,A01,,2,20_gen,20.8,No,Figure 2,GFP panel replicate kinetics,True,results/01_gfp_library_transfer_counts/tables/gfp_lib_standardized_all_replicates.csv
AD_20241028_gfplib_rpr1_donorrec_plate2_Experiment_Group_B02.fcs,enas_rpr_yes,AD_20241028_gfplib_rpr1_donorrec_plate2,B02,B05,B05,GFP panel,enAsCas12a,,RPR1,,Yes,B05,,2,20_gen,15.9,No,Figure 2,GFP panel replicate kinetics,True,results/01_gfp_library_transfer_counts/tables/gfp_lib_standardized_all_replicates.csv
AD_20241028_gfplib_rpr1_donorrec_plate2_Experiment_Group_B03.fcs,enas_rpr_yes,AD_20241028_gfplib_rpr1_donorrec_plate2,B03,E01,E01,GFP panel,enAsCas12a,,RPR1,,Yes,E01,,2,20_gen,21.2,No,Figure 2,GFP panel replicate kinetics,True,results/01_gfp_library_transfer_counts/tables/gfp_lib_standardized_all_replicates.csv
AD_20241028_gfplib_rpr1_donorrec_plate2_Experiment_Group_B04.fcs,enas_rpr_yes,AD_20241028_gfplib_rpr1_donorrec_plate2,B04,H11,H11,GFP panel,enAsCas12a,,RPR1,,Yes,H11,,2,20_gen,20.4,No,Figure 2,GFP panel replicate kinetics,True,results/01_gfp_library_transfer_counts/tables/gfp_lib_standardized_all_replicates.csv
AD_20241028_gfplib_rpr1_donorrec_plate2_Experiment_Group_C01.fcs,enas_rpr_yes,AD_20241028_gfplib_rpr1_donorrec_plate2,C01,A04,A04,GFP panel,enAsCas12a,,RPR1,,Yes,A04,,1,20_gen,20.3,No,Figure 2,GFP panel replicate kinetics,True,results/01_gfp_library_transfer_counts/tables/gfp_lib_standardized_all_replicates.csv
AD_20241028_gfplib_rpr1_donorrec_plate2_Experiment_Group_C02.fcs,enas_rpr_yes,AD_20241028_gfplib_rpr1_donorrec_plate2,C02,C03,C03,GFP panel,enAsCas12a,,RPR1,,Yes,C03,,1,20_gen,21.7,No,Figure 2,GFP panel replicate kinetics,True,results/01_gfp_library_transfer_counts/tables/gfp_lib_standardized_all_replicates.csv
AD_20241028_gfplib_rpr1_donorrec_plate2_Experiment_Group_C03.fcs,enas_rpr_yes,AD_20241028_gfplib_rpr1_donorrec_plate2,C03,E02,E02,GFP panel,enAsCas12a,,RPR1,,Yes,E02,,1,20_gen,18.2,No,Figure 2,GFP panel replicate kinetics,True,results/01_gfp_library_transfer_counts/tables/gfp_lib_standardized_all_replicates.csv
AD_20241028_gfplib_rpr1_donorrec_plate2_Experiment_Group_D01.fcs,enas_rpr_yes,AD_20241028_gfplib_rpr1_donorrec_plate2,D01,A04,A04,GFP panel,enAsCas12a,,RPR1,,Yes,A04,,2,20_gen,20.2,No,Figure 2,GFP panel replicate kinetics,True,results/01_gfp_library_transfer_counts/tables/gfp_lib_standardized_all_replicates.csv
AD_20241028_gfplib_rpr1_donorrec_plate2_Experiment_Group_D02.fcs,enas_rpr_yes,AD_20241028_gfplib_rpr1_donorrec_plate2,D02,C03,C03,GFP panel,enAsCas12a,,RPR1,,Yes,C03,,2,20_gen,21.1,No,Figure 2,GFP panel replicate kinetics,True,results/01_gfp_library_transfer_counts/tables/gfp_lib_standardized_all_replicates.csv
AD_20241028_gfplib_rpr1_donorrec_plate2_Experiment_Group_D03.fcs,enas_rpr_yes,AD_20241028_gfplib_rpr1_donorrec_plate2,D03,E02,E02,GFP panel,enAsCas12a,,RPR1,,Yes,E02,,2,20_gen,19.5,No,Figure 2,GFP panel replicate kinetics,True,results/01_gfp_library_transfer_counts/tables/gfp_lib_standardized_all_replicates.csv
AD_20241028_gfplib_rpr1_donorrec_plate2_Experiment_Group_E01.fcs,enas_rpr_yes,AD_20241028_gfplib_rpr1_donorrec_plate2,E01,A09,A09,GFP panel,enAsCas12a,,RPR1,,Yes,A09,,1,20_gen,21.7,Yes,Figure 2,GFP panel replicate kinetics,True,results/01_gfp_library_transfer_counts/tables/gfp_lib_standardized_all_replicates.csv
AD_20241028_gfplib_rpr1_donorrec_plate2_Experiment_Group_E02.fcs,enas_rpr_yes,AD_20241028_gfplib_rpr1_donorrec_plate2,E02,C04,C04,GFP panel,enAsCas12a,,RPR1,,Yes,C04,,1,20_gen,18.0,No,Figure 2,GFP panel replicate kinetics,True,results/01_gfp_library_transfer_counts/tables/gfp_lib_standardized_all_replicates.csv
AD_20241028_gfplib_rpr1_donorrec_plate2_Experiment_Group_E03.fcs,enas_rpr_yes,AD_20241028_gfplib_rpr1_donorrec_plate2,E03,E05,E05,GFP panel,enAsCas12a,,RPR1,,Yes,E05,,1,20_gen,21.1,No,Figure 2,GFP panel replicate kinetics,True,results/01_gfp_library_transfer_counts/tables/gfp_lib_standardized_all_replicates.csv
AD_20241028_gfplib_rpr1_donorrec_plate2_Experiment_Group_F01.fcs,enas_rpr_yes,AD_20241028_gfplib_rpr1_donorrec_plate2,F01,A09,A09,GFP panel,enAsCas12a,,RPR1,,Yes,A09,,2,20_gen,22.2,Yes,Figure 2,GFP panel replicate kinetics,True,results/01_gfp_library_transfer_counts/tables/gfp_lib_standardized_all_replicates.csv
AD_20241028_gfplib_rpr1_donorrec_plate2_Experiment_Group_F02.fcs,enas_rpr_yes,AD_20241028_gfplib_rpr1_donorrec_plate2,F02,C04,C04,GFP panel,enAsCas12a,,RPR1,,Yes,C04,,2,20_gen,18.6,No,Figure 2,GFP panel replicate kinetics,True,results/01_gfp_library_transfer_counts/tables/gfp_lib_standardized_all_replicates.csv
AD_20241028_gfplib_rpr1_donorrec_plate2_Experiment_Group_F03.fcs,enas_rpr_yes,AD_20241028_gfplib_rpr1_donorrec_plate2,F03,E05,E05,GFP panel,enAsCas12a,,RPR1,,Yes,E05,,2,20_gen,19.7,No,Figure 2,GFP panel replicate kinetics,True,results/01_gfp_library_transfer_counts/tables/gfp_lib_standardized_all_replicates.csv
AD_20241028_gfplib_rpr1_donorrec_plate2_Experiment_Group_G01.fcs,enas_rpr_yes,AD_20241028_gfplib_rpr1_donorrec_plate2,G01,A12,A12,GFP panel,enAsCas12a,,RPR1,,Yes,A12,,1,20_gen,18.6,No,Figure 2,GFP panel replicate kinetics,True,results/01_gfp_library_transfer_counts/tables/gfp_lib_standardized_all_replicates.csv
AD_20241028_gfplib_rpr1_donorrec_plate2_Experiment_Group_G02.fcs,enas_rpr_yes,AD_20241028_gfplib_rpr1_donorrec_plate2,G02,C05,C05,GFP panel,enAsCas12a,,RPR1,,Yes,C05,,1,20_gen,23.1,No,Figure 2,GFP panel replicate kinetics,True,results/01_gfp_library_transfer_counts/tables/gfp_lib_standardized_all_replicates.csv
AD_20241028_gfplib_rpr1_donorrec_plate2_Experiment_Group_G03.fcs,enas_rpr_yes,AD_20241028_gfplib_rpr1_donorrec_plate2,G03,G03,G03,GFP panel,enAsCas12a,,RPR1,,Yes,G03,,1,20_gen,21.2,No,Figure 2,GFP panel replicate kinetics,True,results/01_gfp_library_transfer_counts/tables/gfp_lib_standardized_all_replicates.csv
AD_20241028_gfplib_rpr1_donorrec_plate2_Experiment_Group_H01.fcs,enas_rpr_yes,AD_20241028_gfplib_rpr1_donorrec_plate2,H01,A12,A12,GFP panel,enAsCas12a,,RPR1,,Yes,A12,,2,20_gen,18.0,No,Figure 2,GFP panel replicate kinetics,True,results/01_gfp_library_transfer_counts/tables/gfp_lib_standardized_all_replicates.csv
AD_20241028_gfplib_rpr1_donorrec_plate2_Experiment_Group_H02.fcs,enas_rpr_yes,AD_20241028_gfplib_rpr1_donorrec_plate2,H02,C05,C05,GFP panel,enAsCas12a,,RPR1,,Yes,C05,,2,20_gen,21.8,No,Figure 2,GFP panel replicate kinetics,True,results/01_gfp_library_transfer_counts/tables/gfp_lib_standardized_all_replicates.csv
AD_20241028_gfplib_rpr1_donorrec_plate2_Experiment_Group_H03.fcs,enas_rpr_yes,AD_20241028_gfplib_rpr1_donorrec_plate2,H03,G03,G03,GFP panel,enAsCas12a,,RPR1,,Yes,G03,,2,20_gen,20.5,No,Figure 2,GFP panel replicate kinetics,True,results/01_gfp_library_transfer_counts/tables/gfp_lib_standardized_all_replicates.csv
AD_20241028_gfplib_rpr1_donorrec_plate1_Experiment_Group_A01.fcs,enas_rpr_yes,AD_20241028_gfplib_rpr1_donorrec_plate1,A01,A01,A01,GFP panel,enAsCas12a,,RPR1,,Yes,A01,,1,6_gen,6.6,No,Figure 2,GFP panel replicate kinetics,True,results/01_gfp_library_transfer_counts/tables/gfp_lib_standardized_all_replicates.csv
AD_20241028_gfplib_rpr1_donorrec_plate1_Experiment_Group_A02.fcs,enas_rpr_yes,AD_20241028_gfplib_rpr1_donorrec_plate1,A02,B05,B05,GFP panel,enAsCas12a,,RPR1,,Yes,B05,,1,6_gen,3.4,No,Figure 2,GFP panel replicate kinetics,True,results/01_gfp_library_transfer_counts/tables/gfp_lib_standardized_all_replicates.csv
AD_20241028_gfplib_rpr1_donorrec_plate1_Experiment_Group_A03.fcs,enas_rpr_yes,AD_20241028_gfplib_rpr1_donorrec_plate1,A03,E01,E01,GFP panel,enAsCas12a,,RPR1,,Yes,E01,,1,6_gen,6.6,No,Figure 2,GFP panel replicate kinetics,True,results/01_gfp_library_transfer_counts/tables/gfp_lib_standardized_all_replicates.csv
AD_20241028_gfplib_rpr1_donorrec_plate1_Experiment_Group_A04.fcs,enas_rpr_yes,AD_20241028_gfplib_rpr1_donorrec_plate1,A04,H11,H11,GFP panel,enAsCas12a,,RPR1,,Yes,H11,,1,6_gen,4.3,No,Figure 2,GFP panel replicate kinetics,True,results/01_gfp_library_transfer_counts/tables/gfp_lib_standardized_all_replicates.csv
AD_20241028_gfplib_rpr1_donorrec_plate1_Experiment_Group_B01.fcs,enas_rpr_yes,AD_20241028_gfplib_rpr1_donorrec_plate1,B01,A01,A01,GFP panel,enAsCas12a,,RPR1,,Yes,A01,,2,6_gen,6.6,No,Figure 2,GFP panel replicate kinetics,True,results/01_gfp_library_transfer_counts/tables/gfp_lib_standardized_all_replicates.csv
AD_20241028_gfplib_rpr1_donorrec_plate1_Experiment_Group_B02.fcs,enas_rpr_yes,AD_20241028_gfplib_rpr1_donorrec_plate1,B02,B05,B05,GFP panel,enAsCas12a,,RPR1,,Yes,B05,,2,6_gen,3.1,No,Figure 2,GFP panel replicate kinetics,True,results/01_gfp_library_transfer_counts/tables/gfp_lib_standardized_all_replicates.csv
AD_20241028_gfplib_rpr1_donorrec_plate1_Experiment_Group_B03.fcs,enas_rpr_yes,AD_20241028_gfplib_rpr1_donorrec_plate1,B03,E01,E01,GFP panel,enAsCas12a,,RPR1,,Yes,E01,,2,6_gen,6.5,No,Figure 2,GFP panel replicate kinetics,True,results/01_gfp_library_transfer_counts/tables/gfp_lib_standardized_all_replicates.csv
AD_20241028_gfplib_rpr1_donorrec_plate1_Experiment_Group_B04.fcs,enas_rpr_yes,AD_20241028_gfplib_rpr1_donorrec_plate1,B04,H11,H11,GFP panel,enAsCas12a,,RPR1,,Yes,H11,,2,6_gen,5.3,No,Figure 2,GFP panel replicate kinetics,True,results/01_gfp_library_transfer_counts/tables/gfp_lib_standardized_all_replicates.csv
AD_20241028_gfplib_rpr1_donorrec_plate1_Experiment_Group_C01.fcs,enas_rpr_yes,AD_20241028_gfplib_rpr1_donorrec_plate1,C01,A04,A04,GFP panel,enAsCas12a,,RPR1,,Yes,A04,,1,6_gen,6.2,No,Figure 2,GFP panel replicate kinetics,True,results/01_gfp_library_transfer_counts/tables/gfp_lib_standardized_all_replicates.csv
AD_20241028_gfplib_rpr1_donorrec_plate1_Experiment_Group_C02.fcs,enas_rpr_yes,AD_20241028_gfplib_rpr1_donorrec_plate1,C02,C03,C03,GFP panel,enAsCas12a,,RPR1,,Yes,C03,,1,6_gen,6.8,No,Figure 2,GFP panel replicate kinetics,True,results/01_gfp_library_transfer_counts/tables/gfp_lib_standardized_all_replicates.csv
AD_20241028_gfplib_rpr1_donorrec_plate1_Experiment_Group_C03.fcs,enas_rpr_yes,AD_20241028_gfplib_rpr1_donorrec_plate1,C03,E02,E02,GFP panel,enAsCas12a,,RPR1,,Yes,E02,,1,6_gen,3.4,No,Figure 2,GFP panel replicate kinetics,True,results/01_gfp_library_transfer_counts/tables/gfp_lib_standardized_all_replicates.csv
AD_20241028_gfplib_rpr1_donorrec_plate1_Experiment_Group_D01.fcs,enas_rpr_yes,AD_20241028_gfplib_rpr1_donorrec_plate1,D01,A04,A04,GFP panel,enAsCas12a,,RPR1,,Yes,A04,,2,6_gen,6.1,No,Figure 2,GFP panel replicate kinetics,True,results/01_gfp_library_transfer_counts/tables/gfp_lib_standardized_all_replicates.csv
AD_20241028_gfplib_rpr1_donorrec_plate1_Experiment_Group_D02.fcs,enas_rpr_yes,AD_20241028_gfplib_rpr1_donorrec_plate1,D02,C03,C03,GFP panel,enAsCas12a,,RPR1,,Yes,C03,,2,6_gen,7.1,No,Figure 2,GFP panel replicate kinetics,True,results/01_gfp_library_transfer_counts/tables/gfp_lib_standardized_all_replicates.csv
AD_20241028_gfplib_rpr1_donorrec_plate1_Experiment_Group_D03.fcs,enas_rpr_yes,AD_20241028_gfplib_rpr1_donorrec_plate1,D03,E02,E02,GFP panel,enAsCas12a,,RPR1,,Yes,E02,,2,6_gen,4.4,No,Figure 2,GFP panel replicate kinetics,True,results/01_gfp_library_transfer_counts/tables/gfp_lib_standardized_all_replicates.csv
AD_20241028_gfplib_rpr1_donorrec_plate1_Experiment_Group_E01.fcs,enas_rpr_yes,AD_20241028_gfplib_rpr1_donorrec_plate1,E01,A09,A09,GFP panel,enAsCas12a,,RPR1,,Yes,A09,,1,6_gen,7.1,Yes,Figure 2,GFP panel replicate kinetics,True,results/01_gfp_library_transfer_counts/tables/gfp_lib_standardized_all_replicates.csv
AD_20241028_gfplib_rpr1_donorrec_plate1_Experiment_Group_E02.fcs,enas_rpr_yes,AD_20241028_gfplib_rpr1_donorrec_plate1,E02,C04,C04,GFP panel,enAsCas12a,,RPR1,,Yes,C04,,1,6_gen,4.3,No,Figure 2,GFP panel replicate kinetics,True,results/01_gfp_library_transfer_counts/tables/gfp_lib_standardized_all_replicates.csv
AD_20241028_gfplib_rpr1_donorrec_plate1_Experiment_Group_E03.fcs,enas_rpr_yes,AD_20241028_gfplib_rpr1_donorrec_plate1,E03,E05,E05,GFP panel,enAsCas12a,,RPR1,,Yes,E05,,1,6_gen,6.0,No,Figure 2,GFP panel replicate kinetics,True,results/01_gfp_library_transfer_counts/tables/gfp_lib_standardized_all_replicates.csv
AD_20241028_gfplib_rpr1_donorrec_plate1_Experiment_Group_F01.fcs,enas_rpr_yes,AD_20241028_gfplib_rpr1_donorrec_plate1,F01,A09,A09,GFP panel,enAsCas12a,,RPR1,,Yes,A09,,2,6_gen,7.3,Yes,Figure 2,GFP panel replicate kinetics,True,results/01_gfp_library_transfer_counts/tables/gfp_lib_standardized_all_replicates.csv
AD_20241028_gfplib_rpr1_donorrec_plate1_Experiment_Group_F02.fcs,enas_rpr_yes,AD_20241028_gfplib_rpr1_donorrec_plate1,F02,C04,C04,GFP panel,enAsCas12a,,RPR1,,Yes,C04,,2,6_gen,4.3,No,Figure 2,GFP panel replicate kinetics,True,results/01_gfp_library_transfer_counts/tables/gfp_lib_standardized_all_replicates.csv
AD_20241028_gfplib_rpr1_donorrec_plate1_Experiment_Group_F03.fcs,enas_rpr_yes,AD_20241028_gfplib_rpr1_donorrec_plate1,F03,E05,E05,GFP panel,enAsCas12a,,RPR1,,Yes,E05,,2,6_gen,4.7,No,Figure 2,GFP panel replicate kinetics,True,results/01_gfp_library_transfer_counts/tables/gfp_lib_standardized_all_replicates.csv
AD_20241028_gfplib_rpr1_donorrec_plate1_Experiment_Group_G01.fcs,enas_rpr_yes,AD_20241028_gfplib_rpr1_donorrec_plate1,G01,A12,A12,GFP panel,enAsCas12a,,RPR1,,Yes,A12,,1,6_gen,4.3,No,Figure 2,GFP panel replicate kinetics,True,results/01_gfp_library_transfer_counts/tables/gfp_lib_standardized_all_replicates.csv
AD_20241028_gfplib_rpr1_donorrec_plate1_Experiment_Group_G02.fcs,enas_rpr_yes,AD_20241028_gfplib_rpr1_donorrec_plate1,G02,C05,C05,GFP panel,enAsCas12a,,RPR1,,Yes,C05,,1,6_gen,7.0,No,Figure 2,GFP panel replicate kinetics,True,results/01_gfp_library_transfer_counts/tables/gfp_lib_standardized_all_replicates.csv
AD_20241028_gfplib_rpr1_donorrec_plate1_Experiment_Group_G03.fcs,enas_rpr_yes,AD_20241028_gfplib_rpr1_donorrec_plate1,G03,G03,G03,GFP panel,enAsCas12a,,RPR1,,Yes,G03,,1,6_gen,6.8,No,Figure 2,GFP panel replicate kinetics,True,results/01_gfp_library_transfer_counts/tables/gfp_lib_standardized_all_replicates.csv
AD_20241028_gfplib_rpr1_donorrec_plate1_Experiment_Group_H01.fcs,enas_rpr_yes,AD_20241028_gfplib_rpr1_donorrec_plate1,H01,A12,A12,GFP panel,enAsCas12a,,RPR1,,Yes,A12,,2,6_gen,4.3,No,Figure 2,GFP panel replicate kinetics,True,results/01_gfp_library_transfer_counts/tables/gfp_lib_standardized_all_replicates.csv
AD_20241028_gfplib_rpr1_donorrec_plate1_Experiment_Group_H02.fcs,enas_rpr_yes,AD_20241028_gfplib_rpr1_donorrec_plate1,H02,C05,C05,GFP panel,enAsCas12a,,RPR1,,Yes,C05,,2,6_gen,7.0,No,Figure 2,GFP panel replicate kinetics,True,results/01_gfp_library_transfer_counts/tables/gfp_lib_standardized_all_replicates.csv
AD_20241028_gfplib_rpr1_donorrec_plate1_Experiment_Group_H03.fcs,enas_rpr_yes,AD_20241028_gfplib_rpr1_donorrec_plate1,H03,G03,G03,GFP panel,enAsCas12a,,RPR1,,Yes,G03,,2,6_gen,5.4,No,Figure 2,GFP panel replicate kinetics,True,results/01_gfp_library_transfer_counts/tables/gfp_lib_standardized_all_replicates.csv
AD_20241028_gfplib_rpr1_donorrec_plate1_Experiment_Group_A05.fcs,enas_rpr_yes,AD_20241028_gfplib_rpr1_donorrec_plate1,A05,A01,A01,GFP panel,enAsCas12a,,RPR1,,Yes,A01,,1,scraped,0.0,No,Figure 2,GFP panel replicate kinetics,True,results/01_gfp_library_transfer_counts/tables/gfp_lib_standardized_all_replicates.csv
AD_20241028_gfplib_rpr1_donorrec_plate1_Experiment_Group_A06.fcs,enas_rpr_yes,AD_20241028_gfplib_rpr1_donorrec_plate1,A06,B05,B05,GFP panel,enAsCas12a,,RPR1,,Yes,B05,,1,scraped,0.0,No,Figure 2,GFP panel replicate kinetics,True,results/01_gfp_library_transfer_counts/tables/gfp_lib_standardized_all_replicates.csv
AD_20241028_gfplib_rpr1_donorrec_plate1_Experiment_Group_A07.fcs,enas_rpr_yes,AD_20241028_gfplib_rpr1_donorrec_plate1,A07,E01,E01,GFP panel,enAsCas12a,,RPR1,,Yes,E01,,1,scraped,0.0,No,Figure 2,GFP panel replicate kinetics,True,results/01_gfp_library_transfer_counts/tables/gfp_lib_standardized_all_replicates.csv
AD_20241028_gfplib_rpr1_donorrec_plate1_Experiment_Group_A08.fcs,enas_rpr_yes,AD_20241028_gfplib_rpr1_donorrec_plate1,A08,H11,H11,GFP panel,enAsCas12a,,RPR1,,Yes,H11,,1,scraped,0.0,No,Figure 2,GFP panel replicate kinetics,True,results/01_gfp_library_transfer_counts/tables/gfp_lib_standardized_all_replicates.csv
AD_20241028_gfplib_rpr1_donorrec_plate1_Experiment_Group_B05.fcs,enas_rpr_yes,AD_20241028_gfplib_rpr1_donorrec_plate1,B05,A01,A01,GFP panel,enAsCas12a,,RPR1,,Yes,A01,,2,scraped,0.0,No,Figure 2,GFP panel replicate kinetics,True,results/01_gfp_library_transfer_counts/tables/gfp_lib_standardized_all_replicates.csv
AD_20241028_gfplib_rpr1_donorrec_plate1_Experiment_Group_B06.fcs,enas_rpr_yes,AD_20241028_gfplib_rpr1_donorrec_plate1,B06,B05,B05,GFP panel,enAsCas12a,,RPR1,,Yes,B05,,2,scraped,0.0,No,Figure 2,GFP panel replicate kinetics,True,results/01_gfp_library_transfer_counts/tables/gfp_lib_standardized_all_replicates.csv
AD_20241028_gfplib_rpr1_donorrec_plate1_Experiment_Group_B07.fcs,enas_rpr_yes,AD_20241028_gfplib_rpr1_donorrec_plate1,B07,E01,E01,GFP panel,enAsCas12a,,RPR1,,Yes,E01,,2,scraped,0.0,No,Figure 2,GFP panel replicate kinetics,True,results/01_gfp_library_transfer_counts/tables/gfp_lib_standardized_all_replicates.csv
AD_20241028_gfplib_rpr1_donorrec_plate1_Experiment_Group_B08.fcs,enas_rpr_yes,AD_20241028_gfplib_rpr1_donorrec_plate1,B08,H11,H11,GFP panel,enAsCas12a,,RPR1,,Yes,H11,,2,scraped,0.0,No,Figure 2,GFP panel replicate kinetics,True,results/01_gfp_library_transfer_counts/tables/gfp_lib_standardized_all_replicates.csv
AD_20241028_gfplib_rpr1_donorrec_plate1_Experiment_Group_C05.fcs,enas_rpr_yes,AD_20241028_gfplib_rpr1_donorrec_plate1,C05,A04,A04,GFP panel,enAsCas12a,,RPR1,,Yes,A04,,1,scraped,0.0,No,Figure 2,GFP panel replicate kinetics,True,results/01_gfp_library_transfer_counts/tables/gfp_lib_standardized_all_replicates.csv
AD_20241028_gfplib_rpr1_donorrec_plate1_Experiment_Group_C06.fcs,enas_rpr_yes,AD_20241028_gfplib_rpr1_donorrec_plate1,C06,C03,C03,GFP panel,enAsCas12a,,RPR1,,Yes,C03,,1,scraped,0.0,No,Figure 2,GFP panel replicate kinetics,True,results/01_gfp_library_transfer_counts/tables/gfp_lib_standardized_all_replicates.csv
AD_20241028_gfplib_rpr1_donorrec_plate1_Experiment_Group_C07.fcs,enas_rpr_yes,AD_20241028_gfplib_rpr1_donorrec_plate1,C07,E02,E02,GFP panel,enAsCas12a,,RPR1,,Yes,E02,,1,scraped,0.0,No,Figure 2,GFP panel replicate kinetics,True,results/01_gfp_library_transfer_counts/tables/gfp_lib_standardized_all_replicates.csv
AD_20241028_gfplib_rpr1_donorrec_plate1_Experiment_Group_D05.fcs,enas_rpr_yes,AD_20241028_gfplib_rpr1_donorrec_plate1,D05,A04,A04,GFP panel,enAsCas12a,,RPR1,,Yes,A04,,2,scraped,0.0,No,Figure 2,GFP panel replicate kinetics,True,results/01_gfp_library_transfer_counts/tables/gfp_lib_standardized_all_replicates.csv
AD_20241028_gfplib_rpr1_donorrec_plate1_Experiment_Group_D06.fcs,enas_rpr_yes,AD_20241028_gfplib_rpr1_donorrec_plate1,D06,C03,C03,GFP panel,enAsCas12a,,RPR1,,Yes,C03,,2,scraped,0.0,No,Figure 2,GFP panel replicate kinetics,True,results/01_gfp_library_transfer_counts/tables/gfp_lib_standardized_all_replicates.csv
AD_20241028_gfplib_rpr1_donorrec_plate1_Experiment_Group_D07.fcs,enas_rpr_yes,AD_20241028_gfplib_rpr1_donorrec_plate1,D07,E02,E02,GFP panel,enAsCas12a,,RPR1,,Yes,E02,,2,scraped,0.0,No,Figure 2,GFP panel replicate kinetics,True,results/01_gfp_library_transfer_counts/tables/gfp_lib_standardized_all_replicates.csv
AD_20241028_gfplib_rpr1_donorrec_plate1_Experiment_Group_E05.fcs,enas_rpr_yes,AD_20241028_gfplib_rpr1_donorrec_plate1,E05,A09,A09,GFP panel,enAsCas12a,,RPR1,,Yes,A09,,1,scraped,0.0,Yes,Figure 2,GFP panel replicate kinetics,True,results/01_gfp_library_transfer_counts/tables/gfp_lib_standardized_all_replicates.csv
AD_20241028_gfplib_rpr1_donorrec_plate1_Experiment_Group_E06.fcs,enas_rpr_yes,AD_20241028_gfplib_rpr1_donorrec_plate1,E06,C04,C04,GFP panel,enAsCas12a,,RPR1,,Yes,C04,,1,scraped,0.0,No,Figure 2,GFP panel replicate kinetics,True,results/01_gfp_library_transfer_counts/tables/gfp_lib_standardized_all_replicates.csv
AD_20241028_gfplib_rpr1_donorrec_plate1_Experiment_Group_E07.fcs,enas_rpr_yes,AD_20241028_gfplib_rpr1_donorrec_plate1,E07,E05,E05,GFP panel,enAsCas12a,,RPR1,,Yes,E05,,1,scraped,0.0,No,Figure 2,GFP panel replicate kinetics,True,results/01_gfp_library_transfer_counts/tables/gfp_lib_standardized_all_replicates.csv
AD_20241028_gfplib_rpr1_donorrec_plate1_Experiment_Group_F05.fcs,enas_rpr_yes,AD_20241028_gfplib_rpr1_donorrec_plate1,F05,A09,A09,GFP panel,enAsCas12a,,RPR1,,Yes,A09,,2,scraped,0.0,Yes,Figure 2,GFP panel replicate kinetics,True,results/01_gfp_library_transfer_counts/tables/gfp_lib_standardized_all_replicates.csv
AD_20241028_gfplib_rpr1_donorrec_plate1_Experiment_Group_F07.fcs,enas_rpr_yes,AD_20241028_gfplib_rpr1_donorrec_plate1,F07,E05,E05,GFP panel,enAsCas12a,,RPR1,,Yes,E05,,2,scraped,0.0,No,Figure 2,GFP panel replicate kinetics,True,results/01_gfp_library_transfer_counts/tables/gfp_lib_standardized_all_replicates.csv
AD_20241028_gfplib_rpr1_donorrec_plate1_Experiment_Group_G05.fcs,enas_rpr_yes,AD_20241028_gfplib_rpr1_donorrec_plate1,G05,A12,A12,GFP panel,enAsCas12a,,RPR1,,Yes,A12,,1,scraped,0.0,No,Figure 2,GFP panel replicate kinetics,True,results/01_gfp_library_transfer_counts/tables/gfp_lib_standardized_all_replicates.csv
AD_20241028_gfplib_rpr1_donorrec_plate1_Experiment_Group_G06.fcs,enas_rpr_yes,AD_20241028_gfplib_rpr1_donorrec_plate1,G06,C05,C05,GFP panel,enAsCas12a,,RPR1,,Yes,C05,,1,scraped,0.0,No,Figure 2,GFP panel replicate kinetics,True,results/01_gfp_library_transfer_counts/tables/gfp_lib_standardized_all_replicates.csv
AD_20241028_gfplib_rpr1_donorrec_plate1_Experiment_Group_G07.fcs,enas_rpr_yes,AD_20241028_gfplib_rpr1_donorrec_plate1,G07,G03,G03,GFP panel,enAsCas12a,,RPR1,,Yes,G03,,1,scraped,0.0,No,Figure 2,GFP panel replicate kinetics,True,results/01_gfp_library_transfer_counts/tables/gfp_lib_standardized_all_replicates.csv
AD_20241028_gfplib_rpr1_donorrec_plate1_Experiment_Group_H05.fcs,enas_rpr_yes,AD_20241028_gfplib_rpr1_donorrec_plate1,H05,A12,A12,GFP panel,enAsCas12a,,RPR1,,Yes,A12,,2,scraped,0.0,No,Figure 2,GFP panel replicate kinetics,True,results/01_gfp_library_transfer_counts/tables/gfp_lib_standardized_all_replicates.csv
AD_20241028_gfplib_rpr1_donorrec_plate1_Experiment_Group_H06.fcs,enas_rpr_yes,AD_20241028_gfplib_rpr1_donorrec_plate1,H06,C05,C05,GFP panel,enAsCas12a,,RPR1,,Yes,C05,,2,scraped,0.0,No,Figure 2,GFP panel replicate kinetics,True,results/01_gfp_library_transfer_counts/tables/gfp_lib_standardized_all_replicates.csv
AD_20241028_gfplib_rpr1_donorrec_plate1_Experiment_Group_H07.fcs,enas_rpr_yes,AD_20241028_gfplib_rpr1_donorrec_plate1,H07,G03,G03,GFP panel,enAsCas12a,,RPR1,,Yes,G03,,2,scraped,0.0,No,Figure 2,GFP panel replicate kinetics,True,results/01_gfp_library_transfer_counts/tables/gfp_lib_standardized_all_replicates.csv
AD_20240403_snr52_gfplib_plate2(1)_Experiment_19h30_E01.fcs,enas_snr_no,AD_20240403_snr52_gfplib_plate2(1),E01,A01,A01,GFP panel,enAsCas12a,,SNR52,,No,A01,,1,11_gen,,No,Figure 2,GFP panel replicate kinetics,True,results/01_gfp_library_transfer_counts/tables/gfp_lib_standardized_all_replicates.csv
AD_20240403_snr52_gfplib_plate2(1)_Experiment_19h30_E02.fcs,enas_snr_no,AD_20240403_snr52_gfplib_plate2(1),E02,A01,A01,GFP panel,enAsCas12a,,SNR52,,No,A01,,2,11_gen,,No,Figure 2,GFP panel replicate kinetics,True,results/01_gfp_library_transfer_counts/tables/gfp_lib_standardized_all_replicates.csv
AD_20240403_snr52_gfplib_plate2(1)_Experiment_19h30_E03.fcs,enas_snr_no,AD_20240403_snr52_gfplib_plate2(1),E03,A04,A04,GFP panel,enAsCas12a,,SNR52,,No,A04,,1,11_gen,,No,Figure 2,GFP panel replicate kinetics,True,results/01_gfp_library_transfer_counts/tables/gfp_lib_standardized_all_replicates.csv
AD_20240403_snr52_gfplib_plate2(1)_Experiment_19h30_E04.fcs,enas_snr_no,AD_20240403_snr52_gfplib_plate2(1),E04,A04,A04,GFP panel,enAsCas12a,,SNR52,,No,A04,,2,11_gen,,No,Figure 2,GFP panel replicate kinetics,True,results/01_gfp_library_transfer_counts/tables/gfp_lib_standardized_all_replicates.csv
AD_20240403_snr52_gfplib_plate2(1)_Experiment_19h30_E05.fcs,enas_snr_no,AD_20240403_snr52_gfplib_plate2(1),E05,A09,A09,GFP panel,enAsCas12a,,SNR52,,No,A09,,1,11_gen,,Yes,Figure 2,GFP panel replicate kinetics,True,results/01_gfp_library_transfer_counts/tables/gfp_lib_standardized_all_replicates.csv
AD_20240403_snr52_gfplib_plate2(1)_Experiment_19h30_E06.fcs,enas_snr_no,AD_20240403_snr52_gfplib_plate2(1),E06,A09,A09,GFP panel,enAsCas12a,,SNR52,,No,A09,,2,11_gen,,Yes,Figure 2,GFP panel replicate kinetics,True,results/01_gfp_library_transfer_counts/tables/gfp_lib_standardized_all_replicates.csv
AD_20240403_snr52_gfplib_plate2(1)_Experiment_19h30_E07.fcs,enas_snr_no,AD_20240403_snr52_gfplib_plate2(1),E07,A12,A12,GFP panel,enAsCas12a,,SNR52,,No,A12,,1,11_gen,,No,Figure 2,GFP panel replicate kinetics,True,results/01_gfp_library_transfer_counts/tables/gfp_lib_standardized_all_replicates.csv
AD_20240403_snr52_gfplib_plate2(1)_Experiment_19h30_E08.fcs,enas_snr_no,AD_20240403_snr52_gfplib_plate2(1),E08,A12,A12,GFP panel,enAsCas12a,,SNR52,,No,A12,,2,11_gen,,No,Figure 2,GFP panel replicate kinetics,True,results/01_gfp_library_transfer_counts/tables/gfp_lib_standardized_all_replicates.csv
AD_20240403_snr52_gfplib_plate2(1)_Experiment_19h30_F01.fcs,enas_snr_no,AD_20240403_snr52_gfplib_plate2(1),F01,B05,B05,GFP panel,enAsCas12a,,SNR52,,No,B05,,1,11_gen,,No,Figure 2,GFP panel replicate kinetics,True,results/01_gfp_library_transfer_counts/tables/gfp_lib_standardized_all_replicates.csv
AD_20240403_snr52_gfplib_plate2(1)_Experiment_19h30_F02.fcs,enas_snr_no,AD_20240403_snr52_gfplib_plate2(1),F02,B05,B05,GFP panel,enAsCas12a,,SNR52,,No,B05,,2,11_gen,,No,Figure 2,GFP panel replicate kinetics,True,results/01_gfp_library_transfer_counts/tables/gfp_lib_standardized_all_replicates.csv
AD_20240403_snr52_gfplib_plate2(1)_Experiment_19h30_F03.fcs,enas_snr_no,AD_20240403_snr52_gfplib_plate2(1),F03,C03,C03,GFP panel,enAsCas12a,,SNR52,,No,C03,,1,11_gen,,No,Figure 2,GFP panel replicate kinetics,True,results/01_gfp_library_transfer_counts/tables/gfp_lib_standardized_all_replicates.csv
AD_20240403_snr52_gfplib_plate2(1)_Experiment_19h30_F04.fcs,enas_snr_no,AD_20240403_snr52_gfplib_plate2(1),F04,C03,C03,GFP panel,enAsCas12a,,SNR52,,No,C03,,2,11_gen,,No,Figure 2,GFP panel replicate kinetics,True,results/01_gfp_library_transfer_counts/tables/gfp_lib_standardized_all_replicates.csv
AD_20240403_snr52_gfplib_plate2(1)_Experiment_19h30_F05.fcs,enas_snr_no,AD_20240403_snr52_gfplib_plate2(1),F05,C04,C04,GFP panel,enAsCas12a,,SNR52,,No,C04,,1,11_gen,,No,Figure 2,GFP panel replicate kinetics,True,results/01_gfp_library_transfer_counts/tables/gfp_lib_standardized_all_replicates.csv
AD_20240403_snr52_gfplib_plate2(1)_Experiment_19h30_F06.fcs,enas_snr_no,AD_20240403_snr52_gfplib_plate2(1),F06,C04,C04,GFP panel,enAsCas12a,,SNR52,,No,C04,,2,11_gen,,No,Figure 2,GFP panel replicate kinetics,True,results/01_gfp_library_transfer_counts/tables/gfp_lib_standardized_all_replicates.csv
AD_20240403_snr52_gfplib_plate2(1)_Experiment_19h30_F07.fcs,enas_snr_no,AD_20240403_snr52_gfplib_plate2(1),F07,C05,C05,GFP panel,enAsCas12a,,SNR52,,No,C05,,1,11_gen,,No,Figure 2,GFP panel replicate kinetics,True,results/01_gfp_library_transfer_counts/tables/gfp_lib_standardized_all_replicates.csv
AD_20240403_snr52_gfplib_plate2(1)_Experiment_19h30_F08.fcs,enas_snr_no,AD_20240403_snr52_gfplib_plate2(1),F08,C05,C05,GFP panel,enAsCas12a,,SNR52,,No,C05,,2,11_gen,,No,Figure 2,GFP panel replicate kinetics,True,results/01_gfp_library_transfer_counts/tables/gfp_lib_standardized_all_replicates.csv
AD_20240403_snr52_gfplib_plate2(1)_Experiment_19h30_G01.fcs,enas_snr_no,AD_20240403_snr52_gfplib_plate2(1),G01,E01,E01,GFP panel,enAsCas12a,,SNR52,,No,E01,,1,11_gen,,No,Figure 2,GFP panel replicate kinetics,True,results/01_gfp_library_transfer_counts/tables/gfp_lib_standardized_all_replicates.csv
AD_20240403_snr52_gfplib_plate2(1)_Experiment_19h30_G02.fcs,enas_snr_no,AD_20240403_snr52_gfplib_plate2(1),G02,E01,E01,GFP panel,enAsCas12a,,SNR52,,No,E01,,2,11_gen,,No,Figure 2,GFP panel replicate kinetics,True,results/01_gfp_library_transfer_counts/tables/gfp_lib_standardized_all_replicates.csv
AD_20240403_snr52_gfplib_plate2(1)_Experiment_19h30_G03.fcs,enas_snr_no,AD_20240403_snr52_gfplib_plate2(1),G03,E02,E02,GFP panel,enAsCas12a,,SNR52,,No,E02,,1,11_gen,,No,Figure 2,GFP panel replicate kinetics,True,results/01_gfp_library_transfer_counts/tables/gfp_lib_standardized_all_replicates.csv
AD_20240403_snr52_gfplib_plate2(1)_Experiment_19h30_G05.fcs,enas_snr_no,AD_20240403_snr52_gfplib_plate2(1),G05,E05,E05,GFP panel,enAsCas12a,,SNR52,,No,E05,,1,11_gen,,No,Figure 2,GFP panel replicate kinetics,True,results/01_gfp_library_transfer_counts/tables/gfp_lib_standardized_all_replicates.csv
AD_20240403_snr52_gfplib_plate2(1)_Experiment_19h30_G06.fcs,enas_snr_no,AD_20240403_snr52_gfplib_plate2(1),G06,E05,E05,GFP panel,enAsCas12a,,SNR52,,No,E05,,2,11_gen,,No,Figure 2,GFP panel replicate kinetics,True,results/01_gfp_library_transfer_counts/tables/gfp_lib_standardized_all_replicates.csv
AD_20240403_snr52_gfplib_plate2(1)_Experiment_19h30_G07.fcs,enas_snr_no,AD_20240403_snr52_gfplib_plate2(1),G07,G03,G03,GFP panel,enAsCas12a,,SNR52,,No,G03,,1,11_gen,,No,Figure 2,GFP panel replicate kinetics,True,results/01_gfp_library_transfer_counts/tables/gfp_lib_standardized_all_replicates.csv
AD_20240403_snr52_gfplib_plate2(1)_Experiment_19h30_H01.fcs,enas_snr_no,AD_20240403_snr52_gfplib_plate2(1),H01,H11,H11,GFP panel,enAsCas12a,,SNR52,,No,H11,,1,11_gen,,No,Figure 2,GFP panel replicate kinetics,True,results/01_gfp_library_transfer_counts/tables/gfp_lib_standardized_all_replicates.csv
AD_20240403_snr52_gfplib_plate2(1)_Experiment_19h30_H02.fcs,enas_snr_no,AD_20240403_snr52_gfplib_plate2(1),H02,H11,H11,GFP panel,enAsCas12a,,SNR52,,No,H11,,2,11_gen,,No,Figure 2,GFP panel replicate kinetics,True,results/01_gfp_library_transfer_counts/tables/gfp_lib_standardized_all_replicates.csv
AD_20240403_snr52_gfplib_plate2(2)_Experiment_Group(1)_A01.fcs,enas_snr_no,AD_20240403_snr52_gfplib_plate2(2),A01,A01,A01,GFP panel,enAsCas12a,,SNR52,,No,A01,,1,20_gen,,No,Figure 2,GFP panel replicate kinetics,True,results/01_gfp_library_transfer_counts/tables/gfp_lib_standardized_all_replicates.csv
AD_20240403_snr52_gfplib_plate2(2)_Experiment_Group(1)_A02.fcs,enas_snr_no,AD_20240403_snr52_gfplib_plate2(2),A02,A01,A01,GFP panel,enAsCas12a,,SNR52,,No,A01,,2,20_gen,,No,Figure 2,GFP panel replicate kinetics,True,results/01_gfp_library_transfer_counts/tables/gfp_lib_standardized_all_replicates.csv
AD_20240403_snr52_gfplib_plate2(2)_Experiment_Group(1)_A03.fcs,enas_snr_no,AD_20240403_snr52_gfplib_plate2(2),A03,A04,A04,GFP panel,enAsCas12a,,SNR52,,No,A04,,1,20_gen,,No,Figure 2,GFP panel replicate kinetics,True,results/01_gfp_library_transfer_counts/tables/gfp_lib_standardized_all_replicates.csv
AD_20240403_snr52_gfplib_plate2(2)_Experiment_Group(1)_A04.fcs,enas_snr_no,AD_20240403_snr52_gfplib_plate2(2),A04,A04,A04,GFP panel,enAsCas12a,,SNR52,,No,A04,,2,20_gen,,No,Figure 2,GFP panel replicate kinetics,True,results/01_gfp_library_transfer_counts/tables/gfp_lib_standardized_all_replicates.csv
AD_20240403_snr52_gfplib_plate2(2)_Experiment_Group(1)_A05.fcs,enas_snr_no,AD_20240403_snr52_gfplib_plate2(2),A05,A09,A09,GFP panel,enAsCas12a,,SNR52,,No,A09,,1,20_gen,,Yes,Figure 2,GFP panel replicate kinetics,True,results/01_gfp_library_transfer_counts/tables/gfp_lib_standardized_all_replicates.csv
AD_20240403_snr52_gfplib_plate2(2)_Experiment_Group(1)_A06.fcs,enas_snr_no,AD_20240403_snr52_gfplib_plate2(2),A06,A09,A09,GFP panel,enAsCas12a,,SNR52,,No,A09,,2,20_gen,,Yes,Figure 2,GFP panel replicate kinetics,True,results/01_gfp_library_transfer_counts/tables/gfp_lib_standardized_all_replicates.csv
AD_20240403_snr52_gfplib_plate2(2)_Experiment_Group(1)_A07.fcs,enas_snr_no,AD_20240403_snr52_gfplib_plate2(2),A07,A12,A12,GFP panel,enAsCas12a,,SNR52,,No,A12,,1,20_gen,,No,Figure 2,GFP panel replicate kinetics,True,results/01_gfp_library_transfer_counts/tables/gfp_lib_standardized_all_replicates.csv
AD_20240403_snr52_gfplib_plate2(2)_Experiment_Group(1)_A08.fcs,enas_snr_no,AD_20240403_snr52_gfplib_plate2(2),A08,A12,A12,GFP panel,enAsCas12a,,SNR52,,No,A12,,2,20_gen,,No,Figure 2,GFP panel replicate kinetics,True,results/01_gfp_library_transfer_counts/tables/gfp_lib_standardized_all_replicates.csv
AD_20240403_snr52_gfplib_plate2(2)_Experiment_Group(1)_B01.fcs,enas_snr_no,AD_20240403_snr52_gfplib_plate2(2),B01,B05,B05,GFP panel,enAsCas12a,,SNR52,,No,B05,,1,20_gen,,No,Figure 2,GFP panel replicate kinetics,True,results/01_gfp_library_transfer_counts/tables/gfp_lib_standardized_all_replicates.csv
AD_20240403_snr52_gfplib_plate2(2)_Experiment_Group(1)_B02.fcs,enas_snr_no,AD_20240403_snr52_gfplib_plate2(2),B02,B05,B05,GFP panel,enAsCas12a,,SNR52,,No,B05,,2,20_gen,,No,Figure 2,GFP panel replicate kinetics,True,results/01_gfp_library_transfer_counts/tables/gfp_lib_standardized_all_replicates.csv
AD_20240403_snr52_gfplib_plate2(2)_Experiment_Group(1)_B03.fcs,enas_snr_no,AD_20240403_snr52_gfplib_plate2(2),B03,C03,C03,GFP panel,enAsCas12a,,SNR52,,No,C03,,1,20_gen,,No,Figure 2,GFP panel replicate kinetics,True,results/01_gfp_library_transfer_counts/tables/gfp_lib_standardized_all_replicates.csv
AD_20240403_snr52_gfplib_plate2(2)_Experiment_Group(1)_B04.fcs,enas_snr_no,AD_20240403_snr52_gfplib_plate2(2),B04,C03,C03,GFP panel,enAsCas12a,,SNR52,,No,C03,,2,20_gen,,No,Figure 2,GFP panel replicate kinetics,True,results/01_gfp_library_transfer_counts/tables/gfp_lib_standardized_all_replicates.csv
AD_20240403_snr52_gfplib_plate2(2)_Experiment_Group(1)_B05.fcs,enas_snr_no,AD_20240403_snr52_gfplib_plate2(2),B05,C04,C04,GFP panel,enAsCas12a,,SNR52,,No,C04,,1,20_gen,,No,Figure 2,GFP panel replicate kinetics,True,results/01_gfp_library_transfer_counts/tables/gfp_lib_standardized_all_replicates.csv
AD_20240403_snr52_gfplib_plate2(2)_Experiment_Group(1)_B06.fcs,enas_snr_no,AD_20240403_snr52_gfplib_plate2(2),B06,C04,C04,GFP panel,enAsCas12a,,SNR52,,No,C04,,2,20_gen,,No,Figure 2,GFP panel replicate kinetics,True,results/01_gfp_library_transfer_counts/tables/gfp_lib_standardized_all_replicates.csv
AD_20240403_snr52_gfplib_plate2(2)_Experiment_Group(1)_B07.fcs,enas_snr_no,AD_20240403_snr52_gfplib_plate2(2),B07,C05,C05,GFP panel,enAsCas12a,,SNR52,,No,C05,,1,20_gen,,No,Figure 2,GFP panel replicate kinetics,True,results/01_gfp_library_transfer_counts/tables/gfp_lib_standardized_all_replicates.csv
AD_20240403_snr52_gfplib_plate2(2)_Experiment_Group(1)_B08.fcs,enas_snr_no,AD_20240403_snr52_gfplib_plate2(2),B08,C05,C05,GFP panel,enAsCas12a,,SNR52,,No,C05,,2,20_gen,,No,Figure 2,GFP panel replicate kinetics,True,results/01_gfp_library_transfer_counts/tables/gfp_lib_standardized_all_replicates.csv
AD_20240403_snr52_gfplib_plate2(2)_Experiment_Group(1)_C01.fcs,enas_snr_no,AD_20240403_snr52_gfplib_plate2(2),C01,E01,E01,GFP panel,enAsCas12a,,SNR52,,No,E01,,1,20_gen,,No,Figure 2,GFP panel replicate kinetics,True,results/01_gfp_library_transfer_counts/tables/gfp_lib_standardized_all_replicates.csv
AD_20240403_snr52_gfplib_plate2(2)_Experiment_Group(1)_C02.fcs,enas_snr_no,AD_20240403_snr52_gfplib_plate2(2),C02,E01,E01,GFP panel,enAsCas12a,,SNR52,,No,E01,,2,20_gen,,No,Figure 2,GFP panel replicate kinetics,True,results/01_gfp_library_transfer_counts/tables/gfp_lib_standardized_all_replicates.csv
AD_20240403_snr52_gfplib_plate2(2)_Experiment_Group(1)_C03.fcs,enas_snr_no,AD_20240403_snr52_gfplib_plate2(2),C03,E02,E02,GFP panel,enAsCas12a,,SNR52,,No,E02,,1,20_gen,,No,Figure 2,GFP panel replicate kinetics,True,results/01_gfp_library_transfer_counts/tables/gfp_lib_standardized_all_replicates.csv
AD_20240403_snr52_gfplib_plate2(2)_Experiment_Group(1)_C05.fcs,enas_snr_no,AD_20240403_snr52_gfplib_plate2(2),C05,E05,E05,GFP panel,enAsCas12a,,SNR52,,No,E05,,1,20_gen,,No,Figure 2,GFP panel replicate kinetics,True,results/01_gfp_library_transfer_counts/tables/gfp_lib_standardized_all_replicates.csv
AD_20240403_snr52_gfplib_plate2(2)_Experiment_Group(1)_C06.fcs,enas_snr_no,AD_20240403_snr52_gfplib_plate2(2),C06,E05,E05,GFP panel,enAsCas12a,,SNR52,,No,E05,,2,20_gen,,No,Figure 2,GFP panel replicate kinetics,True,results/01_gfp_library_transfer_counts/tables/gfp_lib_standardized_all_replicates.csv
AD_20240403_snr52_gfplib_plate2(2)_Experiment_Group(1)_C07.fcs,enas_snr_no,AD_20240403_snr52_gfplib_plate2(2),C07,G03,G03,GFP panel,enAsCas12a,,SNR52,,No,G03,,1,20_gen,,No,Figure 2,GFP panel replicate kinetics,True,results/01_gfp_library_transfer_counts/tables/gfp_lib_standardized_all_replicates.csv
AD_20240403_snr52_gfplib_plate2(2)_Experiment_Group(1)_D01.fcs,enas_snr_no,AD_20240403_snr52_gfplib_plate2(2),D01,H11,H11,GFP panel,enAsCas12a,,SNR52,,No,H11,,1,20_gen,,No,Figure 2,GFP panel replicate kinetics,True,results/01_gfp_library_transfer_counts/tables/gfp_lib_standardized_all_replicates.csv
AD_20240403_snr52_gfplib_plate2(2)_Experiment_Group(1)_D02.fcs,enas_snr_no,AD_20240403_snr52_gfplib_plate2(2),D02,H11,H11,GFP panel,enAsCas12a,,SNR52,,No,H11,,2,20_gen,,No,Figure 2,GFP panel replicate kinetics,True,results/01_gfp_library_transfer_counts/tables/gfp_lib_standardized_all_replicates.csv
AD_20240403_snr52_gfplib_plate2(1)_Experiment_Group_A01.fcs,enas_snr_no,AD_20240403_snr52_gfplib_plate2(1),A01,A01,A01,GFP panel,enAsCas12a,,SNR52,,No,A01,,1,6_gen,,No,Figure 2,GFP panel replicate kinetics,True,results/01_gfp_library_transfer_counts/tables/gfp_lib_standardized_all_replicates.csv
AD_20240403_snr52_gfplib_plate2(1)_Experiment_Group_A02.fcs,enas_snr_no,AD_20240403_snr52_gfplib_plate2(1),A02,A01,A01,GFP panel,enAsCas12a,,SNR52,,No,A01,,2,6_gen,,No,Figure 2,GFP panel replicate kinetics,True,results/01_gfp_library_transfer_counts/tables/gfp_lib_standardized_all_replicates.csv
AD_20240403_snr52_gfplib_plate2(1)_Experiment_Group_A03.fcs,enas_snr_no,AD_20240403_snr52_gfplib_plate2(1),A03,A04,A04,GFP panel,enAsCas12a,,SNR52,,No,A04,,1,6_gen,,No,Figure 2,GFP panel replicate kinetics,True,results/01_gfp_library_transfer_counts/tables/gfp_lib_standardized_all_replicates.csv
AD_20240403_snr52_gfplib_plate2(1)_Experiment_Group_A04.fcs,enas_snr_no,AD_20240403_snr52_gfplib_plate2(1),A04,A04,A04,GFP panel,enAsCas12a,,SNR52,,No,A04,,2,6_gen,,No,Figure 2,GFP panel replicate kinetics,True,results/01_gfp_library_transfer_counts/tables/gfp_lib_standardized_all_replicates.csv
AD_20240403_snr52_gfplib_plate2(1)_Experiment_Group_A05.fcs,enas_snr_no,AD_20240403_snr52_gfplib_plate2(1),A05,A09,A09,GFP panel,enAsCas12a,,SNR52,,No,A09,,1,6_gen,,Yes,Figure 2,GFP panel replicate kinetics,True,results/01_gfp_library_transfer_counts/tables/gfp_lib_standardized_all_replicates.csv
AD_20240403_snr52_gfplib_plate2(1)_Experiment_Group_A06.fcs,enas_snr_no,AD_20240403_snr52_gfplib_plate2(1),A06,A09,A09,GFP panel,enAsCas12a,,SNR52,,No,A09,,2,6_gen,,Yes,Figure 2,GFP panel replicate kinetics,True,results/01_gfp_library_transfer_counts/tables/gfp_lib_standardized_all_replicates.csv
AD_20240403_snr52_gfplib_plate2(1)_Experiment_Group_A07.fcs,enas_snr_no,AD_20240403_snr52_gfplib_plate2(1),A07,A12,A12,GFP panel,enAsCas12a,,SNR52,,No,A12,,1,6_gen,,No,Figure 2,GFP panel replicate kinetics,True,results/01_gfp_library_transfer_counts/tables/gfp_lib_standardized_all_replicates.csv
AD_20240403_snr52_gfplib_plate2(1)_Experiment_Group_A08.fcs,enas_snr_no,AD_20240403_snr52_gfplib_plate2(1),A08,A12,A12,GFP panel,enAsCas12a,,SNR52,,No,A12,,2,6_gen,,No,Figure 2,GFP panel replicate kinetics,True,results/01_gfp_library_transfer_counts/tables/gfp_lib_standardized_all_replicates.csv
AD_20240403_snr52_gfplib_plate2(1)_Experiment_Group_B01.fcs,enas_snr_no,AD_20240403_snr52_gfplib_plate2(1),B01,B05,B05,GFP panel,enAsCas12a,,SNR52,,No,B05,,1,6_gen,,No,Figure 2,GFP panel replicate kinetics,True,results/01_gfp_library_transfer_counts/tables/gfp_lib_standardized_all_replicates.csv
AD_20240403_snr52_gfplib_plate2(1)_Experiment_Group_B02.fcs,enas_snr_no,AD_20240403_snr52_gfplib_plate2(1),B02,B05,B05,GFP panel,enAsCas12a,,SNR52,,No,B05,,2,6_gen,,No,Figure 2,GFP panel replicate kinetics,True,results/01_gfp_library_transfer_counts/tables/gfp_lib_standardized_all_replicates.csv
AD_20240403_snr52_gfplib_plate2(1)_Experiment_Group_B03.fcs,enas_snr_no,AD_20240403_snr52_gfplib_plate2(1),B03,C03,C03,GFP panel,enAsCas12a,,SNR52,,No,C03,,1,6_gen,,No,Figure 2,GFP panel replicate kinetics,True,results/01_gfp_library_transfer_counts/tables/gfp_lib_standardized_all_replicates.csv
AD_20240403_snr52_gfplib_plate2(1)_Experiment_Group_B04.fcs,enas_snr_no,AD_20240403_snr52_gfplib_plate2(1),B04,C03,C03,GFP panel,enAsCas12a,,SNR52,,No,C03,,2,6_gen,,No,Figure 2,GFP panel replicate kinetics,True,results/01_gfp_library_transfer_counts/tables/gfp_lib_standardized_all_replicates.csv
AD_20240403_snr52_gfplib_plate2(1)_Experiment_Group_B05.fcs,enas_snr_no,AD_20240403_snr52_gfplib_plate2(1),B05,C04,C04,GFP panel,enAsCas12a,,SNR52,,No,C04,,1,6_gen,,No,Figure 2,GFP panel replicate kinetics,True,results/01_gfp_library_transfer_counts/tables/gfp_lib_standardized_all_replicates.csv
AD_20240403_snr52_gfplib_plate2(1)_Experiment_Group_B06.fcs,enas_snr_no,AD_20240403_snr52_gfplib_plate2(1),B06,C04,C04,GFP panel,enAsCas12a,,SNR52,,No,C04,,2,6_gen,,No,Figure 2,GFP panel replicate kinetics,True,results/01_gfp_library_transfer_counts/tables/gfp_lib_standardized_all_replicates.csv
AD_20240403_snr52_gfplib_plate2(1)_Experiment_Group_B07.fcs,enas_snr_no,AD_20240403_snr52_gfplib_plate2(1),B07,C05,C05,GFP panel,enAsCas12a,,SNR52,,No,C05,,1,6_gen,,No,Figure 2,GFP panel replicate kinetics,True,results/01_gfp_library_transfer_counts/tables/gfp_lib_standardized_all_replicates.csv
AD_20240403_snr52_gfplib_plate2(1)_Experiment_Group_B08.fcs,enas_snr_no,AD_20240403_snr52_gfplib_plate2(1),B08,C05,C05,GFP panel,enAsCas12a,,SNR52,,No,C05,,2,6_gen,,No,Figure 2,GFP panel replicate kinetics,True,results/01_gfp_library_transfer_counts/tables/gfp_lib_standardized_all_replicates.csv
AD_20240403_snr52_gfplib_plate2(1)_Experiment_Group_C01.fcs,enas_snr_no,AD_20240403_snr52_gfplib_plate2(1),C01,E01,E01,GFP panel,enAsCas12a,,SNR52,,No,E01,,1,6_gen,,No,Figure 2,GFP panel replicate kinetics,True,results/01_gfp_library_transfer_counts/tables/gfp_lib_standardized_all_replicates.csv
AD_20240403_snr52_gfplib_plate2(1)_Experiment_Group_C02.fcs,enas_snr_no,AD_20240403_snr52_gfplib_plate2(1),C02,E01,E01,GFP panel,enAsCas12a,,SNR52,,No,E01,,2,6_gen,,No,Figure 2,GFP panel replicate kinetics,True,results/01_gfp_library_transfer_counts/tables/gfp_lib_standardized_all_replicates.csv
AD_20240403_snr52_gfplib_plate2(1)_Experiment_Group_C03.fcs,enas_snr_no,AD_20240403_snr52_gfplib_plate2(1),C03,E02,E02,GFP panel,enAsCas12a,,SNR52,,No,E02,,1,6_gen,,No,Figure 2,GFP panel replicate kinetics,True,results/01_gfp_library_transfer_counts/tables/gfp_lib_standardized_all_replicates.csv
AD_20240403_snr52_gfplib_plate2(1)_Experiment_Group_C04.fcs,enas_snr_no,AD_20240403_snr52_gfplib_plate2(1),C04,E02,E02,GFP panel,enAsCas12a,,SNR52,,No,E02,,2,6_gen,,No,Figure 2,GFP panel replicate kinetics,True,results/01_gfp_library_transfer_counts/tables/gfp_lib_standardized_all_replicates.csv
AD_20240403_snr52_gfplib_plate2(1)_Experiment_Group_C05.fcs,enas_snr_no,AD_20240403_snr52_gfplib_plate2(1),C05,E05,E05,GFP panel,enAsCas12a,,SNR52,,No,E05,,1,6_gen,,No,Figure 2,GFP panel replicate kinetics,True,results/01_gfp_library_transfer_counts/tables/gfp_lib_standardized_all_replicates.csv
AD_20240403_snr52_gfplib_plate2(1)_Experiment_Group_C06.fcs,enas_snr_no,AD_20240403_snr52_gfplib_plate2(1),C06,E05,E05,GFP panel,enAsCas12a,,SNR52,,No,E05,,2,6_gen,,No,Figure 2,GFP panel replicate kinetics,True,results/01_gfp_library_transfer_counts/tables/gfp_lib_standardized_all_replicates.csv
AD_20240403_snr52_gfplib_plate2(1)_Experiment_Group_C07.fcs,enas_snr_no,AD_20240403_snr52_gfplib_plate2(1),C07,G03,G03,GFP panel,enAsCas12a,,SNR52,,No,G03,,1,6_gen,,No,Figure 2,GFP panel replicate kinetics,True,results/01_gfp_library_transfer_counts/tables/gfp_lib_standardized_all_replicates.csv
AD_20240403_snr52_gfplib_plate2(1)_Experiment_Group_C08.fcs,enas_snr_no,AD_20240403_snr52_gfplib_plate2(1),C08,G03,G03,GFP panel,enAsCas12a,,SNR52,,No,G03,,2,6_gen,,No,Figure 2,GFP panel replicate kinetics,True,results/01_gfp_library_transfer_counts/tables/gfp_lib_standardized_all_replicates.csv
AD_20240403_snr52_gfplib_plate2(1)_Experiment_Group_D01.fcs,enas_snr_no,AD_20240403_snr52_gfplib_plate2(1),D01,H11,H11,GFP panel,enAsCas12a,,SNR52,,No,H11,,1,6_gen,,No,Figure 2,GFP panel replicate kinetics,True,results/01_gfp_library_transfer_counts/tables/gfp_lib_standardized_all_replicates.csv
AD_20240403_snr52_gfplib_plate2(1)_Experiment_Group_D02.fcs,enas_snr_no,AD_20240403_snr52_gfplib_plate2(1),D02,H11,H11,GFP panel,enAsCas12a,,SNR52,,No,H11,,2,6_gen,,No,Figure 2,GFP panel replicate kinetics,True,results/01_gfp_library_transfer_counts/tables/gfp_lib_standardized_all_replicates.csv
AD_20240403_snr52_gfplib_Experiment_Group_A01.fcs,enas_snr_no,AD_20240403_snr52_gfplib,A01,A01,A01,GFP panel,enAsCas12a,,SNR52,,No,A01,,1,scraped,,No,Figure 2,GFP panel replicate kinetics,True,results/01_gfp_library_transfer_counts/tables/gfp_lib_standardized_all_replicates.csv
AD_20240403_snr52_gfplib_Experiment_Group_A02.fcs,enas_snr_no,AD_20240403_snr52_gfplib,A02,A01,A01,GFP panel,enAsCas12a,,SNR52,,No,A01,,2,scraped,,No,Figure 2,GFP panel replicate kinetics,True,results/01_gfp_library_transfer_counts/tables/gfp_lib_standardized_all_replicates.csv
AD_20240403_snr52_gfplib_Experiment_Group_A03.fcs,enas_snr_no,AD_20240403_snr52_gfplib,A03,A04,A04,GFP panel,enAsCas12a,,SNR52,,No,A04,,1,scraped,,No,Figure 2,GFP panel replicate kinetics,True,results/01_gfp_library_transfer_counts/tables/gfp_lib_standardized_all_replicates.csv
AD_20240403_snr52_gfplib_Experiment_Group_A04.fcs,enas_snr_no,AD_20240403_snr52_gfplib,A04,A04,A04,GFP panel,enAsCas12a,,SNR52,,No,A04,,2,scraped,,No,Figure 2,GFP panel replicate kinetics,True,results/01_gfp_library_transfer_counts/tables/gfp_lib_standardized_all_replicates.csv
AD_20240403_snr52_gfplib_Experiment_Group_A05.fcs,enas_snr_no,AD_20240403_snr52_gfplib,A05,A09,A09,GFP panel,enAsCas12a,,SNR52,,No,A09,,1,scraped,,Yes,Figure 2,GFP panel replicate kinetics,True,results/01_gfp_library_transfer_counts/tables/gfp_lib_standardized_all_replicates.csv
AD_20240403_snr52_gfplib_Experiment_Group_A06.fcs,enas_snr_no,AD_20240403_snr52_gfplib,A06,A09,A09,GFP panel,enAsCas12a,,SNR52,,No,A09,,2,scraped,,Yes,Figure 2,GFP panel replicate kinetics,True,results/01_gfp_library_transfer_counts/tables/gfp_lib_standardized_all_replicates.csv
AD_20240403_snr52_gfplib_Experiment_Group_A07.fcs,enas_snr_no,AD_20240403_snr52_gfplib,A07,A12,A12,GFP panel,enAsCas12a,,SNR52,,No,A12,,1,scraped,,No,Figure 2,GFP panel replicate kinetics,True,results/01_gfp_library_transfer_counts/tables/gfp_lib_standardized_all_replicates.csv
AD_20240403_snr52_gfplib_Experiment_Group_A08.fcs,enas_snr_no,AD_20240403_snr52_gfplib,A08,A12,A12,GFP panel,enAsCas12a,,SNR52,,No,A12,,2,scraped,,No,Figure 2,GFP panel replicate kinetics,True,results/01_gfp_library_transfer_counts/tables/gfp_lib_standardized_all_replicates.csv
AD_20240403_snr52_gfplib_Experiment_Group_B01.fcs,enas_snr_no,AD_20240403_snr52_gfplib,B01,B05,B05,GFP panel,enAsCas12a,,SNR52,,No,B05,,1,scraped,,No,Figure 2,GFP panel replicate kinetics,True,results/01_gfp_library_transfer_counts/tables/gfp_lib_standardized_all_replicates.csv
AD_20240403_snr52_gfplib_Experiment_Group_B02.fcs,enas_snr_no,AD_20240403_snr52_gfplib,B02,B05,B05,GFP panel,enAsCas12a,,SNR52,,No,B05,,2,scraped,,No,Figure 2,GFP panel replicate kinetics,True,results/01_gfp_library_transfer_counts/tables/gfp_lib_standardized_all_replicates.csv
AD_20240403_snr52_gfplib_Experiment_Group_B03.fcs,enas_snr_no,AD_20240403_snr52_gfplib,B03,C03,C03,GFP panel,enAsCas12a,,SNR52,,No,C03,,1,scraped,,No,Figure 2,GFP panel replicate kinetics,True,results/01_gfp_library_transfer_counts/tables/gfp_lib_standardized_all_replicates.csv
AD_20240403_snr52_gfplib_Experiment_Group_B04.fcs,enas_snr_no,AD_20240403_snr52_gfplib,B04,C03,C03,GFP panel,enAsCas12a,,SNR52,,No,C03,,2,scraped,,No,Figure 2,GFP panel replicate kinetics,True,results/01_gfp_library_transfer_counts/tables/gfp_lib_standardized_all_replicates.csv
AD_20240403_snr52_gfplib_Experiment_Group_B05.fcs,enas_snr_no,AD_20240403_snr52_gfplib,B05,C04,C04,GFP panel,enAsCas12a,,SNR52,,No,C04,,1,scraped,,No,Figure 2,GFP panel replicate kinetics,True,results/01_gfp_library_transfer_counts/tables/gfp_lib_standardized_all_replicates.csv
AD_20240403_snr52_gfplib_Experiment_Group_B06.fcs,enas_snr_no,AD_20240403_snr52_gfplib,B06,C04,C04,GFP panel,enAsCas12a,,SNR52,,No,C04,,2,scraped,,No,Figure 2,GFP panel replicate kinetics,True,results/01_gfp_library_transfer_counts/tables/gfp_lib_standardized_all_replicates.csv
AD_20240403_snr52_gfplib_Experiment_Group_B07.fcs,enas_snr_no,AD_20240403_snr52_gfplib,B07,C05,C05,GFP panel,enAsCas12a,,SNR52,,No,C05,,1,scraped,,No,Figure 2,GFP panel replicate kinetics,True,results/01_gfp_library_transfer_counts/tables/gfp_lib_standardized_all_replicates.csv
AD_20240403_snr52_gfplib_Experiment_Group_B08.fcs,enas_snr_no,AD_20240403_snr52_gfplib,B08,C05,C05,GFP panel,enAsCas12a,,SNR52,,No,C05,,2,scraped,,No,Figure 2,GFP panel replicate kinetics,True,results/01_gfp_library_transfer_counts/tables/gfp_lib_standardized_all_replicates.csv
AD_20240403_snr52_gfplib_Experiment_Group_C01.fcs,enas_snr_no,AD_20240403_snr52_gfplib,C01,E01,E01,GFP panel,enAsCas12a,,SNR52,,No,E01,,1,scraped,,No,Figure 2,GFP panel replicate kinetics,True,results/01_gfp_library_transfer_counts/tables/gfp_lib_standardized_all_replicates.csv
AD_20240403_snr52_gfplib_Experiment_Group_C02.fcs,enas_snr_no,AD_20240403_snr52_gfplib,C02,E01,E01,GFP panel,enAsCas12a,,SNR52,,No,E01,,2,scraped,,No,Figure 2,GFP panel replicate kinetics,True,results/01_gfp_library_transfer_counts/tables/gfp_lib_standardized_all_replicates.csv
AD_20240403_snr52_gfplib_Experiment_Group_C03.fcs,enas_snr_no,AD_20240403_snr52_gfplib,C03,E02,E02,GFP panel,enAsCas12a,,SNR52,,No,E02,,1,scraped,,No,Figure 2,GFP panel replicate kinetics,True,results/01_gfp_library_transfer_counts/tables/gfp_lib_standardized_all_replicates.csv
AD_20240403_snr52_gfplib_Experiment_Group_C05.fcs,enas_snr_no,AD_20240403_snr52_gfplib,C05,E05,E05,GFP panel,enAsCas12a,,SNR52,,No,E05,,1,scraped,,No,Figure 2,GFP panel replicate kinetics,True,results/01_gfp_library_transfer_counts/tables/gfp_lib_standardized_all_replicates.csv
AD_20240403_snr52_gfplib_Experiment_Group_C06.fcs,enas_snr_no,AD_20240403_snr52_gfplib,C06,E05,E05,GFP panel,enAsCas12a,,SNR52,,No,E05,,2,scraped,,No,Figure 2,GFP panel replicate kinetics,True,results/01_gfp_library_transfer_counts/tables/gfp_lib_standardized_all_replicates.csv
AD_20240403_snr52_gfplib_Experiment_Group_C07.fcs,enas_snr_no,AD_20240403_snr52_gfplib,C07,G03,G03,GFP panel,enAsCas12a,,SNR52,,No,G03,,1,scraped,,No,Figure 2,GFP panel replicate kinetics,True,results/01_gfp_library_transfer_counts/tables/gfp_lib_standardized_all_replicates.csv
AD_20240403_snr52_gfplib_Experiment_Group_C08.fcs,enas_snr_no,AD_20240403_snr52_gfplib,C08,G03,G03,GFP panel,enAsCas12a,,SNR52,,No,G03,,2,scraped,,No,Figure 2,GFP panel replicate kinetics,True,results/01_gfp_library_transfer_counts/tables/gfp_lib_standardized_all_replicates.csv
AD_20240403_snr52_gfplib_Experiment_Group_D01.fcs,enas_snr_no,AD_20240403_snr52_gfplib,D01,H11,H11,GFP panel,enAsCas12a,,SNR52,,No,H11,,1,scraped,,No,Figure 2,GFP panel replicate kinetics,True,results/01_gfp_library_transfer_counts/tables/gfp_lib_standardized_all_replicates.csv
AD_20240403_snr52_gfplib_Experiment_Group_D02.fcs,enas_snr_no,AD_20240403_snr52_gfplib,D02,H11,H11,GFP panel,enAsCas12a,,SNR52,,No,H11,,2,scraped,,No,Figure 2,GFP panel replicate kinetics,True,results/01_gfp_library_transfer_counts/tables/gfp_lib_standardized_all_replicates.csv
AD_20241205_gfplib_enascas12a_lexA_T1_scraped_Experiment_Group_A09.fcs,enas_snr_yes,AD_20241205_gfplib_enascas12a_lexA_T1_scraped,A09,A01,A01,GFP panel,enAsCas12a,,SNR52,,Yes,A01,,1,11_gen,13.9,No,Figure 2,GFP panel replicate kinetics,True,results/01_gfp_library_transfer_counts/tables/gfp_lib_standardized_all_replicates.csv
AD_20241205_gfplib_enascas12a_lexA_T1_scraped_Experiment_Group_A10.fcs,enas_snr_yes,AD_20241205_gfplib_enascas12a_lexA_T1_scraped,A10,B05,B05,GFP panel,enAsCas12a,,SNR52,,Yes,B05,,1,11_gen,14.2,No,Figure 2,GFP panel replicate kinetics,True,results/01_gfp_library_transfer_counts/tables/gfp_lib_standardized_all_replicates.csv
AD_20241205_gfplib_enascas12a_lexA_T1_scraped_Experiment_Group_A11.fcs,enas_snr_yes,AD_20241205_gfplib_enascas12a_lexA_T1_scraped,A11,E01,E01,GFP panel,enAsCas12a,,SNR52,,Yes,E01,,1,11_gen,14.7,No,Figure 2,GFP panel replicate kinetics,True,results/01_gfp_library_transfer_counts/tables/gfp_lib_standardized_all_replicates.csv
AD_20241205_gfplib_enascas12a_lexA_T1_scraped_Experiment_Group_A12.fcs,enas_snr_yes,AD_20241205_gfplib_enascas12a_lexA_T1_scraped,A12,H11,H11,GFP panel,enAsCas12a,,SNR52,,Yes,H11,,1,11_gen,15.2,No,Figure 2,GFP panel replicate kinetics,True,results/01_gfp_library_transfer_counts/tables/gfp_lib_standardized_all_replicates.csv
AD_20241205_gfplib_enascas12a_lexA_T1_scraped_Experiment_Group_B09.fcs,enas_snr_yes,AD_20241205_gfplib_enascas12a_lexA_T1_scraped,B09,A01,A01,GFP panel,enAsCas12a,,SNR52,,Yes,A01,,2,11_gen,13.9,No,Figure 2,GFP panel replicate kinetics,True,results/01_gfp_library_transfer_counts/tables/gfp_lib_standardized_all_replicates.csv
AD_20241205_gfplib_enascas12a_lexA_T1_scraped_Experiment_Group_B10.fcs,enas_snr_yes,AD_20241205_gfplib_enascas12a_lexA_T1_scraped,B10,B05,B05,GFP panel,enAsCas12a,,SNR52,,Yes,B05,,2,11_gen,14.4,No,Figure 2,GFP panel replicate kinetics,True,results/01_gfp_library_transfer_counts/tables/gfp_lib_standardized_all_replicates.csv
AD_20241205_gfplib_enascas12a_lexA_T1_scraped_Experiment_Group_B11.fcs,enas_snr_yes,AD_20241205_gfplib_enascas12a_lexA_T1_scraped,B11,E01,E01,GFP panel,enAsCas12a,,SNR52,,Yes,E01,,2,11_gen,14.4,No,Figure 2,GFP panel replicate kinetics,True,results/01_gfp_library_transfer_counts/tables/gfp_lib_standardized_all_replicates.csv
AD_20241205_gfplib_enascas12a_lexA_T1_scraped_Experiment_Group_B12.fcs,enas_snr_yes,AD_20241205_gfplib_enascas12a_lexA_T1_scraped,B12,H11,H11,GFP panel,enAsCas12a,,SNR52,,Yes,H11,,2,11_gen,15.4,No,Figure 2,GFP panel replicate kinetics,True,results/01_gfp_library_transfer_counts/tables/gfp_lib_standardized_all_replicates.csv
AD_20241205_gfplib_enascas12a_lexA_T1_scraped_Experiment_Group_C09.fcs,enas_snr_yes,AD_20241205_gfplib_enascas12a_lexA_T1_scraped,C09,A04,A04,GFP panel,enAsCas12a,,SNR52,,Yes,A04,,1,11_gen,14.3,No,Figure 2,GFP panel replicate kinetics,True,results/01_gfp_library_transfer_counts/tables/gfp_lib_standardized_all_replicates.csv
AD_20241205_gfplib_enascas12a_lexA_T1_scraped_Experiment_Group_C10.fcs,enas_snr_yes,AD_20241205_gfplib_enascas12a_lexA_T1_scraped,C10,C03,C03,GFP panel,enAsCas12a,,SNR52,,Yes,C03,,1,11_gen,14.2,No,Figure 2,GFP panel replicate kinetics,True,results/01_gfp_library_transfer_counts/tables/gfp_lib_standardized_all_replicates.csv
AD_20241205_gfplib_enascas12a_lexA_T1_scraped_Experiment_Group_C11.fcs,enas_snr_yes,AD_20241205_gfplib_enascas12a_lexA_T1_scraped,C11,E02,E02,GFP panel,enAsCas12a,,SNR52,,Yes,E02,,1,11_gen,15.2,No,Figure 2,GFP panel replicate kinetics,True,results/01_gfp_library_transfer_counts/tables/gfp_lib_standardized_all_replicates.csv
AD_20241205_gfplib_enascas12a_lexA_T1_scraped_Experiment_Group_D09.fcs,enas_snr_yes,AD_20241205_gfplib_enascas12a_lexA_T1_scraped,D09,A04,A04,GFP panel,enAsCas12a,,SNR52,,Yes,A04,,2,11_gen,14.0,No,Figure 2,GFP panel replicate kinetics,True,results/01_gfp_library_transfer_counts/tables/gfp_lib_standardized_all_replicates.csv
AD_20241205_gfplib_enascas12a_lexA_T1_scraped_Experiment_Group_D10.fcs,enas_snr_yes,AD_20241205_gfplib_enascas12a_lexA_T1_scraped,D10,C03,C03,GFP panel,enAsCas12a,,SNR52,,Yes,C03,,2,11_gen,14.3,No,Figure 2,GFP panel replicate kinetics,True,results/01_gfp_library_transfer_counts/tables/gfp_lib_standardized_all_replicates.csv
AD_20241205_gfplib_enascas12a_lexA_T1_scraped_Experiment_Group_D11.fcs,enas_snr_yes,AD_20241205_gfplib_enascas12a_lexA_T1_scraped,D11,E02,E02,GFP panel,enAsCas12a,,SNR52,,Yes,E02,,2,11_gen,15.1,No,Figure 2,GFP panel replicate kinetics,True,results/01_gfp_library_transfer_counts/tables/gfp_lib_standardized_all_replicates.csv
AD_20241205_gfplib_enascas12a_lexA_T1_scraped_Experiment_Group_E09.fcs,enas_snr_yes,AD_20241205_gfplib_enascas12a_lexA_T1_scraped,E09,A09,A09,GFP panel,enAsCas12a,,SNR52,,Yes,A09,,1,11_gen,14.3,Yes,Figure 2,GFP panel replicate kinetics,True,results/01_gfp_library_transfer_counts/tables/gfp_lib_standardized_all_replicates.csv
AD_20241205_gfplib_enascas12a_lexA_T1_scraped_Experiment_Group_E10.fcs,enas_snr_yes,AD_20241205_gfplib_enascas12a_lexA_T1_scraped,E10,C04,C04,GFP panel,enAsCas12a,,SNR52,,Yes,C04,,1,11_gen,12.5,No,Figure 2,GFP panel replicate kinetics,True,results/01_gfp_library_transfer_counts/tables/gfp_lib_standardized_all_replicates.csv
AD_20241205_gfplib_enascas12a_lexA_T1_scraped_Experiment_Group_E11.fcs,enas_snr_yes,AD_20241205_gfplib_enascas12a_lexA_T1_scraped,E11,E05,E05,GFP panel,enAsCas12a,,SNR52,,Yes,E05,,1,11_gen,13.9,No,Figure 2,GFP panel replicate kinetics,True,results/01_gfp_library_transfer_counts/tables/gfp_lib_standardized_all_replicates.csv
AD_20241205_gfplib_enascas12a_lexA_T1_scraped_Experiment_Group_F09.fcs,enas_snr_yes,AD_20241205_gfplib_enascas12a_lexA_T1_scraped,F09,A09,A09,GFP panel,enAsCas12a,,SNR52,,Yes,A09,,2,11_gen,14.3,Yes,Figure 2,GFP panel replicate kinetics,True,results/01_gfp_library_transfer_counts/tables/gfp_lib_standardized_all_replicates.csv
AD_20241205_gfplib_enascas12a_lexA_T1_scraped_Experiment_Group_F10.fcs,enas_snr_yes,AD_20241205_gfplib_enascas12a_lexA_T1_scraped,F10,C04,C04,GFP panel,enAsCas12a,,SNR52,,Yes,C04,,2,11_gen,12.4,No,Figure 2,GFP panel replicate kinetics,True,results/01_gfp_library_transfer_counts/tables/gfp_lib_standardized_all_replicates.csv
AD_20241205_gfplib_enascas12a_lexA_T1_scraped_Experiment_Group_F11.fcs,enas_snr_yes,AD_20241205_gfplib_enascas12a_lexA_T1_scraped,F11,E05,E05,GFP panel,enAsCas12a,,SNR52,,Yes,E05,,2,11_gen,14.2,No,Figure 2,GFP panel replicate kinetics,True,results/01_gfp_library_transfer_counts/tables/gfp_lib_standardized_all_replicates.csv
AD_20241205_gfplib_enascas12a_lexA_T1_scraped_Experiment_Group_G09.fcs,enas_snr_yes,AD_20241205_gfplib_enascas12a_lexA_T1_scraped,G09,A12,A12,GFP panel,enAsCas12a,,SNR52,,Yes,A12,,1,11_gen,12.4,No,Figure 2,GFP panel replicate kinetics,True,results/01_gfp_library_transfer_counts/tables/gfp_lib_standardized_all_replicates.csv
AD_20241205_gfplib_enascas12a_lexA_T1_scraped_Experiment_Group_G10.fcs,enas_snr_yes,AD_20241205_gfplib_enascas12a_lexA_T1_scraped,G10,C05,C05,GFP panel,enAsCas12a,,SNR52,,Yes,C05,,1,11_gen,14.1,No,Figure 2,GFP panel replicate kinetics,True,results/01_gfp_library_transfer_counts/tables/gfp_lib_standardized_all_replicates.csv
AD_20241205_gfplib_enascas12a_lexA_T1_scraped_Experiment_Group_G11.fcs,enas_snr_yes,AD_20241205_gfplib_enascas12a_lexA_T1_scraped,G11,G03,G03,GFP panel,enAsCas12a,,SNR52,,Yes,G03,,1,11_gen,14.4,No,Figure 2,GFP panel replicate kinetics,True,results/01_gfp_library_transfer_counts/tables/gfp_lib_standardized_all_replicates.csv
AD_20241205_gfplib_enascas12a_lexA_T1_scraped_Experiment_Group_H09.fcs,enas_snr_yes,AD_20241205_gfplib_enascas12a_lexA_T1_scraped,H09,A12,A12,GFP panel,enAsCas12a,,SNR52,,Yes,A12,,2,11_gen,12.4,No,Figure 2,GFP panel replicate kinetics,True,results/01_gfp_library_transfer_counts/tables/gfp_lib_standardized_all_replicates.csv
AD_20241205_gfplib_enascas12a_lexA_T1_scraped_Experiment_Group_H10.fcs,enas_snr_yes,AD_20241205_gfplib_enascas12a_lexA_T1_scraped,H10,C05,C05,GFP panel,enAsCas12a,,SNR52,,Yes,C05,,2,11_gen,14.8,No,Figure 2,GFP panel replicate kinetics,True,results/01_gfp_library_transfer_counts/tables/gfp_lib_standardized_all_replicates.csv
AD_20241205_gfplib_enascas12a_lexA_T1_scraped_Experiment_Group_H11.fcs,enas_snr_yes,AD_20241205_gfplib_enascas12a_lexA_T1_scraped,H11,G03,G03,GFP panel,enAsCas12a,,SNR52,,Yes,G03,,2,11_gen,14.5,No,Figure 2,GFP panel replicate kinetics,True,results/01_gfp_library_transfer_counts/tables/gfp_lib_standardized_all_replicates.csv
AD_20241205_gfplib_enascas12a_lexA_T3_Experiment_Group_A01.fcs,enas_snr_yes,AD_20241205_gfplib_enascas12a_lexA_T3,A01,A01,A01,GFP panel,enAsCas12a,,SNR52,,Yes,A01,,1,20_gen,23.2,No,Figure 2,GFP panel replicate kinetics,True,results/01_gfp_library_transfer_counts/tables/gfp_lib_standardized_all_replicates.csv
AD_20241205_gfplib_enascas12a_lexA_T3_Experiment_Group_A02.fcs,enas_snr_yes,AD_20241205_gfplib_enascas12a_lexA_T3,A02,B05,B05,GFP panel,enAsCas12a,,SNR52,,Yes,B05,,1,20_gen,23.6,No,Figure 2,GFP panel replicate kinetics,True,results/01_gfp_library_transfer_counts/tables/gfp_lib_standardized_all_replicates.csv
AD_20241205_gfplib_enascas12a_lexA_T3_Experiment_Group_A03.fcs,enas_snr_yes,AD_20241205_gfplib_enascas12a_lexA_T3,A03,E01,E01,GFP panel,enAsCas12a,,SNR52,,Yes,E01,,1,20_gen,23.9,No,Figure 2,GFP panel replicate kinetics,True,results/01_gfp_library_transfer_counts/tables/gfp_lib_standardized_all_replicates.csv
AD_20241205_gfplib_enascas12a_lexA_T3_Experiment_Group_A04.fcs,enas_snr_yes,AD_20241205_gfplib_enascas12a_lexA_T3,A04,H11,H11,GFP panel,enAsCas12a,,SNR52,,Yes,H11,,1,20_gen,24.6,No,Figure 2,GFP panel replicate kinetics,True,results/01_gfp_library_transfer_counts/tables/gfp_lib_standardized_all_replicates.csv
AD_20241205_gfplib_enascas12a_lexA_T3_Experiment_Group_B01.fcs,enas_snr_yes,AD_20241205_gfplib_enascas12a_lexA_T3,B01,A01,A01,GFP panel,enAsCas12a,,SNR52,,Yes,A01,,2,20_gen,23.2,No,Figure 2,GFP panel replicate kinetics,True,results/01_gfp_library_transfer_counts/tables/gfp_lib_standardized_all_replicates.csv
AD_20241205_gfplib_enascas12a_lexA_T3_Experiment_Group_B02.fcs,enas_snr_yes,AD_20241205_gfplib_enascas12a_lexA_T3,B02,B05,B05,GFP panel,enAsCas12a,,SNR52,,Yes,B05,,2,20_gen,23.7,No,Figure 2,GFP panel replicate kinetics,True,results/01_gfp_library_transfer_counts/tables/gfp_lib_standardized_all_replicates.csv
AD_20241205_gfplib_enascas12a_lexA_T3_Experiment_Group_B03.fcs,enas_snr_yes,AD_20241205_gfplib_enascas12a_lexA_T3,B03,E01,E01,GFP panel,enAsCas12a,,SNR52,,Yes,E01,,2,20_gen,23.6,No,Figure 2,GFP panel replicate kinetics,True,results/01_gfp_library_transfer_counts/tables/gfp_lib_standardized_all_replicates.csv
AD_20241205_gfplib_enascas12a_lexA_T3_Experiment_Group_B04.fcs,enas_snr_yes,AD_20241205_gfplib_enascas12a_lexA_T3,B04,H11,H11,GFP panel,enAsCas12a,,SNR52,,Yes,H11,,2,20_gen,24.8,No,Figure 2,GFP panel replicate kinetics,True,results/01_gfp_library_transfer_counts/tables/gfp_lib_standardized_all_replicates.csv
AD_20241205_gfplib_enascas12a_lexA_T3_Experiment_Group_C01.fcs,enas_snr_yes,AD_20241205_gfplib_enascas12a_lexA_T3,C01,A04,A04,GFP panel,enAsCas12a,,SNR52,,Yes,A04,,1,20_gen,23.7,No,Figure 2,GFP panel replicate kinetics,True,results/01_gfp_library_transfer_counts/tables/gfp_lib_standardized_all_replicates.csv
AD_20241205_gfplib_enascas12a_lexA_T3_Experiment_Group_C02.fcs,enas_snr_yes,AD_20241205_gfplib_enascas12a_lexA_T3,C02,C03,C03,GFP panel,enAsCas12a,,SNR52,,Yes,C03,,1,20_gen,23.6,No,Figure 2,GFP panel replicate kinetics,True,results/01_gfp_library_transfer_counts/tables/gfp_lib_standardized_all_replicates.csv
AD_20241205_gfplib_enascas12a_lexA_T3_Experiment_Group_C03.fcs,enas_snr_yes,AD_20241205_gfplib_enascas12a_lexA_T3,C03,E02,E02,GFP panel,enAsCas12a,,SNR52,,Yes,E02,,1,20_gen,24.7,No,Figure 2,GFP panel replicate kinetics,True,results/01_gfp_library_transfer_counts/tables/gfp_lib_standardized_all_replicates.csv
AD_20241205_gfplib_enascas12a_lexA_T3_Experiment_Group_D01.fcs,enas_snr_yes,AD_20241205_gfplib_enascas12a_lexA_T3,D01,A04,A04,GFP panel,enAsCas12a,,SNR52,,Yes,A04,,2,20_gen,23.4,No,Figure 2,GFP panel replicate kinetics,True,results/01_gfp_library_transfer_counts/tables/gfp_lib_standardized_all_replicates.csv
AD_20241205_gfplib_enascas12a_lexA_T3_Experiment_Group_D02.fcs,enas_snr_yes,AD_20241205_gfplib_enascas12a_lexA_T3,D02,C03,C03,GFP panel,enAsCas12a,,SNR52,,Yes,C03,,2,20_gen,23.7,No,Figure 2,GFP panel replicate kinetics,True,results/01_gfp_library_transfer_counts/tables/gfp_lib_standardized_all_replicates.csv
AD_20241205_gfplib_enascas12a_lexA_T3_Experiment_Group_D03.fcs,enas_snr_yes,AD_20241205_gfplib_enascas12a_lexA_T3,D03,E02,E02,GFP panel,enAsCas12a,,SNR52,,Yes,E02,,2,20_gen,24.6,No,Figure 2,GFP panel replicate kinetics,True,results/01_gfp_library_transfer_counts/tables/gfp_lib_standardized_all_replicates.csv
AD_20241205_gfplib_enascas12a_lexA_T3_Experiment_Group_E01.fcs,enas_snr_yes,AD_20241205_gfplib_enascas12a_lexA_T3,E01,A09,A09,GFP panel,enAsCas12a,,SNR52,,Yes,A09,,1,20_gen,23.6,Yes,Figure 2,GFP panel replicate kinetics,True,results/01_gfp_library_transfer_counts/tables/gfp_lib_standardized_all_replicates.csv
AD_20241205_gfplib_enascas12a_lexA_T3_Experiment_Group_E02.fcs,enas_snr_yes,AD_20241205_gfplib_enascas12a_lexA_T3,E02,C04,C04,GFP panel,enAsCas12a,,SNR52,,Yes,C04,,1,20_gen,21.7,No,Figure 2,GFP panel replicate kinetics,True,results/01_gfp_library_transfer_counts/tables/gfp_lib_standardized_all_replicates.csv
AD_20241205_gfplib_enascas12a_lexA_T3_Experiment_Group_E03.fcs,enas_snr_yes,AD_20241205_gfplib_enascas12a_lexA_T3,E03,E05,E05,GFP panel,enAsCas12a,,SNR52,,Yes,E05,,1,20_gen,23.4,No,Figure 2,GFP panel replicate kinetics,True,results/01_gfp_library_transfer_counts/tables/gfp_lib_standardized_all_replicates.csv
AD_20241205_gfplib_enascas12a_lexA_T3_Experiment_Group_F01.fcs,enas_snr_yes,AD_20241205_gfplib_enascas12a_lexA_T3,F01,A09,A09,GFP panel,enAsCas12a,,SNR52,,Yes,A09,,2,20_gen,23.6,Yes,Figure 2,GFP panel replicate kinetics,True,results/01_gfp_library_transfer_counts/tables/gfp_lib_standardized_all_replicates.csv
AD_20241205_gfplib_enascas12a_lexA_T3_Experiment_Group_F02.fcs,enas_snr_yes,AD_20241205_gfplib_enascas12a_lexA_T3,F02,C04,C04,GFP panel,enAsCas12a,,SNR52,,Yes,C04,,2,20_gen,21.7,No,Figure 2,GFP panel replicate kinetics,True,results/01_gfp_library_transfer_counts/tables/gfp_lib_standardized_all_replicates.csv
AD_20241205_gfplib_enascas12a_lexA_T3_Experiment_Group_F03.fcs,enas_snr_yes,AD_20241205_gfplib_enascas12a_lexA_T3,F03,E05,E05,GFP panel,enAsCas12a,,SNR52,,Yes,E05,,2,20_gen,23.6,No,Figure 2,GFP panel replicate kinetics,True,results/01_gfp_library_transfer_counts/tables/gfp_lib_standardized_all_replicates.csv
AD_20241205_gfplib_enascas12a_lexA_T3_Experiment_Group_G01.fcs,enas_snr_yes,AD_20241205_gfplib_enascas12a_lexA_T3,G01,A12,A12,GFP panel,enAsCas12a,,SNR52,,Yes,A12,,1,20_gen,21.3,No,Figure 2,GFP panel replicate kinetics,True,results/01_gfp_library_transfer_counts/tables/gfp_lib_standardized_all_replicates.csv
AD_20241205_gfplib_enascas12a_lexA_T3_Experiment_Group_G02.fcs,enas_snr_yes,AD_20241205_gfplib_enascas12a_lexA_T3,G02,C05,C05,GFP panel,enAsCas12a,,SNR52,,Yes,C05,,1,20_gen,23.5,No,Figure 2,GFP panel replicate kinetics,True,results/01_gfp_library_transfer_counts/tables/gfp_lib_standardized_all_replicates.csv
AD_20241205_gfplib_enascas12a_lexA_T3_Experiment_Group_G03.fcs,enas_snr_yes,AD_20241205_gfplib_enascas12a_lexA_T3,G03,G03,G03,GFP panel,enAsCas12a,,SNR52,,Yes,G03,,1,20_gen,23.9,No,Figure 2,GFP panel replicate kinetics,True,results/01_gfp_library_transfer_counts/tables/gfp_lib_standardized_all_replicates.csv
AD_20241205_gfplib_enascas12a_lexA_T3_Experiment_Group_H01.fcs,enas_snr_yes,AD_20241205_gfplib_enascas12a_lexA_T3,H01,A12,A12,GFP panel,enAsCas12a,,SNR52,,Yes,A12,,2,20_gen,21.3,No,Figure 2,GFP panel replicate kinetics,True,results/01_gfp_library_transfer_counts/tables/gfp_lib_standardized_all_replicates.csv
AD_20241205_gfplib_enascas12a_lexA_T3_Experiment_Group_H02.fcs,enas_snr_yes,AD_20241205_gfplib_enascas12a_lexA_T3,H02,C05,C05,GFP panel,enAsCas12a,,SNR52,,Yes,C05,,2,20_gen,24.3,No,Figure 2,GFP panel replicate kinetics,True,results/01_gfp_library_transfer_counts/tables/gfp_lib_standardized_all_replicates.csv
AD_20241205_gfplib_enascas12a_lexA_T3_Experiment_Group_H03.fcs,enas_snr_yes,AD_20241205_gfplib_enascas12a_lexA_T3,H03,G03,G03,GFP panel,enAsCas12a,,SNR52,,Yes,G03,,2,20_gen,24.1,No,Figure 2,GFP panel replicate kinetics,True,results/01_gfp_library_transfer_counts/tables/gfp_lib_standardized_all_replicates.csv
AD_20241205_gfplib_enascas12a_lexA_T1_scraped_Experiment_Group_A01.fcs,enas_snr_yes,AD_20241205_gfplib_enascas12a_lexA_T1_scraped,A01,A01,A01,GFP panel,enAsCas12a,,SNR52,,Yes,A01,,1,6_gen,6.9,No,Figure 2,GFP panel replicate kinetics,True,results/01_gfp_library_transfer_counts/tables/gfp_lib_standardized_all_replicates.csv
AD_20241205_gfplib_enascas12a_lexA_T1_scraped_Experiment_Group_A02.fcs,enas_snr_yes,AD_20241205_gfplib_enascas12a_lexA_T1_scraped,A02,B05,B05,GFP panel,enAsCas12a,,SNR52,,Yes,B05,,1,6_gen,7.4,No,Figure 2,GFP panel replicate kinetics,True,results/01_gfp_library_transfer_counts/tables/gfp_lib_standardized_all_replicates.csv
AD_20241205_gfplib_enascas12a_lexA_T1_scraped_Experiment_Group_A03.fcs,enas_snr_yes,AD_20241205_gfplib_enascas12a_lexA_T1_scraped,A03,E01,E01,GFP panel,enAsCas12a,,SNR52,,Yes,E01,,1,6_gen,7.4,No,Figure 2,GFP panel replicate kinetics,True,results/01_gfp_library_transfer_counts/tables/gfp_lib_standardized_all_replicates.csv
AD_20241205_gfplib_enascas12a_lexA_T1_scraped_Experiment_Group_A04.fcs,enas_snr_yes,AD_20241205_gfplib_enascas12a_lexA_T1_scraped,A04,H11,H11,GFP panel,enAsCas12a,,SNR52,,Yes,H11,,1,6_gen,8.2,No,Figure 2,GFP panel replicate kinetics,True,results/01_gfp_library_transfer_counts/tables/gfp_lib_standardized_all_replicates.csv
AD_20241205_gfplib_enascas12a_lexA_T1_scraped_Experiment_Group_B01.fcs,enas_snr_yes,AD_20241205_gfplib_enascas12a_lexA_T1_scraped,B01,A01,A01,GFP panel,enAsCas12a,,SNR52,,Yes,A01,,2,6_gen,6.9,No,Figure 2,GFP panel replicate kinetics,True,results/01_gfp_library_transfer_counts/tables/gfp_lib_standardized_all_replicates.csv
AD_20241205_gfplib_enascas12a_lexA_T1_scraped_Experiment_Group_B02.fcs,enas_snr_yes,AD_20241205_gfplib_enascas12a_lexA_T1_scraped,B02,B05,B05,GFP panel,enAsCas12a,,SNR52,,Yes,B05,,2,6_gen,7.5,No,Figure 2,GFP panel replicate kinetics,True,results/01_gfp_library_transfer_counts/tables/gfp_lib_standardized_all_replicates.csv
AD_20241205_gfplib_enascas12a_lexA_T1_scraped_Experiment_Group_B03.fcs,enas_snr_yes,AD_20241205_gfplib_enascas12a_lexA_T1_scraped,B03,E01,E01,GFP panel,enAsCas12a,,SNR52,,Yes,E01,,2,6_gen,7.2,No,Figure 2,GFP panel replicate kinetics,True,results/01_gfp_library_transfer_counts/tables/gfp_lib_standardized_all_replicates.csv
AD_20241205_gfplib_enascas12a_lexA_T1_scraped_Experiment_Group_B04.fcs,enas_snr_yes,AD_20241205_gfplib_enascas12a_lexA_T1_scraped,B04,H11,H11,GFP panel,enAsCas12a,,SNR52,,Yes,H11,,2,6_gen,8.1,No,Figure 2,GFP panel replicate kinetics,True,results/01_gfp_library_transfer_counts/tables/gfp_lib_standardized_all_replicates.csv
AD_20241205_gfplib_enascas12a_lexA_T1_scraped_Experiment_Group_C01.fcs,enas_snr_yes,AD_20241205_gfplib_enascas12a_lexA_T1_scraped,C01,A04,A04,GFP panel,enAsCas12a,,SNR52,,Yes,A04,,1,6_gen,7.3,No,Figure 2,GFP panel replicate kinetics,True,results/01_gfp_library_transfer_counts/tables/gfp_lib_standardized_all_replicates.csv
AD_20241205_gfplib_enascas12a_lexA_T1_scraped_Experiment_Group_C02.fcs,enas_snr_yes,AD_20241205_gfplib_enascas12a_lexA_T1_scraped,C02,C03,C03,GFP panel,enAsCas12a,,SNR52,,Yes,C03,,1,6_gen,7.1,No,Figure 2,GFP panel replicate kinetics,True,results/01_gfp_library_transfer_counts/tables/gfp_lib_standardized_all_replicates.csv
AD_20241205_gfplib_enascas12a_lexA_T1_scraped_Experiment_Group_C03.fcs,enas_snr_yes,AD_20241205_gfplib_enascas12a_lexA_T1_scraped,C03,E02,E02,GFP panel,enAsCas12a,,SNR52,,Yes,E02,,1,6_gen,8.4,No,Figure 2,GFP panel replicate kinetics,True,results/01_gfp_library_transfer_counts/tables/gfp_lib_standardized_all_replicates.csv
AD_20241205_gfplib_enascas12a_lexA_T1_scraped_Experiment_Group_D01.fcs,enas_snr_yes,AD_20241205_gfplib_enascas12a_lexA_T1_scraped,D01,A04,A04,GFP panel,enAsCas12a,,SNR52,,Yes,A04,,2,6_gen,7.1,No,Figure 2,GFP panel replicate kinetics,True,results/01_gfp_library_transfer_counts/tables/gfp_lib_standardized_all_replicates.csv
AD_20241205_gfplib_enascas12a_lexA_T1_scraped_Experiment_Group_D02.fcs,enas_snr_yes,AD_20241205_gfplib_enascas12a_lexA_T1_scraped,D02,C03,C03,GFP panel,enAsCas12a,,SNR52,,Yes,C03,,2,6_gen,7.2,No,Figure 2,GFP panel replicate kinetics,True,results/01_gfp_library_transfer_counts/tables/gfp_lib_standardized_all_replicates.csv
AD_20241205_gfplib_enascas12a_lexA_T1_scraped_Experiment_Group_D03.fcs,enas_snr_yes,AD_20241205_gfplib_enascas12a_lexA_T1_scraped,D03,E02,E02,GFP panel,enAsCas12a,,SNR52,,Yes,E02,,2,6_gen,8.3,No,Figure 2,GFP panel replicate kinetics,True,results/01_gfp_library_transfer_counts/tables/gfp_lib_standardized_all_replicates.csv
AD_20241205_gfplib_enascas12a_lexA_T1_scraped_Experiment_Group_E01.fcs,enas_snr_yes,AD_20241205_gfplib_enascas12a_lexA_T1_scraped,E01,A09,A09,GFP panel,enAsCas12a,,SNR52,,Yes,A09,,1,6_gen,7.5,Yes,Figure 2,GFP panel replicate kinetics,True,results/01_gfp_library_transfer_counts/tables/gfp_lib_standardized_all_replicates.csv
AD_20241205_gfplib_enascas12a_lexA_T1_scraped_Experiment_Group_E02.fcs,enas_snr_yes,AD_20241205_gfplib_enascas12a_lexA_T1_scraped,E02,C04,C04,GFP panel,enAsCas12a,,SNR52,,Yes,C04,,1,6_gen,5.8,No,Figure 2,GFP panel replicate kinetics,True,results/01_gfp_library_transfer_counts/tables/gfp_lib_standardized_all_replicates.csv
AD_20241205_gfplib_enascas12a_lexA_T1_scraped_Experiment_Group_E03.fcs,enas_snr_yes,AD_20241205_gfplib_enascas12a_lexA_T1_scraped,E03,E05,E05,GFP panel,enAsCas12a,,SNR52,,Yes,E05,,1,6_gen,7.1,No,Figure 2,GFP panel replicate kinetics,True,results/01_gfp_library_transfer_counts/tables/gfp_lib_standardized_all_replicates.csv
AD_20241205_gfplib_enascas12a_lexA_T1_scraped_Experiment_Group_F01.fcs,enas_snr_yes,AD_20241205_gfplib_enascas12a_lexA_T1_scraped,F01,A09,A09,GFP panel,enAsCas12a,,SNR52,,Yes,A09,,2,6_gen,7.3,Yes,Figure 2,GFP panel replicate kinetics,True,results/01_gfp_library_transfer_counts/tables/gfp_lib_standardized_all_replicates.csv
AD_20241205_gfplib_enascas12a_lexA_T1_scraped_Experiment_Group_F02.fcs,enas_snr_yes,AD_20241205_gfplib_enascas12a_lexA_T1_scraped,F02,C04,C04,GFP panel,enAsCas12a,,SNR52,,Yes,C04,,2,6_gen,5.9,No,Figure 2,GFP panel replicate kinetics,True,results/01_gfp_library_transfer_counts/tables/gfp_lib_standardized_all_replicates.csv
AD_20241205_gfplib_enascas12a_lexA_T1_scraped_Experiment_Group_F03.fcs,enas_snr_yes,AD_20241205_gfplib_enascas12a_lexA_T1_scraped,F03,E05,E05,GFP panel,enAsCas12a,,SNR52,,Yes,E05,,2,6_gen,7.4,No,Figure 2,GFP panel replicate kinetics,True,results/01_gfp_library_transfer_counts/tables/gfp_lib_standardized_all_replicates.csv
AD_20241205_gfplib_enascas12a_lexA_T1_scraped_Experiment_Group_G01.fcs,enas_snr_yes,AD_20241205_gfplib_enascas12a_lexA_T1_scraped,G01,A12,A12,GFP panel,enAsCas12a,,SNR52,,Yes,A12,,1,6_gen,6.0,No,Figure 2,GFP panel replicate kinetics,True,results/01_gfp_library_transfer_counts/tables/gfp_lib_standardized_all_replicates.csv
AD_20241205_gfplib_enascas12a_lexA_T1_scraped_Experiment_Group_G02.fcs,enas_snr_yes,AD_20241205_gfplib_enascas12a_lexA_T1_scraped,G02,C05,C05,GFP panel,enAsCas12a,,SNR52,,Yes,C05,,1,6_gen,7.1,No,Figure 2,GFP panel replicate kinetics,True,results/01_gfp_library_transfer_counts/tables/gfp_lib_standardized_all_replicates.csv
AD_20241205_gfplib_enascas12a_lexA_T1_scraped_Experiment_Group_G03.fcs,enas_snr_yes,AD_20241205_gfplib_enascas12a_lexA_T1_scraped,G03,G03,G03,GFP panel,enAsCas12a,,SNR52,,Yes,G03,,1,6_gen,7.6,No,Figure 2,GFP panel replicate kinetics,True,results/01_gfp_library_transfer_counts/tables/gfp_lib_standardized_all_replicates.csv
AD_20241205_gfplib_enascas12a_lexA_T1_scraped_Experiment_Group_H01.fcs,enas_snr_yes,AD_20241205_gfplib_enascas12a_lexA_T1_scraped,H01,A12,A12,GFP panel,enAsCas12a,,SNR52,,Yes,A12,,2,6_gen,6.0,No,Figure 2,GFP panel replicate kinetics,True,results/01_gfp_library_transfer_counts/tables/gfp_lib_standardized_all_replicates.csv
AD_20241205_gfplib_enascas12a_lexA_T1_scraped_Experiment_Group_H02.fcs,enas_snr_yes,AD_20241205_gfplib_enascas12a_lexA_T1_scraped,H02,C05,C05,GFP panel,enAsCas12a,,SNR52,,Yes,C05,,2,6_gen,7.9,No,Figure 2,GFP panel replicate kinetics,True,results/01_gfp_library_transfer_counts/tables/gfp_lib_standardized_all_replicates.csv
AD_20241205_gfplib_enascas12a_lexA_T1_scraped_Experiment_Group_H03.fcs,enas_snr_yes,AD_20241205_gfplib_enascas12a_lexA_T1_scraped,H03,G03,G03,GFP panel,enAsCas12a,,SNR52,,Yes,G03,,2,6_gen,7.6,No,Figure 2,GFP panel replicate kinetics,True,results/01_gfp_library_transfer_counts/tables/gfp_lib_standardized_all_replicates.csv
AD_20241205_gfplib_enascas12a_lexA_T1_scraped_Experiment_Group_A05.fcs,enas_snr_yes,AD_20241205_gfplib_enascas12a_lexA_T1_scraped,A05,A01,A01,GFP panel,enAsCas12a,,SNR52,,Yes,A01,,1,scraped,0.0,No,Figure 2,GFP panel replicate kinetics,True,results/01_gfp_library_transfer_counts/tables/gfp_lib_standardized_all_replicates.csv
AD_20241205_gfplib_enascas12a_lexA_T1_scraped_Experiment_Group_A06.fcs,enas_snr_yes,AD_20241205_gfplib_enascas12a_lexA_T1_scraped,A06,B05,B05,GFP panel,enAsCas12a,,SNR52,,Yes,B05,,1,scraped,0.0,No,Figure 2,GFP panel replicate kinetics,True,results/01_gfp_library_transfer_counts/tables/gfp_lib_standardized_all_replicates.csv
AD_20241205_gfplib_enascas12a_lexA_T1_scraped_Experiment_Group_A07.fcs,enas_snr_yes,AD_20241205_gfplib_enascas12a_lexA_T1_scraped,A07,E01,E01,GFP panel,enAsCas12a,,SNR52,,Yes,E01,,1,scraped,0.0,No,Figure 2,GFP panel replicate kinetics,True,results/01_gfp_library_transfer_counts/tables/gfp_lib_standardized_all_replicates.csv
AD_20241205_gfplib_enascas12a_lexA_T1_scraped_Experiment_Group_A08.fcs,enas_snr_yes,AD_20241205_gfplib_enascas12a_lexA_T1_scraped,A08,H11,H11,GFP panel,enAsCas12a,,SNR52,,Yes,H11,,1,scraped,0.0,No,Figure 2,GFP panel replicate kinetics,True,results/01_gfp_library_transfer_counts/tables/gfp_lib_standardized_all_replicates.csv
AD_20241205_gfplib_enascas12a_lexA_T1_scraped_Experiment_Group_B05.fcs,enas_snr_yes,AD_20241205_gfplib_enascas12a_lexA_T1_scraped,B05,A01,A01,GFP panel,enAsCas12a,,SNR52,,Yes,A01,,2,scraped,0.0,No,Figure 2,GFP panel replicate kinetics,True,results/01_gfp_library_transfer_counts/tables/gfp_lib_standardized_all_replicates.csv
AD_20241205_gfplib_enascas12a_lexA_T1_scraped_Experiment_Group_B06.fcs,enas_snr_yes,AD_20241205_gfplib_enascas12a_lexA_T1_scraped,B06,B05,B05,GFP panel,enAsCas12a,,SNR52,,Yes,B05,,2,scraped,0.0,No,Figure 2,GFP panel replicate kinetics,True,results/01_gfp_library_transfer_counts/tables/gfp_lib_standardized_all_replicates.csv
AD_20241205_gfplib_enascas12a_lexA_T1_scraped_Experiment_Group_B07.fcs,enas_snr_yes,AD_20241205_gfplib_enascas12a_lexA_T1_scraped,B07,E01,E01,GFP panel,enAsCas12a,,SNR52,,Yes,E01,,2,scraped,0.0,No,Figure 2,GFP panel replicate kinetics,True,results/01_gfp_library_transfer_counts/tables/gfp_lib_standardized_all_replicates.csv
AD_20241205_gfplib_enascas12a_lexA_T1_scraped_Experiment_Group_B08.fcs,enas_snr_yes,AD_20241205_gfplib_enascas12a_lexA_T1_scraped,B08,H11,H11,GFP panel,enAsCas12a,,SNR52,,Yes,H11,,2,scraped,0.0,No,Figure 2,GFP panel replicate kinetics,True,results/01_gfp_library_transfer_counts/tables/gfp_lib_standardized_all_replicates.csv
AD_20241205_gfplib_enascas12a_lexA_T1_scraped_Experiment_Group_C05.fcs,enas_snr_yes,AD_20241205_gfplib_enascas12a_lexA_T1_scraped,C05,A04,A04,GFP panel,enAsCas12a,,SNR52,,Yes,A04,,1,scraped,0.0,No,Figure 2,GFP panel replicate kinetics,True,results/01_gfp_library_transfer_counts/tables/gfp_lib_standardized_all_replicates.csv
AD_20241205_gfplib_enascas12a_lexA_T1_scraped_Experiment_Group_C06.fcs,enas_snr_yes,AD_20241205_gfplib_enascas12a_lexA_T1_scraped,C06,C03,C03,GFP panel,enAsCas12a,,SNR52,,Yes,C03,,1,scraped,0.0,No,Figure 2,GFP panel replicate kinetics,True,results/01_gfp_library_transfer_counts/tables/gfp_lib_standardized_all_replicates.csv
AD_20241205_gfplib_enascas12a_lexA_T1_scraped_Experiment_Group_C07.fcs,enas_snr_yes,AD_20241205_gfplib_enascas12a_lexA_T1_scraped,C07,E02,E02,GFP panel,enAsCas12a,,SNR52,,Yes,E02,,1,scraped,0.0,No,Figure 2,GFP panel replicate kinetics,True,results/01_gfp_library_transfer_counts/tables/gfp_lib_standardized_all_replicates.csv
AD_20241205_gfplib_enascas12a_lexA_T1_scraped_Experiment_Group_D05.fcs,enas_snr_yes,AD_20241205_gfplib_enascas12a_lexA_T1_scraped,D05,A04,A04,GFP panel,enAsCas12a,,SNR52,,Yes,A04,,2,scraped,0.0,No,Figure 2,GFP panel replicate kinetics,True,results/01_gfp_library_transfer_counts/tables/gfp_lib_standardized_all_replicates.csv
AD_20241205_gfplib_enascas12a_lexA_T1_scraped_Experiment_Group_D06.fcs,enas_snr_yes,AD_20241205_gfplib_enascas12a_lexA_T1_scraped,D06,C03,C03,GFP panel,enAsCas12a,,SNR52,,Yes,C03,,2,scraped,0.0,No,Figure 2,GFP panel replicate kinetics,True,results/01_gfp_library_transfer_counts/tables/gfp_lib_standardized_all_replicates.csv
AD_20241205_gfplib_enascas12a_lexA_T1_scraped_Experiment_Group_D07.fcs,enas_snr_yes,AD_20241205_gfplib_enascas12a_lexA_T1_scraped,D07,E02,E02,GFP panel,enAsCas12a,,SNR52,,Yes,E02,,2,scraped,0.0,No,Figure 2,GFP panel replicate kinetics,True,results/01_gfp_library_transfer_counts/tables/gfp_lib_standardized_all_replicates.csv
AD_20241205_gfplib_enascas12a_lexA_T1_scraped_Experiment_Group_E05.fcs,enas_snr_yes,AD_20241205_gfplib_enascas12a_lexA_T1_scraped,E05,A09,A09,GFP panel,enAsCas12a,,SNR52,,Yes,A09,,1,scraped,0.0,Yes,Figure 2,GFP panel replicate kinetics,True,results/01_gfp_library_transfer_counts/tables/gfp_lib_standardized_all_replicates.csv
AD_20241205_gfplib_enascas12a_lexA_T1_scraped_Experiment_Group_E06.fcs,enas_snr_yes,AD_20241205_gfplib_enascas12a_lexA_T1_scraped,E06,C04,C04,GFP panel,enAsCas12a,,SNR52,,Yes,C04,,1,scraped,0.0,No,Figure 2,GFP panel replicate kinetics,True,results/01_gfp_library_transfer_counts/tables/gfp_lib_standardized_all_replicates.csv
AD_20241205_gfplib_enascas12a_lexA_T1_scraped_Experiment_Group_E07.fcs,enas_snr_yes,AD_20241205_gfplib_enascas12a_lexA_T1_scraped,E07,E05,E05,GFP panel,enAsCas12a,,SNR52,,Yes,E05,,1,scraped,0.0,No,Figure 2,GFP panel replicate kinetics,True,results/01_gfp_library_transfer_counts/tables/gfp_lib_standardized_all_replicates.csv
AD_20241205_gfplib_enascas12a_lexA_T1_scraped_Experiment_Group_F05.fcs,enas_snr_yes,AD_20241205_gfplib_enascas12a_lexA_T1_scraped,F05,A09,A09,GFP panel,enAsCas12a,,SNR52,,Yes,A09,,2,scraped,0.0,Yes,Figure 2,GFP panel replicate kinetics,True,results/01_gfp_library_transfer_counts/tables/gfp_lib_standardized_all_replicates.csv
AD_20241205_gfplib_enascas12a_lexA_T1_scraped_Experiment_Group_F06.fcs,enas_snr_yes,AD_20241205_gfplib_enascas12a_lexA_T1_scraped,F06,C04,C04,GFP panel,enAsCas12a,,SNR52,,Yes,C04,,2,scraped,0.0,No,Figure 2,GFP panel replicate kinetics,True,results/01_gfp_library_transfer_counts/tables/gfp_lib_standardized_all_replicates.csv
AD_20241205_gfplib_enascas12a_lexA_T1_scraped_Experiment_Group_F07.fcs,enas_snr_yes,AD_20241205_gfplib_enascas12a_lexA_T1_scraped,F07,E05,E05,GFP panel,enAsCas12a,,SNR52,,Yes,E05,,2,scraped,0.0,No,Figure 2,GFP panel replicate kinetics,True,results/01_gfp_library_transfer_counts/tables/gfp_lib_standardized_all_replicates.csv
AD_20241205_gfplib_enascas12a_lexA_T1_scraped_Experiment_Group_G05.fcs,enas_snr_yes,AD_20241205_gfplib_enascas12a_lexA_T1_scraped,G05,A12,A12,GFP panel,enAsCas12a,,SNR52,,Yes,A12,,1,scraped,0.0,No,Figure 2,GFP panel replicate kinetics,True,results/01_gfp_library_transfer_counts/tables/gfp_lib_standardized_all_replicates.csv
AD_20241205_gfplib_enascas12a_lexA_T1_scraped_Experiment_Group_G06.fcs,enas_snr_yes,AD_20241205_gfplib_enascas12a_lexA_T1_scraped,G06,C05,C05,GFP panel,enAsCas12a,,SNR52,,Yes,C05,,1,scraped,0.0,No,Figure 2,GFP panel replicate kinetics,True,results/01_gfp_library_transfer_counts/tables/gfp_lib_standardized_all_replicates.csv
AD_20241205_gfplib_enascas12a_lexA_T1_scraped_Experiment_Group_G07.fcs,enas_snr_yes,AD_20241205_gfplib_enascas12a_lexA_T1_scraped,G07,G03,G03,GFP panel,enAsCas12a,,SNR52,,Yes,G03,,1,scraped,0.0,No,Figure 2,GFP panel replicate kinetics,True,results/01_gfp_library_transfer_counts/tables/gfp_lib_standardized_all_replicates.csv
AD_20241205_gfplib_enascas12a_lexA_T1_scraped_Experiment_Group_H05.fcs,enas_snr_yes,AD_20241205_gfplib_enascas12a_lexA_T1_scraped,H05,A12,A12,GFP panel,enAsCas12a,,SNR52,,Yes,A12,,2,scraped,0.0,No,Figure 2,GFP panel replicate kinetics,True,results/01_gfp_library_transfer_counts/tables/gfp_lib_standardized_all_replicates.csv
AD_20241205_gfplib_enascas12a_lexA_T1_scraped_Experiment_Group_H06.fcs,enas_snr_yes,AD_20241205_gfplib_enascas12a_lexA_T1_scraped,H06,C05,C05,GFP panel,enAsCas12a,,SNR52,,Yes,C05,,2,scraped,0.0,No,Figure 2,GFP panel replicate kinetics,True,results/01_gfp_library_transfer_counts/tables/gfp_lib_standardized_all_replicates.csv
AD_20241205_gfplib_enascas12a_lexA_T1_scraped_Experiment_Group_H07.fcs,enas_snr_yes,AD_20241205_gfplib_enascas12a_lexA_T1_scraped,H07,G03,G03,GFP panel,enAsCas12a,,SNR52,,Yes,G03,,2,scraped,0.0,No,Figure 2,GFP panel replicate kinetics,True,results/01_gfp_library_transfer_counts/tables/gfp_lib_standardized_all_replicates.csv
AD_20241203_fnsnrrpr_casvariants_timepoint2_glu_Experiment_Group_A05.fcs,fncas12a_rpr_no,AD_20241203_fnsnrrpr_casvariants_timepoint2_glu,A05,A01,A01,GFP panel,FnCas12a,,RPR1,,No,A01,,1,11_gen,12.3,No,Figure 2,GFP panel replicate kinetics,True,results/01_gfp_library_transfer_counts/tables/gfp_lib_standardized_all_replicates.csv
AD_20241203_fnsnrrpr_casvariants_timepoint2_glu_Experiment_Group_A06.fcs,fncas12a_rpr_no,AD_20241203_fnsnrrpr_casvariants_timepoint2_glu,A06,B05,B05,GFP panel,FnCas12a,,RPR1,,No,B05,,1,11_gen,9.7,No,Figure 2,GFP panel replicate kinetics,True,results/01_gfp_library_transfer_counts/tables/gfp_lib_standardized_all_replicates.csv
AD_20241203_fnsnrrpr_casvariants_timepoint2_glu_Experiment_Group_A07.fcs,fncas12a_rpr_no,AD_20241203_fnsnrrpr_casvariants_timepoint2_glu,A07,E01,E01,GFP panel,FnCas12a,,RPR1,,No,E01,,1,11_gen,13.2,No,Figure 2,GFP panel replicate kinetics,True,results/01_gfp_library_transfer_counts/tables/gfp_lib_standardized_all_replicates.csv
AD_20241203_fnsnrrpr_casvariants_timepoint2_glu_Experiment_Group_A08.fcs,fncas12a_rpr_no,AD_20241203_fnsnrrpr_casvariants_timepoint2_glu,A08,H11,H11,GFP panel,FnCas12a,,RPR1,,No,H11,,1,11_gen,10.8,No,Figure 2,GFP panel replicate kinetics,True,results/01_gfp_library_transfer_counts/tables/gfp_lib_standardized_all_replicates.csv
AD_20241203_fnsnrrpr_casvariants_timepoint2_glu_Experiment_Group_B05.fcs,fncas12a_rpr_no,AD_20241203_fnsnrrpr_casvariants_timepoint2_glu,B05,A01,A01,GFP panel,FnCas12a,,RPR1,,No,A01,,2,11_gen,12.7,No,Figure 2,GFP panel replicate kinetics,True,results/01_gfp_library_transfer_counts/tables/gfp_lib_standardized_all_replicates.csv
AD_20241203_fnsnrrpr_casvariants_timepoint2_glu_Experiment_Group_B06.fcs,fncas12a_rpr_no,AD_20241203_fnsnrrpr_casvariants_timepoint2_glu,B06,B05,B05,GFP panel,FnCas12a,,RPR1,,No,B05,,2,11_gen,9.2,No,Figure 2,GFP panel replicate kinetics,True,results/01_gfp_library_transfer_counts/tables/gfp_lib_standardized_all_replicates.csv
AD_20241203_fnsnrrpr_casvariants_timepoint2_glu_Experiment_Group_B07.fcs,fncas12a_rpr_no,AD_20241203_fnsnrrpr_casvariants_timepoint2_glu,B07,E01,E01,GFP panel,FnCas12a,,RPR1,,No,E01,,2,11_gen,13.2,No,Figure 2,GFP panel replicate kinetics,True,results/01_gfp_library_transfer_counts/tables/gfp_lib_standardized_all_replicates.csv
AD_20241203_fnsnrrpr_casvariants_timepoint2_glu_Experiment_Group_B08.fcs,fncas12a_rpr_no,AD_20241203_fnsnrrpr_casvariants_timepoint2_glu,B08,H11,H11,GFP panel,FnCas12a,,RPR1,,No,H11,,2,11_gen,10.5,No,Figure 2,GFP panel replicate kinetics,True,results/01_gfp_library_transfer_counts/tables/gfp_lib_standardized_all_replicates.csv
AD_20241203_fnsnrrpr_casvariants_timepoint2_glu_Experiment_Group_C05.fcs,fncas12a_rpr_no,AD_20241203_fnsnrrpr_casvariants_timepoint2_glu,C05,A04,A04,GFP panel,FnCas12a,,RPR1,,No,A04,,1,11_gen,10.8,No,Figure 2,GFP panel replicate kinetics,True,results/01_gfp_library_transfer_counts/tables/gfp_lib_standardized_all_replicates.csv
AD_20241203_fnsnrrpr_casvariants_timepoint2_glu_Experiment_Group_C06.fcs,fncas12a_rpr_no,AD_20241203_fnsnrrpr_casvariants_timepoint2_glu,C06,C03,C03,GFP panel,FnCas12a,,RPR1,,No,C03,,1,11_gen,10.8,No,Figure 2,GFP panel replicate kinetics,True,results/01_gfp_library_transfer_counts/tables/gfp_lib_standardized_all_replicates.csv
AD_20241203_fnsnrrpr_casvariants_timepoint2_glu_Experiment_Group_C07.fcs,fncas12a_rpr_no,AD_20241203_fnsnrrpr_casvariants_timepoint2_glu,C07,E02,E02,GFP panel,FnCas12a,,RPR1,,No,E02,,1,11_gen,11.0,No,Figure 2,GFP panel replicate kinetics,True,results/01_gfp_library_transfer_counts/tables/gfp_lib_standardized_all_replicates.csv
AD_20241203_fnsnrrpr_casvariants_timepoint2_glu_Experiment_Group_D05.fcs,fncas12a_rpr_no,AD_20241203_fnsnrrpr_casvariants_timepoint2_glu,D05,A04,A04,GFP panel,FnCas12a,,RPR1,,No,A04,,2,11_gen,11.2,No,Figure 2,GFP panel replicate kinetics,True,results/01_gfp_library_transfer_counts/tables/gfp_lib_standardized_all_replicates.csv
AD_20241203_fnsnrrpr_casvariants_timepoint2_glu_Experiment_Group_D06.fcs,fncas12a_rpr_no,AD_20241203_fnsnrrpr_casvariants_timepoint2_glu,D06,C03,C03,GFP panel,FnCas12a,,RPR1,,No,C03,,2,11_gen,11.3,No,Figure 2,GFP panel replicate kinetics,True,results/01_gfp_library_transfer_counts/tables/gfp_lib_standardized_all_replicates.csv
AD_20241203_fnsnrrpr_casvariants_timepoint2_glu_Experiment_Group_D07.fcs,fncas12a_rpr_no,AD_20241203_fnsnrrpr_casvariants_timepoint2_glu,D07,E02,E02,GFP panel,FnCas12a,,RPR1,,No,E02,,2,11_gen,11.1,No,Figure 2,GFP panel replicate kinetics,True,results/01_gfp_library_transfer_counts/tables/gfp_lib_standardized_all_replicates.csv
AD_20241203_fnsnrrpr_casvariants_timepoint2_glu_Experiment_Group_E05.fcs,fncas12a_rpr_no,AD_20241203_fnsnrrpr_casvariants_timepoint2_glu,E05,A09,A09,GFP panel,FnCas12a,,RPR1,,No,A09,,1,11_gen,13.4,Yes,Figure 2,GFP panel replicate kinetics,True,results/01_gfp_library_transfer_counts/tables/gfp_lib_standardized_all_replicates.csv
AD_20241203_fnsnrrpr_casvariants_timepoint2_glu_Experiment_Group_E06.fcs,fncas12a_rpr_no,AD_20241203_fnsnrrpr_casvariants_timepoint2_glu,E06,C04,C04,GFP panel,FnCas12a,,RPR1,,No,C04,,1,11_gen,10.8,No,Figure 2,GFP panel replicate kinetics,True,results/01_gfp_library_transfer_counts/tables/gfp_lib_standardized_all_replicates.csv
AD_20241203_fnsnrrpr_casvariants_timepoint2_glu_Experiment_Group_E07.fcs,fncas12a_rpr_no,AD_20241203_fnsnrrpr_casvariants_timepoint2_glu,E07,E05,E05,GFP panel,FnCas12a,,RPR1,,No,E05,,1,11_gen,12.8,No,Figure 2,GFP panel replicate kinetics,True,results/01_gfp_library_transfer_counts/tables/gfp_lib_standardized_all_replicates.csv
AD_20241203_fnsnrrpr_casvariants_timepoint2_glu_Experiment_Group_F05.fcs,fncas12a_rpr_no,AD_20241203_fnsnrrpr_casvariants_timepoint2_glu,F05,A09,A09,GFP panel,FnCas12a,,RPR1,,No,A09,,2,11_gen,13.5,Yes,Figure 2,GFP panel replicate kinetics,True,results/01_gfp_library_transfer_counts/tables/gfp_lib_standardized_all_replicates.csv
AD_20241203_fnsnrrpr_casvariants_timepoint2_glu_Experiment_Group_F06.fcs,fncas12a_rpr_no,AD_20241203_fnsnrrpr_casvariants_timepoint2_glu,F06,C04,C04,GFP panel,FnCas12a,,RPR1,,No,C04,,2,11_gen,10.6,No,Figure 2,GFP panel replicate kinetics,True,results/01_gfp_library_transfer_counts/tables/gfp_lib_standardized_all_replicates.csv
AD_20241203_fnsnrrpr_casvariants_timepoint2_glu_Experiment_Group_F07.fcs,fncas12a_rpr_no,AD_20241203_fnsnrrpr_casvariants_timepoint2_glu,F07,E05,E05,GFP panel,FnCas12a,,RPR1,,No,E05,,2,11_gen,13.3,No,Figure 2,GFP panel replicate kinetics,True,results/01_gfp_library_transfer_counts/tables/gfp_lib_standardized_all_replicates.csv
AD_20241203_fnsnrrpr_casvariants_timepoint2_glu_Experiment_Group_G05.fcs,fncas12a_rpr_no,AD_20241203_fnsnrrpr_casvariants_timepoint2_glu,G05,A12,A12,GFP panel,FnCas12a,,RPR1,,No,A12,,1,11_gen,10.8,No,Figure 2,GFP panel replicate kinetics,True,results/01_gfp_library_transfer_counts/tables/gfp_lib_standardized_all_replicates.csv
AD_20241203_fnsnrrpr_casvariants_timepoint2_glu_Experiment_Group_G06.fcs,fncas12a_rpr_no,AD_20241203_fnsnrrpr_casvariants_timepoint2_glu,G06,C05,C05,GFP panel,FnCas12a,,RPR1,,No,C05,,1,11_gen,13.0,No,Figure 2,GFP panel replicate kinetics,True,results/01_gfp_library_transfer_counts/tables/gfp_lib_standardized_all_replicates.csv
AD_20241203_fnsnrrpr_casvariants_timepoint2_glu_Experiment_Group_G07.fcs,fncas12a_rpr_no,AD_20241203_fnsnrrpr_casvariants_timepoint2_glu,G07,G03,G03,GFP panel,FnCas12a,,RPR1,,No,G03,,1,11_gen,12.0,No,Figure 2,GFP panel replicate kinetics,True,results/01_gfp_library_transfer_counts/tables/gfp_lib_standardized_all_replicates.csv
AD_20241203_fnsnrrpr_casvariants_timepoint2_glu_Experiment_Group_H05.fcs,fncas12a_rpr_no,AD_20241203_fnsnrrpr_casvariants_timepoint2_glu,H05,A12,A12,GFP panel,FnCas12a,,RPR1,,No,A12,,2,11_gen,10.8,No,Figure 2,GFP panel replicate kinetics,True,results/01_gfp_library_transfer_counts/tables/gfp_lib_standardized_all_replicates.csv
AD_20241203_fnsnrrpr_casvariants_timepoint2_glu_Experiment_Group_H06.fcs,fncas12a_rpr_no,AD_20241203_fnsnrrpr_casvariants_timepoint2_glu,H06,C05,C05,GFP panel,FnCas12a,,RPR1,,No,C05,,2,11_gen,13.1,No,Figure 2,GFP panel replicate kinetics,True,results/01_gfp_library_transfer_counts/tables/gfp_lib_standardized_all_replicates.csv
AD_20241203_fnsnrrpr_casvariants_timepoint2_glu_Experiment_Group_H07.fcs,fncas12a_rpr_no,AD_20241203_fnsnrrpr_casvariants_timepoint2_glu,H07,G03,G03,GFP panel,FnCas12a,,RPR1,,No,G03,,2,11_gen,11.4,No,Figure 2,GFP panel replicate kinetics,True,results/01_gfp_library_transfer_counts/tables/gfp_lib_standardized_all_replicates.csv
AD_20241203_fnsnrrpr_casvariants_timepoint3_glu_Experiment_Group_A05.fcs,fncas12a_rpr_no,AD_20241203_fnsnrrpr_casvariants_timepoint3_glu,A05,A01,A01,GFP panel,FnCas12a,,RPR1,,No,A01,,1,20_gen,18.7,No,Figure 2,GFP panel replicate kinetics,True,results/01_gfp_library_transfer_counts/tables/gfp_lib_standardized_all_replicates.csv
AD_20241203_fnsnrrpr_casvariants_timepoint3_glu_Experiment_Group_A06.fcs,fncas12a_rpr_no,AD_20241203_fnsnrrpr_casvariants_timepoint3_glu,A06,B05,B05,GFP panel,FnCas12a,,RPR1,,No,B05,,1,20_gen,17.9,No,Figure 2,GFP panel replicate kinetics,True,results/01_gfp_library_transfer_counts/tables/gfp_lib_standardized_all_replicates.csv
AD_20241203_fnsnrrpr_casvariants_timepoint3_glu_Experiment_Group_A07.fcs,fncas12a_rpr_no,AD_20241203_fnsnrrpr_casvariants_timepoint3_glu,A07,E01,E01,GFP panel,FnCas12a,,RPR1,,No,E01,,1,20_gen,19.8,No,Figure 2,GFP panel replicate kinetics,True,results/01_gfp_library_transfer_counts/tables/gfp_lib_standardized_all_replicates.csv
AD_20241203_fnsnrrpr_casvariants_timepoint3_glu_Experiment_Group_A08.fcs,fncas12a_rpr_no,AD_20241203_fnsnrrpr_casvariants_timepoint3_glu,A08,H11,H11,GFP panel,FnCas12a,,RPR1,,No,H11,,1,20_gen,17.3,No,Figure 2,GFP panel replicate kinetics,True,results/01_gfp_library_transfer_counts/tables/gfp_lib_standardized_all_replicates.csv
AD_20241203_fnsnrrpr_casvariants_timepoint3_glu_Experiment_Group_B05.fcs,fncas12a_rpr_no,AD_20241203_fnsnrrpr_casvariants_timepoint3_glu,B05,A01,A01,GFP panel,FnCas12a,,RPR1,,No,A01,,2,20_gen,19.3,No,Figure 2,GFP panel replicate kinetics,True,results/01_gfp_library_transfer_counts/tables/gfp_lib_standardized_all_replicates.csv
AD_20241203_fnsnrrpr_casvariants_timepoint3_glu_Experiment_Group_B06.fcs,fncas12a_rpr_no,AD_20241203_fnsnrrpr_casvariants_timepoint3_glu,B06,B05,B05,GFP panel,FnCas12a,,RPR1,,No,B05,,2,20_gen,16.2,No,Figure 2,GFP panel replicate kinetics,True,results/01_gfp_library_transfer_counts/tables/gfp_lib_standardized_all_replicates.csv
AD_20241203_fnsnrrpr_casvariants_timepoint3_glu_Experiment_Group_B07.fcs,fncas12a_rpr_no,AD_20241203_fnsnrrpr_casvariants_timepoint3_glu,B07,E01,E01,GFP panel,FnCas12a,,RPR1,,No,E01,,2,20_gen,19.2,No,Figure 2,GFP panel replicate kinetics,True,results/01_gfp_library_transfer_counts/tables/gfp_lib_standardized_all_replicates.csv
AD_20241203_fnsnrrpr_casvariants_timepoint3_glu_Experiment_Group_B08.fcs,fncas12a_rpr_no,AD_20241203_fnsnrrpr_casvariants_timepoint3_glu,B08,H11,H11,GFP panel,FnCas12a,,RPR1,,No,H11,,2,20_gen,17.2,No,Figure 2,GFP panel replicate kinetics,True,results/01_gfp_library_transfer_counts/tables/gfp_lib_standardized_all_replicates.csv
AD_20241203_fnsnrrpr_casvariants_timepoint3_glu_Experiment_Group_C05.fcs,fncas12a_rpr_no,AD_20241203_fnsnrrpr_casvariants_timepoint3_glu,C05,A04,A04,GFP panel,FnCas12a,,RPR1,,No,A04,,1,20_gen,19.7,No,Figure 2,GFP panel replicate kinetics,True,results/01_gfp_library_transfer_counts/tables/gfp_lib_standardized_all_replicates.csv
AD_20241203_fnsnrrpr_casvariants_timepoint3_glu_Experiment_Group_C06.fcs,fncas12a_rpr_no,AD_20241203_fnsnrrpr_casvariants_timepoint3_glu,C06,C03,C03,GFP panel,FnCas12a,,RPR1,,No,C03,,1,20_gen,16.7,No,Figure 2,GFP panel replicate kinetics,True,results/01_gfp_library_transfer_counts/tables/gfp_lib_standardized_all_replicates.csv
AD_20241203_fnsnrrpr_casvariants_timepoint3_glu_Experiment_Group_C07.fcs,fncas12a_rpr_no,AD_20241203_fnsnrrpr_casvariants_timepoint3_glu,C07,E02,E02,GFP panel,FnCas12a,,RPR1,,No,E02,,1,20_gen,18.0,No,Figure 2,GFP panel replicate kinetics,True,results/01_gfp_library_transfer_counts/tables/gfp_lib_standardized_all_replicates.csv
AD_20241203_fnsnrrpr_casvariants_timepoint3_glu_Experiment_Group_D05.fcs,fncas12a_rpr_no,AD_20241203_fnsnrrpr_casvariants_timepoint3_glu,D05,A04,A04,GFP panel,FnCas12a,,RPR1,,No,A04,,2,20_gen,20.1,No,Figure 2,GFP panel replicate kinetics,True,results/01_gfp_library_transfer_counts/tables/gfp_lib_standardized_all_replicates.csv
AD_20241203_fnsnrrpr_casvariants_timepoint3_glu_Experiment_Group_D06.fcs,fncas12a_rpr_no,AD_20241203_fnsnrrpr_casvariants_timepoint3_glu,D06,C03,C03,GFP panel,FnCas12a,,RPR1,,No,C03,,2,20_gen,16.1,No,Figure 2,GFP panel replicate kinetics,True,results/01_gfp_library_transfer_counts/tables/gfp_lib_standardized_all_replicates.csv
AD_20241203_fnsnrrpr_casvariants_timepoint3_glu_Experiment_Group_D07.fcs,fncas12a_rpr_no,AD_20241203_fnsnrrpr_casvariants_timepoint3_glu,D07,E02,E02,GFP panel,FnCas12a,,RPR1,,No,E02,,2,20_gen,18.1,No,Figure 2,GFP panel replicate kinetics,True,results/01_gfp_library_transfer_counts/tables/gfp_lib_standardized_all_replicates.csv
AD_20241203_fnsnrrpr_casvariants_timepoint3_glu_Experiment_Group_E05.fcs,fncas12a_rpr_no,AD_20241203_fnsnrrpr_casvariants_timepoint3_glu,E05,A09,A09,GFP panel,FnCas12a,,RPR1,,No,A09,,1,20_gen,19.6,Yes,Figure 2,GFP panel replicate kinetics,True,results/01_gfp_library_transfer_counts/tables/gfp_lib_standardized_all_replicates.csv
AD_20241203_fnsnrrpr_casvariants_timepoint3_glu_Experiment_Group_E06.fcs,fncas12a_rpr_no,AD_20241203_fnsnrrpr_casvariants_timepoint3_glu,E06,C04,C04,GFP panel,FnCas12a,,RPR1,,No,C04,,1,20_gen,18.2,No,Figure 2,GFP panel replicate kinetics,True,results/01_gfp_library_transfer_counts/tables/gfp_lib_standardized_all_replicates.csv
AD_20241203_fnsnrrpr_casvariants_timepoint3_glu_Experiment_Group_E07.fcs,fncas12a_rpr_no,AD_20241203_fnsnrrpr_casvariants_timepoint3_glu,E07,E05,E05,GFP panel,FnCas12a,,RPR1,,No,E05,,1,20_gen,19.0,No,Figure 2,GFP panel replicate kinetics,True,results/01_gfp_library_transfer_counts/tables/gfp_lib_standardized_all_replicates.csv
AD_20241203_fnsnrrpr_casvariants_timepoint3_glu_Experiment_Group_F05.fcs,fncas12a_rpr_no,AD_20241203_fnsnrrpr_casvariants_timepoint3_glu,F05,A09,A09,GFP panel,FnCas12a,,RPR1,,No,A09,,2,20_gen,19.4,Yes,Figure 2,GFP panel replicate kinetics,True,results/01_gfp_library_transfer_counts/tables/gfp_lib_standardized_all_replicates.csv
AD_20241203_fnsnrrpr_casvariants_timepoint3_glu_Experiment_Group_F06.fcs,fncas12a_rpr_no,AD_20241203_fnsnrrpr_casvariants_timepoint3_glu,F06,C04,C04,GFP panel,FnCas12a,,RPR1,,No,C04,,2,20_gen,19.4,No,Figure 2,GFP panel replicate kinetics,True,results/01_gfp_library_transfer_counts/tables/gfp_lib_standardized_all_replicates.csv
AD_20241203_fnsnrrpr_casvariants_timepoint3_glu_Experiment_Group_F07.fcs,fncas12a_rpr_no,AD_20241203_fnsnrrpr_casvariants_timepoint3_glu,F07,E05,E05,GFP panel,FnCas12a,,RPR1,,No,E05,,2,20_gen,20.4,No,Figure 2,GFP panel replicate kinetics,True,results/01_gfp_library_transfer_counts/tables/gfp_lib_standardized_all_replicates.csv
AD_20241203_fnsnrrpr_casvariants_timepoint3_glu_Experiment_Group_G05.fcs,fncas12a_rpr_no,AD_20241203_fnsnrrpr_casvariants_timepoint3_glu,G05,A12,A12,GFP panel,FnCas12a,,RPR1,,No,A12,,1,20_gen,19.3,No,Figure 2,GFP panel replicate kinetics,True,results/01_gfp_library_transfer_counts/tables/gfp_lib_standardized_all_replicates.csv
AD_20241203_fnsnrrpr_casvariants_timepoint3_glu_Experiment_Group_G06.fcs,fncas12a_rpr_no,AD_20241203_fnsnrrpr_casvariants_timepoint3_glu,G06,C05,C05,GFP panel,FnCas12a,,RPR1,,No,C05,,1,20_gen,19.5,No,Figure 2,GFP panel replicate kinetics,True,results/01_gfp_library_transfer_counts/tables/gfp_lib_standardized_all_replicates.csv
AD_20241203_fnsnrrpr_casvariants_timepoint3_glu_Experiment_Group_G07.fcs,fncas12a_rpr_no,AD_20241203_fnsnrrpr_casvariants_timepoint3_glu,G07,G03,G03,GFP panel,FnCas12a,,RPR1,,No,G03,,1,20_gen,19.7,No,Figure 2,GFP panel replicate kinetics,True,results/01_gfp_library_transfer_counts/tables/gfp_lib_standardized_all_replicates.csv
AD_20241203_fnsnrrpr_casvariants_timepoint3_glu_Experiment_Group_H05.fcs,fncas12a_rpr_no,AD_20241203_fnsnrrpr_casvariants_timepoint3_glu,H05,A12,A12,GFP panel,FnCas12a,,RPR1,,No,A12,,2,20_gen,17.2,No,Figure 2,GFP panel replicate kinetics,True,results/01_gfp_library_transfer_counts/tables/gfp_lib_standardized_all_replicates.csv
AD_20241203_fnsnrrpr_casvariants_timepoint3_glu_Experiment_Group_H06.fcs,fncas12a_rpr_no,AD_20241203_fnsnrrpr_casvariants_timepoint3_glu,H06,C05,C05,GFP panel,FnCas12a,,RPR1,,No,C05,,2,20_gen,19.8,No,Figure 2,GFP panel replicate kinetics,True,results/01_gfp_library_transfer_counts/tables/gfp_lib_standardized_all_replicates.csv
AD_20241203_fnsnrrpr_casvariants_timepoint3_glu_Experiment_Group_H07.fcs,fncas12a_rpr_no,AD_20241203_fnsnrrpr_casvariants_timepoint3_glu,H07,G03,G03,GFP panel,FnCas12a,,RPR1,,No,G03,,2,20_gen,19.4,No,Figure 2,GFP panel replicate kinetics,True,results/01_gfp_library_transfer_counts/tables/gfp_lib_standardized_all_replicates.csv
AD_20241203_fnsnrrpr_casvariants_timepoint1_Experiment_Group_A05.fcs,fncas12a_rpr_no,AD_20241203_fnsnrrpr_casvariants_timepoint1,A05,A01,A01,GFP panel,FnCas12a,,RPR1,,No,A01,,1,6_gen,5.1,No,Figure 2,GFP panel replicate kinetics,True,results/01_gfp_library_transfer_counts/tables/gfp_lib_standardized_all_replicates.csv
AD_20241203_fnsnrrpr_casvariants_timepoint1_Experiment_Group_A06.fcs,fncas12a_rpr_no,AD_20241203_fnsnrrpr_casvariants_timepoint1,A06,B05,B05,GFP panel,FnCas12a,,RPR1,,No,B05,,1,6_gen,1.6,No,Figure 2,GFP panel replicate kinetics,True,results/01_gfp_library_transfer_counts/tables/gfp_lib_standardized_all_replicates.csv
AD_20241203_fnsnrrpr_casvariants_timepoint1_Experiment_Group_A07.fcs,fncas12a_rpr_no,AD_20241203_fnsnrrpr_casvariants_timepoint1,A07,E01,E01,GFP panel,FnCas12a,,RPR1,,No,E01,,1,6_gen,6.1,No,Figure 2,GFP panel replicate kinetics,True,results/01_gfp_library_transfer_counts/tables/gfp_lib_standardized_all_replicates.csv
AD_20241203_fnsnrrpr_casvariants_timepoint1_Experiment_Group_A08.fcs,fncas12a_rpr_no,AD_20241203_fnsnrrpr_casvariants_timepoint1,A08,H11,H11,GFP panel,FnCas12a,,RPR1,,No,H11,,1,6_gen,3.2,No,Figure 2,GFP panel replicate kinetics,True,results/01_gfp_library_transfer_counts/tables/gfp_lib_standardized_all_replicates.csv
AD_20241203_fnsnrrpr_casvariants_timepoint1_Experiment_Group_B05.fcs,fncas12a_rpr_no,AD_20241203_fnsnrrpr_casvariants_timepoint1,B05,A01,A01,GFP panel,FnCas12a,,RPR1,,No,A01,,2,6_gen,5.5,No,Figure 2,GFP panel replicate kinetics,True,results/01_gfp_library_transfer_counts/tables/gfp_lib_standardized_all_replicates.csv
AD_20241203_fnsnrrpr_casvariants_timepoint1_Experiment_Group_B06.fcs,fncas12a_rpr_no,AD_20241203_fnsnrrpr_casvariants_timepoint1,B06,B05,B05,GFP panel,FnCas12a,,RPR1,,No,B05,,2,6_gen,3.7,No,Figure 2,GFP panel replicate kinetics,True,results/01_gfp_library_transfer_counts/tables/gfp_lib_standardized_all_replicates.csv
AD_20241203_fnsnrrpr_casvariants_timepoint1_Experiment_Group_B07.fcs,fncas12a_rpr_no,AD_20241203_fnsnrrpr_casvariants_timepoint1,B07,E01,E01,GFP panel,FnCas12a,,RPR1,,No,E01,,2,6_gen,6.1,No,Figure 2,GFP panel replicate kinetics,True,results/01_gfp_library_transfer_counts/tables/gfp_lib_standardized_all_replicates.csv
AD_20241203_fnsnrrpr_casvariants_timepoint1_Experiment_Group_B08.fcs,fncas12a_rpr_no,AD_20241203_fnsnrrpr_casvariants_timepoint1,B08,H11,H11,GFP panel,FnCas12a,,RPR1,,No,H11,,2,6_gen,3.5,No,Figure 2,GFP panel replicate kinetics,True,results/01_gfp_library_transfer_counts/tables/gfp_lib_standardized_all_replicates.csv
AD_20241203_fnsnrrpr_casvariants_timepoint1_Experiment_Group_C05.fcs,fncas12a_rpr_no,AD_20241203_fnsnrrpr_casvariants_timepoint1,C05,A04,A04,GFP panel,FnCas12a,,RPR1,,No,A04,,1,6_gen,2.3,No,Figure 2,GFP panel replicate kinetics,True,results/01_gfp_library_transfer_counts/tables/gfp_lib_standardized_all_replicates.csv
AD_20241203_fnsnrrpr_casvariants_timepoint1_Experiment_Group_C06.fcs,fncas12a_rpr_no,AD_20241203_fnsnrrpr_casvariants_timepoint1,C06,C03,C03,GFP panel,FnCas12a,,RPR1,,No,C03,,1,6_gen,4.5,No,Figure 2,GFP panel replicate kinetics,True,results/01_gfp_library_transfer_counts/tables/gfp_lib_standardized_all_replicates.csv
AD_20241203_fnsnrrpr_casvariants_timepoint1_Experiment_Group_C07.fcs,fncas12a_rpr_no,AD_20241203_fnsnrrpr_casvariants_timepoint1,C07,E02,E02,GFP panel,FnCas12a,,RPR1,,No,E02,,1,6_gen,4.9,No,Figure 2,GFP panel replicate kinetics,True,results/01_gfp_library_transfer_counts/tables/gfp_lib_standardized_all_replicates.csv
AD_20241203_fnsnrrpr_casvariants_timepoint1_Experiment_Group_D05.fcs,fncas12a_rpr_no,AD_20241203_fnsnrrpr_casvariants_timepoint1,D05,A04,A04,GFP panel,FnCas12a,,RPR1,,No,A04,,2,6_gen,3.2,No,Figure 2,GFP panel replicate kinetics,True,results/01_gfp_library_transfer_counts/tables/gfp_lib_standardized_all_replicates.csv
AD_20241203_fnsnrrpr_casvariants_timepoint1_Experiment_Group_D06.fcs,fncas12a_rpr_no,AD_20241203_fnsnrrpr_casvariants_timepoint1,D06,C03,C03,GFP panel,FnCas12a,,RPR1,,No,C03,,2,6_gen,4.3,No,Figure 2,GFP panel replicate kinetics,True,results/01_gfp_library_transfer_counts/tables/gfp_lib_standardized_all_replicates.csv
AD_20241203_fnsnrrpr_casvariants_timepoint1_Experiment_Group_D07.fcs,fncas12a_rpr_no,AD_20241203_fnsnrrpr_casvariants_timepoint1,D07,E02,E02,GFP panel,FnCas12a,,RPR1,,No,E02,,2,6_gen,4.6,No,Figure 2,GFP panel replicate kinetics,True,results/01_gfp_library_transfer_counts/tables/gfp_lib_standardized_all_replicates.csv
AD_20241203_fnsnrrpr_casvariants_timepoint1_Experiment_Group_E05.fcs,fncas12a_rpr_no,AD_20241203_fnsnrrpr_casvariants_timepoint1,E05,A09,A09,GFP panel,FnCas12a,,RPR1,,No,A09,,1,6_gen,7.0,Yes,Figure 2,GFP panel replicate kinetics,True,results/01_gfp_library_transfer_counts/tables/gfp_lib_standardized_all_replicates.csv
AD_20241203_fnsnrrpr_casvariants_timepoint1_Experiment_Group_E06.fcs,fncas12a_rpr_no,AD_20241203_fnsnrrpr_casvariants_timepoint1,E06,C04,C04,GFP panel,FnCas12a,,RPR1,,No,C04,,1,6_gen,3.2,No,Figure 2,GFP panel replicate kinetics,True,results/01_gfp_library_transfer_counts/tables/gfp_lib_standardized_all_replicates.csv
AD_20241203_fnsnrrpr_casvariants_timepoint1_Experiment_Group_E07.fcs,fncas12a_rpr_no,AD_20241203_fnsnrrpr_casvariants_timepoint1,E07,E05,E05,GFP panel,FnCas12a,,RPR1,,No,E05,,1,6_gen,5.6,No,Figure 2,GFP panel replicate kinetics,True,results/01_gfp_library_transfer_counts/tables/gfp_lib_standardized_all_replicates.csv
AD_20241203_fnsnrrpr_casvariants_timepoint1_Experiment_Group_F05.fcs,fncas12a_rpr_no,AD_20241203_fnsnrrpr_casvariants_timepoint1,F05,A09,A09,GFP panel,FnCas12a,,RPR1,,No,A09,,2,6_gen,6.7,Yes,Figure 2,GFP panel replicate kinetics,True,results/01_gfp_library_transfer_counts/tables/gfp_lib_standardized_all_replicates.csv
AD_20241203_fnsnrrpr_casvariants_timepoint1_Experiment_Group_F06.fcs,fncas12a_rpr_no,AD_20241203_fnsnrrpr_casvariants_timepoint1,F06,C04,C04,GFP panel,FnCas12a,,RPR1,,No,C04,,2,6_gen,3.4,No,Figure 2,GFP panel replicate kinetics,True,results/01_gfp_library_transfer_counts/tables/gfp_lib_standardized_all_replicates.csv
AD_20241203_fnsnrrpr_casvariants_timepoint1_Experiment_Group_F07.fcs,fncas12a_rpr_no,AD_20241203_fnsnrrpr_casvariants_timepoint1,F07,E05,E05,GFP panel,FnCas12a,,RPR1,,No,E05,,2,6_gen,5.7,No,Figure 2,GFP panel replicate kinetics,True,results/01_gfp_library_transfer_counts/tables/gfp_lib_standardized_all_replicates.csv
AD_20241203_fnsnrrpr_casvariants_timepoint1_Experiment_Group_G05.fcs,fncas12a_rpr_no,AD_20241203_fnsnrrpr_casvariants_timepoint1,G05,A12,A12,GFP panel,FnCas12a,,RPR1,,No,A12,,1,6_gen,2.8,No,Figure 2,GFP panel replicate kinetics,True,results/01_gfp_library_transfer_counts/tables/gfp_lib_standardized_all_replicates.csv
AD_20241203_fnsnrrpr_casvariants_timepoint1_Experiment_Group_G06.fcs,fncas12a_rpr_no,AD_20241203_fnsnrrpr_casvariants_timepoint1,G06,C05,C05,GFP panel,FnCas12a,,RPR1,,No,C05,,1,6_gen,6.1,No,Figure 2,GFP panel replicate kinetics,True,results/01_gfp_library_transfer_counts/tables/gfp_lib_standardized_all_replicates.csv
AD_20241203_fnsnrrpr_casvariants_timepoint1_Experiment_Group_G07.fcs,fncas12a_rpr_no,AD_20241203_fnsnrrpr_casvariants_timepoint1,G07,G03,G03,GFP panel,FnCas12a,,RPR1,,No,G03,,1,6_gen,4.9,No,Figure 2,GFP panel replicate kinetics,True,results/01_gfp_library_transfer_counts/tables/gfp_lib_standardized_all_replicates.csv
AD_20241203_fnsnrrpr_casvariants_timepoint1_Experiment_Group_H05.fcs,fncas12a_rpr_no,AD_20241203_fnsnrrpr_casvariants_timepoint1,H05,A12,A12,GFP panel,FnCas12a,,RPR1,,No,A12,,2,6_gen,3.9,No,Figure 2,GFP panel replicate kinetics,True,results/01_gfp_library_transfer_counts/tables/gfp_lib_standardized_all_replicates.csv
AD_20241203_fnsnrrpr_casvariants_timepoint1_Experiment_Group_H06.fcs,fncas12a_rpr_no,AD_20241203_fnsnrrpr_casvariants_timepoint1,H06,C05,C05,GFP panel,FnCas12a,,RPR1,,No,C05,,2,6_gen,5.9,No,Figure 2,GFP panel replicate kinetics,True,results/01_gfp_library_transfer_counts/tables/gfp_lib_standardized_all_replicates.csv
AD_20241203_fnsnrrpr_casvariants_timepoint1_Experiment_Group_H07.fcs,fncas12a_rpr_no,AD_20241203_fnsnrrpr_casvariants_timepoint1,H07,G03,G03,GFP panel,FnCas12a,,RPR1,,No,G03,,2,6_gen,4.4,No,Figure 2,GFP panel replicate kinetics,True,results/01_gfp_library_transfer_counts/tables/gfp_lib_standardized_all_replicates.csv
AD_20241203_fnsnrrpr_casvariants_scraped_Experiment_Group_A05.fcs,fncas12a_rpr_no,AD_20241203_fnsnrrpr_casvariants_scraped,A05,A12,A12,GFP panel,FnCas12a,,RPR1,,No,A12,,1,scraped,0.0,No,Figure 2,GFP panel replicate kinetics,True,results/01_gfp_library_transfer_counts/tables/gfp_lib_standardized_all_replicates.csv
AD_20241203_fnsnrrpr_casvariants_scraped_Experiment_Group_A06.fcs,fncas12a_rpr_no,AD_20241203_fnsnrrpr_casvariants_scraped,A06,C05,C05,GFP panel,FnCas12a,,RPR1,,No,C05,,1,scraped,0.0,No,Figure 2,GFP panel replicate kinetics,True,results/01_gfp_library_transfer_counts/tables/gfp_lib_standardized_all_replicates.csv
AD_20241203_fnsnrrpr_casvariants_scraped_Experiment_Group_A07.fcs,fncas12a_rpr_no,AD_20241203_fnsnrrpr_casvariants_scraped,A07,G03,G03,GFP panel,FnCas12a,,RPR1,,No,G03,,1,scraped,0.0,No,Figure 2,GFP panel replicate kinetics,True,results/01_gfp_library_transfer_counts/tables/gfp_lib_standardized_all_replicates.csv
AD_20241203_fnsnrrpr_casvariants_scraped_Experiment_Group_B05.fcs,fncas12a_rpr_no,AD_20241203_fnsnrrpr_casvariants_scraped,B05,A12,A12,GFP panel,FnCas12a,,RPR1,,No,A12,,2,scraped,0.0,No,Figure 2,GFP panel replicate kinetics,True,results/01_gfp_library_transfer_counts/tables/gfp_lib_standardized_all_replicates.csv
AD_20241203_fnsnrrpr_casvariants_scraped_Experiment_Group_B06.fcs,fncas12a_rpr_no,AD_20241203_fnsnrrpr_casvariants_scraped,B06,C05,C05,GFP panel,FnCas12a,,RPR1,,No,C05,,2,scraped,0.0,No,Figure 2,GFP panel replicate kinetics,True,results/01_gfp_library_transfer_counts/tables/gfp_lib_standardized_all_replicates.csv
AD_20241203_fnsnrrpr_casvariants_scraped_Experiment_Group_B07.fcs,fncas12a_rpr_no,AD_20241203_fnsnrrpr_casvariants_scraped,B07,G03,G03,GFP panel,FnCas12a,,RPR1,,No,G03,,2,scraped,0.0,No,Figure 2,GFP panel replicate kinetics,True,results/01_gfp_library_transfer_counts/tables/gfp_lib_standardized_all_replicates.csv
AD_20241203_fnsnrrpr_casvariants_scraped_Experiment_Group_C04.fcs,fncas12a_rpr_no,AD_20241203_fnsnrrpr_casvariants_scraped,C04,A01,A01,GFP panel,FnCas12a,,RPR1,,No,A01,,1,scraped,0.0,No,Figure 2,GFP panel replicate kinetics,True,results/01_gfp_library_transfer_counts/tables/gfp_lib_standardized_all_replicates.csv
AD_20241203_fnsnrrpr_casvariants_scraped_Experiment_Group_C05.fcs,fncas12a_rpr_no,AD_20241203_fnsnrrpr_casvariants_scraped,C05,B05,B05,GFP panel,FnCas12a,,RPR1,,No,B05,,1,scraped,0.0,No,Figure 2,GFP panel replicate kinetics,True,results/01_gfp_library_transfer_counts/tables/gfp_lib_standardized_all_replicates.csv
AD_20241203_fnsnrrpr_casvariants_scraped_Experiment_Group_C06.fcs,fncas12a_rpr_no,AD_20241203_fnsnrrpr_casvariants_scraped,C06,E01,E01,GFP panel,FnCas12a,,RPR1,,No,E01,,1,scraped,0.0,No,Figure 2,GFP panel replicate kinetics,True,results/01_gfp_library_transfer_counts/tables/gfp_lib_standardized_all_replicates.csv
AD_20241203_fnsnrrpr_casvariants_scraped_Experiment_Group_C07.fcs,fncas12a_rpr_no,AD_20241203_fnsnrrpr_casvariants_scraped,C07,H11,H11,GFP panel,FnCas12a,,RPR1,,No,H11,,1,scraped,0.0,No,Figure 2,GFP panel replicate kinetics,True,results/01_gfp_library_transfer_counts/tables/gfp_lib_standardized_all_replicates.csv
AD_20241203_fnsnrrpr_casvariants_scraped_Experiment_Group_D04.fcs,fncas12a_rpr_no,AD_20241203_fnsnrrpr_casvariants_scraped,D04,A01,A01,GFP panel,FnCas12a,,RPR1,,No,A01,,2,scraped,0.0,No,Figure 2,GFP panel replicate kinetics,True,results/01_gfp_library_transfer_counts/tables/gfp_lib_standardized_all_replicates.csv
AD_20241203_fnsnrrpr_casvariants_scraped_Experiment_Group_D05.fcs,fncas12a_rpr_no,AD_20241203_fnsnrrpr_casvariants_scraped,D05,B05,B05,GFP panel,FnCas12a,,RPR1,,No,B05,,2,scraped,0.0,No,Figure 2,GFP panel replicate kinetics,True,results/01_gfp_library_transfer_counts/tables/gfp_lib_standardized_all_replicates.csv
AD_20241203_fnsnrrpr_casvariants_scraped_Experiment_Group_D06.fcs,fncas12a_rpr_no,AD_20241203_fnsnrrpr_casvariants_scraped,D06,E01,E01,GFP panel,FnCas12a,,RPR1,,No,E01,,2,scraped,0.0,No,Figure 2,GFP panel replicate kinetics,True,results/01_gfp_library_transfer_counts/tables/gfp_lib_standardized_all_replicates.csv
AD_20241203_fnsnrrpr_casvariants_scraped_Experiment_Group_D07.fcs,fncas12a_rpr_no,AD_20241203_fnsnrrpr_casvariants_scraped,D07,H11,H11,GFP panel,FnCas12a,,RPR1,,No,H11,,2,scraped,0.0,No,Figure 2,GFP panel replicate kinetics,True,results/01_gfp_library_transfer_counts/tables/gfp_lib_standardized_all_replicates.csv
AD_20241203_fnsnrrpr_casvariants_scraped_Experiment_Group_E04.fcs,fncas12a_rpr_no,AD_20241203_fnsnrrpr_casvariants_scraped,E04,A04,A04,GFP panel,FnCas12a,,RPR1,,No,A04,,1,scraped,0.0,No,Figure 2,GFP panel replicate kinetics,True,results/01_gfp_library_transfer_counts/tables/gfp_lib_standardized_all_replicates.csv
AD_20241203_fnsnrrpr_casvariants_scraped_Experiment_Group_E05.fcs,fncas12a_rpr_no,AD_20241203_fnsnrrpr_casvariants_scraped,E05,C03,C03,GFP panel,FnCas12a,,RPR1,,No,C03,,1,scraped,0.0,No,Figure 2,GFP panel replicate kinetics,True,results/01_gfp_library_transfer_counts/tables/gfp_lib_standardized_all_replicates.csv
AD_20241203_fnsnrrpr_casvariants_scraped_Experiment_Group_E06.fcs,fncas12a_rpr_no,AD_20241203_fnsnrrpr_casvariants_scraped,E06,E02,E02,GFP panel,FnCas12a,,RPR1,,No,E02,,1,scraped,0.0,No,Figure 2,GFP panel replicate kinetics,True,results/01_gfp_library_transfer_counts/tables/gfp_lib_standardized_all_replicates.csv
AD_20241203_fnsnrrpr_casvariants_scraped_Experiment_Group_F04.fcs,fncas12a_rpr_no,AD_20241203_fnsnrrpr_casvariants_scraped,F04,A04,A04,GFP panel,FnCas12a,,RPR1,,No,A04,,2,scraped,0.0,No,Figure 2,GFP panel replicate kinetics,True,results/01_gfp_library_transfer_counts/tables/gfp_lib_standardized_all_replicates.csv
AD_20241203_fnsnrrpr_casvariants_scraped_Experiment_Group_F05.fcs,fncas12a_rpr_no,AD_20241203_fnsnrrpr_casvariants_scraped,F05,C03,C03,GFP panel,FnCas12a,,RPR1,,No,C03,,2,scraped,0.0,No,Figure 2,GFP panel replicate kinetics,True,results/01_gfp_library_transfer_counts/tables/gfp_lib_standardized_all_replicates.csv
AD_20241203_fnsnrrpr_casvariants_scraped_Experiment_Group_F06.fcs,fncas12a_rpr_no,AD_20241203_fnsnrrpr_casvariants_scraped,F06,E02,E02,GFP panel,FnCas12a,,RPR1,,No,E02,,2,scraped,0.0,No,Figure 2,GFP panel replicate kinetics,True,results/01_gfp_library_transfer_counts/tables/gfp_lib_standardized_all_replicates.csv
AD_20241203_fnsnrrpr_casvariants_scraped_Experiment_Group_G04.fcs,fncas12a_rpr_no,AD_20241203_fnsnrrpr_casvariants_scraped,G04,A09,A09,GFP panel,FnCas12a,,RPR1,,No,A09,,1,scraped,0.0,Yes,Figure 2,GFP panel replicate kinetics,True,results/01_gfp_library_transfer_counts/tables/gfp_lib_standardized_all_replicates.csv
AD_20241203_fnsnrrpr_casvariants_scraped_Experiment_Group_G05.fcs,fncas12a_rpr_no,AD_20241203_fnsnrrpr_casvariants_scraped,G05,C04,C04,GFP panel,FnCas12a,,RPR1,,No,C04,,1,scraped,0.0,No,Figure 2,GFP panel replicate kinetics,True,results/01_gfp_library_transfer_counts/tables/gfp_lib_standardized_all_replicates.csv
AD_20241203_fnsnrrpr_casvariants_scraped_Experiment_Group_G06.fcs,fncas12a_rpr_no,AD_20241203_fnsnrrpr_casvariants_scraped,G06,E05,E05,GFP panel,FnCas12a,,RPR1,,No,E05,,1,scraped,0.0,No,Figure 2,GFP panel replicate kinetics,True,results/01_gfp_library_transfer_counts/tables/gfp_lib_standardized_all_replicates.csv
AD_20241203_fnsnrrpr_casvariants_scraped_Experiment_Group_H04.fcs,fncas12a_rpr_no,AD_20241203_fnsnrrpr_casvariants_scraped,H04,A09,A09,GFP panel,FnCas12a,,RPR1,,No,A09,,2,scraped,0.0,Yes,Figure 2,GFP panel replicate kinetics,True,results/01_gfp_library_transfer_counts/tables/gfp_lib_standardized_all_replicates.csv
AD_20241203_fnsnrrpr_casvariants_scraped_Experiment_Group_H05.fcs,fncas12a_rpr_no,AD_20241203_fnsnrrpr_casvariants_scraped,H05,C04,C04,GFP panel,FnCas12a,,RPR1,,No,C04,,2,scraped,0.0,No,Figure 2,GFP panel replicate kinetics,True,results/01_gfp_library_transfer_counts/tables/gfp_lib_standardized_all_replicates.csv
AD_20241203_fnsnrrpr_casvariants_scraped_Experiment_Group_H06.fcs,fncas12a_rpr_no,AD_20241203_fnsnrrpr_casvariants_scraped,H06,E05,E05,GFP panel,FnCas12a,,RPR1,,No,E05,,2,scraped,0.0,No,Figure 2,GFP panel replicate kinetics,True,results/01_gfp_library_transfer_counts/tables/gfp_lib_standardized_all_replicates.csv
AD_20241205_gfplib_fncas12a_lexA_snrrpr_timepoint3_Experiment_Group_A05.fcs,fncas12a_rpr_yes,AD_20241205_gfplib_fncas12a_lexA_snrrpr_timepoint3,A05,A01,A01,GFP panel,FnCas12a,,RPR1,,Yes,A01,,1,11_gen,12.1,No,Figure 2,GFP panel replicate kinetics,True,results/01_gfp_library_transfer_counts/tables/gfp_lib_standardized_all_replicates.csv
AD_20241205_gfplib_fncas12a_lexA_snrrpr_timepoint3_Experiment_Group_A06.fcs,fncas12a_rpr_yes,AD_20241205_gfplib_fncas12a_lexA_snrrpr_timepoint3,A06,B05,B05,GFP panel,FnCas12a,,RPR1,,Yes,B05,,1,11_gen,10.3,No,Figure 2,GFP panel replicate kinetics,True,results/01_gfp_library_transfer_counts/tables/gfp_lib_standardized_all_replicates.csv
AD_20241205_gfplib_fncas12a_lexA_snrrpr_timepoint3_Experiment_Group_A07.fcs,fncas12a_rpr_yes,AD_20241205_gfplib_fncas12a_lexA_snrrpr_timepoint3,A07,E01,E01,GFP panel,FnCas12a,,RPR1,,Yes,E01,,1,11_gen,10.7,No,Figure 2,GFP panel replicate kinetics,True,results/01_gfp_library_transfer_counts/tables/gfp_lib_standardized_all_replicates.csv
AD_20241205_gfplib_fncas12a_lexA_snrrpr_timepoint3_Experiment_Group_A08.fcs,fncas12a_rpr_yes,AD_20241205_gfplib_fncas12a_lexA_snrrpr_timepoint3,A08,H11,H11,GFP panel,FnCas12a,,RPR1,,Yes,H11,,1,11_gen,9.2,No,Figure 2,GFP panel replicate kinetics,True,results/01_gfp_library_transfer_counts/tables/gfp_lib_standardized_all_replicates.csv
AD_20241205_gfplib_fncas12a_lexA_snrrpr_timepoint3_Experiment_Group_B05.fcs,fncas12a_rpr_yes,AD_20241205_gfplib_fncas12a_lexA_snrrpr_timepoint3,B05,A01,A01,GFP panel,FnCas12a,,RPR1,,Yes,A01,,2,11_gen,11.9,No,Figure 2,GFP panel replicate kinetics,True,results/01_gfp_library_transfer_counts/tables/gfp_lib_standardized_all_replicates.csv
AD_20241205_gfplib_fncas12a_lexA_snrrpr_timepoint3_Experiment_Group_B06.fcs,fncas12a_rpr_yes,AD_20241205_gfplib_fncas12a_lexA_snrrpr_timepoint3,B06,B05,B05,GFP panel,FnCas12a,,RPR1,,Yes,B05,,2,11_gen,10.7,No,Figure 2,GFP panel replicate kinetics,True,results/01_gfp_library_transfer_counts/tables/gfp_lib_standardized_all_replicates.csv
AD_20241205_gfplib_fncas12a_lexA_snrrpr_timepoint3_Experiment_Group_B07.fcs,fncas12a_rpr_yes,AD_20241205_gfplib_fncas12a_lexA_snrrpr_timepoint3,B07,E01,E01,GFP panel,FnCas12a,,RPR1,,Yes,E01,,2,11_gen,8.8,No,Figure 2,GFP panel replicate kinetics,True,results/01_gfp_library_transfer_counts/tables/gfp_lib_standardized_all_replicates.csv
AD_20241205_gfplib_fncas12a_lexA_snrrpr_timepoint3_Experiment_Group_B08.fcs,fncas12a_rpr_yes,AD_20241205_gfplib_fncas12a_lexA_snrrpr_timepoint3,B08,H11,H11,GFP panel,FnCas12a,,RPR1,,Yes,H11,,2,11_gen,9.9,No,Figure 2,GFP panel replicate kinetics,True,results/01_gfp_library_transfer_counts/tables/gfp_lib_standardized_all_replicates.csv
AD_20241205_gfplib_fncas12a_lexA_snrrpr_timepoint3_Experiment_Group_C05.fcs,fncas12a_rpr_yes,AD_20241205_gfplib_fncas12a_lexA_snrrpr_timepoint3,C05,A04,A04,GFP panel,FnCas12a,,RPR1,,Yes,A04,,1,11_gen,11.7,No,Figure 2,GFP panel replicate kinetics,True,results/01_gfp_library_transfer_counts/tables/gfp_lib_standardized_all_replicates.csv
AD_20241205_gfplib_fncas12a_lexA_snrrpr_timepoint3_Experiment_Group_C06.fcs,fncas12a_rpr_yes,AD_20241205_gfplib_fncas12a_lexA_snrrpr_timepoint3,C06,C03,C03,GFP panel,FnCas12a,,RPR1,,Yes,C03,,1,11_gen,10.1,No,Figure 2,GFP panel replicate kinetics,True,results/01_gfp_library_transfer_counts/tables/gfp_lib_standardized_all_replicates.csv
AD_20241205_gfplib_fncas12a_lexA_snrrpr_timepoint3_Experiment_Group_C07.fcs,fncas12a_rpr_yes,AD_20241205_gfplib_fncas12a_lexA_snrrpr_timepoint3,C07,E02,E02,GFP panel,FnCas12a,,RPR1,,Yes,E02,,1,11_gen,10.0,No,Figure 2,GFP panel replicate kinetics,True,results/01_gfp_library_transfer_counts/tables/gfp_lib_standardized_all_replicates.csv
AD_20241205_gfplib_fncas12a_lexA_snrrpr_timepoint3_Experiment_Group_D05.fcs,fncas12a_rpr_yes,AD_20241205_gfplib_fncas12a_lexA_snrrpr_timepoint3,D05,A04,A04,GFP panel,FnCas12a,,RPR1,,Yes,A04,,2,11_gen,11.9,No,Figure 2,GFP panel replicate kinetics,True,results/01_gfp_library_transfer_counts/tables/gfp_lib_standardized_all_replicates.csv
AD_20241205_gfplib_fncas12a_lexA_snrrpr_timepoint3_Experiment_Group_D06.fcs,fncas12a_rpr_yes,AD_20241205_gfplib_fncas12a_lexA_snrrpr_timepoint3,D06,C03,C03,GFP panel,FnCas12a,,RPR1,,Yes,C03,,2,11_gen,10.6,No,Figure 2,GFP panel replicate kinetics,True,results/01_gfp_library_transfer_counts/tables/gfp_lib_standardized_all_replicates.csv
AD_20241205_gfplib_fncas12a_lexA_snrrpr_timepoint3_Experiment_Group_D07.fcs,fncas12a_rpr_yes,AD_20241205_gfplib_fncas12a_lexA_snrrpr_timepoint3,D07,E02,E02,GFP panel,FnCas12a,,RPR1,,Yes,E02,,2,11_gen,10.2,No,Figure 2,GFP panel replicate kinetics,True,results/01_gfp_library_transfer_counts/tables/gfp_lib_standardized_all_replicates.csv
AD_20241205_gfplib_fncas12a_lexA_snrrpr_timepoint3_Experiment_Group_E05.fcs,fncas12a_rpr_yes,AD_20241205_gfplib_fncas12a_lexA_snrrpr_timepoint3,E05,A09,A09,GFP panel,FnCas12a,,RPR1,,Yes,A09,,1,11_gen,12.0,Yes,Figure 2,GFP panel replicate kinetics,True,results/01_gfp_library_transfer_counts/tables/gfp_lib_standardized_all_replicates.csv
AD_20241205_gfplib_fncas12a_lexA_snrrpr_timepoint3_Experiment_Group_E06.fcs,fncas12a_rpr_yes,AD_20241205_gfplib_fncas12a_lexA_snrrpr_timepoint3,E06,C04,C04,GFP panel,FnCas12a,,RPR1,,Yes,C04,,1,11_gen,11.1,No,Figure 2,GFP panel replicate kinetics,True,results/01_gfp_library_transfer_counts/tables/gfp_lib_standardized_all_replicates.csv
AD_20241205_gfplib_fncas12a_lexA_snrrpr_timepoint3_Experiment_Group_E07.fcs,fncas12a_rpr_yes,AD_20241205_gfplib_fncas12a_lexA_snrrpr_timepoint3,E07,E05,E05,GFP panel,FnCas12a,,RPR1,,Yes,E05,,1,11_gen,10.6,No,Figure 2,GFP panel replicate kinetics,True,results/01_gfp_library_transfer_counts/tables/gfp_lib_standardized_all_replicates.csv
AD_20241205_gfplib_fncas12a_lexA_snrrpr_timepoint3_Experiment_Group_F05.fcs,fncas12a_rpr_yes,AD_20241205_gfplib_fncas12a_lexA_snrrpr_timepoint3,F05,A09,A09,GFP panel,FnCas12a,,RPR1,,Yes,A09,,2,11_gen,11.5,Yes,Figure 2,GFP panel replicate kinetics,True,results/01_gfp_library_transfer_counts/tables/gfp_lib_standardized_all_replicates.csv
AD_20241205_gfplib_fncas12a_lexA_snrrpr_timepoint3_Experiment_Group_F06.fcs,fncas12a_rpr_yes,AD_20241205_gfplib_fncas12a_lexA_snrrpr_timepoint3,F06,C04,C04,GFP panel,FnCas12a,,RPR1,,Yes,C04,,2,11_gen,10.4,No,Figure 2,GFP panel replicate kinetics,True,results/01_gfp_library_transfer_counts/tables/gfp_lib_standardized_all_replicates.csv
AD_20241205_gfplib_fncas12a_lexA_snrrpr_timepoint3_Experiment_Group_F07.fcs,fncas12a_rpr_yes,AD_20241205_gfplib_fncas12a_lexA_snrrpr_timepoint3,F07,E05,E05,GFP panel,FnCas12a,,RPR1,,Yes,E05,,2,11_gen,11.5,No,Figure 2,GFP panel replicate kinetics,True,results/01_gfp_library_transfer_counts/tables/gfp_lib_standardized_all_replicates.csv
AD_20241205_gfplib_fncas12a_lexA_snrrpr_timepoint3_Experiment_Group_G05.fcs,fncas12a_rpr_yes,AD_20241205_gfplib_fncas12a_lexA_snrrpr_timepoint3,G05,A12,A12,GFP panel,FnCas12a,,RPR1,,Yes,A12,,1,11_gen,11.9,No,Figure 2,GFP panel replicate kinetics,True,results/01_gfp_library_transfer_counts/tables/gfp_lib_standardized_all_replicates.csv
AD_20241205_gfplib_fncas12a_lexA_snrrpr_timepoint3_Experiment_Group_G06.fcs,fncas12a_rpr_yes,AD_20241205_gfplib_fncas12a_lexA_snrrpr_timepoint3,G06,C05,C05,GFP panel,FnCas12a,,RPR1,,Yes,C05,,1,11_gen,11.0,No,Figure 2,GFP panel replicate kinetics,True,results/01_gfp_library_transfer_counts/tables/gfp_lib_standardized_all_replicates.csv
AD_20241205_gfplib_fncas12a_lexA_snrrpr_timepoint3_Experiment_Group_G07.fcs,fncas12a_rpr_yes,AD_20241205_gfplib_fncas12a_lexA_snrrpr_timepoint3,G07,G03,G03,GFP panel,FnCas12a,,RPR1,,Yes,G03,,1,11_gen,9.8,No,Figure 2,GFP panel replicate kinetics,True,results/01_gfp_library_transfer_counts/tables/gfp_lib_standardized_all_replicates.csv
AD_20241205_gfplib_fncas12a_lexA_snrrpr_timepoint3_Experiment_Group_H05.fcs,fncas12a_rpr_yes,AD_20241205_gfplib_fncas12a_lexA_snrrpr_timepoint3,H05,A12,A12,GFP panel,FnCas12a,,RPR1,,Yes,A12,,2,11_gen,12.0,No,Figure 2,GFP panel replicate kinetics,True,results/01_gfp_library_transfer_counts/tables/gfp_lib_standardized_all_replicates.csv
AD_20241205_gfplib_fncas12a_lexA_snrrpr_timepoint3_Experiment_Group_H06.fcs,fncas12a_rpr_yes,AD_20241205_gfplib_fncas12a_lexA_snrrpr_timepoint3,H06,C05,C05,GFP panel,FnCas12a,,RPR1,,Yes,C05,,2,11_gen,10.8,No,Figure 2,GFP panel replicate kinetics,True,results/01_gfp_library_transfer_counts/tables/gfp_lib_standardized_all_replicates.csv
AD_20241205_gfplib_fncas12a_lexA_snrrpr_timepoint3_Experiment_Group_H07.fcs,fncas12a_rpr_yes,AD_20241205_gfplib_fncas12a_lexA_snrrpr_timepoint3,H07,G03,G03,GFP panel,FnCas12a,,RPR1,,Yes,G03,,2,11_gen,10.6,No,Figure 2,GFP panel replicate kinetics,True,results/01_gfp_library_transfer_counts/tables/gfp_lib_standardized_all_replicates.csv
AD_20241205_gfplib_fncas12a_lexA_snrrpr_timepoint4_Experiment_Group_A05.fcs,fncas12a_rpr_yes,AD_20241205_gfplib_fncas12a_lexA_snrrpr_timepoint4,A05,A01,A01,GFP panel,FnCas12a,,RPR1,,Yes,A01,,1,20_gen,20.9,No,Figure 2,GFP panel replicate kinetics,True,results/01_gfp_library_transfer_counts/tables/gfp_lib_standardized_all_replicates.csv
AD_20241205_gfplib_fncas12a_lexA_snrrpr_timepoint4_Experiment_Group_A06.fcs,fncas12a_rpr_yes,AD_20241205_gfplib_fncas12a_lexA_snrrpr_timepoint4,A06,B05,B05,GFP panel,FnCas12a,,RPR1,,Yes,B05,,1,20_gen,16.2,No,Figure 2,GFP panel replicate kinetics,True,results/01_gfp_library_transfer_counts/tables/gfp_lib_standardized_all_replicates.csv
AD_20241205_gfplib_fncas12a_lexA_snrrpr_timepoint4_Experiment_Group_A07.fcs,fncas12a_rpr_yes,AD_20241205_gfplib_fncas12a_lexA_snrrpr_timepoint4,A07,E01,E01,GFP panel,FnCas12a,,RPR1,,Yes,E01,,1,20_gen,15.6,No,Figure 2,GFP panel replicate kinetics,True,results/01_gfp_library_transfer_counts/tables/gfp_lib_standardized_all_replicates.csv
AD_20241205_gfplib_fncas12a_lexA_snrrpr_timepoint4_Experiment_Group_A08.fcs,fncas12a_rpr_yes,AD_20241205_gfplib_fncas12a_lexA_snrrpr_timepoint4,A08,H11,H11,GFP panel,FnCas12a,,RPR1,,Yes,H11,,1,20_gen,16.9,No,Figure 2,GFP panel replicate kinetics,True,results/01_gfp_library_transfer_counts/tables/gfp_lib_standardized_all_replicates.csv
AD_20241205_gfplib_fncas12a_lexA_snrrpr_timepoint4_Experiment_Group_B05.fcs,fncas12a_rpr_yes,AD_20241205_gfplib_fncas12a_lexA_snrrpr_timepoint4,B05,A01,A01,GFP panel,FnCas12a,,RPR1,,Yes,A01,,2,20_gen,20.2,No,Figure 2,GFP panel replicate kinetics,True,results/01_gfp_library_transfer_counts/tables/gfp_lib_standardized_all_replicates.csv
AD_20241205_gfplib_fncas12a_lexA_snrrpr_timepoint4_Experiment_Group_B06.fcs,fncas12a_rpr_yes,AD_20241205_gfplib_fncas12a_lexA_snrrpr_timepoint4,B06,B05,B05,GFP panel,FnCas12a,,RPR1,,Yes,B05,,2,20_gen,18.7,No,Figure 2,GFP panel replicate kinetics,True,results/01_gfp_library_transfer_counts/tables/gfp_lib_standardized_all_replicates.csv
AD_20241205_gfplib_fncas12a_lexA_snrrpr_timepoint4_Experiment_Group_B07.fcs,fncas12a_rpr_yes,AD_20241205_gfplib_fncas12a_lexA_snrrpr_timepoint4,B07,E01,E01,GFP panel,FnCas12a,,RPR1,,Yes,E01,,2,20_gen,15.1,No,Figure 2,GFP panel replicate kinetics,True,results/01_gfp_library_transfer_counts/tables/gfp_lib_standardized_all_replicates.csv
AD_20241205_gfplib_fncas12a_lexA_snrrpr_timepoint4_Experiment_Group_B08.fcs,fncas12a_rpr_yes,AD_20241205_gfplib_fncas12a_lexA_snrrpr_timepoint4,B08,H11,H11,GFP panel,FnCas12a,,RPR1,,Yes,H11,,2,20_gen,15.1,No,Figure 2,GFP panel replicate kinetics,True,results/01_gfp_library_transfer_counts/tables/gfp_lib_standardized_all_replicates.csv
AD_20241205_gfplib_fncas12a_lexA_snrrpr_timepoint4_Experiment_Group_C05.fcs,fncas12a_rpr_yes,AD_20241205_gfplib_fncas12a_lexA_snrrpr_timepoint4,C05,A04,A04,GFP panel,FnCas12a,,RPR1,,Yes,A04,,1,20_gen,20.2,No,Figure 2,GFP panel replicate kinetics,True,results/01_gfp_library_transfer_counts/tables/gfp_lib_standardized_all_replicates.csv
AD_20241205_gfplib_fncas12a_lexA_snrrpr_timepoint4_Experiment_Group_C06.fcs,fncas12a_rpr_yes,AD_20241205_gfplib_fncas12a_lexA_snrrpr_timepoint4,C06,C03,C03,GFP panel,FnCas12a,,RPR1,,Yes,C03,,1,20_gen,18.0,No,Figure 2,GFP panel replicate kinetics,True,results/01_gfp_library_transfer_counts/tables/gfp_lib_standardized_all_replicates.csv
AD_20241205_gfplib_fncas12a_lexA_snrrpr_timepoint4_Experiment_Group_C07.fcs,fncas12a_rpr_yes,AD_20241205_gfplib_fncas12a_lexA_snrrpr_timepoint4,C07,E02,E02,GFP panel,FnCas12a,,RPR1,,Yes,E02,,1,20_gen,18.5,No,Figure 2,GFP panel replicate kinetics,True,results/01_gfp_library_transfer_counts/tables/gfp_lib_standardized_all_replicates.csv
AD_20241205_gfplib_fncas12a_lexA_snrrpr_timepoint4_Experiment_Group_D05.fcs,fncas12a_rpr_yes,AD_20241205_gfplib_fncas12a_lexA_snrrpr_timepoint4,D05,A04,A04,GFP panel,FnCas12a,,RPR1,,Yes,A04,,2,20_gen,20.6,No,Figure 2,GFP panel replicate kinetics,True,results/01_gfp_library_transfer_counts/tables/gfp_lib_standardized_all_replicates.csv
AD_20241205_gfplib_fncas12a_lexA_snrrpr_timepoint4_Experiment_Group_D06.fcs,fncas12a_rpr_yes,AD_20241205_gfplib_fncas12a_lexA_snrrpr_timepoint4,D06,C03,C03,GFP panel,FnCas12a,,RPR1,,Yes,C03,,2,20_gen,18.8,No,Figure 2,GFP panel replicate kinetics,True,results/01_gfp_library_transfer_counts/tables/gfp_lib_standardized_all_replicates.csv
AD_20241205_gfplib_fncas12a_lexA_snrrpr_timepoint4_Experiment_Group_D07.fcs,fncas12a_rpr_yes,AD_20241205_gfplib_fncas12a_lexA_snrrpr_timepoint4,D07,E02,E02,GFP panel,FnCas12a,,RPR1,,Yes,E02,,2,20_gen,19.1,No,Figure 2,GFP panel replicate kinetics,True,results/01_gfp_library_transfer_counts/tables/gfp_lib_standardized_all_replicates.csv
AD_20241205_gfplib_fncas12a_lexA_snrrpr_timepoint4_Experiment_Group_E05.fcs,fncas12a_rpr_yes,AD_20241205_gfplib_fncas12a_lexA_snrrpr_timepoint4,E05,A09,A09,GFP panel,FnCas12a,,RPR1,,Yes,A09,,1,20_gen,20.1,Yes,Figure 2,GFP panel replicate kinetics,True,results/01_gfp_library_transfer_counts/tables/gfp_lib_standardized_all_replicates.csv
AD_20241205_gfplib_fncas12a_lexA_snrrpr_timepoint4_Experiment_Group_E06.fcs,fncas12a_rpr_yes,AD_20241205_gfplib_fncas12a_lexA_snrrpr_timepoint4,E06,C04,C04,GFP panel,FnCas12a,,RPR1,,Yes,C04,,1,20_gen,19.2,No,Figure 2,GFP panel replicate kinetics,True,results/01_gfp_library_transfer_counts/tables/gfp_lib_standardized_all_replicates.csv
AD_20241205_gfplib_fncas12a_lexA_snrrpr_timepoint4_Experiment_Group_E07.fcs,fncas12a_rpr_yes,AD_20241205_gfplib_fncas12a_lexA_snrrpr_timepoint4,E07,E05,E05,GFP panel,FnCas12a,,RPR1,,Yes,E05,,1,20_gen,18.7,No,Figure 2,GFP panel replicate kinetics,True,results/01_gfp_library_transfer_counts/tables/gfp_lib_standardized_all_replicates.csv
AD_20241205_gfplib_fncas12a_lexA_snrrpr_timepoint4_Experiment_Group_F05.fcs,fncas12a_rpr_yes,AD_20241205_gfplib_fncas12a_lexA_snrrpr_timepoint4,F05,A09,A09,GFP panel,FnCas12a,,RPR1,,Yes,A09,,2,20_gen,20.1,Yes,Figure 2,GFP panel replicate kinetics,True,results/01_gfp_library_transfer_counts/tables/gfp_lib_standardized_all_replicates.csv
AD_20241205_gfplib_fncas12a_lexA_snrrpr_timepoint4_Experiment_Group_F06.fcs,fncas12a_rpr_yes,AD_20241205_gfplib_fncas12a_lexA_snrrpr_timepoint4,F06,C04,C04,GFP panel,FnCas12a,,RPR1,,Yes,C04,,2,20_gen,19.0,No,Figure 2,GFP panel replicate kinetics,True,results/01_gfp_library_transfer_counts/tables/gfp_lib_standardized_all_replicates.csv
AD_20241205_gfplib_fncas12a_lexA_snrrpr_timepoint4_Experiment_Group_F07.fcs,fncas12a_rpr_yes,AD_20241205_gfplib_fncas12a_lexA_snrrpr_timepoint4,F07,E05,E05,GFP panel,FnCas12a,,RPR1,,Yes,E05,,2,20_gen,20.3,No,Figure 2,GFP panel replicate kinetics,True,results/01_gfp_library_transfer_counts/tables/gfp_lib_standardized_all_replicates.csv
AD_20241205_gfplib_fncas12a_lexA_snrrpr_timepoint4_Experiment_Group_G05.fcs,fncas12a_rpr_yes,AD_20241205_gfplib_fncas12a_lexA_snrrpr_timepoint4,G05,A12,A12,GFP panel,FnCas12a,,RPR1,,Yes,A12,,1,20_gen,19.2,No,Figure 2,GFP panel replicate kinetics,True,results/01_gfp_library_transfer_counts/tables/gfp_lib_standardized_all_replicates.csv
AD_20241205_gfplib_fncas12a_lexA_snrrpr_timepoint4_Experiment_Group_G06.fcs,fncas12a_rpr_yes,AD_20241205_gfplib_fncas12a_lexA_snrrpr_timepoint4,G06,C05,C05,GFP panel,FnCas12a,,RPR1,,Yes,C05,,1,20_gen,19.6,No,Figure 2,GFP panel replicate kinetics,True,results/01_gfp_library_transfer_counts/tables/gfp_lib_standardized_all_replicates.csv
AD_20241205_gfplib_fncas12a_lexA_snrrpr_timepoint4_Experiment_Group_G07.fcs,fncas12a_rpr_yes,AD_20241205_gfplib_fncas12a_lexA_snrrpr_timepoint4,G07,G03,G03,GFP panel,FnCas12a,,RPR1,,Yes,G03,,1,20_gen,16.9,No,Figure 2,GFP panel replicate kinetics,True,results/01_gfp_library_transfer_counts/tables/gfp_lib_standardized_all_replicates.csv
AD_20241205_gfplib_fncas12a_lexA_snrrpr_timepoint4_Experiment_Group_H05.fcs,fncas12a_rpr_yes,AD_20241205_gfplib_fncas12a_lexA_snrrpr_timepoint4,H05,A12,A12,GFP panel,FnCas12a,,RPR1,,Yes,A12,,2,20_gen,20.4,No,Figure 2,GFP panel replicate kinetics,True,results/01_gfp_library_transfer_counts/tables/gfp_lib_standardized_all_replicates.csv
AD_20241205_gfplib_fncas12a_lexA_snrrpr_timepoint4_Experiment_Group_H06.fcs,fncas12a_rpr_yes,AD_20241205_gfplib_fncas12a_lexA_snrrpr_timepoint4,H06,C05,C05,GFP panel,FnCas12a,,RPR1,,Yes,C05,,2,20_gen,18.8,No,Figure 2,GFP panel replicate kinetics,True,results/01_gfp_library_transfer_counts/tables/gfp_lib_standardized_all_replicates.csv
AD_20241205_gfplib_fncas12a_lexA_snrrpr_timepoint4_Experiment_Group_H07.fcs,fncas12a_rpr_yes,AD_20241205_gfplib_fncas12a_lexA_snrrpr_timepoint4,H07,G03,G03,GFP panel,FnCas12a,,RPR1,,Yes,G03,,2,20_gen,19.3,No,Figure 2,GFP panel replicate kinetics,True,results/01_gfp_library_transfer_counts/tables/gfp_lib_standardized_all_replicates.csv
AD_20241205_gfplib_fncas12a_lexA_snrrpr_timepoint2_Experiment_Group_rpr_A08.fcs,fncas12a_rpr_yes,AD_20241205_gfplib_fncas12a_lexA_snrrpr_timepoint2,A08,A01,A01,GFP panel,FnCas12a,,RPR1,,Yes,A01,,1,6_gen,5.4,No,Figure 2,GFP panel replicate kinetics,True,results/01_gfp_library_transfer_counts/tables/gfp_lib_standardized_all_replicates.csv
AD_20241205_gfplib_fncas12a_lexA_snrrpr_timepoint2_Experiment_Group_rpr_A09.fcs,fncas12a_rpr_yes,AD_20241205_gfplib_fncas12a_lexA_snrrpr_timepoint2,A09,B05,B05,GFP panel,FnCas12a,,RPR1,,Yes,B05,,1,6_gen,6.1,No,Figure 2,GFP panel replicate kinetics,True,results/01_gfp_library_transfer_counts/tables/gfp_lib_standardized_all_replicates.csv
AD_20241205_gfplib_fncas12a_lexA_snrrpr_timepoint2_Experiment_Group_rpr_A10.fcs,fncas12a_rpr_yes,AD_20241205_gfplib_fncas12a_lexA_snrrpr_timepoint2,A10,E01,E01,GFP panel,FnCas12a,,RPR1,,Yes,E01,,1,6_gen,6.8,No,Figure 2,GFP panel replicate kinetics,True,results/01_gfp_library_transfer_counts/tables/gfp_lib_standardized_all_replicates.csv
AD_20241205_gfplib_fncas12a_lexA_snrrpr_timepoint2_Experiment_Group_rpr_A11.fcs,fncas12a_rpr_yes,AD_20241205_gfplib_fncas12a_lexA_snrrpr_timepoint2,A11,H11,H11,GFP panel,FnCas12a,,RPR1,,Yes,H11,,1,6_gen,4.8,No,Figure 2,GFP panel replicate kinetics,True,results/01_gfp_library_transfer_counts/tables/gfp_lib_standardized_all_replicates.csv
AD_20241205_gfplib_fncas12a_lexA_snrrpr_timepoint2_Experiment_Group_rpr_B08.fcs,fncas12a_rpr_yes,AD_20241205_gfplib_fncas12a_lexA_snrrpr_timepoint2,B08,A01,A01,GFP panel,FnCas12a,,RPR1,,Yes,A01,,2,6_gen,7.1,No,Figure 2,GFP panel replicate kinetics,True,results/01_gfp_library_transfer_counts/tables/gfp_lib_standardized_all_replicates.csv
AD_20241205_gfplib_fncas12a_lexA_snrrpr_timepoint2_Experiment_Group_rpr_B09.fcs,fncas12a_rpr_yes,AD_20241205_gfplib_fncas12a_lexA_snrrpr_timepoint2,B09,B05,B05,GFP panel,FnCas12a,,RPR1,,Yes,B05,,2,6_gen,5.9,No,Figure 2,GFP panel replicate kinetics,True,results/01_gfp_library_transfer_counts/tables/gfp_lib_standardized_all_replicates.csv
AD_20241205_gfplib_fncas12a_lexA_snrrpr_timepoint2_Experiment_Group_rpr_B10.fcs,fncas12a_rpr_yes,AD_20241205_gfplib_fncas12a_lexA_snrrpr_timepoint2,B10,E01,E01,GFP panel,FnCas12a,,RPR1,,Yes,E01,,2,6_gen,6.3,No,Figure 2,GFP panel replicate kinetics,True,results/01_gfp_library_transfer_counts/tables/gfp_lib_standardized_all_replicates.csv
AD_20241205_gfplib_fncas12a_lexA_snrrpr_timepoint2_Experiment_Group_rpr_B11.fcs,fncas12a_rpr_yes,AD_20241205_gfplib_fncas12a_lexA_snrrpr_timepoint2,B11,H11,H11,GFP panel,FnCas12a,,RPR1,,Yes,H11,,2,6_gen,6.0,No,Figure 2,GFP panel replicate kinetics,True,results/01_gfp_library_transfer_counts/tables/gfp_lib_standardized_all_replicates.csv
AD_20241205_gfplib_fncas12a_lexA_snrrpr_timepoint2_Experiment_Group_rpr_C08.fcs,fncas12a_rpr_yes,AD_20241205_gfplib_fncas12a_lexA_snrrpr_timepoint2,C08,A04,A04,GFP panel,FnCas12a,,RPR1,,Yes,A04,,1,6_gen,6.6,No,Figure 2,GFP panel replicate kinetics,True,results/01_gfp_library_transfer_counts/tables/gfp_lib_standardized_all_replicates.csv
AD_20241205_gfplib_fncas12a_lexA_snrrpr_timepoint2_Experiment_Group_rpr_C09.fcs,fncas12a_rpr_yes,AD_20241205_gfplib_fncas12a_lexA_snrrpr_timepoint2,C09,C03,C03,GFP panel,FnCas12a,,RPR1,,Yes,C03,,1,6_gen,6.2,No,Figure 2,GFP panel replicate kinetics,True,results/01_gfp_library_transfer_counts/tables/gfp_lib_standardized_all_replicates.csv
AD_20241205_gfplib_fncas12a_lexA_snrrpr_timepoint2_Experiment_Group_rpr_C10.fcs,fncas12a_rpr_yes,AD_20241205_gfplib_fncas12a_lexA_snrrpr_timepoint2,C10,E02,E02,GFP panel,FnCas12a,,RPR1,,Yes,E02,,1,6_gen,5.6,No,Figure 2,GFP panel replicate kinetics,True,results/01_gfp_library_transfer_counts/tables/gfp_lib_standardized_all_replicates.csv
AD_20241205_gfplib_fncas12a_lexA_snrrpr_timepoint2_Experiment_Group_rpr_D08.fcs,fncas12a_rpr_yes,AD_20241205_gfplib_fncas12a_lexA_snrrpr_timepoint2,D08,A04,A04,GFP panel,FnCas12a,,RPR1,,Yes,A04,,2,6_gen,6.6,No,Figure 2,GFP panel replicate kinetics,True,results/01_gfp_library_transfer_counts/tables/gfp_lib_standardized_all_replicates.csv
AD_20241205_gfplib_fncas12a_lexA_snrrpr_timepoint2_Experiment_Group_rpr_D09.fcs,fncas12a_rpr_yes,AD_20241205_gfplib_fncas12a_lexA_snrrpr_timepoint2,D09,C03,C03,GFP panel,FnCas12a,,RPR1,,Yes,C03,,2,6_gen,6.4,No,Figure 2,GFP panel replicate kinetics,True,results/01_gfp_library_transfer_counts/tables/gfp_lib_standardized_all_replicates.csv
AD_20241205_gfplib_fncas12a_lexA_snrrpr_timepoint2_Experiment_Group_rpr_D10.fcs,fncas12a_rpr_yes,AD_20241205_gfplib_fncas12a_lexA_snrrpr_timepoint2,D10,E02,E02,GFP panel,FnCas12a,,RPR1,,Yes,E02,,2,6_gen,5.0,No,Figure 2,GFP panel replicate kinetics,True,results/01_gfp_library_transfer_counts/tables/gfp_lib_standardized_all_replicates.csv
AD_20241205_gfplib_fncas12a_lexA_snrrpr_timepoint2_Experiment_Group_rpr_E08.fcs,fncas12a_rpr_yes,AD_20241205_gfplib_fncas12a_lexA_snrrpr_timepoint2,E08,A09,A09,GFP panel,FnCas12a,,RPR1,,Yes,A09,,1,6_gen,7.5,Yes,Figure 2,GFP panel replicate kinetics,True,results/01_gfp_library_transfer_counts/tables/gfp_lib_standardized_all_replicates.csv
AD_20241205_gfplib_fncas12a_lexA_snrrpr_timepoint2_Experiment_Group_rpr_E09.fcs,fncas12a_rpr_yes,AD_20241205_gfplib_fncas12a_lexA_snrrpr_timepoint2,E09,C04,C04,GFP panel,FnCas12a,,RPR1,,Yes,C04,,1,6_gen,6.3,No,Figure 2,GFP panel replicate kinetics,True,results/01_gfp_library_transfer_counts/tables/gfp_lib_standardized_all_replicates.csv
AD_20241205_gfplib_fncas12a_lexA_snrrpr_timepoint2_Experiment_Group_rpr_E10.fcs,fncas12a_rpr_yes,AD_20241205_gfplib_fncas12a_lexA_snrrpr_timepoint2,E10,E05,E05,GFP panel,FnCas12a,,RPR1,,Yes,E05,,1,6_gen,6.8,No,Figure 2,GFP panel replicate kinetics,True,results/01_gfp_library_transfer_counts/tables/gfp_lib_standardized_all_replicates.csv
AD_20241205_gfplib_fncas12a_lexA_snrrpr_timepoint2_Experiment_Group_rpr_F08.fcs,fncas12a_rpr_yes,AD_20241205_gfplib_fncas12a_lexA_snrrpr_timepoint2,F08,A09,A09,GFP panel,FnCas12a,,RPR1,,Yes,A09,,2,6_gen,7.2,Yes,Figure 2,GFP panel replicate kinetics,True,results/01_gfp_library_transfer_counts/tables/gfp_lib_standardized_all_replicates.csv
AD_20241205_gfplib_fncas12a_lexA_snrrpr_timepoint2_Experiment_Group_rpr_F09.fcs,fncas12a_rpr_yes,AD_20241205_gfplib_fncas12a_lexA_snrrpr_timepoint2,F09,C04,C04,GFP panel,FnCas12a,,RPR1,,Yes,C04,,2,6_gen,6.2,No,Figure 2,GFP panel replicate kinetics,True,results/01_gfp_library_transfer_counts/tables/gfp_lib_standardized_all_replicates.csv
AD_20241205_gfplib_fncas12a_lexA_snrrpr_timepoint2_Experiment_Group_rpr_F10.fcs,fncas12a_rpr_yes,AD_20241205_gfplib_fncas12a_lexA_snrrpr_timepoint2,F10,E05,E05,GFP panel,FnCas12a,,RPR1,,Yes,E05,,2,6_gen,6.6,No,Figure 2,GFP panel replicate kinetics,True,results/01_gfp_library_transfer_counts/tables/gfp_lib_standardized_all_replicates.csv
AD_20241205_gfplib_fncas12a_lexA_snrrpr_timepoint2_Experiment_Group_rpr_G08.fcs,fncas12a_rpr_yes,AD_20241205_gfplib_fncas12a_lexA_snrrpr_timepoint2,G08,A12,A12,GFP panel,FnCas12a,,RPR1,,Yes,A12,,1,6_gen,7.3,No,Figure 2,GFP panel replicate kinetics,True,results/01_gfp_library_transfer_counts/tables/gfp_lib_standardized_all_replicates.csv
AD_20241205_gfplib_fncas12a_lexA_snrrpr_timepoint2_Experiment_Group_rpr_G09.fcs,fncas12a_rpr_yes,AD_20241205_gfplib_fncas12a_lexA_snrrpr_timepoint2,G09,C05,C05,GFP panel,FnCas12a,,RPR1,,Yes,C05,,1,6_gen,6.6,No,Figure 2,GFP panel replicate kinetics,True,results/01_gfp_library_transfer_counts/tables/gfp_lib_standardized_all_replicates.csv
AD_20241205_gfplib_fncas12a_lexA_snrrpr_timepoint2_Experiment_Group_rpr_G10.fcs,fncas12a_rpr_yes,AD_20241205_gfplib_fncas12a_lexA_snrrpr_timepoint2,G10,G03,G03,GFP panel,FnCas12a,,RPR1,,Yes,G03,,1,6_gen,7.1,No,Figure 2,GFP panel replicate kinetics,True,results/01_gfp_library_transfer_counts/tables/gfp_lib_standardized_all_replicates.csv
AD_20241205_gfplib_fncas12a_lexA_snrrpr_timepoint2_Experiment_Group_rpr_H08.fcs,fncas12a_rpr_yes,AD_20241205_gfplib_fncas12a_lexA_snrrpr_timepoint2,H08,A12,A12,GFP panel,FnCas12a,,RPR1,,Yes,A12,,2,6_gen,7.1,No,Figure 2,GFP panel replicate kinetics,True,results/01_gfp_library_transfer_counts/tables/gfp_lib_standardized_all_replicates.csv
AD_20241205_gfplib_fncas12a_lexA_snrrpr_timepoint2_Experiment_Group_rpr_H09.fcs,fncas12a_rpr_yes,AD_20241205_gfplib_fncas12a_lexA_snrrpr_timepoint2,H09,C05,C05,GFP panel,FnCas12a,,RPR1,,Yes,C05,,2,6_gen,7.0,No,Figure 2,GFP panel replicate kinetics,True,results/01_gfp_library_transfer_counts/tables/gfp_lib_standardized_all_replicates.csv
AD_20241205_gfplib_fncas12a_lexA_snrrpr_timepoint2_Experiment_Group_rpr_H10.fcs,fncas12a_rpr_yes,AD_20241205_gfplib_fncas12a_lexA_snrrpr_timepoint2,H10,G03,G03,GFP panel,FnCas12a,,RPR1,,Yes,G03,,2,6_gen,5.9,No,Figure 2,GFP panel replicate kinetics,True,results/01_gfp_library_transfer_counts/tables/gfp_lib_standardized_all_replicates.csv
AD_20241205_gfplib_fncas12a_lexA_snrrpr_scraped_Experiment_Group_A05.fcs,fncas12a_rpr_yes,AD_20241205_gfplib_fncas12a_lexA_snrrpr_scraped,A05,A01,A01,GFP panel,FnCas12a,,RPR1,,Yes,A01,,1,scraped,0.0,No,Figure 2,GFP panel replicate kinetics,True,results/01_gfp_library_transfer_counts/tables/gfp_lib_standardized_all_replicates.csv
AD_20241205_gfplib_fncas12a_lexA_snrrpr_scraped_Experiment_Group_A06.fcs,fncas12a_rpr_yes,AD_20241205_gfplib_fncas12a_lexA_snrrpr_scraped,A06,B05,B05,GFP panel,FnCas12a,,RPR1,,Yes,B05,,1,scraped,0.0,No,Figure 2,GFP panel replicate kinetics,True,results/01_gfp_library_transfer_counts/tables/gfp_lib_standardized_all_replicates.csv
AD_20241205_gfplib_fncas12a_lexA_snrrpr_scraped_Experiment_Group_A07.fcs,fncas12a_rpr_yes,AD_20241205_gfplib_fncas12a_lexA_snrrpr_scraped,A07,E01,E01,GFP panel,FnCas12a,,RPR1,,Yes,E01,,1,scraped,0.0,No,Figure 2,GFP panel replicate kinetics,True,results/01_gfp_library_transfer_counts/tables/gfp_lib_standardized_all_replicates.csv
AD_20241205_gfplib_fncas12a_lexA_snrrpr_scraped_Experiment_Group_A08.fcs,fncas12a_rpr_yes,AD_20241205_gfplib_fncas12a_lexA_snrrpr_scraped,A08,H11,H11,GFP panel,FnCas12a,,RPR1,,Yes,H11,,1,scraped,0.0,No,Figure 2,GFP panel replicate kinetics,True,results/01_gfp_library_transfer_counts/tables/gfp_lib_standardized_all_replicates.csv
AD_20241205_gfplib_fncas12a_lexA_snrrpr_scraped_Experiment_Group_B05.fcs,fncas12a_rpr_yes,AD_20241205_gfplib_fncas12a_lexA_snrrpr_scraped,B05,A01,A01,GFP panel,FnCas12a,,RPR1,,Yes,A01,,2,scraped,0.0,No,Figure 2,GFP panel replicate kinetics,True,results/01_gfp_library_transfer_counts/tables/gfp_lib_standardized_all_replicates.csv
AD_20241205_gfplib_fncas12a_lexA_snrrpr_scraped_Experiment_Group_B06.fcs,fncas12a_rpr_yes,AD_20241205_gfplib_fncas12a_lexA_snrrpr_scraped,B06,B05,B05,GFP panel,FnCas12a,,RPR1,,Yes,B05,,2,scraped,0.0,No,Figure 2,GFP panel replicate kinetics,True,results/01_gfp_library_transfer_counts/tables/gfp_lib_standardized_all_replicates.csv
AD_20241205_gfplib_fncas12a_lexA_snrrpr_scraped_Experiment_Group_B07.fcs,fncas12a_rpr_yes,AD_20241205_gfplib_fncas12a_lexA_snrrpr_scraped,B07,E01,E01,GFP panel,FnCas12a,,RPR1,,Yes,E01,,2,scraped,0.0,No,Figure 2,GFP panel replicate kinetics,True,results/01_gfp_library_transfer_counts/tables/gfp_lib_standardized_all_replicates.csv
AD_20241205_gfplib_fncas12a_lexA_snrrpr_scraped_Experiment_Group_B08.fcs,fncas12a_rpr_yes,AD_20241205_gfplib_fncas12a_lexA_snrrpr_scraped,B08,H11,H11,GFP panel,FnCas12a,,RPR1,,Yes,H11,,2,scraped,0.0,No,Figure 2,GFP panel replicate kinetics,True,results/01_gfp_library_transfer_counts/tables/gfp_lib_standardized_all_replicates.csv
AD_20241205_gfplib_fncas12a_lexA_snrrpr_scraped_Experiment_Group_C05.fcs,fncas12a_rpr_yes,AD_20241205_gfplib_fncas12a_lexA_snrrpr_scraped,C05,A04,A04,GFP panel,FnCas12a,,RPR1,,Yes,A04,,1,scraped,0.0,No,Figure 2,GFP panel replicate kinetics,True,results/01_gfp_library_transfer_counts/tables/gfp_lib_standardized_all_replicates.csv
AD_20241205_gfplib_fncas12a_lexA_snrrpr_scraped_Experiment_Group_C06.fcs,fncas12a_rpr_yes,AD_20241205_gfplib_fncas12a_lexA_snrrpr_scraped,C06,C03,C03,GFP panel,FnCas12a,,RPR1,,Yes,C03,,1,scraped,0.0,No,Figure 2,GFP panel replicate kinetics,True,results/01_gfp_library_transfer_counts/tables/gfp_lib_standardized_all_replicates.csv
AD_20241205_gfplib_fncas12a_lexA_snrrpr_scraped_Experiment_Group_C07.fcs,fncas12a_rpr_yes,AD_20241205_gfplib_fncas12a_lexA_snrrpr_scraped,C07,E02,E02,GFP panel,FnCas12a,,RPR1,,Yes,E02,,1,scraped,0.0,No,Figure 2,GFP panel replicate kinetics,True,results/01_gfp_library_transfer_counts/tables/gfp_lib_standardized_all_replicates.csv
AD_20241205_gfplib_fncas12a_lexA_snrrpr_scraped_Experiment_Group_D05.fcs,fncas12a_rpr_yes,AD_20241205_gfplib_fncas12a_lexA_snrrpr_scraped,D05,A04,A04,GFP panel,FnCas12a,,RPR1,,Yes,A04,,2,scraped,0.0,No,Figure 2,GFP panel replicate kinetics,True,results/01_gfp_library_transfer_counts/tables/gfp_lib_standardized_all_replicates.csv
AD_20241205_gfplib_fncas12a_lexA_snrrpr_scraped_Experiment_Group_D06.fcs,fncas12a_rpr_yes,AD_20241205_gfplib_fncas12a_lexA_snrrpr_scraped,D06,C03,C03,GFP panel,FnCas12a,,RPR1,,Yes,C03,,2,scraped,0.0,No,Figure 2,GFP panel replicate kinetics,True,results/01_gfp_library_transfer_counts/tables/gfp_lib_standardized_all_replicates.csv
AD_20241205_gfplib_fncas12a_lexA_snrrpr_scraped_Experiment_Group_D07.fcs,fncas12a_rpr_yes,AD_20241205_gfplib_fncas12a_lexA_snrrpr_scraped,D07,E02,E02,GFP panel,FnCas12a,,RPR1,,Yes,E02,,2,scraped,0.0,No,Figure 2,GFP panel replicate kinetics,True,results/01_gfp_library_transfer_counts/tables/gfp_lib_standardized_all_replicates.csv
AD_20241205_gfplib_fncas12a_lexA_snrrpr_scraped_Experiment_Group_E05.fcs,fncas12a_rpr_yes,AD_20241205_gfplib_fncas12a_lexA_snrrpr_scraped,E05,A09,A09,GFP panel,FnCas12a,,RPR1,,Yes,A09,,1,scraped,0.0,Yes,Figure 2,GFP panel replicate kinetics,True,results/01_gfp_library_transfer_counts/tables/gfp_lib_standardized_all_replicates.csv
AD_20241205_gfplib_fncas12a_lexA_snrrpr_scraped_Experiment_Group_E06.fcs,fncas12a_rpr_yes,AD_20241205_gfplib_fncas12a_lexA_snrrpr_scraped,E06,C04,C04,GFP panel,FnCas12a,,RPR1,,Yes,C04,,1,scraped,0.0,No,Figure 2,GFP panel replicate kinetics,True,results/01_gfp_library_transfer_counts/tables/gfp_lib_standardized_all_replicates.csv
AD_20241205_gfplib_fncas12a_lexA_snrrpr_scraped_Experiment_Group_E07.fcs,fncas12a_rpr_yes,AD_20241205_gfplib_fncas12a_lexA_snrrpr_scraped,E07,E05,E05,GFP panel,FnCas12a,,RPR1,,Yes,E05,,1,scraped,0.0,No,Figure 2,GFP panel replicate kinetics,True,results/01_gfp_library_transfer_counts/tables/gfp_lib_standardized_all_replicates.csv
AD_20241205_gfplib_fncas12a_lexA_snrrpr_scraped_Experiment_Group_F05.fcs,fncas12a_rpr_yes,AD_20241205_gfplib_fncas12a_lexA_snrrpr_scraped,F05,A09,A09,GFP panel,FnCas12a,,RPR1,,Yes,A09,,2,scraped,0.0,Yes,Figure 2,GFP panel replicate kinetics,True,results/01_gfp_library_transfer_counts/tables/gfp_lib_standardized_all_replicates.csv
AD_20241205_gfplib_fncas12a_lexA_snrrpr_scraped_Experiment_Group_F06.fcs,fncas12a_rpr_yes,AD_20241205_gfplib_fncas12a_lexA_snrrpr_scraped,F06,C04,C04,GFP panel,FnCas12a,,RPR1,,Yes,C04,,2,scraped,0.0,No,Figure 2,GFP panel replicate kinetics,True,results/01_gfp_library_transfer_counts/tables/gfp_lib_standardized_all_replicates.csv
AD_20241205_gfplib_fncas12a_lexA_snrrpr_scraped_Experiment_Group_F07.fcs,fncas12a_rpr_yes,AD_20241205_gfplib_fncas12a_lexA_snrrpr_scraped,F07,E05,E05,GFP panel,FnCas12a,,RPR1,,Yes,E05,,2,scraped,0.0,No,Figure 2,GFP panel replicate kinetics,True,results/01_gfp_library_transfer_counts/tables/gfp_lib_standardized_all_replicates.csv
AD_20241205_gfplib_fncas12a_lexA_snrrpr_scraped_Experiment_Group_G05.fcs,fncas12a_rpr_yes,AD_20241205_gfplib_fncas12a_lexA_snrrpr_scraped,G05,A12,A12,GFP panel,FnCas12a,,RPR1,,Yes,A12,,1,scraped,0.0,No,Figure 2,GFP panel replicate kinetics,True,results/01_gfp_library_transfer_counts/tables/gfp_lib_standardized_all_replicates.csv
AD_20241205_gfplib_fncas12a_lexA_snrrpr_scraped_Experiment_Group_G06.fcs,fncas12a_rpr_yes,AD_20241205_gfplib_fncas12a_lexA_snrrpr_scraped,G06,C05,C05,GFP panel,FnCas12a,,RPR1,,Yes,C05,,1,scraped,0.0,No,Figure 2,GFP panel replicate kinetics,True,results/01_gfp_library_transfer_counts/tables/gfp_lib_standardized_all_replicates.csv
AD_20241205_gfplib_fncas12a_lexA_snrrpr_scraped_Experiment_Group_G07.fcs,fncas12a_rpr_yes,AD_20241205_gfplib_fncas12a_lexA_snrrpr_scraped,G07,G03,G03,GFP panel,FnCas12a,,RPR1,,Yes,G03,,1,scraped,0.0,No,Figure 2,GFP panel replicate kinetics,True,results/01_gfp_library_transfer_counts/tables/gfp_lib_standardized_all_replicates.csv
AD_20241205_gfplib_fncas12a_lexA_snrrpr_scraped_Experiment_Group_H05.fcs,fncas12a_rpr_yes,AD_20241205_gfplib_fncas12a_lexA_snrrpr_scraped,H05,A12,A12,GFP panel,FnCas12a,,RPR1,,Yes,A12,,2,scraped,0.0,No,Figure 2,GFP panel replicate kinetics,True,results/01_gfp_library_transfer_counts/tables/gfp_lib_standardized_all_replicates.csv
AD_20241205_gfplib_fncas12a_lexA_snrrpr_scraped_Experiment_Group_H06.fcs,fncas12a_rpr_yes,AD_20241205_gfplib_fncas12a_lexA_snrrpr_scraped,H06,C05,C05,GFP panel,FnCas12a,,RPR1,,Yes,C05,,2,scraped,0.0,No,Figure 2,GFP panel replicate kinetics,True,results/01_gfp_library_transfer_counts/tables/gfp_lib_standardized_all_replicates.csv
AD_20241205_gfplib_fncas12a_lexA_snrrpr_scraped_Experiment_Group_H07.fcs,fncas12a_rpr_yes,AD_20241205_gfplib_fncas12a_lexA_snrrpr_scraped,H07,G03,G03,GFP panel,FnCas12a,,RPR1,,Yes,G03,,2,scraped,0.0,No,Figure 2,GFP panel replicate kinetics,True,results/01_gfp_library_transfer_counts/tables/gfp_lib_standardized_all_replicates.csv
AD_20241203_fnsnrrpr_casvariants_timepoint2_glu_Experiment_Group_A01.fcs,fncas12a_snr_no,AD_20241203_fnsnrrpr_casvariants_timepoint2_glu,A01,A01,A01,GFP panel,FnCas12a,,SNR52,,No,A01,,1,11_gen,11.4,No,Figure 2,GFP panel replicate kinetics,True,results/01_gfp_library_transfer_counts/tables/gfp_lib_standardized_all_replicates.csv
AD_20241203_fnsnrrpr_casvariants_timepoint2_glu_Experiment_Group_A02.fcs,fncas12a_snr_no,AD_20241203_fnsnrrpr_casvariants_timepoint2_glu,A02,B05,B05,GFP panel,FnCas12a,,SNR52,,No,B05,,1,11_gen,10.0,No,Figure 2,GFP panel replicate kinetics,True,results/01_gfp_library_transfer_counts/tables/gfp_lib_standardized_all_replicates.csv
AD_20241203_fnsnrrpr_casvariants_timepoint2_glu_Experiment_Group_A03.fcs,fncas12a_snr_no,AD_20241203_fnsnrrpr_casvariants_timepoint2_glu,A03,E01,E01,GFP panel,FnCas12a,,SNR52,,No,E01,,1,11_gen,13.0,No,Figure 2,GFP panel replicate kinetics,True,results/01_gfp_library_transfer_counts/tables/gfp_lib_standardized_all_replicates.csv
AD_20241203_fnsnrrpr_casvariants_timepoint2_glu_Experiment_Group_A04.fcs,fncas12a_snr_no,AD_20241203_fnsnrrpr_casvariants_timepoint2_glu,A04,H11,H11,GFP panel,FnCas12a,,SNR52,,No,H11,,1,11_gen,11.3,No,Figure 2,GFP panel replicate kinetics,True,results/01_gfp_library_transfer_counts/tables/gfp_lib_standardized_all_replicates.csv
AD_20241203_fnsnrrpr_casvariants_timepoint2_glu_Experiment_Group_B01.fcs,fncas12a_snr_no,AD_20241203_fnsnrrpr_casvariants_timepoint2_glu,B01,A01,A01,GFP panel,FnCas12a,,SNR52,,No,A01,,2,11_gen,11.9,No,Figure 2,GFP panel replicate kinetics,True,results/01_gfp_library_transfer_counts/tables/gfp_lib_standardized_all_replicates.csv
AD_20241203_fnsnrrpr_casvariants_timepoint2_glu_Experiment_Group_B02.fcs,fncas12a_snr_no,AD_20241203_fnsnrrpr_casvariants_timepoint2_glu,B02,B05,B05,GFP panel,FnCas12a,,SNR52,,No,B05,,2,11_gen,10.0,No,Figure 2,GFP panel replicate kinetics,True,results/01_gfp_library_transfer_counts/tables/gfp_lib_standardized_all_replicates.csv
AD_20241203_fnsnrrpr_casvariants_timepoint2_glu_Experiment_Group_B03.fcs,fncas12a_snr_no,AD_20241203_fnsnrrpr_casvariants_timepoint2_glu,B03,E01,E01,GFP panel,FnCas12a,,SNR52,,No,E01,,2,11_gen,12.9,No,Figure 2,GFP panel replicate kinetics,True,results/01_gfp_library_transfer_counts/tables/gfp_lib_standardized_all_replicates.csv
AD_20241203_fnsnrrpr_casvariants_timepoint2_glu_Experiment_Group_B04.fcs,fncas12a_snr_no,AD_20241203_fnsnrrpr_casvariants_timepoint2_glu,B04,H11,H11,GFP panel,FnCas12a,,SNR52,,No,H11,,2,11_gen,10.0,No,Figure 2,GFP panel replicate kinetics,True,results/01_gfp_library_transfer_counts/tables/gfp_lib_standardized_all_replicates.csv
AD_20241203_fnsnrrpr_casvariants_timepoint2_glu_Experiment_Group_C01.fcs,fncas12a_snr_no,AD_20241203_fnsnrrpr_casvariants_timepoint2_glu,C01,A04,A04,GFP panel,FnCas12a,,SNR52,,No,A04,,1,11_gen,10.5,No,Figure 2,GFP panel replicate kinetics,True,results/01_gfp_library_transfer_counts/tables/gfp_lib_standardized_all_replicates.csv
AD_20241203_fnsnrrpr_casvariants_timepoint2_glu_Experiment_Group_C02.fcs,fncas12a_snr_no,AD_20241203_fnsnrrpr_casvariants_timepoint2_glu,C02,C03,C03,GFP panel,FnCas12a,,SNR52,,No,C03,,1,11_gen,10.1,No,Figure 2,GFP panel replicate kinetics,True,results/01_gfp_library_transfer_counts/tables/gfp_lib_standardized_all_replicates.csv
AD_20241203_fnsnrrpr_casvariants_timepoint2_glu_Experiment_Group_C03.fcs,fncas12a_snr_no,AD_20241203_fnsnrrpr_casvariants_timepoint2_glu,C03,E02,E02,GFP panel,FnCas12a,,SNR52,,No,E02,,1,11_gen,10.8,No,Figure 2,GFP panel replicate kinetics,True,results/01_gfp_library_transfer_counts/tables/gfp_lib_standardized_all_replicates.csv
AD_20241203_fnsnrrpr_casvariants_timepoint2_glu_Experiment_Group_D01.fcs,fncas12a_snr_no,AD_20241203_fnsnrrpr_casvariants_timepoint2_glu,D01,A04,A04,GFP panel,FnCas12a,,SNR52,,No,A04,,2,11_gen,10.5,No,Figure 2,GFP panel replicate kinetics,True,results/01_gfp_library_transfer_counts/tables/gfp_lib_standardized_all_replicates.csv
AD_20241203_fnsnrrpr_casvariants_timepoint2_glu_Experiment_Group_D02.fcs,fncas12a_snr_no,AD_20241203_fnsnrrpr_casvariants_timepoint2_glu,D02,C03,C03,GFP panel,FnCas12a,,SNR52,,No,C03,,2,11_gen,10.1,No,Figure 2,GFP panel replicate kinetics,True,results/01_gfp_library_transfer_counts/tables/gfp_lib_standardized_all_replicates.csv
AD_20241203_fnsnrrpr_casvariants_timepoint2_glu_Experiment_Group_D03.fcs,fncas12a_snr_no,AD_20241203_fnsnrrpr_casvariants_timepoint2_glu,D03,E02,E02,GFP panel,FnCas12a,,SNR52,,No,E02,,2,11_gen,11.2,No,Figure 2,GFP panel replicate kinetics,True,results/01_gfp_library_transfer_counts/tables/gfp_lib_standardized_all_replicates.csv
AD_20241203_fnsnrrpr_casvariants_timepoint2_glu_Experiment_Group_E01.fcs,fncas12a_snr_no,AD_20241203_fnsnrrpr_casvariants_timepoint2_glu,E01,A09,A09,GFP panel,FnCas12a,,SNR52,,No,A09,,1,11_gen,14.4,Yes,Figure 2,GFP panel replicate kinetics,True,results/01_gfp_library_transfer_counts/tables/gfp_lib_standardized_all_replicates.csv
AD_20241203_fnsnrrpr_casvariants_timepoint2_glu_Experiment_Group_E02.fcs,fncas12a_snr_no,AD_20241203_fnsnrrpr_casvariants_timepoint2_glu,E02,C04,C04,GFP panel,FnCas12a,,SNR52,,No,C04,,1,11_gen,10.7,No,Figure 2,GFP panel replicate kinetics,True,results/01_gfp_library_transfer_counts/tables/gfp_lib_standardized_all_replicates.csv
AD_20241203_fnsnrrpr_casvariants_timepoint2_glu_Experiment_Group_E03.fcs,fncas12a_snr_no,AD_20241203_fnsnrrpr_casvariants_timepoint2_glu,E03,E05,E05,GFP panel,FnCas12a,,SNR52,,No,E05,,1,11_gen,13.0,No,Figure 2,GFP panel replicate kinetics,True,results/01_gfp_library_transfer_counts/tables/gfp_lib_standardized_all_replicates.csv
AD_20241203_fnsnrrpr_casvariants_timepoint2_glu_Experiment_Group_F01.fcs,fncas12a_snr_no,AD_20241203_fnsnrrpr_casvariants_timepoint2_glu,F01,A09,A09,GFP panel,FnCas12a,,SNR52,,No,A09,,2,11_gen,13.9,Yes,Figure 2,GFP panel replicate kinetics,True,results/01_gfp_library_transfer_counts/tables/gfp_lib_standardized_all_replicates.csv
AD_20241203_fnsnrrpr_casvariants_timepoint2_glu_Experiment_Group_F02.fcs,fncas12a_snr_no,AD_20241203_fnsnrrpr_casvariants_timepoint2_glu,F02,C04,C04,GFP panel,FnCas12a,,SNR52,,No,C04,,2,11_gen,10.8,No,Figure 2,GFP panel replicate kinetics,True,results/01_gfp_library_transfer_counts/tables/gfp_lib_standardized_all_replicates.csv
AD_20241203_fnsnrrpr_casvariants_timepoint2_glu_Experiment_Group_F03.fcs,fncas12a_snr_no,AD_20241203_fnsnrrpr_casvariants_timepoint2_glu,F03,E05,E05,GFP panel,FnCas12a,,SNR52,,No,E05,,2,11_gen,13.5,No,Figure 2,GFP panel replicate kinetics,True,results/01_gfp_library_transfer_counts/tables/gfp_lib_standardized_all_replicates.csv
AD_20241203_fnsnrrpr_casvariants_timepoint2_glu_Experiment_Group_G01.fcs,fncas12a_snr_no,AD_20241203_fnsnrrpr_casvariants_timepoint2_glu,G01,A12,A12,GFP panel,FnCas12a,,SNR52,,No,A12,,1,11_gen,13.3,No,Figure 2,GFP panel replicate kinetics,True,results/01_gfp_library_transfer_counts/tables/gfp_lib_standardized_all_replicates.csv
AD_20241203_fnsnrrpr_casvariants_timepoint2_glu_Experiment_Group_G02.fcs,fncas12a_snr_no,AD_20241203_fnsnrrpr_casvariants_timepoint2_glu,G02,C05,C05,GFP panel,FnCas12a,,SNR52,,No,C05,,1,11_gen,13.8,No,Figure 2,GFP panel replicate kinetics,True,results/01_gfp_library_transfer_counts/tables/gfp_lib_standardized_all_replicates.csv
AD_20241203_fnsnrrpr_casvariants_timepoint2_glu_Experiment_Group_G03.fcs,fncas12a_snr_no,AD_20241203_fnsnrrpr_casvariants_timepoint2_glu,G03,G03,G03,GFP panel,FnCas12a,,SNR52,,No,G03,,1,11_gen,11.8,No,Figure 2,GFP panel replicate kinetics,True,results/01_gfp_library_transfer_counts/tables/gfp_lib_standardized_all_replicates.csv
AD_20241203_fnsnrrpr_casvariants_timepoint2_glu_Experiment_Group_H01.fcs,fncas12a_snr_no,AD_20241203_fnsnrrpr_casvariants_timepoint2_glu,H01,A12,A12,GFP panel,FnCas12a,,SNR52,,No,A12,,2,11_gen,13.5,No,Figure 2,GFP panel replicate kinetics,True,results/01_gfp_library_transfer_counts/tables/gfp_lib_standardized_all_replicates.csv
AD_20241203_fnsnrrpr_casvariants_timepoint2_glu_Experiment_Group_H02.fcs,fncas12a_snr_no,AD_20241203_fnsnrrpr_casvariants_timepoint2_glu,H02,C05,C05,GFP panel,FnCas12a,,SNR52,,No,C05,,2,11_gen,14.2,No,Figure 2,GFP panel replicate kinetics,True,results/01_gfp_library_transfer_counts/tables/gfp_lib_standardized_all_replicates.csv
AD_20241203_fnsnrrpr_casvariants_timepoint2_glu_Experiment_Group_H03.fcs,fncas12a_snr_no,AD_20241203_fnsnrrpr_casvariants_timepoint2_glu,H03,G03,G03,GFP panel,FnCas12a,,SNR52,,No,G03,,2,11_gen,12.2,No,Figure 2,GFP panel replicate kinetics,True,results/01_gfp_library_transfer_counts/tables/gfp_lib_standardized_all_replicates.csv
AD_20241203_fnsnrrpr_casvariants_timepoint3_glu_Experiment_Group_A01.fcs,fncas12a_snr_no,AD_20241203_fnsnrrpr_casvariants_timepoint3_glu,A01,A01,A01,GFP panel,FnCas12a,,SNR52,,No,A01,,1,20_gen,18.2,No,Figure 2,GFP panel replicate kinetics,True,results/01_gfp_library_transfer_counts/tables/gfp_lib_standardized_all_replicates.csv
AD_20241203_fnsnrrpr_casvariants_timepoint3_glu_Experiment_Group_A02.fcs,fncas12a_snr_no,AD_20241203_fnsnrrpr_casvariants_timepoint3_glu,A02,B05,B05,GFP panel,FnCas12a,,SNR52,,No,B05,,1,20_gen,16.6,No,Figure 2,GFP panel replicate kinetics,True,results/01_gfp_library_transfer_counts/tables/gfp_lib_standardized_all_replicates.csv
AD_20241203_fnsnrrpr_casvariants_timepoint3_glu_Experiment_Group_A03.fcs,fncas12a_snr_no,AD_20241203_fnsnrrpr_casvariants_timepoint3_glu,A03,E01,E01,GFP panel,FnCas12a,,SNR52,,No,E01,,1,20_gen,20.2,No,Figure 2,GFP panel replicate kinetics,True,results/01_gfp_library_transfer_counts/tables/gfp_lib_standardized_all_replicates.csv
AD_20241203_fnsnrrpr_casvariants_timepoint3_glu_Experiment_Group_A04.fcs,fncas12a_snr_no,AD_20241203_fnsnrrpr_casvariants_timepoint3_glu,A04,H11,H11,GFP panel,FnCas12a,,SNR52,,No,H11,,1,20_gen,17.4,No,Figure 2,GFP panel replicate kinetics,True,results/01_gfp_library_transfer_counts/tables/gfp_lib_standardized_all_replicates.csv
AD_20241203_fnsnrrpr_casvariants_timepoint3_glu_Experiment_Group_B01.fcs,fncas12a_snr_no,AD_20241203_fnsnrrpr_casvariants_timepoint3_glu,B01,A01,A01,GFP panel,FnCas12a,,SNR52,,No,A01,,2,20_gen,18.1,No,Figure 2,GFP panel replicate kinetics,True,results/01_gfp_library_transfer_counts/tables/gfp_lib_standardized_all_replicates.csv
AD_20241203_fnsnrrpr_casvariants_timepoint3_glu_Experiment_Group_B02.fcs,fncas12a_snr_no,AD_20241203_fnsnrrpr_casvariants_timepoint3_glu,B02,B05,B05,GFP panel,FnCas12a,,SNR52,,No,B05,,2,20_gen,17.9,No,Figure 2,GFP panel replicate kinetics,True,results/01_gfp_library_transfer_counts/tables/gfp_lib_standardized_all_replicates.csv
AD_20241203_fnsnrrpr_casvariants_timepoint3_glu_Experiment_Group_B03.fcs,fncas12a_snr_no,AD_20241203_fnsnrrpr_casvariants_timepoint3_glu,B03,E01,E01,GFP panel,FnCas12a,,SNR52,,No,E01,,2,20_gen,20.0,No,Figure 2,GFP panel replicate kinetics,True,results/01_gfp_library_transfer_counts/tables/gfp_lib_standardized_all_replicates.csv
AD_20241203_fnsnrrpr_casvariants_timepoint3_glu_Experiment_Group_B04.fcs,fncas12a_snr_no,AD_20241203_fnsnrrpr_casvariants_timepoint3_glu,B04,H11,H11,GFP panel,FnCas12a,,SNR52,,No,H11,,2,20_gen,17.0,No,Figure 2,GFP panel replicate kinetics,True,results/01_gfp_library_transfer_counts/tables/gfp_lib_standardized_all_replicates.csv
AD_20241203_fnsnrrpr_casvariants_timepoint3_glu_Experiment_Group_C01.fcs,fncas12a_snr_no,AD_20241203_fnsnrrpr_casvariants_timepoint3_glu,C01,A04,A04,GFP panel,FnCas12a,,SNR52,,No,A04,,1,20_gen,17.3,No,Figure 2,GFP panel replicate kinetics,True,results/01_gfp_library_transfer_counts/tables/gfp_lib_standardized_all_replicates.csv
AD_20241203_fnsnrrpr_casvariants_timepoint3_glu_Experiment_Group_C02.fcs,fncas12a_snr_no,AD_20241203_fnsnrrpr_casvariants_timepoint3_glu,C02,C03,C03,GFP panel,FnCas12a,,SNR52,,No,C03,,1,20_gen,17.8,No,Figure 2,GFP panel replicate kinetics,True,results/01_gfp_library_transfer_counts/tables/gfp_lib_standardized_all_replicates.csv
AD_20241203_fnsnrrpr_casvariants_timepoint3_glu_Experiment_Group_C03.fcs,fncas12a_snr_no,AD_20241203_fnsnrrpr_casvariants_timepoint3_glu,C03,E02,E02,GFP panel,FnCas12a,,SNR52,,No,E02,,1,20_gen,17.9,No,Figure 2,GFP panel replicate kinetics,True,results/01_gfp_library_transfer_counts/tables/gfp_lib_standardized_all_replicates.csv
AD_20241203_fnsnrrpr_casvariants_timepoint3_glu_Experiment_Group_D01.fcs,fncas12a_snr_no,AD_20241203_fnsnrrpr_casvariants_timepoint3_glu,D01,A04,A04,GFP panel,FnCas12a,,SNR52,,No,A04,,2,20_gen,18.9,No,Figure 2,GFP panel replicate kinetics,True,results/01_gfp_library_transfer_counts/tables/gfp_lib_standardized_all_replicates.csv
AD_20241203_fnsnrrpr_casvariants_timepoint3_glu_Experiment_Group_D02.fcs,fncas12a_snr_no,AD_20241203_fnsnrrpr_casvariants_timepoint3_glu,D02,C03,C03,GFP panel,FnCas12a,,SNR52,,No,C03,,2,20_gen,18.6,No,Figure 2,GFP panel replicate kinetics,True,results/01_gfp_library_transfer_counts/tables/gfp_lib_standardized_all_replicates.csv
AD_20241203_fnsnrrpr_casvariants_timepoint3_glu_Experiment_Group_D03.fcs,fncas12a_snr_no,AD_20241203_fnsnrrpr_casvariants_timepoint3_glu,D03,E02,E02,GFP panel,FnCas12a,,SNR52,,No,E02,,2,20_gen,18.3,No,Figure 2,GFP panel replicate kinetics,True,results/01_gfp_library_transfer_counts/tables/gfp_lib_standardized_all_replicates.csv
AD_20241203_fnsnrrpr_casvariants_timepoint3_glu_Experiment_Group_E01.fcs,fncas12a_snr_no,AD_20241203_fnsnrrpr_casvariants_timepoint3_glu,E01,A09,A09,GFP panel,FnCas12a,,SNR52,,No,A09,,1,20_gen,21.2,Yes,Figure 2,GFP panel replicate kinetics,True,results/01_gfp_library_transfer_counts/tables/gfp_lib_standardized_all_replicates.csv
AD_20241203_fnsnrrpr_casvariants_timepoint3_glu_Experiment_Group_E02.fcs,fncas12a_snr_no,AD_20241203_fnsnrrpr_casvariants_timepoint3_glu,E02,C04,C04,GFP panel,FnCas12a,,SNR52,,No,C04,,1,20_gen,17.4,No,Figure 2,GFP panel replicate kinetics,True,results/01_gfp_library_transfer_counts/tables/gfp_lib_standardized_all_replicates.csv
AD_20241203_fnsnrrpr_casvariants_timepoint3_glu_Experiment_Group_E03.fcs,fncas12a_snr_no,AD_20241203_fnsnrrpr_casvariants_timepoint3_glu,E03,E05,E05,GFP panel,FnCas12a,,SNR52,,No,E05,,1,20_gen,19.9,No,Figure 2,GFP panel replicate kinetics,True,results/01_gfp_library_transfer_counts/tables/gfp_lib_standardized_all_replicates.csv
AD_20241203_fnsnrrpr_casvariants_timepoint3_glu_Experiment_Group_F01.fcs,fncas12a_snr_no,AD_20241203_fnsnrrpr_casvariants_timepoint3_glu,F01,A09,A09,GFP panel,FnCas12a,,SNR52,,No,A09,,2,20_gen,20.0,Yes,Figure 2,GFP panel replicate kinetics,True,results/01_gfp_library_transfer_counts/tables/gfp_lib_standardized_all_replicates.csv
AD_20241203_fnsnrrpr_casvariants_timepoint3_glu_Experiment_Group_F02.fcs,fncas12a_snr_no,AD_20241203_fnsnrrpr_casvariants_timepoint3_glu,F02,C04,C04,GFP panel,FnCas12a,,SNR52,,No,C04,,2,20_gen,17.4,No,Figure 2,GFP panel replicate kinetics,True,results/01_gfp_library_transfer_counts/tables/gfp_lib_standardized_all_replicates.csv
AD_20241203_fnsnrrpr_casvariants_timepoint3_glu_Experiment_Group_F03.fcs,fncas12a_snr_no,AD_20241203_fnsnrrpr_casvariants_timepoint3_glu,F03,E05,E05,GFP panel,FnCas12a,,SNR52,,No,E05,,2,20_gen,19.8,No,Figure 2,GFP panel replicate kinetics,True,results/01_gfp_library_transfer_counts/tables/gfp_lib_standardized_all_replicates.csv
AD_20241203_fnsnrrpr_casvariants_timepoint3_glu_Experiment_Group_G01.fcs,fncas12a_snr_no,AD_20241203_fnsnrrpr_casvariants_timepoint3_glu,G01,A12,A12,GFP panel,FnCas12a,,SNR52,,No,A12,,1,20_gen,19.4,No,Figure 2,GFP panel replicate kinetics,True,results/01_gfp_library_transfer_counts/tables/gfp_lib_standardized_all_replicates.csv
AD_20241203_fnsnrrpr_casvariants_timepoint3_glu_Experiment_Group_G02.fcs,fncas12a_snr_no,AD_20241203_fnsnrrpr_casvariants_timepoint3_glu,G02,C05,C05,GFP panel,FnCas12a,,SNR52,,No,C05,,1,20_gen,21.2,No,Figure 2,GFP panel replicate kinetics,True,results/01_gfp_library_transfer_counts/tables/gfp_lib_standardized_all_replicates.csv
AD_20241203_fnsnrrpr_casvariants_timepoint3_glu_Experiment_Group_G03.fcs,fncas12a_snr_no,AD_20241203_fnsnrrpr_casvariants_timepoint3_glu,G03,G03,G03,GFP panel,FnCas12a,,SNR52,,No,G03,,1,20_gen,19.1,No,Figure 2,GFP panel replicate kinetics,True,results/01_gfp_library_transfer_counts/tables/gfp_lib_standardized_all_replicates.csv
AD_20241203_fnsnrrpr_casvariants_timepoint3_glu_Experiment_Group_H01.fcs,fncas12a_snr_no,AD_20241203_fnsnrrpr_casvariants_timepoint3_glu,H01,A12,A12,GFP panel,FnCas12a,,SNR52,,No,A12,,2,20_gen,19.1,No,Figure 2,GFP panel replicate kinetics,True,results/01_gfp_library_transfer_counts/tables/gfp_lib_standardized_all_replicates.csv
AD_20241203_fnsnrrpr_casvariants_timepoint3_glu_Experiment_Group_H02.fcs,fncas12a_snr_no,AD_20241203_fnsnrrpr_casvariants_timepoint3_glu,H02,C05,C05,GFP panel,FnCas12a,,SNR52,,No,C05,,2,20_gen,20.4,No,Figure 2,GFP panel replicate kinetics,True,results/01_gfp_library_transfer_counts/tables/gfp_lib_standardized_all_replicates.csv
AD_20241203_fnsnrrpr_casvariants_timepoint3_glu_Experiment_Group_H03.fcs,fncas12a_snr_no,AD_20241203_fnsnrrpr_casvariants_timepoint3_glu,H03,G03,G03,GFP panel,FnCas12a,,SNR52,,No,G03,,2,20_gen,19.2,No,Figure 2,GFP panel replicate kinetics,True,results/01_gfp_library_transfer_counts/tables/gfp_lib_standardized_all_replicates.csv
AD_20241203_fnsnrrpr_casvariants_timepoint1_Experiment_Group_A01.fcs,fncas12a_snr_no,AD_20241203_fnsnrrpr_casvariants_timepoint1,A01,A01,A01,GFP panel,FnCas12a,,SNR52,,No,A01,,1,6_gen,4.4,No,Figure 2,GFP panel replicate kinetics,True,results/01_gfp_library_transfer_counts/tables/gfp_lib_standardized_all_replicates.csv
AD_20241203_fnsnrrpr_casvariants_timepoint1_Experiment_Group_A02.fcs,fncas12a_snr_no,AD_20241203_fnsnrrpr_casvariants_timepoint1,A02,B05,B05,GFP panel,FnCas12a,,SNR52,,No,B05,,1,6_gen,4.0,No,Figure 2,GFP panel replicate kinetics,True,results/01_gfp_library_transfer_counts/tables/gfp_lib_standardized_all_replicates.csv
AD_20241203_fnsnrrpr_casvariants_timepoint1_Experiment_Group_A03.fcs,fncas12a_snr_no,AD_20241203_fnsnrrpr_casvariants_timepoint1,A03,E01,E01,GFP panel,FnCas12a,,SNR52,,No,E01,,1,6_gen,6.8,No,Figure 2,GFP panel replicate kinetics,True,results/01_gfp_library_transfer_counts/tables/gfp_lib_standardized_all_replicates.csv
AD_20241203_fnsnrrpr_casvariants_timepoint1_Experiment_Group_A04.fcs,fncas12a_snr_no,AD_20241203_fnsnrrpr_casvariants_timepoint1,A04,H11,H11,GFP panel,FnCas12a,,SNR52,,No,H11,,1,6_gen,4.6,No,Figure 2,GFP panel replicate kinetics,True,results/01_gfp_library_transfer_counts/tables/gfp_lib_standardized_all_replicates.csv
AD_20241203_fnsnrrpr_casvariants_timepoint1_Experiment_Group_B01.fcs,fncas12a_snr_no,AD_20241203_fnsnrrpr_casvariants_timepoint1,B01,A01,A01,GFP panel,FnCas12a,,SNR52,,No,A01,,2,6_gen,5.1,No,Figure 2,GFP panel replicate kinetics,True,results/01_gfp_library_transfer_counts/tables/gfp_lib_standardized_all_replicates.csv
AD_20241203_fnsnrrpr_casvariants_timepoint1_Experiment_Group_B02.fcs,fncas12a_snr_no,AD_20241203_fnsnrrpr_casvariants_timepoint1,B02,B05,B05,GFP panel,FnCas12a,,SNR52,,No,B05,,2,6_gen,2.1,No,Figure 2,GFP panel replicate kinetics,True,results/01_gfp_library_transfer_counts/tables/gfp_lib_standardized_all_replicates.csv
AD_20241203_fnsnrrpr_casvariants_timepoint1_Experiment_Group_B03.fcs,fncas12a_snr_no,AD_20241203_fnsnrrpr_casvariants_timepoint1,B03,E01,E01,GFP panel,FnCas12a,,SNR52,,No,E01,,2,6_gen,6.8,No,Figure 2,GFP panel replicate kinetics,True,results/01_gfp_library_transfer_counts/tables/gfp_lib_standardized_all_replicates.csv
AD_20241203_fnsnrrpr_casvariants_timepoint1_Experiment_Group_B04.fcs,fncas12a_snr_no,AD_20241203_fnsnrrpr_casvariants_timepoint1,B04,H11,H11,GFP panel,FnCas12a,,SNR52,,No,H11,,2,6_gen,3.8,No,Figure 2,GFP panel replicate kinetics,True,results/01_gfp_library_transfer_counts/tables/gfp_lib_standardized_all_replicates.csv
AD_20241203_fnsnrrpr_casvariants_timepoint1_Experiment_Group_C01.fcs,fncas12a_snr_no,AD_20241203_fnsnrrpr_casvariants_timepoint1,C01,A04,A04,GFP panel,FnCas12a,,SNR52,,No,A04,,1,6_gen,3.4,No,Figure 2,GFP panel replicate kinetics,True,results/01_gfp_library_transfer_counts/tables/gfp_lib_standardized_all_replicates.csv
AD_20241203_fnsnrrpr_casvariants_timepoint1_Experiment_Group_C02.fcs,fncas12a_snr_no,AD_20241203_fnsnrrpr_casvariants_timepoint1,C02,C03,C03,GFP panel,FnCas12a,,SNR52,,No,C03,,1,6_gen,2.4,No,Figure 2,GFP panel replicate kinetics,True,results/01_gfp_library_transfer_counts/tables/gfp_lib_standardized_all_replicates.csv
AD_20241203_fnsnrrpr_casvariants_timepoint1_Experiment_Group_C03.fcs,fncas12a_snr_no,AD_20241203_fnsnrrpr_casvariants_timepoint1,C03,E02,E02,GFP panel,FnCas12a,,SNR52,,No,E02,,1,6_gen,4.8,No,Figure 2,GFP panel replicate kinetics,True,results/01_gfp_library_transfer_counts/tables/gfp_lib_standardized_all_replicates.csv
AD_20241203_fnsnrrpr_casvariants_timepoint1_Experiment_Group_D01.fcs,fncas12a_snr_no,AD_20241203_fnsnrrpr_casvariants_timepoint1,D01,A04,A04,GFP panel,FnCas12a,,SNR52,,No,A04,,2,6_gen,1.6,No,Figure 2,GFP panel replicate kinetics,True,results/01_gfp_library_transfer_counts/tables/gfp_lib_standardized_all_replicates.csv
AD_20241203_fnsnrrpr_casvariants_timepoint1_Experiment_Group_D02.fcs,fncas12a_snr_no,AD_20241203_fnsnrrpr_casvariants_timepoint1,D02,C03,C03,GFP panel,FnCas12a,,SNR52,,No,C03,,2,6_gen,2.4,No,Figure 2,GFP panel replicate kinetics,True,results/01_gfp_library_transfer_counts/tables/gfp_lib_standardized_all_replicates.csv
AD_20241203_fnsnrrpr_casvariants_timepoint1_Experiment_Group_D03.fcs,fncas12a_snr_no,AD_20241203_fnsnrrpr_casvariants_timepoint1,D03,E02,E02,GFP panel,FnCas12a,,SNR52,,No,E02,,2,6_gen,5.1,No,Figure 2,GFP panel replicate kinetics,True,results/01_gfp_library_transfer_counts/tables/gfp_lib_standardized_all_replicates.csv
AD_20241203_fnsnrrpr_casvariants_timepoint1_Experiment_Group_E01.fcs,fncas12a_snr_no,AD_20241203_fnsnrrpr_casvariants_timepoint1,E01,A09,A09,GFP panel,FnCas12a,,SNR52,,No,A09,,1,6_gen,6.9,Yes,Figure 2,GFP panel replicate kinetics,True,results/01_gfp_library_transfer_counts/tables/gfp_lib_standardized_all_replicates.csv
AD_20241203_fnsnrrpr_casvariants_timepoint1_Experiment_Group_E02.fcs,fncas12a_snr_no,AD_20241203_fnsnrrpr_casvariants_timepoint1,E02,C04,C04,GFP panel,FnCas12a,,SNR52,,No,C04,,1,6_gen,4.2,No,Figure 2,GFP panel replicate kinetics,True,results/01_gfp_library_transfer_counts/tables/gfp_lib_standardized_all_replicates.csv
AD_20241203_fnsnrrpr_casvariants_timepoint1_Experiment_Group_E03.fcs,fncas12a_snr_no,AD_20241203_fnsnrrpr_casvariants_timepoint1,E03,E05,E05,GFP panel,FnCas12a,,SNR52,,No,E05,,1,6_gen,6.5,No,Figure 2,GFP panel replicate kinetics,True,results/01_gfp_library_transfer_counts/tables/gfp_lib_standardized_all_replicates.csv
AD_20241203_fnsnrrpr_casvariants_timepoint1_Experiment_Group_F01.fcs,fncas12a_snr_no,AD_20241203_fnsnrrpr_casvariants_timepoint1,F01,A09,A09,GFP panel,FnCas12a,,SNR52,,No,A09,,2,6_gen,6.8,Yes,Figure 2,GFP panel replicate kinetics,True,results/01_gfp_library_transfer_counts/tables/gfp_lib_standardized_all_replicates.csv
AD_20241203_fnsnrrpr_casvariants_timepoint1_Experiment_Group_F02.fcs,fncas12a_snr_no,AD_20241203_fnsnrrpr_casvariants_timepoint1,F02,C04,C04,GFP panel,FnCas12a,,SNR52,,No,C04,,2,6_gen,4.4,No,Figure 2,GFP panel replicate kinetics,True,results/01_gfp_library_transfer_counts/tables/gfp_lib_standardized_all_replicates.csv
AD_20241203_fnsnrrpr_casvariants_timepoint1_Experiment_Group_F03.fcs,fncas12a_snr_no,AD_20241203_fnsnrrpr_casvariants_timepoint1,F03,E05,E05,GFP panel,FnCas12a,,SNR52,,No,E05,,2,6_gen,6.4,No,Figure 2,GFP panel replicate kinetics,True,results/01_gfp_library_transfer_counts/tables/gfp_lib_standardized_all_replicates.csv
AD_20241203_fnsnrrpr_casvariants_timepoint1_Experiment_Group_G01.fcs,fncas12a_snr_no,AD_20241203_fnsnrrpr_casvariants_timepoint1,G01,A12,A12,GFP panel,FnCas12a,,SNR52,,No,A12,,1,6_gen,6.4,No,Figure 2,GFP panel replicate kinetics,True,results/01_gfp_library_transfer_counts/tables/gfp_lib_standardized_all_replicates.csv
AD_20241203_fnsnrrpr_casvariants_timepoint1_Experiment_Group_G02.fcs,fncas12a_snr_no,AD_20241203_fnsnrrpr_casvariants_timepoint1,G02,C05,C05,GFP panel,FnCas12a,,SNR52,,No,C05,,1,6_gen,7.2,No,Figure 2,GFP panel replicate kinetics,True,results/01_gfp_library_transfer_counts/tables/gfp_lib_standardized_all_replicates.csv
AD_20241203_fnsnrrpr_casvariants_timepoint1_Experiment_Group_G03.fcs,fncas12a_snr_no,AD_20241203_fnsnrrpr_casvariants_timepoint1,G03,G03,G03,GFP panel,FnCas12a,,SNR52,,No,G03,,1,6_gen,4.5,No,Figure 2,GFP panel replicate kinetics,True,results/01_gfp_library_transfer_counts/tables/gfp_lib_standardized_all_replicates.csv
AD_20241203_fnsnrrpr_casvariants_timepoint1_Experiment_Group_H01.fcs,fncas12a_snr_no,AD_20241203_fnsnrrpr_casvariants_timepoint1,H01,A12,A12,GFP panel,FnCas12a,,SNR52,,No,A12,,2,6_gen,6.8,No,Figure 2,GFP panel replicate kinetics,True,results/01_gfp_library_transfer_counts/tables/gfp_lib_standardized_all_replicates.csv
AD_20241203_fnsnrrpr_casvariants_timepoint1_Experiment_Group_H02.fcs,fncas12a_snr_no,AD_20241203_fnsnrrpr_casvariants_timepoint1,H02,C05,C05,GFP panel,FnCas12a,,SNR52,,No,C05,,2,6_gen,6.9,No,Figure 2,GFP panel replicate kinetics,True,results/01_gfp_library_transfer_counts/tables/gfp_lib_standardized_all_replicates.csv
AD_20241203_fnsnrrpr_casvariants_timepoint1_Experiment_Group_H03.fcs,fncas12a_snr_no,AD_20241203_fnsnrrpr_casvariants_timepoint1,H03,G03,G03,GFP panel,FnCas12a,,SNR52,,No,G03,,2,6_gen,4.7,No,Figure 2,GFP panel replicate kinetics,True,results/01_gfp_library_transfer_counts/tables/gfp_lib_standardized_all_replicates.csv
AD_20241203_fnsnrrpr_casvariants_scraped_Experiment_Group_A01.fcs,fncas12a_snr_no,AD_20241203_fnsnrrpr_casvariants_scraped,A01,A01,A01,GFP panel,FnCas12a,,SNR52,,No,A01,,1,scraped,0.0,No,Figure 2,GFP panel replicate kinetics,True,results/01_gfp_library_transfer_counts/tables/gfp_lib_standardized_all_replicates.csv
AD_20241203_fnsnrrpr_casvariants_scraped_Experiment_Group_A02.fcs,fncas12a_snr_no,AD_20241203_fnsnrrpr_casvariants_scraped,A02,B05,B05,GFP panel,FnCas12a,,SNR52,,No,B05,,1,scraped,0.0,No,Figure 2,GFP panel replicate kinetics,True,results/01_gfp_library_transfer_counts/tables/gfp_lib_standardized_all_replicates.csv
AD_20241203_fnsnrrpr_casvariants_scraped_Experiment_Group_A03.fcs,fncas12a_snr_no,AD_20241203_fnsnrrpr_casvariants_scraped,A03,E01,E01,GFP panel,FnCas12a,,SNR52,,No,E01,,1,scraped,0.0,No,Figure 2,GFP panel replicate kinetics,True,results/01_gfp_library_transfer_counts/tables/gfp_lib_standardized_all_replicates.csv
AD_20241203_fnsnrrpr_casvariants_scraped_Experiment_Group_A04.fcs,fncas12a_snr_no,AD_20241203_fnsnrrpr_casvariants_scraped,A04,H11,H11,GFP panel,FnCas12a,,SNR52,,No,H11,,1,scraped,0.0,No,Figure 2,GFP panel replicate kinetics,True,results/01_gfp_library_transfer_counts/tables/gfp_lib_standardized_all_replicates.csv
AD_20241203_fnsnrrpr_casvariants_scraped_Experiment_Group_B01.fcs,fncas12a_snr_no,AD_20241203_fnsnrrpr_casvariants_scraped,B01,A01,A01,GFP panel,FnCas12a,,SNR52,,No,A01,,2,scraped,0.0,No,Figure 2,GFP panel replicate kinetics,True,results/01_gfp_library_transfer_counts/tables/gfp_lib_standardized_all_replicates.csv
AD_20241203_fnsnrrpr_casvariants_scraped_Experiment_Group_B02.fcs,fncas12a_snr_no,AD_20241203_fnsnrrpr_casvariants_scraped,B02,B05,B05,GFP panel,FnCas12a,,SNR52,,No,B05,,2,scraped,0.0,No,Figure 2,GFP panel replicate kinetics,True,results/01_gfp_library_transfer_counts/tables/gfp_lib_standardized_all_replicates.csv
AD_20241203_fnsnrrpr_casvariants_scraped_Experiment_Group_B03.fcs,fncas12a_snr_no,AD_20241203_fnsnrrpr_casvariants_scraped,B03,E01,E01,GFP panel,FnCas12a,,SNR52,,No,E01,,2,scraped,0.0,No,Figure 2,GFP panel replicate kinetics,True,results/01_gfp_library_transfer_counts/tables/gfp_lib_standardized_all_replicates.csv
AD_20241203_fnsnrrpr_casvariants_scraped_Experiment_Group_B04.fcs,fncas12a_snr_no,AD_20241203_fnsnrrpr_casvariants_scraped,B04,H11,H11,GFP panel,FnCas12a,,SNR52,,No,H11,,2,scraped,0.0,No,Figure 2,GFP panel replicate kinetics,True,results/01_gfp_library_transfer_counts/tables/gfp_lib_standardized_all_replicates.csv
AD_20241203_fnsnrrpr_casvariants_scraped_Experiment_Group_C01.fcs,fncas12a_snr_no,AD_20241203_fnsnrrpr_casvariants_scraped,C01,A04,A04,GFP panel,FnCas12a,,SNR52,,No,A04,,1,scraped,0.0,No,Figure 2,GFP panel replicate kinetics,True,results/01_gfp_library_transfer_counts/tables/gfp_lib_standardized_all_replicates.csv
AD_20241203_fnsnrrpr_casvariants_scraped_Experiment_Group_C02.fcs,fncas12a_snr_no,AD_20241203_fnsnrrpr_casvariants_scraped,C02,C03,C03,GFP panel,FnCas12a,,SNR52,,No,C03,,1,scraped,0.0,No,Figure 2,GFP panel replicate kinetics,True,results/01_gfp_library_transfer_counts/tables/gfp_lib_standardized_all_replicates.csv
AD_20241203_fnsnrrpr_casvariants_scraped_Experiment_Group_C03.fcs,fncas12a_snr_no,AD_20241203_fnsnrrpr_casvariants_scraped,C03,E02,E02,GFP panel,FnCas12a,,SNR52,,No,E02,,1,scraped,0.0,No,Figure 2,GFP panel replicate kinetics,True,results/01_gfp_library_transfer_counts/tables/gfp_lib_standardized_all_replicates.csv
AD_20241203_fnsnrrpr_casvariants_scraped_Experiment_Group_D01.fcs,fncas12a_snr_no,AD_20241203_fnsnrrpr_casvariants_scraped,D01,A04,A04,GFP panel,FnCas12a,,SNR52,,No,A04,,2,scraped,0.0,No,Figure 2,GFP panel replicate kinetics,True,results/01_gfp_library_transfer_counts/tables/gfp_lib_standardized_all_replicates.csv
AD_20241203_fnsnrrpr_casvariants_scraped_Experiment_Group_D02.fcs,fncas12a_snr_no,AD_20241203_fnsnrrpr_casvariants_scraped,D02,C03,C03,GFP panel,FnCas12a,,SNR52,,No,C03,,2,scraped,0.0,No,Figure 2,GFP panel replicate kinetics,True,results/01_gfp_library_transfer_counts/tables/gfp_lib_standardized_all_replicates.csv
AD_20241203_fnsnrrpr_casvariants_scraped_Experiment_Group_D03.fcs,fncas12a_snr_no,AD_20241203_fnsnrrpr_casvariants_scraped,D03,E02,E02,GFP panel,FnCas12a,,SNR52,,No,E02,,2,scraped,0.0,No,Figure 2,GFP panel replicate kinetics,True,results/01_gfp_library_transfer_counts/tables/gfp_lib_standardized_all_replicates.csv
AD_20241203_fnsnrrpr_casvariants_scraped_Experiment_Group_E01.fcs,fncas12a_snr_no,AD_20241203_fnsnrrpr_casvariants_scraped,E01,A09,A09,GFP panel,FnCas12a,,SNR52,,No,A09,,1,scraped,0.0,Yes,Figure 2,GFP panel replicate kinetics,True,results/01_gfp_library_transfer_counts/tables/gfp_lib_standardized_all_replicates.csv
AD_20241203_fnsnrrpr_casvariants_scraped_Experiment_Group_E02.fcs,fncas12a_snr_no,AD_20241203_fnsnrrpr_casvariants_scraped,E02,C04,C04,GFP panel,FnCas12a,,SNR52,,No,C04,,1,scraped,0.0,No,Figure 2,GFP panel replicate kinetics,True,results/01_gfp_library_transfer_counts/tables/gfp_lib_standardized_all_replicates.csv
AD_20241203_fnsnrrpr_casvariants_scraped_Experiment_Group_E03.fcs,fncas12a_snr_no,AD_20241203_fnsnrrpr_casvariants_scraped,E03,E05,E05,GFP panel,FnCas12a,,SNR52,,No,E05,,1,scraped,0.0,No,Figure 2,GFP panel replicate kinetics,True,results/01_gfp_library_transfer_counts/tables/gfp_lib_standardized_all_replicates.csv
AD_20241203_fnsnrrpr_casvariants_scraped_Experiment_Group_F01.fcs,fncas12a_snr_no,AD_20241203_fnsnrrpr_casvariants_scraped,F01,A09,A09,GFP panel,FnCas12a,,SNR52,,No,A09,,2,scraped,0.0,Yes,Figure 2,GFP panel replicate kinetics,True,results/01_gfp_library_transfer_counts/tables/gfp_lib_standardized_all_replicates.csv
AD_20241203_fnsnrrpr_casvariants_scraped_Experiment_Group_F02.fcs,fncas12a_snr_no,AD_20241203_fnsnrrpr_casvariants_scraped,F02,C04,C04,GFP panel,FnCas12a,,SNR52,,No,C04,,2,scraped,0.0,No,Figure 2,GFP panel replicate kinetics,True,results/01_gfp_library_transfer_counts/tables/gfp_lib_standardized_all_replicates.csv
AD_20241203_fnsnrrpr_casvariants_scraped_Experiment_Group_F03.fcs,fncas12a_snr_no,AD_20241203_fnsnrrpr_casvariants_scraped,F03,E05,E05,GFP panel,FnCas12a,,SNR52,,No,E05,,2,scraped,0.0,No,Figure 2,GFP panel replicate kinetics,True,results/01_gfp_library_transfer_counts/tables/gfp_lib_standardized_all_replicates.csv
AD_20241203_fnsnrrpr_casvariants_scraped_Experiment_Group_G01.fcs,fncas12a_snr_no,AD_20241203_fnsnrrpr_casvariants_scraped,G01,A12,A12,GFP panel,FnCas12a,,SNR52,,No,A12,,1,scraped,0.0,No,Figure 2,GFP panel replicate kinetics,True,results/01_gfp_library_transfer_counts/tables/gfp_lib_standardized_all_replicates.csv
AD_20241203_fnsnrrpr_casvariants_scraped_Experiment_Group_G02.fcs,fncas12a_snr_no,AD_20241203_fnsnrrpr_casvariants_scraped,G02,C05,C05,GFP panel,FnCas12a,,SNR52,,No,C05,,1,scraped,0.0,No,Figure 2,GFP panel replicate kinetics,True,results/01_gfp_library_transfer_counts/tables/gfp_lib_standardized_all_replicates.csv
AD_20241203_fnsnrrpr_casvariants_scraped_Experiment_Group_G03.fcs,fncas12a_snr_no,AD_20241203_fnsnrrpr_casvariants_scraped,G03,G03,G03,GFP panel,FnCas12a,,SNR52,,No,G03,,1,scraped,0.0,No,Figure 2,GFP panel replicate kinetics,True,results/01_gfp_library_transfer_counts/tables/gfp_lib_standardized_all_replicates.csv
AD_20241203_fnsnrrpr_casvariants_scraped_Experiment_Group_H01.fcs,fncas12a_snr_no,AD_20241203_fnsnrrpr_casvariants_scraped,H01,A12,A12,GFP panel,FnCas12a,,SNR52,,No,A12,,2,scraped,0.0,No,Figure 2,GFP panel replicate kinetics,True,results/01_gfp_library_transfer_counts/tables/gfp_lib_standardized_all_replicates.csv
AD_20241203_fnsnrrpr_casvariants_scraped_Experiment_Group_H02.fcs,fncas12a_snr_no,AD_20241203_fnsnrrpr_casvariants_scraped,H02,C05,C05,GFP panel,FnCas12a,,SNR52,,No,C05,,2,scraped,0.0,No,Figure 2,GFP panel replicate kinetics,True,results/01_gfp_library_transfer_counts/tables/gfp_lib_standardized_all_replicates.csv
AD_20241203_fnsnrrpr_casvariants_scraped_Experiment_Group_H03.fcs,fncas12a_snr_no,AD_20241203_fnsnrrpr_casvariants_scraped,H03,G03,G03,GFP panel,FnCas12a,,SNR52,,No,G03,,2,scraped,0.0,No,Figure 2,GFP panel replicate kinetics,True,results/01_gfp_library_transfer_counts/tables/gfp_lib_standardized_all_replicates.csv
AD_20241205_gfplib_fncas12a_lexA_snrrpr_timepoint3_Experiment_Group_A01.fcs,fncas12a_snr_yes,AD_20241205_gfplib_fncas12a_lexA_snrrpr_timepoint3,A01,A01,A01,GFP panel,FnCas12a,,SNR52,,Yes,A01,,1,11_gen,10.2,No,Figure 2,GFP panel replicate kinetics,True,results/01_gfp_library_transfer_counts/tables/gfp_lib_standardized_all_replicates.csv
AD_20241205_gfplib_fncas12a_lexA_snrrpr_timepoint3_Experiment_Group_A02.fcs,fncas12a_snr_yes,AD_20241205_gfplib_fncas12a_lexA_snrrpr_timepoint3,A02,B05,B05,GFP panel,FnCas12a,,SNR52,,Yes,B05,,1,11_gen,8.0,No,Figure 2,GFP panel replicate kinetics,True,results/01_gfp_library_transfer_counts/tables/gfp_lib_standardized_all_replicates.csv
AD_20241205_gfplib_fncas12a_lexA_snrrpr_timepoint3_Experiment_Group_A03.fcs,fncas12a_snr_yes,AD_20241205_gfplib_fncas12a_lexA_snrrpr_timepoint3,A03,E01,E01,GFP panel,FnCas12a,,SNR52,,Yes,E01,,1,11_gen,8.3,No,Figure 2,GFP panel replicate kinetics,True,results/01_gfp_library_transfer_counts/tables/gfp_lib_standardized_all_replicates.csv
AD_20241205_gfplib_fncas12a_lexA_snrrpr_timepoint3_Experiment_Group_A04.fcs,fncas12a_snr_yes,AD_20241205_gfplib_fncas12a_lexA_snrrpr_timepoint3,A04,H11,H11,GFP panel,FnCas12a,,SNR52,,Yes,H11,,1,11_gen,9.2,No,Figure 2,GFP panel replicate kinetics,True,results/01_gfp_library_transfer_counts/tables/gfp_lib_standardized_all_replicates.csv
AD_20241205_gfplib_fncas12a_lexA_snrrpr_timepoint3_Experiment_Group_B01.fcs,fncas12a_snr_yes,AD_20241205_gfplib_fncas12a_lexA_snrrpr_timepoint3,B01,A01,A01,GFP panel,FnCas12a,,SNR52,,Yes,A01,,2,11_gen,9.8,No,Figure 2,GFP panel replicate kinetics,True,results/01_gfp_library_transfer_counts/tables/gfp_lib_standardized_all_replicates.csv
AD_20241205_gfplib_fncas12a_lexA_snrrpr_timepoint3_Experiment_Group_B02.fcs,fncas12a_snr_yes,AD_20241205_gfplib_fncas12a_lexA_snrrpr_timepoint3,B02,B05,B05,GFP panel,FnCas12a,,SNR52,,Yes,B05,,2,11_gen,9.2,No,Figure 2,GFP panel replicate kinetics,True,results/01_gfp_library_transfer_counts/tables/gfp_lib_standardized_all_replicates.csv
AD_20241205_gfplib_fncas12a_lexA_snrrpr_timepoint3_Experiment_Group_B03.fcs,fncas12a_snr_yes,AD_20241205_gfplib_fncas12a_lexA_snrrpr_timepoint3,B03,E01,E01,GFP panel,FnCas12a,,SNR52,,Yes,E01,,2,11_gen,8.2,No,Figure 2,GFP panel replicate kinetics,True,results/01_gfp_library_transfer_counts/tables/gfp_lib_standardized_all_replicates.csv
AD_20241205_gfplib_fncas12a_lexA_snrrpr_timepoint3_Experiment_Group_B04.fcs,fncas12a_snr_yes,AD_20241205_gfplib_fncas12a_lexA_snrrpr_timepoint3,B04,H11,H11,GFP panel,FnCas12a,,SNR52,,Yes,H11,,2,11_gen,7.5,No,Figure 2,GFP panel replicate kinetics,True,results/01_gfp_library_transfer_counts/tables/gfp_lib_standardized_all_replicates.csv
AD_20241205_gfplib_fncas12a_lexA_snrrpr_timepoint3_Experiment_Group_C01.fcs,fncas12a_snr_yes,AD_20241205_gfplib_fncas12a_lexA_snrrpr_timepoint3,C01,A04,A04,GFP panel,FnCas12a,,SNR52,,Yes,A04,,1,11_gen,10.5,No,Figure 2,GFP panel replicate kinetics,True,results/01_gfp_library_transfer_counts/tables/gfp_lib_standardized_all_replicates.csv
AD_20241205_gfplib_fncas12a_lexA_snrrpr_timepoint3_Experiment_Group_C02.fcs,fncas12a_snr_yes,AD_20241205_gfplib_fncas12a_lexA_snrrpr_timepoint3,C02,C03,C03,GFP panel,FnCas12a,,SNR52,,Yes,C03,,1,11_gen,10.1,No,Figure 2,GFP panel replicate kinetics,True,results/01_gfp_library_transfer_counts/tables/gfp_lib_standardized_all_replicates.csv
AD_20241205_gfplib_fncas12a_lexA_snrrpr_timepoint3_Experiment_Group_C03.fcs,fncas12a_snr_yes,AD_20241205_gfplib_fncas12a_lexA_snrrpr_timepoint3,C03,E02,E02,GFP panel,FnCas12a,,SNR52,,Yes,E02,,1,11_gen,9.0,No,Figure 2,GFP panel replicate kinetics,True,results/01_gfp_library_transfer_counts/tables/gfp_lib_standardized_all_replicates.csv
AD_20241205_gfplib_fncas12a_lexA_snrrpr_timepoint3_Experiment_Group_D01.fcs,fncas12a_snr_yes,AD_20241205_gfplib_fncas12a_lexA_snrrpr_timepoint3,D01,A04,A04,GFP panel,FnCas12a,,SNR52,,Yes,A04,,2,11_gen,11.7,No,Figure 2,GFP panel replicate kinetics,True,results/01_gfp_library_transfer_counts/tables/gfp_lib_standardized_all_replicates.csv
AD_20241205_gfplib_fncas12a_lexA_snrrpr_timepoint3_Experiment_Group_D02.fcs,fncas12a_snr_yes,AD_20241205_gfplib_fncas12a_lexA_snrrpr_timepoint3,D02,C03,C03,GFP panel,FnCas12a,,SNR52,,Yes,C03,,2,11_gen,9.9,No,Figure 2,GFP panel replicate kinetics,True,results/01_gfp_library_transfer_counts/tables/gfp_lib_standardized_all_replicates.csv
AD_20241205_gfplib_fncas12a_lexA_snrrpr_timepoint3_Experiment_Group_D03.fcs,fncas12a_snr_yes,AD_20241205_gfplib_fncas12a_lexA_snrrpr_timepoint3,D03,E02,E02,GFP panel,FnCas12a,,SNR52,,Yes,E02,,2,11_gen,8.7,No,Figure 2,GFP panel replicate kinetics,True,results/01_gfp_library_transfer_counts/tables/gfp_lib_standardized_all_replicates.csv
AD_20241205_gfplib_fncas12a_lexA_snrrpr_timepoint3_Experiment_Group_E01.fcs,fncas12a_snr_yes,AD_20241205_gfplib_fncas12a_lexA_snrrpr_timepoint3,E01,A09,A09,GFP panel,FnCas12a,,SNR52,,Yes,A09,,1,11_gen,10.9,Yes,Figure 2,GFP panel replicate kinetics,True,results/01_gfp_library_transfer_counts/tables/gfp_lib_standardized_all_replicates.csv
AD_20241205_gfplib_fncas12a_lexA_snrrpr_timepoint3_Experiment_Group_E02.fcs,fncas12a_snr_yes,AD_20241205_gfplib_fncas12a_lexA_snrrpr_timepoint3,E02,C04,C04,GFP panel,FnCas12a,,SNR52,,Yes,C04,,1,11_gen,10.4,No,Figure 2,GFP panel replicate kinetics,True,results/01_gfp_library_transfer_counts/tables/gfp_lib_standardized_all_replicates.csv
AD_20241205_gfplib_fncas12a_lexA_snrrpr_timepoint3_Experiment_Group_E03.fcs,fncas12a_snr_yes,AD_20241205_gfplib_fncas12a_lexA_snrrpr_timepoint3,E03,E05,E05,GFP panel,FnCas12a,,SNR52,,Yes,E05,,1,11_gen,10.1,No,Figure 2,GFP panel replicate kinetics,True,results/01_gfp_library_transfer_counts/tables/gfp_lib_standardized_all_replicates.csv
AD_20241205_gfplib_fncas12a_lexA_snrrpr_timepoint3_Experiment_Group_F01.fcs,fncas12a_snr_yes,AD_20241205_gfplib_fncas12a_lexA_snrrpr_timepoint3,F01,A09,A09,GFP panel,FnCas12a,,SNR52,,Yes,A09,,2,11_gen,10.3,Yes,Figure 2,GFP panel replicate kinetics,True,results/01_gfp_library_transfer_counts/tables/gfp_lib_standardized_all_replicates.csv
AD_20241205_gfplib_fncas12a_lexA_snrrpr_timepoint3_Experiment_Group_F02.fcs,fncas12a_snr_yes,AD_20241205_gfplib_fncas12a_lexA_snrrpr_timepoint3,F02,C04,C04,GFP panel,FnCas12a,,SNR52,,Yes,C04,,2,11_gen,10.7,No,Figure 2,GFP panel replicate kinetics,True,results/01_gfp_library_transfer_counts/tables/gfp_lib_standardized_all_replicates.csv
AD_20241205_gfplib_fncas12a_lexA_snrrpr_timepoint3_Experiment_Group_F03.fcs,fncas12a_snr_yes,AD_20241205_gfplib_fncas12a_lexA_snrrpr_timepoint3,F03,E05,E05,GFP panel,FnCas12a,,SNR52,,Yes,E05,,2,11_gen,11.0,No,Figure 2,GFP panel replicate kinetics,True,results/01_gfp_library_transfer_counts/tables/gfp_lib_standardized_all_replicates.csv
AD_20241205_gfplib_fncas12a_lexA_snrrpr_timepoint3_Experiment_Group_G01.fcs,fncas12a_snr_yes,AD_20241205_gfplib_fncas12a_lexA_snrrpr_timepoint3,G01,A12,A12,GFP panel,FnCas12a,,SNR52,,Yes,A12,,1,11_gen,10.4,No,Figure 2,GFP panel replicate kinetics,True,results/01_gfp_library_transfer_counts/tables/gfp_lib_standardized_all_replicates.csv
AD_20241205_gfplib_fncas12a_lexA_snrrpr_timepoint3_Experiment_Group_G02.fcs,fncas12a_snr_yes,AD_20241205_gfplib_fncas12a_lexA_snrrpr_timepoint3,G02,C05,C05,GFP panel,FnCas12a,,SNR52,,Yes,C05,,1,11_gen,11.0,No,Figure 2,GFP panel replicate kinetics,True,results/01_gfp_library_transfer_counts/tables/gfp_lib_standardized_all_replicates.csv
AD_20241205_gfplib_fncas12a_lexA_snrrpr_timepoint3_Experiment_Group_G03.fcs,fncas12a_snr_yes,AD_20241205_gfplib_fncas12a_lexA_snrrpr_timepoint3,G03,G03,G03,GFP panel,FnCas12a,,SNR52,,Yes,G03,,1,11_gen,8.0,No,Figure 2,GFP panel replicate kinetics,True,results/01_gfp_library_transfer_counts/tables/gfp_lib_standardized_all_replicates.csv
AD_20241205_gfplib_fncas12a_lexA_snrrpr_timepoint3_Experiment_Group_H01.fcs,fncas12a_snr_yes,AD_20241205_gfplib_fncas12a_lexA_snrrpr_timepoint3,H01,A12,A12,GFP panel,FnCas12a,,SNR52,,Yes,A12,,2,11_gen,11.0,No,Figure 2,GFP panel replicate kinetics,True,results/01_gfp_library_transfer_counts/tables/gfp_lib_standardized_all_replicates.csv
AD_20241205_gfplib_fncas12a_lexA_snrrpr_timepoint3_Experiment_Group_H02.fcs,fncas12a_snr_yes,AD_20241205_gfplib_fncas12a_lexA_snrrpr_timepoint3,H02,C05,C05,GFP panel,FnCas12a,,SNR52,,Yes,C05,,2,11_gen,11.2,No,Figure 2,GFP panel replicate kinetics,True,results/01_gfp_library_transfer_counts/tables/gfp_lib_standardized_all_replicates.csv
AD_20241205_gfplib_fncas12a_lexA_snrrpr_timepoint3_Experiment_Group_H03.fcs,fncas12a_snr_yes,AD_20241205_gfplib_fncas12a_lexA_snrrpr_timepoint3,H03,G03,G03,GFP panel,FnCas12a,,SNR52,,Yes,G03,,2,11_gen,9.9,No,Figure 2,GFP panel replicate kinetics,True,results/01_gfp_library_transfer_counts/tables/gfp_lib_standardized_all_replicates.csv
AD_20241205_gfplib_fncas12a_lexA_snrrpr_timepoint4_Experiment_Group_A01.fcs,fncas12a_snr_yes,AD_20241205_gfplib_fncas12a_lexA_snrrpr_timepoint4,A01,A01,A01,GFP panel,FnCas12a,,SNR52,,Yes,A01,,1,20_gen,18.5,No,Figure 2,GFP panel replicate kinetics,True,results/01_gfp_library_transfer_counts/tables/gfp_lib_standardized_all_replicates.csv
AD_20241205_gfplib_fncas12a_lexA_snrrpr_timepoint4_Experiment_Group_A02.fcs,fncas12a_snr_yes,AD_20241205_gfplib_fncas12a_lexA_snrrpr_timepoint4,A02,B05,B05,GFP panel,FnCas12a,,SNR52,,Yes,B05,,1,20_gen,15.9,No,Figure 2,GFP panel replicate kinetics,True,results/01_gfp_library_transfer_counts/tables/gfp_lib_standardized_all_replicates.csv
AD_20241205_gfplib_fncas12a_lexA_snrrpr_timepoint4_Experiment_Group_A03.fcs,fncas12a_snr_yes,AD_20241205_gfplib_fncas12a_lexA_snrrpr_timepoint4,A03,E01,E01,GFP panel,FnCas12a,,SNR52,,Yes,E01,,1,20_gen,16.4,No,Figure 2,GFP panel replicate kinetics,True,results/01_gfp_library_transfer_counts/tables/gfp_lib_standardized_all_replicates.csv
AD_20241205_gfplib_fncas12a_lexA_snrrpr_timepoint4_Experiment_Group_A04.fcs,fncas12a_snr_yes,AD_20241205_gfplib_fncas12a_lexA_snrrpr_timepoint4,A04,H11,H11,GFP panel,FnCas12a,,SNR52,,Yes,H11,,1,20_gen,16.5,No,Figure 2,GFP panel replicate kinetics,True,results/01_gfp_library_transfer_counts/tables/gfp_lib_standardized_all_replicates.csv
AD_20241205_gfplib_fncas12a_lexA_snrrpr_timepoint4_Experiment_Group_B01.fcs,fncas12a_snr_yes,AD_20241205_gfplib_fncas12a_lexA_snrrpr_timepoint4,B01,A01,A01,GFP panel,FnCas12a,,SNR52,,Yes,A01,,2,20_gen,18.5,No,Figure 2,GFP panel replicate kinetics,True,results/01_gfp_library_transfer_counts/tables/gfp_lib_standardized_all_replicates.csv
AD_20241205_gfplib_fncas12a_lexA_snrrpr_timepoint4_Experiment_Group_B02.fcs,fncas12a_snr_yes,AD_20241205_gfplib_fncas12a_lexA_snrrpr_timepoint4,B02,B05,B05,GFP panel,FnCas12a,,SNR52,,Yes,B05,,2,20_gen,17.5,No,Figure 2,GFP panel replicate kinetics,True,results/01_gfp_library_transfer_counts/tables/gfp_lib_standardized_all_replicates.csv
AD_20241205_gfplib_fncas12a_lexA_snrrpr_timepoint4_Experiment_Group_B03.fcs,fncas12a_snr_yes,AD_20241205_gfplib_fncas12a_lexA_snrrpr_timepoint4,B03,E01,E01,GFP panel,FnCas12a,,SNR52,,Yes,E01,,2,20_gen,15.5,No,Figure 2,GFP panel replicate kinetics,True,results/01_gfp_library_transfer_counts/tables/gfp_lib_standardized_all_replicates.csv
AD_20241205_gfplib_fncas12a_lexA_snrrpr_timepoint4_Experiment_Group_B04.fcs,fncas12a_snr_yes,AD_20241205_gfplib_fncas12a_lexA_snrrpr_timepoint4,B04,H11,H11,GFP panel,FnCas12a,,SNR52,,Yes,H11,,2,20_gen,14.7,No,Figure 2,GFP panel replicate kinetics,True,results/01_gfp_library_transfer_counts/tables/gfp_lib_standardized_all_replicates.csv
AD_20241205_gfplib_fncas12a_lexA_snrrpr_timepoint4_Experiment_Group_C01.fcs,fncas12a_snr_yes,AD_20241205_gfplib_fncas12a_lexA_snrrpr_timepoint4,C01,A04,A04,GFP panel,FnCas12a,,SNR52,,Yes,A04,,1,20_gen,19.1,No,Figure 2,GFP panel replicate kinetics,True,results/01_gfp_library_transfer_counts/tables/gfp_lib_standardized_all_replicates.csv
AD_20241205_gfplib_fncas12a_lexA_snrrpr_timepoint4_Experiment_Group_C02.fcs,fncas12a_snr_yes,AD_20241205_gfplib_fncas12a_lexA_snrrpr_timepoint4,C02,C03,C03,GFP panel,FnCas12a,,SNR52,,Yes,C03,,1,20_gen,18.1,No,Figure 2,GFP panel replicate kinetics,True,results/01_gfp_library_transfer_counts/tables/gfp_lib_standardized_all_replicates.csv
AD_20241205_gfplib_fncas12a_lexA_snrrpr_timepoint4_Experiment_Group_C03.fcs,fncas12a_snr_yes,AD_20241205_gfplib_fncas12a_lexA_snrrpr_timepoint4,C03,E02,E02,GFP panel,FnCas12a,,SNR52,,Yes,E02,,1,20_gen,16.9,No,Figure 2,GFP panel replicate kinetics,True,results/01_gfp_library_transfer_counts/tables/gfp_lib_standardized_all_replicates.csv
AD_20241205_gfplib_fncas12a_lexA_snrrpr_timepoint4_Experiment_Group_D01.fcs,fncas12a_snr_yes,AD_20241205_gfplib_fncas12a_lexA_snrrpr_timepoint4,D01,A04,A04,GFP panel,FnCas12a,,SNR52,,Yes,A04,,2,20_gen,20.0,No,Figure 2,GFP panel replicate kinetics,True,results/01_gfp_library_transfer_counts/tables/gfp_lib_standardized_all_replicates.csv
AD_20241205_gfplib_fncas12a_lexA_snrrpr_timepoint4_Experiment_Group_D02.fcs,fncas12a_snr_yes,AD_20241205_gfplib_fncas12a_lexA_snrrpr_timepoint4,D02,C03,C03,GFP panel,FnCas12a,,SNR52,,Yes,C03,,2,20_gen,17.8,No,Figure 2,GFP panel replicate kinetics,True,results/01_gfp_library_transfer_counts/tables/gfp_lib_standardized_all_replicates.csv
AD_20241205_gfplib_fncas12a_lexA_snrrpr_timepoint4_Experiment_Group_D03.fcs,fncas12a_snr_yes,AD_20241205_gfplib_fncas12a_lexA_snrrpr_timepoint4,D03,E02,E02,GFP panel,FnCas12a,,SNR52,,Yes,E02,,2,20_gen,17.2,No,Figure 2,GFP panel replicate kinetics,True,results/01_gfp_library_transfer_counts/tables/gfp_lib_standardized_all_replicates.csv
AD_20241205_gfplib_fncas12a_lexA_snrrpr_timepoint4_Experiment_Group_E01.fcs,fncas12a_snr_yes,AD_20241205_gfplib_fncas12a_lexA_snrrpr_timepoint4,E01,A09,A09,GFP panel,FnCas12a,,SNR52,,Yes,A09,,1,20_gen,18.6,Yes,Figure 2,GFP panel replicate kinetics,True,results/01_gfp_library_transfer_counts/tables/gfp_lib_standardized_all_replicates.csv
AD_20241205_gfplib_fncas12a_lexA_snrrpr_timepoint4_Experiment_Group_E02.fcs,fncas12a_snr_yes,AD_20241205_gfplib_fncas12a_lexA_snrrpr_timepoint4,E02,C04,C04,GFP panel,FnCas12a,,SNR52,,Yes,C04,,1,20_gen,18.8,No,Figure 2,GFP panel replicate kinetics,True,results/01_gfp_library_transfer_counts/tables/gfp_lib_standardized_all_replicates.csv
AD_20241205_gfplib_fncas12a_lexA_snrrpr_timepoint4_Experiment_Group_E03.fcs,fncas12a_snr_yes,AD_20241205_gfplib_fncas12a_lexA_snrrpr_timepoint4,E03,E05,E05,GFP panel,FnCas12a,,SNR52,,Yes,E05,,1,20_gen,18.2,No,Figure 2,GFP panel replicate kinetics,True,results/01_gfp_library_transfer_counts/tables/gfp_lib_standardized_all_replicates.csv
AD_20241205_gfplib_fncas12a_lexA_snrrpr_timepoint4_Experiment_Group_F01.fcs,fncas12a_snr_yes,AD_20241205_gfplib_fncas12a_lexA_snrrpr_timepoint4,F01,A09,A09,GFP panel,FnCas12a,,SNR52,,Yes,A09,,2,20_gen,18.5,Yes,Figure 2,GFP panel replicate kinetics,True,results/01_gfp_library_transfer_counts/tables/gfp_lib_standardized_all_replicates.csv
AD_20241205_gfplib_fncas12a_lexA_snrrpr_timepoint4_Experiment_Group_F02.fcs,fncas12a_snr_yes,AD_20241205_gfplib_fncas12a_lexA_snrrpr_timepoint4,F02,C04,C04,GFP panel,FnCas12a,,SNR52,,Yes,C04,,2,20_gen,17.2,No,Figure 2,GFP panel replicate kinetics,True,results/01_gfp_library_transfer_counts/tables/gfp_lib_standardized_all_replicates.csv
AD_20241205_gfplib_fncas12a_lexA_snrrpr_timepoint4_Experiment_Group_F03.fcs,fncas12a_snr_yes,AD_20241205_gfplib_fncas12a_lexA_snrrpr_timepoint4,F03,E05,E05,GFP panel,FnCas12a,,SNR52,,Yes,E05,,2,20_gen,18.4,No,Figure 2,GFP panel replicate kinetics,True,results/01_gfp_library_transfer_counts/tables/gfp_lib_standardized_all_replicates.csv
AD_20241205_gfplib_fncas12a_lexA_snrrpr_timepoint4_Experiment_Group_G01.fcs,fncas12a_snr_yes,AD_20241205_gfplib_fncas12a_lexA_snrrpr_timepoint4,G01,A12,A12,GFP panel,FnCas12a,,SNR52,,Yes,A12,,1,20_gen,18.7,No,Figure 2,GFP panel replicate kinetics,True,results/01_gfp_library_transfer_counts/tables/gfp_lib_standardized_all_replicates.csv
AD_20241205_gfplib_fncas12a_lexA_snrrpr_timepoint4_Experiment_Group_G02.fcs,fncas12a_snr_yes,AD_20241205_gfplib_fncas12a_lexA_snrrpr_timepoint4,G02,C05,C05,GFP panel,FnCas12a,,SNR52,,Yes,C05,,1,20_gen,19.1,No,Figure 2,GFP panel replicate kinetics,True,results/01_gfp_library_transfer_counts/tables/gfp_lib_standardized_all_replicates.csv
AD_20241205_gfplib_fncas12a_lexA_snrrpr_timepoint4_Experiment_Group_G03.fcs,fncas12a_snr_yes,AD_20241205_gfplib_fncas12a_lexA_snrrpr_timepoint4,G03,G03,G03,GFP panel,FnCas12a,,SNR52,,Yes,G03,,1,20_gen,16.3,No,Figure 2,GFP panel replicate kinetics,True,results/01_gfp_library_transfer_counts/tables/gfp_lib_standardized_all_replicates.csv
AD_20241205_gfplib_fncas12a_lexA_snrrpr_timepoint4_Experiment_Group_H01.fcs,fncas12a_snr_yes,AD_20241205_gfplib_fncas12a_lexA_snrrpr_timepoint4,H01,A12,A12,GFP panel,FnCas12a,,SNR52,,Yes,A12,,2,20_gen,18.9,No,Figure 2,GFP panel replicate kinetics,True,results/01_gfp_library_transfer_counts/tables/gfp_lib_standardized_all_replicates.csv
AD_20241205_gfplib_fncas12a_lexA_snrrpr_timepoint4_Experiment_Group_H02.fcs,fncas12a_snr_yes,AD_20241205_gfplib_fncas12a_lexA_snrrpr_timepoint4,H02,C05,C05,GFP panel,FnCas12a,,SNR52,,Yes,C05,,2,20_gen,18.9,No,Figure 2,GFP panel replicate kinetics,True,results/01_gfp_library_transfer_counts/tables/gfp_lib_standardized_all_replicates.csv
AD_20241205_gfplib_fncas12a_lexA_snrrpr_timepoint4_Experiment_Group_H03.fcs,fncas12a_snr_yes,AD_20241205_gfplib_fncas12a_lexA_snrrpr_timepoint4,H03,G03,G03,GFP panel,FnCas12a,,SNR52,,Yes,G03,,2,20_gen,18.4,No,Figure 2,GFP panel replicate kinetics,True,results/01_gfp_library_transfer_counts/tables/gfp_lib_standardized_all_replicates.csv
AD_20241205_gfplib_fncas12a_lexA_snrrpr_timepoint2_Experiment_Group_snr_A04.fcs,fncas12a_snr_yes,AD_20241205_gfplib_fncas12a_lexA_snrrpr_timepoint2,A04,A01,A01,GFP panel,FnCas12a,,SNR52,,Yes,A01,,1,6_gen,7.1,No,Figure 2,GFP panel replicate kinetics,True,results/01_gfp_library_transfer_counts/tables/gfp_lib_standardized_all_replicates.csv
AD_20241205_gfplib_fncas12a_lexA_snrrpr_timepoint2_Experiment_Group_snr_A05.fcs,fncas12a_snr_yes,AD_20241205_gfplib_fncas12a_lexA_snrrpr_timepoint2,A05,B05,B05,GFP panel,FnCas12a,,SNR52,,Yes,B05,,1,6_gen,4.4,No,Figure 2,GFP panel replicate kinetics,True,results/01_gfp_library_transfer_counts/tables/gfp_lib_standardized_all_replicates.csv
AD_20241205_gfplib_fncas12a_lexA_snrrpr_timepoint2_Experiment_Group_snr_A06.fcs,fncas12a_snr_yes,AD_20241205_gfplib_fncas12a_lexA_snrrpr_timepoint2,A06,E01,E01,GFP panel,FnCas12a,,SNR52,,Yes,E01,,1,6_gen,5.0,No,Figure 2,GFP panel replicate kinetics,True,results/01_gfp_library_transfer_counts/tables/gfp_lib_standardized_all_replicates.csv
AD_20241205_gfplib_fncas12a_lexA_snrrpr_timepoint2_Experiment_Group_snr_A07.fcs,fncas12a_snr_yes,AD_20241205_gfplib_fncas12a_lexA_snrrpr_timepoint2,A07,H11,H11,GFP panel,FnCas12a,,SNR52,,Yes,H11,,1,6_gen,5.4,No,Figure 2,GFP panel replicate kinetics,True,results/01_gfp_library_transfer_counts/tables/gfp_lib_standardized_all_replicates.csv
AD_20241205_gfplib_fncas12a_lexA_snrrpr_timepoint2_Experiment_Group_snr_B04.fcs,fncas12a_snr_yes,AD_20241205_gfplib_fncas12a_lexA_snrrpr_timepoint2,B04,A01,A01,GFP panel,FnCas12a,,SNR52,,Yes,A01,,2,6_gen,7.0,No,Figure 2,GFP panel replicate kinetics,True,results/01_gfp_library_transfer_counts/tables/gfp_lib_standardized_all_replicates.csv
AD_20241205_gfplib_fncas12a_lexA_snrrpr_timepoint2_Experiment_Group_snr_B05.fcs,fncas12a_snr_yes,AD_20241205_gfplib_fncas12a_lexA_snrrpr_timepoint2,B05,B05,B05,GFP panel,FnCas12a,,SNR52,,Yes,B05,,2,6_gen,5.7,No,Figure 2,GFP panel replicate kinetics,True,results/01_gfp_library_transfer_counts/tables/gfp_lib_standardized_all_replicates.csv
AD_20241205_gfplib_fncas12a_lexA_snrrpr_timepoint2_Experiment_Group_snr_B06.fcs,fncas12a_snr_yes,AD_20241205_gfplib_fncas12a_lexA_snrrpr_timepoint2,B06,E01,E01,GFP panel,FnCas12a,,SNR52,,Yes,E01,,2,6_gen,4.0,No,Figure 2,GFP panel replicate kinetics,True,results/01_gfp_library_transfer_counts/tables/gfp_lib_standardized_all_replicates.csv
AD_20241205_gfplib_fncas12a_lexA_snrrpr_timepoint2_Experiment_Group_snr_B07.fcs,fncas12a_snr_yes,AD_20241205_gfplib_fncas12a_lexA_snrrpr_timepoint2,B07,H11,H11,GFP panel,FnCas12a,,SNR52,,Yes,H11,,2,6_gen,4.4,No,Figure 2,GFP panel replicate kinetics,True,results/01_gfp_library_transfer_counts/tables/gfp_lib_standardized_all_replicates.csv
AD_20241205_gfplib_fncas12a_lexA_snrrpr_timepoint2_Experiment_Group_snr_C04.fcs,fncas12a_snr_yes,AD_20241205_gfplib_fncas12a_lexA_snrrpr_timepoint2,C04,A04,A04,GFP panel,FnCas12a,,SNR52,,Yes,A04,,1,6_gen,6.8,No,Figure 2,GFP panel replicate kinetics,True,results/01_gfp_library_transfer_counts/tables/gfp_lib_standardized_all_replicates.csv
AD_20241205_gfplib_fncas12a_lexA_snrrpr_timepoint2_Experiment_Group_snr_C05.fcs,fncas12a_snr_yes,AD_20241205_gfplib_fncas12a_lexA_snrrpr_timepoint2,C05,C03,C03,GFP panel,FnCas12a,,SNR52,,Yes,C03,,1,6_gen,5.8,No,Figure 2,GFP panel replicate kinetics,True,results/01_gfp_library_transfer_counts/tables/gfp_lib_standardized_all_replicates.csv
AD_20241205_gfplib_fncas12a_lexA_snrrpr_timepoint2_Experiment_Group_snr_C06.fcs,fncas12a_snr_yes,AD_20241205_gfplib_fncas12a_lexA_snrrpr_timepoint2,C06,E02,E02,GFP panel,FnCas12a,,SNR52,,Yes,E02,,1,6_gen,4.9,No,Figure 2,GFP panel replicate kinetics,True,results/01_gfp_library_transfer_counts/tables/gfp_lib_standardized_all_replicates.csv
AD_20241205_gfplib_fncas12a_lexA_snrrpr_timepoint2_Experiment_Group_snr_D04.fcs,fncas12a_snr_yes,AD_20241205_gfplib_fncas12a_lexA_snrrpr_timepoint2,D04,A04,A04,GFP panel,FnCas12a,,SNR52,,Yes,A04,,2,6_gen,6.9,No,Figure 2,GFP panel replicate kinetics,True,results/01_gfp_library_transfer_counts/tables/gfp_lib_standardized_all_replicates.csv
AD_20241205_gfplib_fncas12a_lexA_snrrpr_timepoint2_Experiment_Group_snr_D05.fcs,fncas12a_snr_yes,AD_20241205_gfplib_fncas12a_lexA_snrrpr_timepoint2,D05,C03,C03,GFP panel,FnCas12a,,SNR52,,Yes,C03,,2,6_gen,5.9,No,Figure 2,GFP panel replicate kinetics,True,results/01_gfp_library_transfer_counts/tables/gfp_lib_standardized_all_replicates.csv
AD_20241205_gfplib_fncas12a_lexA_snrrpr_timepoint2_Experiment_Group_snr_D06.fcs,fncas12a_snr_yes,AD_20241205_gfplib_fncas12a_lexA_snrrpr_timepoint2,D06,E02,E02,GFP panel,FnCas12a,,SNR52,,Yes,E02,,2,6_gen,5.9,No,Figure 2,GFP panel replicate kinetics,True,results/01_gfp_library_transfer_counts/tables/gfp_lib_standardized_all_replicates.csv
AD_20241205_gfplib_fncas12a_lexA_snrrpr_timepoint2_Experiment_Group_snr_E04.fcs,fncas12a_snr_yes,AD_20241205_gfplib_fncas12a_lexA_snrrpr_timepoint2,E04,A09,A09,GFP panel,FnCas12a,,SNR52,,Yes,A09,,1,6_gen,7.1,Yes,Figure 2,GFP panel replicate kinetics,True,results/01_gfp_library_transfer_counts/tables/gfp_lib_standardized_all_replicates.csv
AD_20241205_gfplib_fncas12a_lexA_snrrpr_timepoint2_Experiment_Group_snr_E05.fcs,fncas12a_snr_yes,AD_20241205_gfplib_fncas12a_lexA_snrrpr_timepoint2,E05,C04,C04,GFP panel,FnCas12a,,SNR52,,Yes,C04,,1,6_gen,6.7,No,Figure 2,GFP panel replicate kinetics,True,results/01_gfp_library_transfer_counts/tables/gfp_lib_standardized_all_replicates.csv
AD_20241205_gfplib_fncas12a_lexA_snrrpr_timepoint2_Experiment_Group_snr_E06.fcs,fncas12a_snr_yes,AD_20241205_gfplib_fncas12a_lexA_snrrpr_timepoint2,E06,E05,E05,GFP panel,FnCas12a,,SNR52,,Yes,E05,,1,6_gen,6.6,No,Figure 2,GFP panel replicate kinetics,True,results/01_gfp_library_transfer_counts/tables/gfp_lib_standardized_all_replicates.csv
AD_20241205_gfplib_fncas12a_lexA_snrrpr_timepoint2_Experiment_Group_snr_F04.fcs,fncas12a_snr_yes,AD_20241205_gfplib_fncas12a_lexA_snrrpr_timepoint2,F04,A09,A09,GFP panel,FnCas12a,,SNR52,,Yes,A09,,2,6_gen,7.2,Yes,Figure 2,GFP panel replicate kinetics,True,results/01_gfp_library_transfer_counts/tables/gfp_lib_standardized_all_replicates.csv
AD_20241205_gfplib_fncas12a_lexA_snrrpr_timepoint2_Experiment_Group_snr_F05.fcs,fncas12a_snr_yes,AD_20241205_gfplib_fncas12a_lexA_snrrpr_timepoint2,F05,C04,C04,GFP panel,FnCas12a,,SNR52,,Yes,C04,,2,6_gen,6.8,No,Figure 2,GFP panel replicate kinetics,True,results/01_gfp_library_transfer_counts/tables/gfp_lib_standardized_all_replicates.csv
AD_20241205_gfplib_fncas12a_lexA_snrrpr_timepoint2_Experiment_Group_snr_F06.fcs,fncas12a_snr_yes,AD_20241205_gfplib_fncas12a_lexA_snrrpr_timepoint2,F06,E05,E05,GFP panel,FnCas12a,,SNR52,,Yes,E05,,2,6_gen,7.1,No,Figure 2,GFP panel replicate kinetics,True,results/01_gfp_library_transfer_counts/tables/gfp_lib_standardized_all_replicates.csv
AD_20241205_gfplib_fncas12a_lexA_snrrpr_timepoint2_Experiment_Group_snr_G04.fcs,fncas12a_snr_yes,AD_20241205_gfplib_fncas12a_lexA_snrrpr_timepoint2,G04,A12,A12,GFP panel,FnCas12a,,SNR52,,Yes,A12,,1,6_gen,7.1,No,Figure 2,GFP panel replicate kinetics,True,results/01_gfp_library_transfer_counts/tables/gfp_lib_standardized_all_replicates.csv
AD_20241205_gfplib_fncas12a_lexA_snrrpr_timepoint2_Experiment_Group_snr_G05.fcs,fncas12a_snr_yes,AD_20241205_gfplib_fncas12a_lexA_snrrpr_timepoint2,G05,C05,C05,GFP panel,FnCas12a,,SNR52,,Yes,C05,,1,6_gen,7.5,No,Figure 2,GFP panel replicate kinetics,True,results/01_gfp_library_transfer_counts/tables/gfp_lib_standardized_all_replicates.csv
AD_20241205_gfplib_fncas12a_lexA_snrrpr_timepoint2_Experiment_Group_snr_G06.fcs,fncas12a_snr_yes,AD_20241205_gfplib_fncas12a_lexA_snrrpr_timepoint2,G06,G03,G03,GFP panel,FnCas12a,,SNR52,,Yes,G03,,1,6_gen,4.7,No,Figure 2,GFP panel replicate kinetics,True,results/01_gfp_library_transfer_counts/tables/gfp_lib_standardized_all_replicates.csv
AD_20241205_gfplib_fncas12a_lexA_snrrpr_timepoint2_Experiment_Group_snr_H04.fcs,fncas12a_snr_yes,AD_20241205_gfplib_fncas12a_lexA_snrrpr_timepoint2,H04,A12,A12,GFP panel,FnCas12a,,SNR52,,Yes,A12,,2,6_gen,7.4,No,Figure 2,GFP panel replicate kinetics,True,results/01_gfp_library_transfer_counts/tables/gfp_lib_standardized_all_replicates.csv
AD_20241205_gfplib_fncas12a_lexA_snrrpr_timepoint2_Experiment_Group_snr_H05.fcs,fncas12a_snr_yes,AD_20241205_gfplib_fncas12a_lexA_snrrpr_timepoint2,H05,C05,C05,GFP panel,FnCas12a,,SNR52,,Yes,C05,,2,6_gen,7.2,No,Figure 2,GFP panel replicate kinetics,True,results/01_gfp_library_transfer_counts/tables/gfp_lib_standardized_all_replicates.csv
AD_20241205_gfplib_fncas12a_lexA_snrrpr_timepoint2_Experiment_Group_snr_H06.fcs,fncas12a_snr_yes,AD_20241205_gfplib_fncas12a_lexA_snrrpr_timepoint2,H06,G03,G03,GFP panel,FnCas12a,,SNR52,,Yes,G03,,2,6_gen,6.2,No,Figure 2,GFP panel replicate kinetics,True,results/01_gfp_library_transfer_counts/tables/gfp_lib_standardized_all_replicates.csv
AD_20241205_gfplib_fncas12a_lexA_snrrpr_scraped_Experiment_Group_A01.fcs,fncas12a_snr_yes,AD_20241205_gfplib_fncas12a_lexA_snrrpr_scraped,A01,A01,A01,GFP panel,FnCas12a,,SNR52,,Yes,A01,,1,scraped,0.0,No,Figure 2,GFP panel replicate kinetics,True,results/01_gfp_library_transfer_counts/tables/gfp_lib_standardized_all_replicates.csv
AD_20241205_gfplib_fncas12a_lexA_snrrpr_scraped_Experiment_Group_A02.fcs,fncas12a_snr_yes,AD_20241205_gfplib_fncas12a_lexA_snrrpr_scraped,A02,B05,B05,GFP panel,FnCas12a,,SNR52,,Yes,B05,,1,scraped,0.0,No,Figure 2,GFP panel replicate kinetics,True,results/01_gfp_library_transfer_counts/tables/gfp_lib_standardized_all_replicates.csv
AD_20241205_gfplib_fncas12a_lexA_snrrpr_scraped_Experiment_Group_A03.fcs,fncas12a_snr_yes,AD_20241205_gfplib_fncas12a_lexA_snrrpr_scraped,A03,E01,E01,GFP panel,FnCas12a,,SNR52,,Yes,E01,,1,scraped,0.0,No,Figure 2,GFP panel replicate kinetics,True,results/01_gfp_library_transfer_counts/tables/gfp_lib_standardized_all_replicates.csv
AD_20241205_gfplib_fncas12a_lexA_snrrpr_scraped_Experiment_Group_A04.fcs,fncas12a_snr_yes,AD_20241205_gfplib_fncas12a_lexA_snrrpr_scraped,A04,H11,H11,GFP panel,FnCas12a,,SNR52,,Yes,H11,,1,scraped,0.0,No,Figure 2,GFP panel replicate kinetics,True,results/01_gfp_library_transfer_counts/tables/gfp_lib_standardized_all_replicates.csv
AD_20241205_gfplib_fncas12a_lexA_snrrpr_scraped_Experiment_Group_B01.fcs,fncas12a_snr_yes,AD_20241205_gfplib_fncas12a_lexA_snrrpr_scraped,B01,A01,A01,GFP panel,FnCas12a,,SNR52,,Yes,A01,,2,scraped,0.0,No,Figure 2,GFP panel replicate kinetics,True,results/01_gfp_library_transfer_counts/tables/gfp_lib_standardized_all_replicates.csv
AD_20241205_gfplib_fncas12a_lexA_snrrpr_scraped_Experiment_Group_B02.fcs,fncas12a_snr_yes,AD_20241205_gfplib_fncas12a_lexA_snrrpr_scraped,B02,B05,B05,GFP panel,FnCas12a,,SNR52,,Yes,B05,,2,scraped,0.0,No,Figure 2,GFP panel replicate kinetics,True,results/01_gfp_library_transfer_counts/tables/gfp_lib_standardized_all_replicates.csv
AD_20241205_gfplib_fncas12a_lexA_snrrpr_scraped_Experiment_Group_B03.fcs,fncas12a_snr_yes,AD_20241205_gfplib_fncas12a_lexA_snrrpr_scraped,B03,E01,E01,GFP panel,FnCas12a,,SNR52,,Yes,E01,,2,scraped,0.0,No,Figure 2,GFP panel replicate kinetics,True,results/01_gfp_library_transfer_counts/tables/gfp_lib_standardized_all_replicates.csv
AD_20241205_gfplib_fncas12a_lexA_snrrpr_scraped_Experiment_Group_B04.fcs,fncas12a_snr_yes,AD_20241205_gfplib_fncas12a_lexA_snrrpr_scraped,B04,H11,H11,GFP panel,FnCas12a,,SNR52,,Yes,H11,,2,scraped,0.0,No,Figure 2,GFP panel replicate kinetics,True,results/01_gfp_library_transfer_counts/tables/gfp_lib_standardized_all_replicates.csv
AD_20241205_gfplib_fncas12a_lexA_snrrpr_scraped_Experiment_Group_C01.fcs,fncas12a_snr_yes,AD_20241205_gfplib_fncas12a_lexA_snrrpr_scraped,C01,A04,A04,GFP panel,FnCas12a,,SNR52,,Yes,A04,,1,scraped,0.0,No,Figure 2,GFP panel replicate kinetics,True,results/01_gfp_library_transfer_counts/tables/gfp_lib_standardized_all_replicates.csv
AD_20241205_gfplib_fncas12a_lexA_snrrpr_scraped_Experiment_Group_C02.fcs,fncas12a_snr_yes,AD_20241205_gfplib_fncas12a_lexA_snrrpr_scraped,C02,C03,C03,GFP panel,FnCas12a,,SNR52,,Yes,C03,,1,scraped,0.0,No,Figure 2,GFP panel replicate kinetics,True,results/01_gfp_library_transfer_counts/tables/gfp_lib_standardized_all_replicates.csv
AD_20241205_gfplib_fncas12a_lexA_snrrpr_scraped_Experiment_Group_C03.fcs,fncas12a_snr_yes,AD_20241205_gfplib_fncas12a_lexA_snrrpr_scraped,C03,E02,E02,GFP panel,FnCas12a,,SNR52,,Yes,E02,,1,scraped,0.0,No,Figure 2,GFP panel replicate kinetics,True,results/01_gfp_library_transfer_counts/tables/gfp_lib_standardized_all_replicates.csv
AD_20241205_gfplib_fncas12a_lexA_snrrpr_scraped_Experiment_Group_D01.fcs,fncas12a_snr_yes,AD_20241205_gfplib_fncas12a_lexA_snrrpr_scraped,D01,A04,A04,GFP panel,FnCas12a,,SNR52,,Yes,A04,,2,scraped,0.0,No,Figure 2,GFP panel replicate kinetics,True,results/01_gfp_library_transfer_counts/tables/gfp_lib_standardized_all_replicates.csv
AD_20241205_gfplib_fncas12a_lexA_snrrpr_scraped_Experiment_Group_D02.fcs,fncas12a_snr_yes,AD_20241205_gfplib_fncas12a_lexA_snrrpr_scraped,D02,C03,C03,GFP panel,FnCas12a,,SNR52,,Yes,C03,,2,scraped,0.0,No,Figure 2,GFP panel replicate kinetics,True,results/01_gfp_library_transfer_counts/tables/gfp_lib_standardized_all_replicates.csv
AD_20241205_gfplib_fncas12a_lexA_snrrpr_scraped_Experiment_Group_D03.fcs,fncas12a_snr_yes,AD_20241205_gfplib_fncas12a_lexA_snrrpr_scraped,D03,E02,E02,GFP panel,FnCas12a,,SNR52,,Yes,E02,,2,scraped,0.0,No,Figure 2,GFP panel replicate kinetics,True,results/01_gfp_library_transfer_counts/tables/gfp_lib_standardized_all_replicates.csv
AD_20241205_gfplib_fncas12a_lexA_snrrpr_scraped_Experiment_Group_E01.fcs,fncas12a_snr_yes,AD_20241205_gfplib_fncas12a_lexA_snrrpr_scraped,E01,A09,A09,GFP panel,FnCas12a,,SNR52,,Yes,A09,,1,scraped,0.0,Yes,Figure 2,GFP panel replicate kinetics,True,results/01_gfp_library_transfer_counts/tables/gfp_lib_standardized_all_replicates.csv
AD_20241205_gfplib_fncas12a_lexA_snrrpr_scraped_Experiment_Group_E02.fcs,fncas12a_snr_yes,AD_20241205_gfplib_fncas12a_lexA_snrrpr_scraped,E02,C04,C04,GFP panel,FnCas12a,,SNR52,,Yes,C04,,1,scraped,0.0,No,Figure 2,GFP panel replicate kinetics,True,results/01_gfp_library_transfer_counts/tables/gfp_lib_standardized_all_replicates.csv
AD_20241205_gfplib_fncas12a_lexA_snrrpr_scraped_Experiment_Group_E03.fcs,fncas12a_snr_yes,AD_20241205_gfplib_fncas12a_lexA_snrrpr_scraped,E03,E05,E05,GFP panel,FnCas12a,,SNR52,,Yes,E05,,1,scraped,0.0,No,Figure 2,GFP panel replicate kinetics,True,results/01_gfp_library_transfer_counts/tables/gfp_lib_standardized_all_replicates.csv
AD_20241205_gfplib_fncas12a_lexA_snrrpr_scraped_Experiment_Group_F01.fcs,fncas12a_snr_yes,AD_20241205_gfplib_fncas12a_lexA_snrrpr_scraped,F01,A09,A09,GFP panel,FnCas12a,,SNR52,,Yes,A09,,2,scraped,0.0,Yes,Figure 2,GFP panel replicate kinetics,True,results/01_gfp_library_transfer_counts/tables/gfp_lib_standardized_all_replicates.csv
AD_20241205_gfplib_fncas12a_lexA_snrrpr_scraped_Experiment_Group_F02.fcs,fncas12a_snr_yes,AD_20241205_gfplib_fncas12a_lexA_snrrpr_scraped,F02,C04,C04,GFP panel,FnCas12a,,SNR52,,Yes,C04,,2,scraped,0.0,No,Figure 2,GFP panel replicate kinetics,True,results/01_gfp_library_transfer_counts/tables/gfp_lib_standardized_all_replicates.csv
AD_20241205_gfplib_fncas12a_lexA_snrrpr_scraped_Experiment_Group_F03.fcs,fncas12a_snr_yes,AD_20241205_gfplib_fncas12a_lexA_snrrpr_scraped,F03,E05,E05,GFP panel,FnCas12a,,SNR52,,Yes,E05,,2,scraped,0.0,No,Figure 2,GFP panel replicate kinetics,True,results/01_gfp_library_transfer_counts/tables/gfp_lib_standardized_all_replicates.csv
AD_20241205_gfplib_fncas12a_lexA_snrrpr_scraped_Experiment_Group_G01.fcs,fncas12a_snr_yes,AD_20241205_gfplib_fncas12a_lexA_snrrpr_scraped,G01,A12,A12,GFP panel,FnCas12a,,SNR52,,Yes,A12,,1,scraped,0.0,No,Figure 2,GFP panel replicate kinetics,True,results/01_gfp_library_transfer_counts/tables/gfp_lib_standardized_all_replicates.csv
AD_20241205_gfplib_fncas12a_lexA_snrrpr_scraped_Experiment_Group_G02.fcs,fncas12a_snr_yes,AD_20241205_gfplib_fncas12a_lexA_snrrpr_scraped,G02,C05,C05,GFP panel,FnCas12a,,SNR52,,Yes,C05,,1,scraped,0.0,No,Figure 2,GFP panel replicate kinetics,True,results/01_gfp_library_transfer_counts/tables/gfp_lib_standardized_all_replicates.csv
AD_20241205_gfplib_fncas12a_lexA_snrrpr_scraped_Experiment_Group_G03.fcs,fncas12a_snr_yes,AD_20241205_gfplib_fncas12a_lexA_snrrpr_scraped,G03,G03,G03,GFP panel,FnCas12a,,SNR52,,Yes,G03,,1,scraped,0.0,No,Figure 2,GFP panel replicate kinetics,True,results/01_gfp_library_transfer_counts/tables/gfp_lib_standardized_all_replicates.csv
AD_20241205_gfplib_fncas12a_lexA_snrrpr_scraped_Experiment_Group_H01.fcs,fncas12a_snr_yes,AD_20241205_gfplib_fncas12a_lexA_snrrpr_scraped,H01,A12,A12,GFP panel,FnCas12a,,SNR52,,Yes,A12,,2,scraped,0.0,No,Figure 2,GFP panel replicate kinetics,True,results/01_gfp_library_transfer_counts/tables/gfp_lib_standardized_all_replicates.csv
AD_20241205_gfplib_fncas12a_lexA_snrrpr_scraped_Experiment_Group_H02.fcs,fncas12a_snr_yes,AD_20241205_gfplib_fncas12a_lexA_snrrpr_scraped,H02,C05,C05,GFP panel,FnCas12a,,SNR52,,Yes,C05,,2,scraped,0.0,No,Figure 2,GFP panel replicate kinetics,True,results/01_gfp_library_transfer_counts/tables/gfp_lib_standardized_all_replicates.csv
AD_20241205_gfplib_fncas12a_lexA_snrrpr_scraped_Experiment_Group_H03.fcs,fncas12a_snr_yes,AD_20241205_gfplib_fncas12a_lexA_snrrpr_scraped,H03,G03,G03,GFP panel,FnCas12a,,SNR52,,Yes,G03,,2,scraped,0.0,No,Figure 2,GFP panel replicate kinetics,True,results/01_gfp_library_transfer_counts/tables/gfp_lib_standardized_all_replicates.csv
VB_20240916_PGK1_proms_P2_Experiment_ys286_T03_A10.fcs,guide_promoters_as_dr,VB_20240916_PGK1_proms_P2,A10,ys286_T03,,OFF,enAsCas12a,PGK1,syn1,As_DR,,A71,ys286,2,11_gen,13.6099913,No,Figure 1,Guide-promoter comparison,True,processed_data/PGK1_proms_eff_colonies_20260311.csv
VB_20240916_PGK1_proms_P2_Experiment_ys286_T03_A3.fcs,guide_promoters_as_dr,VB_20240916_PGK1_proms_P2,A3,ys286_T03,,OFF,enAsCas12a,PGK1,SNR52,As_DR,,p136,ys286,1,11_gen,14.05273106,No,Figure 1,Guide-promoter comparison,True,processed_data/PGK1_proms_eff_colonies_20260311.csv
VB_20240916_PGK1_proms_P2_Experiment_ys286_T03_A4.fcs,guide_promoters_as_dr,VB_20240916_PGK1_proms_P2,A4,ys286_T03,,OFF,enAsCas12a,PGK1,SNR52,As_DR,,p136,ys286,2,11_gen,13.81461451,No,Figure 1,Guide-promoter comparison,True,processed_data/PGK1_proms_eff_colonies_20260311.csv
VB_20240916_PGK1_proms_P2_Experiment_ys286_T03_A5.fcs,guide_promoters_as_dr,VB_20240916_PGK1_proms_P2,A5,ys286_T03,,OFF,enAsCas12a,PGK1,RPR1,As_DR,,A68,ys286,1,11_gen,12.75007049,No,Figure 1,Guide-promoter comparison,True,processed_data/PGK1_proms_eff_colonies_20260311.csv
VB_20240916_PGK1_proms_P2_Experiment_ys286_T03_A6.fcs,guide_promoters_as_dr,VB_20240916_PGK1_proms_P2,A6,ys286_T03,,OFF,enAsCas12a,PGK1,RPR1,As_DR,,A68,ys286,2,11_gen,13.27593824,No,Figure 1,Guide-promoter comparison,True,processed_data/PGK1_proms_eff_colonies_20260311.csv
VB_20240916_PGK1_proms_P2_Experiment_ys286_T03_A7.fcs,guide_promoters_as_dr,VB_20240916_PGK1_proms_P2,A7,ys286_T03,,OFF,enAsCas12a,PGK1,SCR1,As_DR,,A70,ys286,1,11_gen,11.55949181,No,Figure 1,Guide-promoter comparison,True,processed_data/PGK1_proms_eff_colonies_20260311.csv
VB_20240916_PGK1_proms_P2_Experiment_ys286_T03_A8.fcs,guide_promoters_as_dr,VB_20240916_PGK1_proms_P2,A8,ys286_T03,,OFF,enAsCas12a,PGK1,SCR1,As_DR,,A70,ys286,2,11_gen,12.17771851,No,Figure 1,Guide-promoter comparison,True,processed_data/PGK1_proms_eff_colonies_20260311.csv
VB_20240916_PGK1_proms_P2_Experiment_ys286_T03_A9.fcs,guide_promoters_as_dr,VB_20240916_PGK1_proms_P2,A9,ys286_T03,,OFF,enAsCas12a,PGK1,syn1,As_DR,,A71,ys286,1,11_gen,14.00584908,No,Figure 1,Guide-promoter comparison,True,processed_data/PGK1_proms_eff_colonies_20260311.csv
VB_20240916_PGK1_proms_P2_Experiment_ys289_T03_B10.fcs,guide_promoters_as_dr,VB_20240916_PGK1_proms_P2,B10,ys289_T03,,OFF,FnCas12a,PGK1,syn1,As_DR,,A71,ys289,2,11_gen,10.26603689,No,Figure 1,Guide-promoter comparison,True,processed_data/PGK1_proms_eff_colonies_20260311.csv
VB_20240916_PGK1_proms_P2_Experiment_ys289_T03_B3.fcs,guide_promoters_as_dr,VB_20240916_PGK1_proms_P2,B3,ys289_T03,,OFF,FnCas12a,PGK1,SNR52,As_DR,,p136,ys289,1,11_gen,13.50462039,No,Figure 1,Guide-promoter comparison,True,processed_data/PGK1_proms_eff_colonies_20260311.csv
VB_20240916_PGK1_proms_P2_Experiment_ys289_T03_B4.fcs,guide_promoters_as_dr,VB_20240916_PGK1_proms_P2,B4,ys289_T03,,OFF,FnCas12a,PGK1,SNR52,As_DR,,p136,ys289,2,11_gen,13.78168756,No,Figure 1,Guide-promoter comparison,True,processed_data/PGK1_proms_eff_colonies_20260311.csv
VB_20240916_PGK1_proms_P2_Experiment_ys289_T03_B5.fcs,guide_promoters_as_dr,VB_20240916_PGK1_proms_P2,B5,ys289_T03,,OFF,FnCas12a,PGK1,RPR1,As_DR,,A68,ys289,1,11_gen,12.84799691,No,Figure 1,Guide-promoter comparison,True,processed_data/PGK1_proms_eff_colonies_20260311.csv
VB_20240916_PGK1_proms_P2_Experiment_ys289_T03_B6.fcs,guide_promoters_as_dr,VB_20240916_PGK1_proms_P2,B6,ys289_T03,,OFF,FnCas12a,PGK1,RPR1,As_DR,,A68,ys289,2,11_gen,12.97842447,No,Figure 1,Guide-promoter comparison,True,processed_data/PGK1_proms_eff_colonies_20260311.csv
VB_20240916_PGK1_proms_P2_Experiment_ys289_T03_B7.fcs,guide_promoters_as_dr,VB_20240916_PGK1_proms_P2,B7,ys289_T03,,OFF,FnCas12a,PGK1,SCR1,As_DR,,A70,ys289,1,11_gen,13.14567746,No,Figure 1,Guide-promoter comparison,True,processed_data/PGK1_proms_eff_colonies_20260311.csv
VB_20240916_PGK1_proms_P2_Experiment_ys289_T03_B8.fcs,guide_promoters_as_dr,VB_20240916_PGK1_proms_P2,B8,ys289_T03,,OFF,FnCas12a,PGK1,SCR1,As_DR,,A70,ys289,2,11_gen,13.58187845,No,Figure 1,Guide-promoter comparison,True,processed_data/PGK1_proms_eff_colonies_20260311.csv
VB_20240916_PGK1_proms_P2_Experiment_ys289_T03_B9.fcs,guide_promoters_as_dr,VB_20240916_PGK1_proms_P2,B9,ys289_T03,,OFF,FnCas12a,PGK1,syn1,As_DR,,A71,ys289,1,11_gen,10.54843662,No,Figure 1,Guide-promoter comparison,True,processed_data/PGK1_proms_eff_colonies_20260311.csv
VB_20240916_PGK1_proms_P2_Experiment_ys318_T03_C10.fcs,guide_promoters_as_dr,VB_20240916_PGK1_proms_P2,C10,ys318_T03,,ON,enAsCas12a,PGK1,syn1,As_DR,,A26,ys318,2,11_gen,12.55458885,No,Figure 1,Guide-promoter comparison,True,processed_data/PGK1_proms_eff_colonies_20260311.csv
VB_20240916_PGK1_proms_P2_Experiment_ys318_T03_C5.fcs,guide_promoters_as_dr,VB_20240916_PGK1_proms_P2,C5,ys318_T03,,ON,enAsCas12a,PGK1,RPR1,As_DR,,A69,ys318,1,11_gen,11.62410089,No,Figure 1,Guide-promoter comparison,True,processed_data/PGK1_proms_eff_colonies_20260311.csv
VB_20240916_PGK1_proms_P2_Experiment_ys318_T03_C6.fcs,guide_promoters_as_dr,VB_20240916_PGK1_proms_P2,C6,ys318_T03,,ON,enAsCas12a,PGK1,RPR1,As_DR,,A69,ys318,2,11_gen,12.48607074,No,Figure 1,Guide-promoter comparison,True,processed_data/PGK1_proms_eff_colonies_20260311.csv
VB_20240916_PGK1_proms_P2_Experiment_ys318_T03_C7.fcs,guide_promoters_as_dr,VB_20240916_PGK1_proms_P2,C7,ys318_T03,,ON,enAsCas12a,PGK1,SCR1,As_DR,,A14,ys318,1,11_gen,12.55642942,No,Figure 1,Guide-promoter comparison,True,processed_data/PGK1_proms_eff_colonies_20260311.csv
VB_20240916_PGK1_proms_P2_Experiment_ys318_T03_C8.fcs,guide_promoters_as_dr,VB_20240916_PGK1_proms_P2,C8,ys318_T03,,ON,enAsCas12a,PGK1,SCR1,As_DR,,A14,ys318,2,11_gen,12.89578732,No,Figure 1,Guide-promoter comparison,True,processed_data/PGK1_proms_eff_colonies_20260311.csv
VB_20240916_PGK1_proms_P2_Experiment_ys318_T03_C9.fcs,guide_promoters_as_dr,VB_20240916_PGK1_proms_P2,C9,ys318_T03,,ON,enAsCas12a,PGK1,syn1,As_DR,,A26,ys318,1,11_gen,13.13093087,No,Figure 1,Guide-promoter comparison,True,processed_data/PGK1_proms_eff_colonies_20260311.csv
VB_20240916_PGK1_proms_P2_Experiment_ys321_T03_D10.fcs,guide_promoters_as_dr,VB_20240916_PGK1_proms_P2,D10,ys321_T03,,ON,FnCas12a,PGK1,syn1,As_DR,,A26,ys321,2,11_gen,7.815575429,No,Figure 1,Guide-promoter comparison,True,processed_data/PGK1_proms_eff_colonies_20260311.csv
VB_20240916_PGK1_proms_P2_Experiment_ys321_T03_D3.fcs,guide_promoters_as_dr,VB_20240916_PGK1_proms_P2,D3,ys321_T03,,ON,FnCas12a,PGK1,SNR52,As_DR,,A15,ys321,1,11_gen,11.43696134,No,Figure 1,Guide-promoter comparison,True,processed_data/PGK1_proms_eff_colonies_20260311.csv
VB_20240916_PGK1_proms_P2_Experiment_ys321_T03_D4.fcs,guide_promoters_as_dr,VB_20240916_PGK1_proms_P2,D4,ys321_T03,,ON,FnCas12a,PGK1,SNR52,As_DR,,A15,ys321,2,11_gen,12.66902677,No,Figure 1,Guide-promoter comparison,True,processed_data/PGK1_proms_eff_colonies_20260311.csv
VB_20240916_PGK1_proms_P2_Experiment_ys321_T03_D5.fcs,guide_promoters_as_dr,VB_20240916_PGK1_proms_P2,D5,ys321_T03,,ON,FnCas12a,PGK1,RPR1,As_DR,,A69,ys321,1,11_gen,11.86021792,No,Figure 1,Guide-promoter comparison,True,processed_data/PGK1_proms_eff_colonies_20260311.csv
VB_20240916_PGK1_proms_P2_Experiment_ys321_T03_D6.fcs,guide_promoters_as_dr,VB_20240916_PGK1_proms_P2,D6,ys321_T03,,ON,FnCas12a,PGK1,RPR1,As_DR,,A69,ys321,2,11_gen,13.85984534,No,Figure 1,Guide-promoter comparison,True,processed_data/PGK1_proms_eff_colonies_20260311.csv
VB_20240916_PGK1_proms_P2_Experiment_ys321_T03_D7.fcs,guide_promoters_as_dr,VB_20240916_PGK1_proms_P2,D7,ys321_T03,,ON,FnCas12a,PGK1,SCR1,As_DR,,A14,ys321,1,11_gen,12.57137344,No,Figure 1,Guide-promoter comparison,True,processed_data/PGK1_proms_eff_colonies_20260311.csv
VB_20240916_PGK1_proms_P2_Experiment_ys321_T03_D8.fcs,guide_promoters_as_dr,VB_20240916_PGK1_proms_P2,D8,ys321_T03,,ON,FnCas12a,PGK1,SCR1,As_DR,,A14,ys321,2,11_gen,11.67355642,No,Figure 1,Guide-promoter comparison,True,processed_data/PGK1_proms_eff_colonies_20260311.csv
VB_20240916_PGK1_proms_P2_Experiment_ys321_T03_D9.fcs,guide_promoters_as_dr,VB_20240916_PGK1_proms_P2,D9,ys321_T03,,ON,FnCas12a,PGK1,syn1,As_DR,,A26,ys321,1,11_gen,9.977279923,No,Figure 1,Guide-promoter comparison,True,processed_data/PGK1_proms_eff_colonies_20260311.csv
VB_20240916_PGK1_proms_P2_Experiment_ys286_T04_E10.fcs,guide_promoters_as_dr,VB_20240916_PGK1_proms_P2,E10,ys286_T04,,OFF,enAsCas12a,PGK1,syn1,As_DR,,A71,ys286,2,20_gen,23.18930723,No,Figure 1,Guide-promoter comparison,True,processed_data/PGK1_proms_eff_colonies_20260311.csv
VB_20240916_PGK1_proms_P2_Experiment_ys286_T04_E3.fcs,guide_promoters_as_dr,VB_20240916_PGK1_proms_P2,E3,ys286_T04,,OFF,enAsCas12a,PGK1,SNR52,As_DR,,p136,ys286,1,20_gen,22.20247818,No,Figure 1,Guide-promoter comparison,True,processed_data/PGK1_proms_eff_colonies_20260311.csv
VB_20240916_PGK1_proms_P2_Experiment_ys286_T04_E4.fcs,guide_promoters_as_dr,VB_20240916_PGK1_proms_P2,E4,ys286_T04,,OFF,enAsCas12a,PGK1,SNR52,As_DR,,p136,ys286,2,20_gen,21.66636355,No,Figure 1,Guide-promoter comparison,True,processed_data/PGK1_proms_eff_colonies_20260311.csv
VB_20240916_PGK1_proms_P2_Experiment_ys286_T04_E5.fcs,guide_promoters_as_dr,VB_20240916_PGK1_proms_P2,E5,ys286_T04,,OFF,enAsCas12a,PGK1,RPR1,As_DR,,A68,ys286,1,20_gen,20.34998333,No,Figure 1,Guide-promoter comparison,True,processed_data/PGK1_proms_eff_colonies_20260311.csv
VB_20240916_PGK1_proms_P2_Experiment_ys286_T04_E6.fcs,guide_promoters_as_dr,VB_20240916_PGK1_proms_P2,E6,ys286_T04,,OFF,enAsCas12a,PGK1,RPR1,As_DR,,A68,ys286,2,20_gen,21.11514203,No,Figure 1,Guide-promoter comparison,True,processed_data/PGK1_proms_eff_colonies_20260311.csv
VB_20240916_PGK1_proms_P2_Experiment_ys286_T04_E7.fcs,guide_promoters_as_dr,VB_20240916_PGK1_proms_P2,E7,ys286_T04,,OFF,enAsCas12a,PGK1,SCR1,As_DR,,A70,ys286,1,20_gen,19.58739781,No,Figure 1,Guide-promoter comparison,True,processed_data/PGK1_proms_eff_colonies_20260311.csv
VB_20240916_PGK1_proms_P2_Experiment_ys286_T04_E8.fcs,guide_promoters_as_dr,VB_20240916_PGK1_proms_P2,E8,ys286_T04,,OFF,enAsCas12a,PGK1,SCR1,As_DR,,A70,ys286,2,20_gen,19.95250557,No,Figure 1,Guide-promoter comparison,True,processed_data/PGK1_proms_eff_colonies_20260311.csv
VB_20240916_PGK1_proms_P2_Experiment_ys286_T04_E9.fcs,guide_promoters_as_dr,VB_20240916_PGK1_proms_P2,E9,ys286_T04,,OFF,enAsCas12a,PGK1,syn1,As_DR,,A71,ys286,1,20_gen,23.50768626,No,Figure 1,Guide-promoter comparison,True,processed_data/PGK1_proms_eff_colonies_20260311.csv
VB_20240916_PGK1_proms_P2_Experiment_ys289_T04_F10.fcs,guide_promoters_as_dr,VB_20240916_PGK1_proms_P2,F10,ys289_T04,,OFF,FnCas12a,PGK1,syn1,As_DR,,A71,ys289,2,20_gen,18.73364244,No,Figure 1,Guide-promoter comparison,True,processed_data/PGK1_proms_eff_colonies_20260311.csv
VB_20240916_PGK1_proms_P2_Experiment_ys289_T04_F3.fcs,guide_promoters_as_dr,VB_20240916_PGK1_proms_P2,F3,ys289_T04,,OFF,FnCas12a,PGK1,SNR52,As_DR,,p136,ys289,1,20_gen,22.92668516,No,Figure 1,Guide-promoter comparison,True,processed_data/PGK1_proms_eff_colonies_20260311.csv
VB_20240916_PGK1_proms_P2_Experiment_ys289_T04_F4.fcs,guide_promoters_as_dr,VB_20240916_PGK1_proms_P2,F4,ys289_T04,,OFF,FnCas12a,PGK1,SNR52,As_DR,,p136,ys289,2,20_gen,23.14582222,No,Figure 1,Guide-promoter comparison,True,processed_data/PGK1_proms_eff_colonies_20260311.csv
VB_20240916_PGK1_proms_P2_Experiment_ys289_T04_F5.fcs,guide_promoters_as_dr,VB_20240916_PGK1_proms_P2,F5,ys289_T04,,OFF,FnCas12a,PGK1,RPR1,As_DR,,A68,ys289,1,20_gen,22.22520744,No,Figure 1,Guide-promoter comparison,True,processed_data/PGK1_proms_eff_colonies_20260311.csv
VB_20240916_PGK1_proms_P2_Experiment_ys289_T04_F6.fcs,guide_promoters_as_dr,VB_20240916_PGK1_proms_P2,F6,ys289_T04,,OFF,FnCas12a,PGK1,RPR1,As_DR,,A68,ys289,2,20_gen,22.04181955,No,Figure 1,Guide-promoter comparison,True,processed_data/PGK1_proms_eff_colonies_20260311.csv
VB_20240916_PGK1_proms_P2_Experiment_ys289_T04_F7.fcs,guide_promoters_as_dr,VB_20240916_PGK1_proms_P2,F7,ys289_T04,,OFF,FnCas12a,PGK1,SCR1,As_DR,,A70,ys289,1,20_gen,21.87699649,No,Figure 1,Guide-promoter comparison,True,processed_data/PGK1_proms_eff_colonies_20260311.csv
VB_20240916_PGK1_proms_P2_Experiment_ys289_T04_F8.fcs,guide_promoters_as_dr,VB_20240916_PGK1_proms_P2,F8,ys289_T04,,OFF,FnCas12a,PGK1,SCR1,As_DR,,A70,ys289,2,20_gen,22.57056314,No,Figure 1,Guide-promoter comparison,True,processed_data/PGK1_proms_eff_colonies_20260311.csv
VB_20240916_PGK1_proms_P2_Experiment_ys289_T04_F9.fcs,guide_promoters_as_dr,VB_20240916_PGK1_proms_P2,F9,ys289_T04,,OFF,FnCas12a,PGK1,syn1,As_DR,,A71,ys289,1,20_gen,19.47324913,No,Figure 1,Guide-promoter comparison,True,processed_data/PGK1_proms_eff_colonies_20260311.csv
VB_20240916_PGK1_proms_P2_Experiment_ys318_T04_G10.fcs,guide_promoters_as_dr,VB_20240916_PGK1_proms_P2,G10,ys318_T04,,ON,enAsCas12a,PGK1,syn1,As_DR,,A26,ys318,2,20_gen,21.83999107,No,Figure 1,Guide-promoter comparison,True,processed_data/PGK1_proms_eff_colonies_20260311.csv
VB_20240916_PGK1_proms_P2_Experiment_ys318_T04_G5.fcs,guide_promoters_as_dr,VB_20240916_PGK1_proms_P2,G5,ys318_T04,,ON,enAsCas12a,PGK1,RPR1,As_DR,,A69,ys318,1,20_gen,21.02070568,No,Figure 1,Guide-promoter comparison,True,processed_data/PGK1_proms_eff_colonies_20260311.csv
VB_20240916_PGK1_proms_P2_Experiment_ys318_T04_G6.fcs,guide_promoters_as_dr,VB_20240916_PGK1_proms_P2,G6,ys318_T04,,ON,enAsCas12a,PGK1,RPR1,As_DR,,A69,ys318,2,20_gen,21.90603092,No,Figure 1,Guide-promoter comparison,True,processed_data/PGK1_proms_eff_colonies_20260311.csv
VB_20240916_PGK1_proms_P2_Experiment_ys318_T04_G7.fcs,guide_promoters_as_dr,VB_20240916_PGK1_proms_P2,G7,ys318_T04,,ON,enAsCas12a,PGK1,SCR1,As_DR,,A14,ys318,1,20_gen,21.62789178,No,Figure 1,Guide-promoter comparison,True,processed_data/PGK1_proms_eff_colonies_20260311.csv
VB_20240916_PGK1_proms_P2_Experiment_ys318_T04_G8.fcs,guide_promoters_as_dr,VB_20240916_PGK1_proms_P2,G8,ys318_T04,,ON,enAsCas12a,PGK1,SCR1,As_DR,,A14,ys318,2,20_gen,22.08808013,No,Figure 1,Guide-promoter comparison,True,processed_data/PGK1_proms_eff_colonies_20260311.csv
VB_20240916_PGK1_proms_P2_Experiment_ys318_T04_G9.fcs,guide_promoters_as_dr,VB_20240916_PGK1_proms_P2,G9,ys318_T04,,ON,enAsCas12a,PGK1,syn1,As_DR,,A26,ys318,1,20_gen,22.70268351,No,Figure 1,Guide-promoter comparison,True,processed_data/PGK1_proms_eff_colonies_20260311.csv
VB_20240916_PGK1_proms_P2_Experiment_ys321_T04_H10.fcs,guide_promoters_as_dr,VB_20240916_PGK1_proms_P2,H10,ys321_T04,,ON,FnCas12a,PGK1,syn1,As_DR,,A26,ys321,2,20_gen,16.70431868,No,Figure 1,Guide-promoter comparison,True,processed_data/PGK1_proms_eff_colonies_20260311.csv
VB_20240916_PGK1_proms_P2_Experiment_ys321_T04_H3.fcs,guide_promoters_as_dr,VB_20240916_PGK1_proms_P2,H3,ys321_T04,,ON,FnCas12a,PGK1,SNR52,As_DR,,A15,ys321,1,20_gen,20.66578003,No,Figure 1,Guide-promoter comparison,True,processed_data/PGK1_proms_eff_colonies_20260311.csv
VB_20240916_PGK1_proms_P2_Experiment_ys321_T04_H4.fcs,guide_promoters_as_dr,VB_20240916_PGK1_proms_P2,H4,ys321_T04,,ON,FnCas12a,PGK1,SNR52,As_DR,,A15,ys321,2,20_gen,21.69139458,No,Figure 1,Guide-promoter comparison,True,processed_data/PGK1_proms_eff_colonies_20260311.csv
VB_20240916_PGK1_proms_P2_Experiment_ys321_T04_H5.fcs,guide_promoters_as_dr,VB_20240916_PGK1_proms_P2,H5,ys321_T04,,ON,FnCas12a,PGK1,RPR1,As_DR,,A69,ys321,1,20_gen,21.16399867,No,Figure 1,Guide-promoter comparison,True,processed_data/PGK1_proms_eff_colonies_20260311.csv
VB_20240916_PGK1_proms_P2_Experiment_ys321_T04_H6.fcs,guide_promoters_as_dr,VB_20240916_PGK1_proms_P2,H6,ys321_T04,,ON,FnCas12a,PGK1,RPR1,As_DR,,A69,ys321,2,20_gen,22.96575385,No,Figure 1,Guide-promoter comparison,True,processed_data/PGK1_proms_eff_colonies_20260311.csv
VB_20240916_PGK1_proms_P2_Experiment_ys321_T04_H7.fcs,guide_promoters_as_dr,VB_20240916_PGK1_proms_P2,H7,ys321_T04,,ON,FnCas12a,PGK1,SCR1,As_DR,,A14,ys321,1,20_gen,21.84283646,No,Figure 1,Guide-promoter comparison,True,processed_data/PGK1_proms_eff_colonies_20260311.csv
VB_20240916_PGK1_proms_P2_Experiment_ys321_T04_H8.fcs,guide_promoters_as_dr,VB_20240916_PGK1_proms_P2,H8,ys321_T04,,ON,FnCas12a,PGK1,SCR1,As_DR,,A14,ys321,2,20_gen,20.54392114,No,Figure 1,Guide-promoter comparison,True,processed_data/PGK1_proms_eff_colonies_20260311.csv
VB_20240916_PGK1_proms_P2_Experiment_ys321_T04_H9.fcs,guide_promoters_as_dr,VB_20240916_PGK1_proms_P2,H9,ys321_T04,,ON,FnCas12a,PGK1,syn1,As_DR,,A26,ys321,1,20_gen,18.66727789,No,Figure 1,Guide-promoter comparison,True,processed_data/PGK1_proms_eff_colonies_20260311.csv
VB_20240916_PGK1_proms_Experiment_ys286_T02_E10.fcs,guide_promoters_as_dr,VB_20240916_PGK1_proms,E10,ys286_T02,,OFF,enAsCas12a,PGK1,syn1,As_DR,,A71,ys286,2,6_gen,8.887525271,No,Figure 1,Guide-promoter comparison,True,processed_data/PGK1_proms_eff_colonies_20260311.csv
VB_20240916_PGK1_proms_Experiment_ys286_T02_E3.fcs,guide_promoters_as_dr,VB_20240916_PGK1_proms,E3,ys286_T02,,OFF,enAsCas12a,PGK1,SNR52,As_DR,,p136,ys286,1,6_gen,8.646738698,No,Figure 1,Guide-promoter comparison,True,processed_data/PGK1_proms_eff_colonies_20260311.csv
VB_20240916_PGK1_proms_Experiment_ys286_T02_E4.fcs,guide_promoters_as_dr,VB_20240916_PGK1_proms,E4,ys286_T02,,OFF,enAsCas12a,PGK1,SNR52,As_DR,,p136,ys286,2,6_gen,8.581953751,No,Figure 1,Guide-promoter comparison,True,processed_data/PGK1_proms_eff_colonies_20260311.csv
VB_20240916_PGK1_proms_Experiment_ys286_T02_E5.fcs,guide_promoters_as_dr,VB_20240916_PGK1_proms,E5,ys286_T02,,OFF,enAsCas12a,PGK1,RPR1,As_DR,,A68,ys286,1,6_gen,8.902073579,No,Figure 1,Guide-promoter comparison,True,processed_data/PGK1_proms_eff_colonies_20260311.csv
VB_20240916_PGK1_proms_Experiment_ys286_T02_E6.fcs,guide_promoters_as_dr,VB_20240916_PGK1_proms,E6,ys286_T02,,OFF,enAsCas12a,PGK1,RPR1,As_DR,,A68,ys286,2,6_gen,9.427941333,No,Figure 1,Guide-promoter comparison,True,processed_data/PGK1_proms_eff_colonies_20260311.csv
VB_20240916_PGK1_proms_Experiment_ys286_T02_E7.fcs,guide_promoters_as_dr,VB_20240916_PGK1_proms,E7,ys286_T02,,OFF,enAsCas12a,PGK1,SCR1,As_DR,,A70,ys286,1,6_gen,8.711494907,No,Figure 1,Guide-promoter comparison,True,processed_data/PGK1_proms_eff_colonies_20260311.csv
VB_20240916_PGK1_proms_Experiment_ys286_T02_E8.fcs,guide_promoters_as_dr,VB_20240916_PGK1_proms,E8,ys286_T02,,OFF,enAsCas12a,PGK1,SCR1,As_DR,,A70,ys286,2,6_gen,8.251719093,No,Figure 1,Guide-promoter comparison,True,processed_data/PGK1_proms_eff_colonies_20260311.csv
VB_20240916_PGK1_proms_Experiment_ys286_T02_E9.fcs,guide_promoters_as_dr,VB_20240916_PGK1_proms,E9,ys286_T02,,OFF,enAsCas12a,PGK1,syn1,As_DR,,A71,ys286,1,6_gen,8.655351829,No,Figure 1,Guide-promoter comparison,True,processed_data/PGK1_proms_eff_colonies_20260311.csv
VB_20240916_PGK1_proms_Experiment_ys289_T02_F10.fcs,guide_promoters_as_dr,VB_20240916_PGK1_proms,F10,ys289_T02,,OFF,FnCas12a,PGK1,syn1,As_DR,,A71,ys289,2,6_gen,5.378511623,No,Figure 1,Guide-promoter comparison,True,processed_data/PGK1_proms_eff_colonies_20260311.csv
VB_20240916_PGK1_proms_Experiment_ys289_T02_F3.fcs,guide_promoters_as_dr,VB_20240916_PGK1_proms,F3,ys289_T02,,OFF,FnCas12a,PGK1,SNR52,As_DR,,p136,ys289,1,6_gen,9.504620392,No,Figure 1,Guide-promoter comparison,True,processed_data/PGK1_proms_eff_colonies_20260311.csv
VB_20240916_PGK1_proms_Experiment_ys289_T02_F4.fcs,guide_promoters_as_dr,VB_20240916_PGK1_proms,F4,ys289_T02,,OFF,FnCas12a,PGK1,SNR52,As_DR,,p136,ys289,2,6_gen,8.61176256,No,Figure 1,Guide-promoter comparison,True,processed_data/PGK1_proms_eff_colonies_20260311.csv
VB_20240916_PGK1_proms_Experiment_ys289_T02_F5.fcs,guide_promoters_as_dr,VB_20240916_PGK1_proms,F5,ys289_T02,,OFF,FnCas12a,PGK1,RPR1,As_DR,,A68,ys289,1,6_gen,8.169925001,No,Figure 1,Guide-promoter comparison,True,processed_data/PGK1_proms_eff_colonies_20260311.csv
VB_20240916_PGK1_proms_Experiment_ys289_T02_F6.fcs,guide_promoters_as_dr,VB_20240916_PGK1_proms,F6,ys289_T02,,OFF,FnCas12a,PGK1,RPR1,As_DR,,A68,ys289,2,6_gen,8.599912842,No,Figure 1,Guide-promoter comparison,True,processed_data/PGK1_proms_eff_colonies_20260311.csv
VB_20240916_PGK1_proms_Experiment_ys289_T02_F7.fcs,guide_promoters_as_dr,VB_20240916_PGK1_proms,F7,ys289_T02,,OFF,FnCas12a,PGK1,SCR1,As_DR,,A70,ys289,1,6_gen,8.145677455,No,Figure 1,Guide-promoter comparison,True,processed_data/PGK1_proms_eff_colonies_20260311.csv
VB_20240916_PGK1_proms_Experiment_ys289_T02_F8.fcs,guide_promoters_as_dr,VB_20240916_PGK1_proms,F8,ys289_T02,,OFF,FnCas12a,PGK1,SCR1,As_DR,,A70,ys289,2,6_gen,8.289096702,No,Figure 1,Guide-promoter comparison,True,processed_data/PGK1_proms_eff_colonies_20260311.csv
VB_20240916_PGK1_proms_Experiment_ys289_T02_F9.fcs,guide_promoters_as_dr,VB_20240916_PGK1_proms,F9,ys289_T02,,OFF,FnCas12a,PGK1,syn1,As_DR,,A71,ys289,1,6_gen,5.963474124,No,Figure 1,Guide-promoter comparison,True,processed_data/PGK1_proms_eff_colonies_20260311.csv
VB_20240916_PGK1_proms_Experiment_ys318_T02_G10.fcs,guide_promoters_as_dr,VB_20240916_PGK1_proms,G10,ys318_T02,,ON,enAsCas12a,PGK1,syn1,As_DR,,A26,ys318,2,6_gen,7.321928095,No,Figure 1,Guide-promoter comparison,True,processed_data/PGK1_proms_eff_colonies_20260311.csv
VB_20240916_PGK1_proms_Experiment_ys318_T02_G5.fcs,guide_promoters_as_dr,VB_20240916_PGK1_proms,G5,ys318_T02,,ON,enAsCas12a,PGK1,RPR1,As_DR,,A69,ys318,1,6_gen,6.776103988,No,Figure 1,Guide-promoter comparison,True,processed_data/PGK1_proms_eff_colonies_20260311.csv
VB_20240916_PGK1_proms_Experiment_ys318_T02_G6.fcs,guide_promoters_as_dr,VB_20240916_PGK1_proms,G6,ys318_T02,,ON,enAsCas12a,PGK1,RPR1,As_DR,,A69,ys318,2,6_gen,7.053111336,No,Figure 1,Guide-promoter comparison,True,processed_data/PGK1_proms_eff_colonies_20260311.csv
VB_20240916_PGK1_proms_Experiment_ys318_T02_G7.fcs,guide_promoters_as_dr,VB_20240916_PGK1_proms,G7,ys318_T02,,ON,enAsCas12a,PGK1,SCR1,As_DR,,A14,ys318,1,6_gen,7.177917792,No,Figure 1,Guide-promoter comparison,True,processed_data/PGK1_proms_eff_colonies_20260311.csv
VB_20240916_PGK1_proms_Experiment_ys318_T02_G8.fcs,guide_promoters_as_dr,VB_20240916_PGK1_proms,G8,ys318_T02,,ON,enAsCas12a,PGK1,SCR1,As_DR,,A14,ys318,2,6_gen,7.517275693,No,Figure 1,Guide-promoter comparison,True,processed_data/PGK1_proms_eff_colonies_20260311.csv
VB_20240916_PGK1_proms_Experiment_ys318_T02_G9.fcs,guide_promoters_as_dr,VB_20240916_PGK1_proms,G9,ys318_T02,,ON,enAsCas12a,PGK1,syn1,As_DR,,A26,ys318,1,6_gen,7.452858965,No,Figure 1,Guide-promoter comparison,True,processed_data/PGK1_proms_eff_colonies_20260311.csv
VB_20240916_PGK1_proms_Experiment_ys321_T02_H10.fcs,guide_promoters_as_dr,VB_20240916_PGK1_proms,H10,ys321_T02,,ON,FnCas12a,PGK1,syn1,As_DR,,A26,ys321,2,6_gen,4.678071905,No,Figure 1,Guide-promoter comparison,True,processed_data/PGK1_proms_eff_colonies_20260311.csv
VB_20240916_PGK1_proms_Experiment_ys321_T02_H3.fcs,guide_promoters_as_dr,VB_20240916_PGK1_proms,H3,ys321_T02,,ON,FnCas12a,PGK1,SNR52,As_DR,,A15,ys321,1,6_gen,6.510961919,No,Figure 1,Guide-promoter comparison,True,processed_data/PGK1_proms_eff_colonies_20260311.csv
VB_20240916_PGK1_proms_Experiment_ys321_T02_H4.fcs,guide_promoters_as_dr,VB_20240916_PGK1_proms,H4,ys321_T02,,ON,FnCas12a,PGK1,SNR52,As_DR,,A15,ys321,2,6_gen,6.99095486,No,Figure 1,Guide-promoter comparison,True,processed_data/PGK1_proms_eff_colonies_20260311.csv
VB_20240916_PGK1_proms_Experiment_ys321_T02_H5.fcs,guide_promoters_as_dr,VB_20240916_PGK1_proms,H5,ys321_T02,,ON,FnCas12a,PGK1,RPR1,As_DR,,A69,ys321,1,6_gen,6.972692654,No,Figure 1,Guide-promoter comparison,True,processed_data/PGK1_proms_eff_colonies_20260311.csv
VB_20240916_PGK1_proms_Experiment_ys321_T02_H6.fcs,guide_promoters_as_dr,VB_20240916_PGK1_proms,H6,ys321_T02,,ON,FnCas12a,PGK1,RPR1,As_DR,,A69,ys321,2,6_gen,7.336283388,No,Figure 1,Guide-promoter comparison,True,processed_data/PGK1_proms_eff_colonies_20260311.csv
VB_20240916_PGK1_proms_Experiment_ys321_T02_H7.fcs,guide_promoters_as_dr,VB_20240916_PGK1_proms,H7,ys321_T02,,ON,FnCas12a,PGK1,SCR1,As_DR,,A14,ys321,1,6_gen,7.986410935,No,Figure 1,Guide-promoter comparison,True,processed_data/PGK1_proms_eff_colonies_20260311.csv
VB_20240916_PGK1_proms_Experiment_ys321_T02_H8.fcs,guide_promoters_as_dr,VB_20240916_PGK1_proms,H8,ys321_T02,,ON,FnCas12a,PGK1,SCR1,As_DR,,A14,ys321,2,6_gen,6.5360529,No,Figure 1,Guide-promoter comparison,True,processed_data/PGK1_proms_eff_colonies_20260311.csv
VB_20240916_PGK1_proms_Experiment_ys321_T02_H9.fcs,guide_promoters_as_dr,VB_20240916_PGK1_proms,H9,ys321_T02,,ON,FnCas12a,PGK1,syn1,As_DR,,A26,ys321,1,6_gen,5.169925001,No,Figure 1,Guide-promoter comparison,True,processed_data/PGK1_proms_eff_colonies_20260311.csv
VB_20240916_PGK1_proms_Experiment_ys286_T01_A10.fcs,guide_promoters_as_dr,VB_20240916_PGK1_proms,A10,ys286_T01,,OFF,enAsCas12a,PGK1,syn1,As_DR,,A71,ys286,2,scraped,0.0,No,Figure 1,Guide-promoter comparison,True,processed_data/PGK1_proms_eff_colonies_20260311.csv
VB_20240916_PGK1_proms_Experiment_ys286_T01_A3.fcs,guide_promoters_as_dr,VB_20240916_PGK1_proms,A3,ys286_T01,,OFF,enAsCas12a,PGK1,SNR52,As_DR,,p136,ys286,1,scraped,0.0,No,Figure 1,Guide-promoter comparison,True,processed_data/PGK1_proms_eff_colonies_20260311.csv
VB_20240916_PGK1_proms_Experiment_ys286_T01_A4.fcs,guide_promoters_as_dr,VB_20240916_PGK1_proms,A4,ys286_T01,,OFF,enAsCas12a,PGK1,SNR52,As_DR,,p136,ys286,2,scraped,0.0,No,Figure 1,Guide-promoter comparison,True,processed_data/PGK1_proms_eff_colonies_20260311.csv
VB_20240916_PGK1_proms_Experiment_ys286_T01_A5.fcs,guide_promoters_as_dr,VB_20240916_PGK1_proms,A5,ys286_T01,,OFF,enAsCas12a,PGK1,RPR1,As_DR,,A68,ys286,1,scraped,0.0,No,Figure 1,Guide-promoter comparison,True,processed_data/PGK1_proms_eff_colonies_20260311.csv
VB_20240916_PGK1_proms_Experiment_ys286_T01_A6.fcs,guide_promoters_as_dr,VB_20240916_PGK1_proms,A6,ys286_T01,,OFF,enAsCas12a,PGK1,RPR1,As_DR,,A68,ys286,2,scraped,0.0,No,Figure 1,Guide-promoter comparison,True,processed_data/PGK1_proms_eff_colonies_20260311.csv
VB_20240916_PGK1_proms_Experiment_ys286_T01_A7.fcs,guide_promoters_as_dr,VB_20240916_PGK1_proms,A7,ys286_T01,,OFF,enAsCas12a,PGK1,SCR1,As_DR,,A70,ys286,1,scraped,0.0,No,Figure 1,Guide-promoter comparison,True,processed_data/PGK1_proms_eff_colonies_20260311.csv
VB_20240916_PGK1_proms_Experiment_ys286_T01_A8.fcs,guide_promoters_as_dr,VB_20240916_PGK1_proms,A8,ys286_T01,,OFF,enAsCas12a,PGK1,SCR1,As_DR,,A70,ys286,2,scraped,0.0,No,Figure 1,Guide-promoter comparison,True,processed_data/PGK1_proms_eff_colonies_20260311.csv
VB_20240916_PGK1_proms_Experiment_ys286_T01_A9.fcs,guide_promoters_as_dr,VB_20240916_PGK1_proms,A9,ys286_T01,,OFF,enAsCas12a,PGK1,syn1,As_DR,,A71,ys286,1,scraped,0.0,No,Figure 1,Guide-promoter comparison,True,processed_data/PGK1_proms_eff_colonies_20260311.csv
VB_20240916_PGK1_proms_Experiment_ys289_T01_B10.fcs,guide_promoters_as_dr,VB_20240916_PGK1_proms,B10,ys289_T01,,OFF,FnCas12a,PGK1,syn1,As_DR,,A71,ys289,2,scraped,0.0,No,Figure 1,Guide-promoter comparison,True,processed_data/PGK1_proms_eff_colonies_20260311.csv
VB_20240916_PGK1_proms_Experiment_ys289_T01_B3.fcs,guide_promoters_as_dr,VB_20240916_PGK1_proms,B3,ys289_T01,,OFF,FnCas12a,PGK1,SNR52,As_DR,,p136,ys289,1,scraped,0.0,No,Figure 1,Guide-promoter comparison,True,processed_data/PGK1_proms_eff_colonies_20260311.csv
VB_20240916_PGK1_proms_Experiment_ys289_T01_B4.fcs,guide_promoters_as_dr,VB_20240916_PGK1_proms,B4,ys289_T01,,OFF,FnCas12a,PGK1,SNR52,As_DR,,p136,ys289,2,scraped,0.0,No,Figure 1,Guide-promoter comparison,True,processed_data/PGK1_proms_eff_colonies_20260311.csv
VB_20240916_PGK1_proms_Experiment_ys289_T01_B5.fcs,guide_promoters_as_dr,VB_20240916_PGK1_proms,B5,ys289_T01,,OFF,FnCas12a,PGK1,RPR1,As_DR,,A68,ys289,1,scraped,0.0,No,Figure 1,Guide-promoter comparison,True,processed_data/PGK1_proms_eff_colonies_20260311.csv
VB_20240916_PGK1_proms_Experiment_ys289_T01_B6.fcs,guide_promoters_as_dr,VB_20240916_PGK1_proms,B6,ys289_T01,,OFF,FnCas12a,PGK1,RPR1,As_DR,,A68,ys289,2,scraped,0.0,No,Figure 1,Guide-promoter comparison,True,processed_data/PGK1_proms_eff_colonies_20260311.csv
VB_20240916_PGK1_proms_Experiment_ys289_T01_B7.fcs,guide_promoters_as_dr,VB_20240916_PGK1_proms,B7,ys289_T01,,OFF,FnCas12a,PGK1,SCR1,As_DR,,A70,ys289,1,scraped,0.0,No,Figure 1,Guide-promoter comparison,True,processed_data/PGK1_proms_eff_colonies_20260311.csv
VB_20240916_PGK1_proms_Experiment_ys289_T01_B8.fcs,guide_promoters_as_dr,VB_20240916_PGK1_proms,B8,ys289_T01,,OFF,FnCas12a,PGK1,SCR1,As_DR,,A70,ys289,2,scraped,0.0,No,Figure 1,Guide-promoter comparison,True,processed_data/PGK1_proms_eff_colonies_20260311.csv
VB_20240916_PGK1_proms_Experiment_ys289_T01_B9.fcs,guide_promoters_as_dr,VB_20240916_PGK1_proms,B9,ys289_T01,,OFF,FnCas12a,PGK1,syn1,As_DR,,A71,ys289,1,scraped,0.0,No,Figure 1,Guide-promoter comparison,True,processed_data/PGK1_proms_eff_colonies_20260311.csv
VB_20240916_PGK1_proms_Experiment_ys318_T01_C10.fcs,guide_promoters_as_dr,VB_20240916_PGK1_proms,C10,ys318_T01,,ON,enAsCas12a,PGK1,syn1,As_DR,,A26,ys318,2,scraped,0.0,No,Figure 1,Guide-promoter comparison,True,processed_data/PGK1_proms_eff_colonies_20260311.csv
VB_20240916_PGK1_proms_Experiment_ys318_T01_C5.fcs,guide_promoters_as_dr,VB_20240916_PGK1_proms,C5,ys318_T01,,ON,enAsCas12a,PGK1,RPR1,As_DR,,A69,ys318,1,scraped,0.0,No,Figure 1,Guide-promoter comparison,True,processed_data/PGK1_proms_eff_colonies_20260311.csv
VB_20240916_PGK1_proms_Experiment_ys318_T01_C6.fcs,guide_promoters_as_dr,VB_20240916_PGK1_proms,C6,ys318_T01,,ON,enAsCas12a,PGK1,RPR1,As_DR,,A69,ys318,2,scraped,0.0,No,Figure 1,Guide-promoter comparison,True,processed_data/PGK1_proms_eff_colonies_20260311.csv
VB_20240916_PGK1_proms_Experiment_ys318_T01_C7.fcs,guide_promoters_as_dr,VB_20240916_PGK1_proms,C7,ys318_T01,,ON,enAsCas12a,PGK1,SCR1,As_DR,,A14,ys318,1,scraped,0.0,No,Figure 1,Guide-promoter comparison,True,processed_data/PGK1_proms_eff_colonies_20260311.csv
VB_20240916_PGK1_proms_Experiment_ys318_T01_C8.fcs,guide_promoters_as_dr,VB_20240916_PGK1_proms,C8,ys318_T01,,ON,enAsCas12a,PGK1,SCR1,As_DR,,A14,ys318,2,scraped,0.0,No,Figure 1,Guide-promoter comparison,True,processed_data/PGK1_proms_eff_colonies_20260311.csv
VB_20240916_PGK1_proms_Experiment_ys318_T01_C9.fcs,guide_promoters_as_dr,VB_20240916_PGK1_proms,C9,ys318_T01,,ON,enAsCas12a,PGK1,syn1,As_DR,,A26,ys318,1,scraped,0.0,No,Figure 1,Guide-promoter comparison,True,processed_data/PGK1_proms_eff_colonies_20260311.csv
VB_20240916_PGK1_proms_Experiment_ys321_T01_D10.fcs,guide_promoters_as_dr,VB_20240916_PGK1_proms,D10,ys321_T01,,ON,FnCas12a,PGK1,syn1,As_DR,,A26,ys321,2,scraped,0.0,No,Figure 1,Guide-promoter comparison,True,processed_data/PGK1_proms_eff_colonies_20260311.csv
VB_20240916_PGK1_proms_Experiment_ys321_T01_D3.fcs,guide_promoters_as_dr,VB_20240916_PGK1_proms,D3,ys321_T01,,ON,FnCas12a,PGK1,SNR52,As_DR,,A15,ys321,1,scraped,0.0,No,Figure 1,Guide-promoter comparison,True,processed_data/PGK1_proms_eff_colonies_20260311.csv
VB_20240916_PGK1_proms_Experiment_ys321_T01_D4.fcs,guide_promoters_as_dr,VB_20240916_PGK1_proms,D4,ys321_T01,,ON,FnCas12a,PGK1,SNR52,As_DR,,A15,ys321,2,scraped,0.0,No,Figure 1,Guide-promoter comparison,True,processed_data/PGK1_proms_eff_colonies_20260311.csv
VB_20240916_PGK1_proms_Experiment_ys321_T01_D5.fcs,guide_promoters_as_dr,VB_20240916_PGK1_proms,D5,ys321_T01,,ON,FnCas12a,PGK1,RPR1,As_DR,,A69,ys321,1,scraped,0.0,No,Figure 1,Guide-promoter comparison,True,processed_data/PGK1_proms_eff_colonies_20260311.csv
VB_20240916_PGK1_proms_Experiment_ys321_T01_D6.fcs,guide_promoters_as_dr,VB_20240916_PGK1_proms,D6,ys321_T01,,ON,FnCas12a,PGK1,RPR1,As_DR,,A69,ys321,2,scraped,0.0,No,Figure 1,Guide-promoter comparison,True,processed_data/PGK1_proms_eff_colonies_20260311.csv
VB_20240916_PGK1_proms_Experiment_ys321_T01_D7.fcs,guide_promoters_as_dr,VB_20240916_PGK1_proms,D7,ys321_T01,,ON,FnCas12a,PGK1,SCR1,As_DR,,A14,ys321,1,scraped,0.0,No,Figure 1,Guide-promoter comparison,True,processed_data/PGK1_proms_eff_colonies_20260311.csv
VB_20240916_PGK1_proms_Experiment_ys321_T01_D8.fcs,guide_promoters_as_dr,VB_20240916_PGK1_proms,D8,ys321_T01,,ON,FnCas12a,PGK1,SCR1,As_DR,,A14,ys321,2,scraped,0.0,No,Figure 1,Guide-promoter comparison,True,processed_data/PGK1_proms_eff_colonies_20260311.csv
VB_20240916_PGK1_proms_Experiment_ys321_T01_D9.fcs,guide_promoters_as_dr,VB_20240916_PGK1_proms,D9,ys321_T01,,ON,FnCas12a,PGK1,syn1,As_DR,,A26,ys321,1,scraped,0.0,No,Figure 1,Guide-promoter comparison,True,processed_data/PGK1_proms_eff_colonies_20260311.csv
AD_20260429_TEF_cognate_Experiment_Group(1)_E08.fcs,guide_promoters_cognate,AD_20260429_TEF_cognate,E08,ys289_A83,,OFF,FnCas12a,PGK1,syn1,cognate,,A83,ys289,1,11_gen,14.1,no,Figure 1,Guide-promoter comparison,False,processed_data/annotated_stats_syn1_dr_pgk1_20260505.csv
AD_20260429_TEF_cognate_Experiment_Group(1)_E09.fcs,guide_promoters_cognate,AD_20260429_TEF_cognate,E09,ys321_A116,,ON,FnCas12a,PGK1,syn1,cognate,,A116,ys321,1,11_gen,14.5,no,Figure 1,Guide-promoter comparison,False,processed_data/annotated_stats_syn1_dr_pgk1_20260505.csv
AD_20260429_TEF_cognate_Experiment_Group(1)_E10.fcs,guide_promoters_cognate,AD_20260429_TEF_cognate,E10,ys289_A71,,OFF,FnCas12a,PGK1,syn1,As_DR,,A71,ys289,1,11_gen,11.9,no,Figure 1,Guide-promoter comparison,False,processed_data/annotated_stats_syn1_dr_pgk1_20260505.csv
AD_20260429_TEF_cognate_Experiment_Group(1)_E11.fcs,guide_promoters_cognate,AD_20260429_TEF_cognate,E11,ys321_A26,,ON,FnCas12a,PGK1,syn1,As_DR,,A26,ys321,1,11_gen,13.8,no,Figure 1,Guide-promoter comparison,False,processed_data/annotated_stats_syn1_dr_pgk1_20260505.csv
AD_20260429_TEF_cognate_Experiment_Group(1)_F08.fcs,guide_promoters_cognate,AD_20260429_TEF_cognate,F08,ys289_A83,,OFF,FnCas12a,PGK1,syn1,cognate,,A83,ys289,2,11_gen,13.9,no,Figure 1,Guide-promoter comparison,False,processed_data/annotated_stats_syn1_dr_pgk1_20260505.csv
AD_20260429_TEF_cognate_Experiment_Group(1)_F09.fcs,guide_promoters_cognate,AD_20260429_TEF_cognate,F09,ys321_A116,,ON,FnCas12a,PGK1,syn1,cognate,,A116,ys321,2,11_gen,14.5,no,Figure 1,Guide-promoter comparison,False,processed_data/annotated_stats_syn1_dr_pgk1_20260505.csv
AD_20260429_TEF_cognate_Experiment_Group(1)_F10.fcs,guide_promoters_cognate,AD_20260429_TEF_cognate,F10,ys289_A71,,OFF,FnCas12a,PGK1,syn1,As_DR,,A71,ys289,2,11_gen,11.2,no,Figure 1,Guide-promoter comparison,False,processed_data/annotated_stats_syn1_dr_pgk1_20260505.csv
AD_20260429_TEF_cognate_Experiment_Group(1)_F11.fcs,guide_promoters_cognate,AD_20260429_TEF_cognate,F11,ys321_A26,,ON,FnCas12a,PGK1,syn1,As_DR,,A26,ys321,2,11_gen,11.9,no,Figure 1,Guide-promoter comparison,False,processed_data/annotated_stats_syn1_dr_pgk1_20260505.csv
AD_20260429_TEF_cognate_Experiment_last timepoint_G08.fcs,guide_promoters_cognate,AD_20260429_TEF_cognate,G08,ys289_A83,,OFF,FnCas12a,PGK1,syn1,cognate,,A83,ys289,1,20_gen,22.7,no,Figure 1,Guide-promoter comparison,False,processed_data/annotated_stats_syn1_dr_pgk1_20260505.csv
AD_20260429_TEF_cognate_Experiment_last timepoint_G09.fcs,guide_promoters_cognate,AD_20260429_TEF_cognate,G09,ys321_A116,,ON,FnCas12a,PGK1,syn1,cognate,,A116,ys321,1,20_gen,23.3,no,Figure 1,Guide-promoter comparison,False,processed_data/annotated_stats_syn1_dr_pgk1_20260505.csv
AD_20260429_TEF_cognate_Experiment_last timepoint_G10.fcs,guide_promoters_cognate,AD_20260429_TEF_cognate,G10,ys289_A71,,OFF,FnCas12a,PGK1,syn1,As_DR,,A71,ys289,1,20_gen,20.5,no,Figure 1,Guide-promoter comparison,False,processed_data/annotated_stats_syn1_dr_pgk1_20260505.csv
AD_20260429_TEF_cognate_Experiment_last timepoint_G11.fcs,guide_promoters_cognate,AD_20260429_TEF_cognate,G11,ys321_A26,,ON,FnCas12a,PGK1,syn1,As_DR,,A26,ys321,1,20_gen,21.8,no,Figure 1,Guide-promoter comparison,False,processed_data/annotated_stats_syn1_dr_pgk1_20260505.csv
AD_20260429_TEF_cognate_Experiment_last timepoint_H08.fcs,guide_promoters_cognate,AD_20260429_TEF_cognate,H08,ys289_A83,,OFF,FnCas12a,PGK1,syn1,cognate,,A83,ys289,2,20_gen,22.9,no,Figure 1,Guide-promoter comparison,False,processed_data/annotated_stats_syn1_dr_pgk1_20260505.csv
AD_20260429_TEF_cognate_Experiment_last timepoint_H09.fcs,guide_promoters_cognate,AD_20260429_TEF_cognate,H09,ys321_A116,,ON,FnCas12a,PGK1,syn1,cognate,,A116,ys321,2,20_gen,22.9,no,Figure 1,Guide-promoter comparison,False,processed_data/annotated_stats_syn1_dr_pgk1_20260505.csv
AD_20260429_TEF_cognate_Experiment_last timepoint_H10.fcs,guide_promoters_cognate,AD_20260429_TEF_cognate,H10,ys289_A71,,OFF,FnCas12a,PGK1,syn1,As_DR,,A71,ys289,2,20_gen,19.4,no,Figure 1,Guide-promoter comparison,False,processed_data/annotated_stats_syn1_dr_pgk1_20260505.csv
AD_20260429_TEF_cognate_Experiment_last timepoint_H11.fcs,guide_promoters_cognate,AD_20260429_TEF_cognate,H11,ys321_A26,,ON,FnCas12a,PGK1,syn1,As_DR,,A26,ys321,2,20_gen,20.4,no,Figure 1,Guide-promoter comparison,False,processed_data/annotated_stats_syn1_dr_pgk1_20260505.csv
AD_20260429_TEF_cognate_Experiment_14h(T01)_C08.fcs,guide_promoters_cognate,AD_20260429_TEF_cognate,C08,ys289_A83,,OFF,FnCas12a,PGK1,syn1,cognate,,A83,ys289,1,6_gen,8.3,no,Figure 1,Guide-promoter comparison,False,processed_data/annotated_stats_syn1_dr_pgk1_20260505.csv
AD_20260429_TEF_cognate_Experiment_14h(T01)_C09.fcs,guide_promoters_cognate,AD_20260429_TEF_cognate,C09,ys321_A116,,ON,FnCas12a,PGK1,syn1,cognate,,A116,ys321,1,6_gen,8.0,no,Figure 1,Guide-promoter comparison,False,processed_data/annotated_stats_syn1_dr_pgk1_20260505.csv
AD_20260429_TEF_cognate_Experiment_14h(T01)_C10.fcs,guide_promoters_cognate,AD_20260429_TEF_cognate,C10,ys289_A71,,OFF,FnCas12a,PGK1,syn1,As_DR,,A71,ys289,1,6_gen,5.9,no,Figure 1,Guide-promoter comparison,False,processed_data/annotated_stats_syn1_dr_pgk1_20260505.csv
AD_20260429_TEF_cognate_Experiment_14h(T01)_C11.fcs,guide_promoters_cognate,AD_20260429_TEF_cognate,C11,ys321_A26,,ON,FnCas12a,PGK1,syn1,As_DR,,A26,ys321,1,6_gen,7.4,no,Figure 1,Guide-promoter comparison,False,processed_data/annotated_stats_syn1_dr_pgk1_20260505.csv
AD_20260429_TEF_cognate_Experiment_14h(T01)_D08.fcs,guide_promoters_cognate,AD_20260429_TEF_cognate,D08,ys289_A83,,OFF,FnCas12a,PGK1,syn1,cognate,,A83,ys289,2,6_gen,8.3,no,Figure 1,Guide-promoter comparison,False,processed_data/annotated_stats_syn1_dr_pgk1_20260505.csv
AD_20260429_TEF_cognate_Experiment_14h(T01)_D09.fcs,guide_promoters_cognate,AD_20260429_TEF_cognate,D09,ys321_A116,,ON,FnCas12a,PGK1,syn1,cognate,,A116,ys321,2,6_gen,8.4,no,Figure 1,Guide-promoter comparison,False,processed_data/annotated_stats_syn1_dr_pgk1_20260505.csv
AD_20260429_TEF_cognate_Experiment_14h(T01)_D10.fcs,guide_promoters_cognate,AD_20260429_TEF_cognate,D10,ys289_A71,,OFF,FnCas12a,PGK1,syn1,As_DR,,A71,ys289,2,6_gen,4.2,no,Figure 1,Guide-promoter comparison,False,processed_data/annotated_stats_syn1_dr_pgk1_20260505.csv
AD_20260429_TEF_cognate_Experiment_14h(T01)_D11.fcs,guide_promoters_cognate,AD_20260429_TEF_cognate,D11,ys321_A26,,ON,FnCas12a,PGK1,syn1,As_DR,,A26,ys321,2,6_gen,4.9,no,Figure 1,Guide-promoter comparison,False,processed_data/annotated_stats_syn1_dr_pgk1_20260505.csv
AD_20260429_TEF_cognate_Experiment_Group_A08.fcs,guide_promoters_cognate,AD_20260429_TEF_cognate,A08,ys289_A83,,OFF,FnCas12a,PGK1,syn1,cognate,,A83,ys289,1,scraped,0.0,no,Figure 1,Guide-promoter comparison,False,processed_data/annotated_stats_syn1_dr_pgk1_20260505.csv
AD_20260429_TEF_cognate_Experiment_Group_A09.fcs,guide_promoters_cognate,AD_20260429_TEF_cognate,A09,ys321_A116,,ON,FnCas12a,PGK1,syn1,cognate,,A116,ys321,1,scraped,0.0,no,Figure 1,Guide-promoter comparison,False,processed_data/annotated_stats_syn1_dr_pgk1_20260505.csv
AD_20260429_TEF_cognate_Experiment_Group_A10.fcs,guide_promoters_cognate,AD_20260429_TEF_cognate,A10,ys289_A71,,OFF,FnCas12a,PGK1,syn1,As_DR,,A71,ys289,1,scraped,0.0,no,Figure 1,Guide-promoter comparison,False,processed_data/annotated_stats_syn1_dr_pgk1_20260505.csv
AD_20260429_TEF_cognate_Experiment_Group_A11.fcs,guide_promoters_cognate,AD_20260429_TEF_cognate,A11,ys321_A26,,ON,FnCas12a,PGK1,syn1,As_DR,,A26,ys321,1,scraped,0.0,no,Figure 1,Guide-promoter comparison,False,processed_data/annotated_stats_syn1_dr_pgk1_20260505.csv
AD_20260429_TEF_cognate_Experiment_Group_B08.fcs,guide_promoters_cognate,AD_20260429_TEF_cognate,B08,ys289_A83,,OFF,FnCas12a,PGK1,syn1,cognate,,A83,ys289,2,scraped,0.0,no,Figure 1,Guide-promoter comparison,False,processed_data/annotated_stats_syn1_dr_pgk1_20260505.csv
AD_20260429_TEF_cognate_Experiment_Group_B09.fcs,guide_promoters_cognate,AD_20260429_TEF_cognate,B09,ys321_A116,,ON,FnCas12a,PGK1,syn1,cognate,,A116,ys321,2,scraped,0.0,no,Figure 1,Guide-promoter comparison,False,processed_data/annotated_stats_syn1_dr_pgk1_20260505.csv
AD_20260429_TEF_cognate_Experiment_Group_B10.fcs,guide_promoters_cognate,AD_20260429_TEF_cognate,B10,ys289_A71,,OFF,FnCas12a,PGK1,syn1,As_DR,,A71,ys289,2,scraped,0.0,no,Figure 1,Guide-promoter comparison,False,processed_data/annotated_stats_syn1_dr_pgk1_20260505.csv
AD_20260429_TEF_cognate_Experiment_Group_B11.fcs,guide_promoters_cognate,AD_20260429_TEF_cognate,B11,ys321_A26,,ON,FnCas12a,PGK1,syn1,As_DR,,A26,ys321,2,scraped,0.0,no,Figure 1,Guide-promoter comparison,False,processed_data/annotated_stats_syn1_dr_pgk1_20260505.csv
