name,assay,gfp_positive_fraction,editing_efficiency_pct
AD20240516_plate2_gfpSNR52solliquid(1)_Experiment_day2_A06.fcs,GFP_OFF,0.0015600000000000058,99.844
AD20240516_plate2_gfpSNR52solliquid(1)_Experiment_day2_B06.fcs,GFP_OFF,0.0017199999999999438,99.828
AD20240516_plate2_gfpSNR52solliquid(1)_Experiment_day2_C05.fcs,GFP_OFF,0.0008000000000000229,99.92
AD20240516_plate2_gfpSNR52solliquid(1)_Experiment_day2_C06.fcs,GFP_OFF,0.12807999999999997,87.19200000000001
AD20240516_plate2_gfpSNR52solliquid(1)_Experiment_day2_D05.fcs,GFP_OFF,0.0020000000000000018,99.8
AD20240516_plate2_gfpSNR52solliquid(1)_Experiment_day2_D06.fcs,GFP_OFF,0.11599999999999999,88.4
AD20240516_plate2_gfpSNR52solliquid(1)_Experiment_day2_E06.fcs,GFP_OFF,0.07808000000000004,92.192
AD20240516_plate2_gfpSNR52solliquid(1)_Experiment_day2_F06.fcs,GFP_OFF,0.08148,91.852
AD20240516_plate2_gfpSNR52solliquid(1)_Experiment_day2_G06.fcs,GFP_OFF,0.2610800000000001,73.892
AD20240516_plate2_gfpSNR52solliquid(1)_Experiment_day2_H06.fcs,GFP_OFF,0.25516000000000005,74.484
AD_20240709_cas12a_all_PGK1plateC_Experiment_12gen_A06.fcs,GFP_OFF,0.0050000000000000044,99.5
AD_20240709_cas12a_all_PGK1plateC_Experiment_12gen_B06.fcs,GFP_OFF,0.007960000000000078,99.204
AD_20240709_cas12a_all_PGK1plateC_Experiment_12gen_C05.fcs,GFP_OFF,0.0030800000000000827,99.692
AD_20240709_cas12a_all_PGK1plateC_Experiment_12gen_C06.fcs,GFP_OFF,0.014479999999999937,98.552
AD_20240709_cas12a_all_PGK1plateC_Experiment_12gen_D05.fcs,GFP_OFF,0.0014400000000001079,99.856
AD_20240709_cas12a_all_PGK1plateC_Experiment_12gen_D06.fcs,GFP_OFF,0.01532,98.468
AD_20240709_cas12a_all_PGK1plateC_Experiment_12gen_E06.fcs,GFP_OFF,0.005639999999999978,99.436
AD_20240709_cas12a_all_PGK1plateC_Experiment_12gen_F06.fcs,GFP_OFF,0.0038399999999999546,99.616
VB_20241007_MbCas12a_PGK1_Experiment_T03_C3.fcs,GFP_OFF,0.012759999999999994,98.724
VB_20241007_MbCas12a_PGK1_Experiment_T03_D3.fcs,GFP_OFF,0.015199999999999991,98.48
AD20240516_plate2_gfpSNR52solliquid(1)_Experiment_day3_A08.fcs,GFP_OFF,0.0018000000000000238,99.82
AD20240516_plate2_gfpSNR52solliquid(1)_Experiment_day3_B08.fcs,GFP_OFF,0.0013999999999999568,99.86
AD20240516_plate2_gfpSNR52solliquid(1)_Experiment_day3_C07.fcs,GFP_OFF,0.0012799999999999478,99.872
AD20240516_plate2_gfpSNR52solliquid(1)_Experiment_day3_C08.fcs,GFP_OFF,0.03195999999999999,96.804
AD20240516_plate2_gfpSNR52solliquid(1)_Experiment_day3_D07.fcs,GFP_OFF,0.0007200000000000539,99.928
AD20240516_plate2_gfpSNR52solliquid(1)_Experiment_day3_D08.fcs,GFP_OFF,0.024920000000000053,97.508
AD20240516_plate2_gfpSNR52solliquid(1)_Experiment_day3_E08.fcs,GFP_OFF,0.029200000000000004,97.08
AD20240516_plate2_gfpSNR52solliquid(1)_Experiment_day3_F08.fcs,GFP_OFF,0.03488000000000002,96.512
AD20240516_plate2_gfpSNR52solliquid(1)_Experiment_day3_G08.fcs,GFP_OFF,0.13060000000000005,86.94
AD20240516_plate2_gfpSNR52solliquid(1)_Experiment_day3_H08.fcs,GFP_OFF,0.1335599999999999,86.644
AD_20240709_cas12a_all_PGK1plateC_Experiment_24gen_A08.fcs,GFP_OFF,0.00651999999999997,99.348
AD_20240709_cas12a_all_PGK1plateC_Experiment_24gen_B08.fcs,GFP_OFF,0.005720000000000058,99.428
AD_20240709_cas12a_all_PGK1plateC_Experiment_24gen_C07.fcs,GFP_OFF,0.0014400000000001079,99.856
AD_20240709_cas12a_all_PGK1plateC_Experiment_24gen_C08.fcs,GFP_OFF,0.0049200000000000355,99.508
AD_20240709_cas12a_all_PGK1plateC_Experiment_24gen_D07.fcs,GFP_OFF,0.0007200000000000539,99.928
AD_20240709_cas12a_all_PGK1plateC_Experiment_24gen_D08.fcs,GFP_OFF,0.0048399999999999554,99.516
AD_20240709_cas12a_all_PGK1plateC_Experiment_24gen_E08.fcs,GFP_OFF,0.00784000000000007,99.216
AD_20240709_cas12a_all_PGK1plateC_Experiment_24gen_F08.fcs,GFP_OFF,0.0024399999999999977,99.756
VB_20241007_MbCas12a_PGK1_Experiment_T04_C4.fcs,GFP_OFF,0.0030800000000000827,99.692
VB_20241007_MbCas12a_PGK1_Experiment_T04_D4.fcs,GFP_OFF,0.005879999999999885,99.412
AD20240516_plate2_gfpSNR52solliquid(1)_Experiment_scrapedcells_and_day_1_A04.fcs,GFP_OFF,0.0017599999999999838,99.824
AD20240516_plate2_gfpSNR52solliquid(1)_Experiment_scrapedcells_and_day_1_B04.fcs,GFP_OFF,0.0040399999999999325,99.596
AD20240516_plate2_gfpSNR52solliquid(1)_Experiment_scrapedcells_and_day_1_C03.fcs,GFP_OFF,0.0038399999999999546,99.616
AD20240516_plate2_gfpSNR52solliquid(1)_Experiment_scrapedcells_and_day_1_C04.fcs,GFP_OFF,0.34024,65.976
AD20240516_plate2_gfpSNR52solliquid(1)_Experiment_scrapedcells_and_day_1_D03.fcs,GFP_OFF,0.0034000000000000696,99.66
AD20240516_plate2_gfpSNR52solliquid(1)_Experiment_scrapedcells_and_day_1_D04.fcs,GFP_OFF,0.34124,65.876
AD20240516_plate2_gfpSNR52solliquid(1)_Experiment_scrapedcells_and_day_1_E04.fcs,GFP_OFF,0.18491999999999986,81.50800000000001
AD20240516_plate2_gfpSNR52solliquid(1)_Experiment_scrapedcells_and_day_1_F04.fcs,GFP_OFF,0.19540000000000002,80.46
AD20240516_plate2_gfpSNR52solliquid(1)_Experiment_scrapedcells_and_day_1_G04.fcs,GFP_OFF,0.40503999999999996,59.496
AD20240516_plate2_gfpSNR52solliquid(1)_Experiment_scrapedcells_and_day_1_H04.fcs,GFP_OFF,0.4214800000000001,57.852
AD_20240709_cas12a_all_PGK1plateC_Experiment_scraped_cells_firstread_A04.fcs,GFP_OFF,0.005759999999999987,99.424
AD_20240709_cas12a_all_PGK1plateC_Experiment_scraped_cells_firstread_B04.fcs,GFP_OFF,0.00871999999999995,99.128
AD_20240709_cas12a_all_PGK1plateC_Experiment_scraped_cells_firstread_C03.fcs,GFP_OFF,0.0028400000000000647,99.716
AD_20240709_cas12a_all_PGK1plateC_Experiment_scraped_cells_firstread_C04.fcs,GFP_OFF,0.07647999999999999,92.352
AD_20240709_cas12a_all_PGK1plateC_Experiment_scraped_cells_firstread_D03.fcs,GFP_OFF,0.0027200000000000557,99.728
AD_20240709_cas12a_all_PGK1plateC_Experiment_scraped_cells_firstread_D04.fcs,GFP_OFF,0.07444000000000006,92.556
AD_20240709_cas12a_all_PGK1plateC_Experiment_scraped_cells_firstread_E04.fcs,GFP_OFF,0.030959999999999988,96.904
AD_20240709_cas12a_all_PGK1plateC_Experiment_scraped_cells_firstread_F04.fcs,GFP_OFF,0.031359999999999943,96.864
VB_20241007_MbCas12a_PGK1_Experiment_T02_C2.fcs,GFP_OFF,0.08592,91.408
VB_20241007_MbCas12a_PGK1_Experiment_T02_D2.fcs,GFP_OFF,0.09296000000000004,90.704
AD20240516_plate2_gfpSNR52solliquid(1)_Experiment_scrapedcells_and_day_1_A02.fcs,GFP_OFF,0.09943999999999997,90.056
AD20240516_plate2_gfpSNR52solliquid(1)_Experiment_scrapedcells_and_day_1_B02.fcs,GFP_OFF,0.10652000000000006,89.348
AD20240516_plate2_gfpSNR52solliquid(1)_Experiment_scrapedcells_and_day_1_C01.fcs,GFP_OFF,0.005759999999999987,99.424
AD20240516_plate2_gfpSNR52solliquid(1)_Experiment_scrapedcells_and_day_1_C02.fcs,GFP_OFF,0.96796,3.2039999999999997
AD20240516_plate2_gfpSNR52solliquid(1)_Experiment_scrapedcells_and_day_1_D01.fcs,GFP_OFF,0.005999999999999894,99.4
AD20240516_plate2_gfpSNR52solliquid(1)_Experiment_scrapedcells_and_day_1_D02.fcs,GFP_OFF,0.9712,2.88
AD20240516_plate2_gfpSNR52solliquid(1)_Experiment_scrapedcells_and_day_1_E02.fcs,GFP_OFF,0.97716,2.284
AD20240516_plate2_gfpSNR52solliquid(1)_Experiment_scrapedcells_and_day_1_F02.fcs,GFP_OFF,0.97672,2.328
AD20240516_plate2_gfpSNR52solliquid(1)_Experiment_scrapedcells_and_day_1_G02.fcs,GFP_OFF,0.982,1.7999999999999998
AD20240516_plate2_gfpSNR52solliquid(1)_Experiment_scrapedcells_and_day_1_H02.fcs,GFP_OFF,0.9806,1.94
AD_20240709_cas12a_all_PGK1plateC_Experiment_scraped_cells_firstread_A02.fcs,GFP_OFF,0.011479999999999935,98.852
AD_20240709_cas12a_all_PGK1plateC_Experiment_scraped_cells_firstread_B02.fcs,GFP_OFF,0.013319999999999887,98.668
AD_20240709_cas12a_all_PGK1plateC_Experiment_scraped_cells_firstread_C01.fcs,GFP_OFF,0.0032400000000000206,99.676
AD_20240709_cas12a_all_PGK1plateC_Experiment_scraped_cells_firstread_C02.fcs,GFP_OFF,0.83212,16.788
AD_20240709_cas12a_all_PGK1plateC_Experiment_scraped_cells_firstread_D01.fcs,GFP_OFF,0.0028000000000000247,99.72
AD_20240709_cas12a_all_PGK1plateC_Experiment_scraped_cells_firstread_D02.fcs,GFP_OFF,0.8243199999999999,17.568
AD_20240709_cas12a_all_PGK1plateC_Experiment_scraped_cells_firstread_E02.fcs,GFP_OFF,0.9014800000000001,9.852
AD_20240709_cas12a_all_PGK1plateC_Experiment_scraped_cells_firstread_F02.fcs,GFP_OFF,0.89436,10.564
VB_20241007_MbCas12a_PGK1_Experiment_T01_C1.fcs,GFP_OFF,0.88324,11.675999999999998
VB_20241007_MbCas12a_PGK1_Experiment_T01_D1.fcs,GFP_OFF,0.88432,11.568
VB_20240909_Cas_vars_Experiment_T03_PGK1_D1_E11.fcs,GFP_ON,0.66716,66.716
VB_20240909_Cas_vars_Experiment_T03_PGK1_D1_F11.fcs,GFP_ON,0.63732,63.732
VB_20240909_Cas_vars_Experiment_T03_PGK1_D1_G11.fcs,GFP_ON,0.7064785118665811,70.6478511866581
VB_20240909_Cas_vars_Experiment_T03_PGK1_D2_E12.fcs,GFP_ON,0.6500400000000001,65.004
VB_20240909_Cas_vars_Experiment_T03_PGK1_D2_F12.fcs,GFP_ON,0.7586400000000001,75.864
VB_20240909_Cas_vars_Experiment_T03_PGK1_D2_G12.fcs,GFP_ON,0.7416800000000001,74.168
VB_20240909_Cas_vars_Experiment_T03_TEF_D1_E9.fcs,GFP_ON,0.6866,68.66
VB_20240909_Cas_vars_Experiment_T03_TEF_D1_F9.fcs,GFP_ON,0.6973999999999999,69.74
VB_20240909_Cas_vars_Experiment_T03_TEF_D1_G9.fcs,GFP_ON,0.42184,42.184
VB_20240909_Cas_vars_Experiment_T03_TEF_D1_H9.fcs,GFP_ON,0.34964,34.964
VB_20240909_Cas_vars_Experiment_T03_TEF_D2_E10.fcs,GFP_ON,0.74768,74.768
VB_20240909_Cas_vars_Experiment_T03_TEF_D2_F10.fcs,GFP_ON,0.66684,66.684
VB_20240909_Cas_vars_Experiment_T03_TEF_D2_G10.fcs,GFP_ON,0.37632,37.632
VB_20240909_Cas_vars_Experiment_T03_TEF_D2_H10.fcs,GFP_ON,0.30888000000000004,30.888
VB_20240916_PGK1_proms_P2_Experiment_ys304_T03_A11.fcs,GFP_ON,0.5702,57.02
VB_20240916_PGK1_proms_P2_Experiment_ys304_T03_A12.fcs,GFP_ON,0.6093999999999999,60.94
VB_20240916_PGK1_proms_P2_Experiment_ys318_T03_C3.fcs,GFP_ON,0.32932,32.932
VB_20240916_PGK1_proms_P2_Experiment_ys318_T03_C4.fcs,GFP_ON,0.32736,32.736
VB_20241007_MbCas12a_PGK1_Experiment_T03_G3.fcs,GFP_ON,0.6606799999999999,66.068
VB_20241007_MbCas12a_PGK1_Experiment_T03_H3.fcs,GFP_ON,0.7097199999999999,70.972
VB_20240911_Cas_vars_P2_Experiment_T04_PGK1_D1_E3.fcs,GFP_ON,0.6028,60.28
VB_20240911_Cas_vars_P2_Experiment_T04_PGK1_D1_F3.fcs,GFP_ON,0.60076,60.076
VB_20240911_Cas_vars_P2_Experiment_T04_PGK1_D1_G3.fcs,GFP_ON,0.73464,73.464
VB_20240911_Cas_vars_P2_Experiment_T04_PGK1_D2_E4.fcs,GFP_ON,0.59396,59.396
VB_20240911_Cas_vars_P2_Experiment_T04_PGK1_D2_F4.fcs,GFP_ON,0.72556,72.556
VB_20240911_Cas_vars_P2_Experiment_T04_PGK1_D2_G4.fcs,GFP_ON,0.7437600000000001,74.376
VB_20240911_Cas_vars_P2_Experiment_T04_TEF_D1_E1.fcs,GFP_ON,0.61596,61.596
VB_20240911_Cas_vars_P2_Experiment_T04_TEF_D1_F1.fcs,GFP_ON,0.7252,72.52
VB_20240911_Cas_vars_P2_Experiment_T04_TEF_D1_G1.fcs,GFP_ON,0.51052,51.052
VB_20240911_Cas_vars_P2_Experiment_T04_TEF_D1_H1.fcs,GFP_ON,0.42136,42.136
VB_20240911_Cas_vars_P2_Experiment_T04_TEF_D2_E2.fcs,GFP_ON,0.7040000000000001,70.4
VB_20240911_Cas_vars_P2_Experiment_T04_TEF_D2_F2.fcs,GFP_ON,0.72796,72.796
VB_20240911_Cas_vars_P2_Experiment_T04_TEF_D2_G2.fcs,GFP_ON,0.5162,51.62
VB_20240911_Cas_vars_P2_Experiment_T04_TEF_D2_H2.fcs,GFP_ON,0.43164,43.164
VB_20240916_PGK1_proms_P2_Experiment_ys304_T04_C11.fcs,GFP_ON,0.44236,44.236
VB_20240916_PGK1_proms_P2_Experiment_ys304_T04_C12.fcs,GFP_ON,0.4656,46.56
VB_20240916_PGK1_proms_P2_Experiment_ys318_T04_G3.fcs,GFP_ON,0.1968,19.68
VB_20240916_PGK1_proms_P2_Experiment_ys318_T04_G4.fcs,GFP_ON,0.1292,12.92
VB_20241007_MbCas12a_PGK1_Experiment_T04_G4.fcs,GFP_ON,0.5802,58.02
VB_20241007_MbCas12a_PGK1_Experiment_T04_H4.fcs,GFP_ON,0.61832,61.832
VB_20240909_Cas_vars_Experiment_T02_PGK1_D1_E7.fcs,GFP_ON,0.80156,80.156
VB_20240909_Cas_vars_Experiment_T02_PGK1_D1_F7.fcs,GFP_ON,0.60468,60.468
VB_20240909_Cas_vars_Experiment_T02_PGK1_D1_G7.fcs,GFP_ON,0.57168,57.168
VB_20240909_Cas_vars_Experiment_T02_PGK1_D2_E8.fcs,GFP_ON,0.78452,78.452
VB_20240909_Cas_vars_Experiment_T02_PGK1_D2_F8.fcs,GFP_ON,0.6348400000000001,63.484
VB_20240909_Cas_vars_Experiment_T02_PGK1_D2_G8.fcs,GFP_ON,0.62144,62.144
VB_20240909_Cas_vars_Experiment_T02_TEF_D1_E5.fcs,GFP_ON,0.80704,80.704
VB_20240909_Cas_vars_Experiment_T02_TEF_D1_F5.fcs,GFP_ON,0.43616,43.616
VB_20240909_Cas_vars_Experiment_T02_TEF_D1_G5.fcs,GFP_ON,0.25684,25.684
VB_20240909_Cas_vars_Experiment_T02_TEF_D1_H5.fcs,GFP_ON,0.18539999999999998,18.54
VB_20240909_Cas_vars_Experiment_T02_TEF_D2_E6.fcs,GFP_ON,0.8532,85.32
VB_20240909_Cas_vars_Experiment_T02_TEF_D2_F6.fcs,GFP_ON,0.38539999999999996,38.54
VB_20240909_Cas_vars_Experiment_T02_TEF_D2_G6.fcs,GFP_ON,0.23408,23.408
VB_20240909_Cas_vars_Experiment_T02_TEF_D2_H6.fcs,GFP_ON,0.17643999999999999,17.644
VB_20240916_PGK1_proms_Experiment_ys304_T02_C11.fcs,GFP_ON,0.65208,65.208
VB_20240916_PGK1_proms_Experiment_ys304_T02_C12.fcs,GFP_ON,0.70176,70.176
VB_20240916_PGK1_proms_Experiment_ys318_T02_G3.fcs,GFP_ON,0.48788,48.788
VB_20240916_PGK1_proms_Experiment_ys318_T02_G4.fcs,GFP_ON,0.49195999999999995,49.196
VB_20241007_MbCas12a_PGK1_Experiment_T02_G2.fcs,GFP_ON,0.62036,62.036
VB_20241007_MbCas12a_PGK1_Experiment_T02_H2.fcs,GFP_ON,0.63336,63.336
VB_20240909_Cas_vars_Experiment_T01_PGK1_D1_E3.fcs,GFP_ON,0.86464,86.464
VB_20240909_Cas_vars_Experiment_T01_PGK1_D1_F3.fcs,GFP_ON,0.10548,10.548
VB_20240909_Cas_vars_Experiment_T01_PGK1_D1_G3.fcs,GFP_ON,0.034319999999999996,3.432
VB_20240909_Cas_vars_Experiment_T01_PGK1_D2_E4.fcs,GFP_ON,0.8375199999999999,83.752
VB_20240909_Cas_vars_Experiment_T01_PGK1_D2_F4.fcs,GFP_ON,0.11124,11.124
VB_20240909_Cas_vars_Experiment_T01_PGK1_D2_G4.fcs,GFP_ON,0.0294,2.94
VB_20240909_Cas_vars_Experiment_T01_TEF_D1_E1.fcs,GFP_ON,0.7784,77.84
VB_20240909_Cas_vars_Experiment_T01_TEF_D1_F1.fcs,GFP_ON,0.03512,3.512
VB_20240909_Cas_vars_Experiment_T01_TEF_D1_G1.fcs,GFP_ON,0.018879999999999997,1.888
VB_20240909_Cas_vars_Experiment_T01_TEF_D1_H1.fcs,GFP_ON,0.01796,1.796
VB_20240909_Cas_vars_Experiment_T01_TEF_D2_E2.fcs,GFP_ON,0.8373999999999999,83.74
VB_20240909_Cas_vars_Experiment_T01_TEF_D2_F2.fcs,GFP_ON,0.03676,3.676
VB_20240909_Cas_vars_Experiment_T01_TEF_D2_G2.fcs,GFP_ON,0.01568,1.568
VB_20240909_Cas_vars_Experiment_T01_TEF_D2_H2.fcs,GFP_ON,0.01424,1.424
VB_20240916_PGK1_proms_Experiment_ys304_T01_A11.fcs,GFP_ON,0.7766,77.66
VB_20240916_PGK1_proms_Experiment_ys304_T01_A12.fcs,GFP_ON,0.8073600000000001,80.736
VB_20240916_PGK1_proms_Experiment_ys318_T01_C3.fcs,GFP_ON,0.7282,72.82
VB_20240916_PGK1_proms_Experiment_ys318_T01_C4.fcs,GFP_ON,0.73736,73.736
VB_20241007_MbCas12a_PGK1_Experiment_T01_G1.fcs,GFP_ON,0.04972000000000001,4.972
VB_20241007_MbCas12a_PGK1_Experiment_T01_H1.fcs,GFP_ON,0.05712,5.712
AD_20250121_cognate_DR_2_Experiment_Group_A01.fcs,GFP_OFF,0.07511999999999996,92.488
AD_20250121_cognate_DR_2_Experiment_Group_A03.fcs,GFP_OFF,0.0043600000000000305,99.564
AD_20250121_cognate_DR_2_Experiment_Group_A04.fcs,GFP_OFF,0.32343999999999995,67.656
AD_20250121_cognate_DR_2_Experiment_Group_A05.fcs,GFP_OFF,0.62136,37.864
AD_20250121_cognate_DR_2_Experiment_Group_B01.fcs,GFP_OFF,0.06720000000000004,93.28
AD_20250121_cognate_DR_2_Experiment_Group_B03.fcs,GFP_OFF,0.00024000000000001798,99.976
AD_20250121_cognate_DR_2_Experiment_Group_B04.fcs,GFP_OFF,0.37816000000000005,62.184
AD_20250121_cognate_DR_2_Experiment_Group_B05.fcs,GFP_OFF,0.67096,32.903999999999996
AD_20250121_cognate_DR_2_Experiment_Group_C03.fcs,GFP_OFF,0.17932000000000003,82.068
AD_20250121_cognate_DR_2_Experiment_Group_C04.fcs,GFP_OFF,0.96732,3.268
AD_20250121_cognate_DR_2_Experiment_Group_D03.fcs,GFP_OFF,0.18059999999999998,81.94
AD_20250121_cognate_DR_2_Experiment_Group_D04.fcs,GFP_OFF,0.9788,2.12
AD_20250121_cognate_DR_2_Experiment_Group_E01.fcs,GFP_OFF,0.009399999999999964,99.06
AD_20250121_cognate_DR_2_Experiment_Group_E03.fcs,GFP_OFF,0.0006000000000000449,99.94
AD_20250121_cognate_DR_2_Experiment_Group_E04.fcs,GFP_OFF,0.56396,43.604
AD_20250121_cognate_DR_2_Experiment_Group_F01.fcs,GFP_OFF,0.010360000000000036,98.964
AD_20250121_cognate_DR_2_Experiment_Group_F03.fcs,GFP_OFF,0.00012000000000000899,99.988
AD_20250121_cognate_DR_2_Experiment_Group_F04.fcs,GFP_OFF,0.58676,41.324
AD_20250121_cognate_DR_2_Experiment_Group_G03.fcs,GFP_OFF,0.0013200000000000989,99.868
AD_20250121_cognate_DR_2_Experiment_Group_G04.fcs,GFP_OFF,0.01096000000000008,98.904
AD_20250121_cognate_DR_2_Experiment_Group_H03.fcs,GFP_OFF,0.010360000000000036,98.964
AD_20250121_cognate_DR_2_Experiment_Group_H04.fcs,GFP_OFF,0.0023600000000000287,99.764
AD_20260429_TEF_cognate_Experiment_Group(1)_E02.fcs,GFP_ON,0.82076,82.07600000000001
AD_20260429_TEF_cognate_Experiment_Group(1)_E03.fcs,GFP_ON,0.5916,59.16
AD_20260429_TEF_cognate_Experiment_Group(1)_E04.fcs,GFP_ON,0.72624,72.624
AD_20260429_TEF_cognate_Experiment_Group(1)_E05.fcs,GFP_ON,0.7622,76.22
AD_20260429_TEF_cognate_Experiment_Group(1)_E06.fcs,GFP_ON,0.74588,74.588
AD_20260429_TEF_cognate_Experiment_Group(1)_F02.fcs,GFP_ON,0.77016,77.01599999999999
AD_20260429_TEF_cognate_Experiment_Group(1)_F03.fcs,GFP_ON,0.65636,65.63600000000001
AD_20260429_TEF_cognate_Experiment_Group(1)_F04.fcs,GFP_ON,0.80256,80.256
AD_20260429_TEF_cognate_Experiment_Group(1)_F05.fcs,GFP_ON,0.7243600000000001,72.436
AD_20260429_TEF_cognate_Experiment_Group(1)_F06.fcs,GFP_ON,0.7458,74.58
AD_20250121_cognate_DR_3_Experiment_Group_A06.fcs,GFP_OFF,0.044360000000000066,95.564
AD_20250121_cognate_DR_3_Experiment_Group_A08.fcs,GFP_OFF,0.0016399999999999748,99.836
AD_20250121_cognate_DR_3_Experiment_Group_A10.fcs,GFP_OFF,0.16215999999999997,83.784
AD_20250121_cognate_DR_3_Experiment_Group_A11.fcs,GFP_OFF,0.48288,51.712
AD_20250121_cognate_DR_3_Experiment_Group_B06.fcs,GFP_OFF,0.02328000000000008,97.672
AD_20250121_cognate_DR_3_Experiment_Group_B08.fcs,GFP_OFF,7.999999999996898e-05,99.992
AD_20250121_cognate_DR_3_Experiment_Group_B10.fcs,GFP_OFF,0.17923999999999995,82.07600000000001
AD_20250121_cognate_DR_3_Experiment_Group_B11.fcs,GFP_OFF,0.5531599999999999,44.684000000000005
AD_20250121_cognate_DR_3_Experiment_Group_C08.fcs,GFP_OFF,0.07116,92.884
AD_20250121_cognate_DR_3_Experiment_Group_C10.fcs,GFP_OFF,0.9608,3.92
AD_20250121_cognate_DR_3_Experiment_Group_D08.fcs,GFP_OFF,0.06567999999999996,93.432
AD_20250121_cognate_DR_3_Experiment_Group_D10.fcs,GFP_OFF,0.97252,2.748
AD_20250121_cognate_DR_3_Experiment_Group_E06.fcs,GFP_OFF,0.011519999999999975,98.848
AD_20250121_cognate_DR_3_Experiment_Group_E08.fcs,GFP_OFF,0.00031999999999998696,99.968
AD_20250121_cognate_DR_3_Experiment_Group_E10.fcs,GFP_OFF,0.40968000000000004,59.032
AD_20250121_cognate_DR_3_Experiment_Group_F06.fcs,GFP_OFF,0.008319999999999883,99.168
AD_20250121_cognate_DR_3_Experiment_Group_F08.fcs,GFP_OFF,7.999999999996898e-05,99.992
AD_20250121_cognate_DR_3_Experiment_Group_F10.fcs,GFP_OFF,0.44272,55.728
AD_20250121_cognate_DR_3_Experiment_Group_G08.fcs,GFP_OFF,0.001080000000000081,99.892
AD_20250121_cognate_DR_3_Experiment_Group_G10.fcs,GFP_OFF,0.007159999999999944,99.284
AD_20250121_cognate_DR_3_Experiment_Group_H08.fcs,GFP_OFF,0.009560000000000013,99.044
AD_20250121_cognate_DR_3_Experiment_Group_H10.fcs,GFP_OFF,0.0009600000000000719,99.904
AD_20260429_TEF_cognate_Experiment_last timepoint_G02.fcs,GFP_ON,0.73308,73.30799999999999
AD_20260429_TEF_cognate_Experiment_last timepoint_G03.fcs,GFP_ON,0.45432,45.432
AD_20260429_TEF_cognate_Experiment_last timepoint_G04.fcs,GFP_ON,0.6446,64.46
AD_20260429_TEF_cognate_Experiment_last timepoint_G05.fcs,GFP_ON,0.67604,67.604
AD_20260429_TEF_cognate_Experiment_last timepoint_G06.fcs,GFP_ON,0.63776,63.776
AD_20260429_TEF_cognate_Experiment_last timepoint_H02.fcs,GFP_ON,0.6655200000000001,66.552
AD_20260429_TEF_cognate_Experiment_last timepoint_H03.fcs,GFP_ON,0.51912,51.912000000000006
AD_20260429_TEF_cognate_Experiment_last timepoint_H04.fcs,GFP_ON,0.70512,70.512
AD_20260429_TEF_cognate_Experiment_last timepoint_H05.fcs,GFP_ON,0.57708,57.708000000000006
AD_20260429_TEF_cognate_Experiment_last timepoint_H06.fcs,GFP_ON,0.6342,63.42
AD_20250121_cognate_DR_1_Experiment_Group_A01.fcs,GFP_OFF,0.20687999999999984,79.31200000000001
AD_20250121_cognate_DR_1_Experiment_Group_A03.fcs,GFP_OFF,0.009360000000000035,99.064
AD_20250121_cognate_DR_1_Experiment_Group_A04.fcs,GFP_OFF,0.5569200000000001,44.308
AD_20250121_cognate_DR_1_Experiment_Group_A05.fcs,GFP_OFF,0.7392799999999999,26.072
AD_20250121_cognate_DR_1_Experiment_Group_B01.fcs,GFP_OFF,0.18832000000000004,81.16799999999999
AD_20250121_cognate_DR_1_Experiment_Group_B03.fcs,GFP_OFF,0.00024000000000001798,99.976
AD_20250121_cognate_DR_1_Experiment_Group_B04.fcs,GFP_OFF,0.60632,39.367999999999995
AD_20250121_cognate_DR_1_Experiment_Group_B05.fcs,GFP_OFF,0.7759199999999999,22.408
AD_20250121_cognate_DR_1_Experiment_Group_C03.fcs,GFP_OFF,0.34636,65.364
AD_20250121_cognate_DR_1_Experiment_Group_C04.fcs,GFP_OFF,0.97636,2.3640000000000003
AD_20250121_cognate_DR_1_Experiment_Group_D03.fcs,GFP_OFF,0.34212,65.788
AD_20250121_cognate_DR_1_Experiment_Group_D04.fcs,GFP_OFF,0.98304,1.696
AD_20250121_cognate_DR_1_Experiment_Group_E01.fcs,GFP_OFF,0.009120000000000017,99.088
AD_20250121_cognate_DR_1_Experiment_Group_E03.fcs,GFP_OFF,0.00031999999999998696,99.968
AD_20250121_cognate_DR_1_Experiment_Group_E04.fcs,GFP_OFF,0.7021200000000001,29.787999999999997
AD_20250121_cognate_DR_1_Experiment_Group_F01.fcs,GFP_OFF,0.013400000000000079,98.66
AD_20250121_cognate_DR_1_Experiment_Group_F03.fcs,GFP_OFF,0.0005600000000000049,99.944
AD_20250121_cognate_DR_1_Experiment_Group_F04.fcs,GFP_OFF,0.72012,27.988000000000003
AD_20250121_cognate_DR_1_Experiment_Group_G03.fcs,GFP_OFF,0.0023199999999999887,99.768
AD_20250121_cognate_DR_1_Experiment_Group_G04.fcs,GFP_OFF,0.019399999999999973,98.06
AD_20250121_cognate_DR_1_Experiment_Group_H03.fcs,GFP_OFF,0.014759999999999995,98.524
AD_20250121_cognate_DR_1_Experiment_Group_H04.fcs,GFP_OFF,0.020160000000000067,97.984
AD_20260429_TEF_cognate_Experiment_14h(T01)_C02.fcs,GFP_ON,0.89292,89.292
AD_20260429_TEF_cognate_Experiment_14h(T01)_C03.fcs,GFP_ON,0.74912,74.912
AD_20260429_TEF_cognate_Experiment_14h(T01)_C04.fcs,GFP_ON,0.83828,83.828
AD_20260429_TEF_cognate_Experiment_14h(T01)_C05.fcs,GFP_ON,0.86944,86.944
AD_20260429_TEF_cognate_Experiment_14h(T01)_C06.fcs,GFP_ON,0.8104400000000002,81.04400000000001
AD_20260429_TEF_cognate_Experiment_14h(T01)_D02.fcs,GFP_ON,0.8592799999999999,85.928
AD_20260429_TEF_cognate_Experiment_14h(T01)_D03.fcs,GFP_ON,0.80088,80.08800000000001
AD_20260429_TEF_cognate_Experiment_14h(T01)_D04.fcs,GFP_ON,0.8858799999999999,88.588
AD_20260429_TEF_cognate_Experiment_14h(T01)_D05.fcs,GFP_ON,0.84036,84.036
AD_20260429_TEF_cognate_Experiment_14h(T01)_D06.fcs,GFP_ON,0.79176,79.176
AD_20250121_cognate_DR_1_Experiment_Group_A06.fcs,GFP_OFF,0.85324,14.676
AD_20250121_cognate_DR_1_Experiment_Group_A08.fcs,GFP_OFF,0.020240000000000036,97.976
AD_20250121_cognate_DR_1_Experiment_Group_A09.fcs,GFP_OFF,0.9278,7.22
AD_20250121_cognate_DR_1_Experiment_Group_A10.fcs,GFP_OFF,0.9748,2.52
AD_20250121_cognate_DR_1_Experiment_Group_B06.fcs,GFP_OFF,0.81796,18.204
AD_20250121_cognate_DR_1_Experiment_Group_B08.fcs,GFP_OFF,0.0023600000000000287,99.764
AD_20250121_cognate_DR_1_Experiment_Group_B09.fcs,GFP_OFF,0.92172,7.828
AD_20250121_cognate_DR_1_Experiment_Group_B10.fcs,GFP_OFF,0.96556,3.444
AD_20250121_cognate_DR_1_Experiment_Group_C08.fcs,GFP_OFF,0.86548,13.452
AD_20250121_cognate_DR_1_Experiment_Group_C09.fcs,GFP_OFF,0.97844,2.156
AD_20250121_cognate_DR_1_Experiment_Group_D08.fcs,GFP_OFF,0.8706,12.94
AD_20250121_cognate_DR_1_Experiment_Group_D09.fcs,GFP_OFF,0.98432,1.568
AD_20250121_cognate_DR_1_Experiment_Group_E06.fcs,GFP_OFF,0.009599999999999942,99.04
AD_20250121_cognate_DR_1_Experiment_Group_E08.fcs,GFP_OFF,0.04488000000000003,95.512
AD_20250121_cognate_DR_1_Experiment_Group_E09.fcs,GFP_OFF,0.95916,4.0840000000000005
AD_20250121_cognate_DR_1_Experiment_Group_F06.fcs,GFP_OFF,0.018280000000000074,98.172
AD_20250121_cognate_DR_1_Experiment_Group_F08.fcs,GFP_OFF,0.047680000000000056,95.232
AD_20250121_cognate_DR_1_Experiment_Group_F09.fcs,GFP_OFF,0.96808,3.1919999999999997
AD_20250121_cognate_DR_1_Experiment_Group_G08.fcs,GFP_OFF,0.009240000000000026,99.076
AD_20250121_cognate_DR_1_Experiment_Group_G09.fcs,GFP_OFF,0.3269199999999999,67.308
AD_20250121_cognate_DR_1_Experiment_Group_H08.fcs,GFP_OFF,0.019399999999999973,98.06
AD_20250121_cognate_DR_1_Experiment_Group_H09.fcs,GFP_OFF,0.3972,60.28
AD_20260429_TEF_cognate_Experiment_Group_A01.fcs,GFP_ON,0.8404,84.04
AD_20260429_TEF_cognate_Experiment_Group_A02.fcs,GFP_ON,0.88824,88.824
AD_20260429_TEF_cognate_Experiment_Group_A03.fcs,GFP_ON,0.82608,82.608
AD_20260429_TEF_cognate_Experiment_Group_A04.fcs,GFP_ON,0.8980400000000001,89.804
AD_20260429_TEF_cognate_Experiment_Group_A05.fcs,GFP_ON,0.9102800000000001,91.028
AD_20260429_TEF_cognate_Experiment_Group_A06.fcs,GFP_ON,0.36276,36.276
AD_20260429_TEF_cognate_Experiment_Group_B01.fcs,GFP_ON,0.8636399999999999,86.36399999999999
AD_20260429_TEF_cognate_Experiment_Group_B02.fcs,GFP_ON,0.9080400000000001,90.804
AD_20260429_TEF_cognate_Experiment_Group_B03.fcs,GFP_ON,0.87304,87.304
AD_20260429_TEF_cognate_Experiment_Group_B04.fcs,GFP_ON,0.9376000000000001,93.76
AD_20260429_TEF_cognate_Experiment_Group_B05.fcs,GFP_ON,0.8837600000000001,88.376
AD_20260429_TEF_cognate_Experiment_Group_B06.fcs,GFP_ON,0.18364,18.364
VB_20240909_Cas_vars_Experiment_T01_TEF_D1_C1.fcs,GFP_ON,0.03384,3.384
VB_20240909_Cas_vars_Experiment_T01_TEF_D1_D1.fcs,GFP_ON,0.48196,48.196
VB_20240909_Cas_vars_Experiment_T01_TEF_D2_C2.fcs,GFP_ON,0.04008,4.008
VB_20240909_Cas_vars_Experiment_T01_TEF_D2_D2.fcs,GFP_ON,0.50692,50.692
AD_20241022_gfplib_rpr1_plate1_Experiment_Group_A09.fcs,GFP panel,0.05507999999999991,94.492
AD_20241022_gfplib_rpr1_plate1_Experiment_Group_A10.fcs,GFP panel,0.57016,42.984
AD_20241022_gfplib_rpr1_plate1_Experiment_Group_A11.fcs,GFP panel,0.0027599999999999847,99.724
AD_20241022_gfplib_rpr1_plate1_Experiment_Group_A12.fcs,GFP panel,0.637530864197531,36.2469135802469
AD_20241022_gfplib_rpr1_plate1_Experiment_Group_B09.fcs,GFP panel,0.05471999999999999,94.528
AD_20241022_gfplib_rpr1_plate1_Experiment_Group_B10.fcs,GFP panel,0.48707999999999996,51.292
AD_20241022_gfplib_rpr1_plate1_Experiment_Group_B11.fcs,GFP panel,4.0000000000040004e-05,99.996
AD_20241022_gfplib_rpr1_plate1_Experiment_Group_B12.fcs,GFP panel,0.76272,23.728
AD_20241022_gfplib_rpr1_plate1_Experiment_Group_C09.fcs,GFP panel,0.0031600000000000517,99.684
AD_20241022_gfplib_rpr1_plate1_Experiment_Group_C10.fcs,GFP panel,0.01876,98.124
AD_20241022_gfplib_rpr1_plate1_Experiment_Group_C11.fcs,GFP panel,0.86696,13.303999999999998
AD_20241022_gfplib_rpr1_plate1_Experiment_Group_D09.fcs,GFP panel,0.00036000000000002697,99.964
AD_20241022_gfplib_rpr1_plate1_Experiment_Group_D10.fcs,GFP panel,0.01871999999999996,98.128
AD_20241022_gfplib_rpr1_plate1_Experiment_Group_D11.fcs,GFP panel,0.90936,9.064
AD_20241022_gfplib_rpr1_plate1_Experiment_Group_E09.fcs,GFP panel,0.99024,0.9759999999999988
AD_20241022_gfplib_rpr1_plate1_Experiment_Group_E10.fcs,GFP panel,0.008000000000000007,99.2
AD_20241022_gfplib_rpr1_plate1_Experiment_Group_E11.fcs,GFP panel,0.011039999999999939,98.896
AD_20241022_gfplib_rpr1_plate1_Experiment_Group_F09.fcs,GFP panel,0.9892,1.08
AD_20241022_gfplib_rpr1_plate1_Experiment_Group_F10.fcs,GFP panel,0.006440000000000001,99.356
AD_20241022_gfplib_rpr1_plate1_Experiment_Group_F11.fcs,GFP panel,0.006800000000000028,99.32
AD_20241022_gfplib_rpr1_plate1_Experiment_Group_G09.fcs,GFP panel,0.03164,96.836
AD_20241022_gfplib_rpr1_plate1_Experiment_Group_G10.fcs,GFP panel,0.0043600000000000305,99.564
AD_20241022_gfplib_rpr1_plate1_Experiment_Group_G11.fcs,GFP panel,0.00031999999999998696,99.968
AD_20241022_gfplib_rpr1_plate1_Experiment_Group_H09.fcs,GFP panel,0.09831999999999996,90.168
AD_20241022_gfplib_rpr1_plate1_Experiment_Group_H10.fcs,GFP panel,0.0026800000000000157,99.732
AD_20241022_gfplib_rpr1_plate1_Experiment_Group_H11.fcs,GFP panel,0.00871999999999995,99.128
AD_20241022_gfplib_rpr1_plate2_Experiment_Group_A01.fcs,GFP panel,0.01963999999999999,98.036
AD_20241022_gfplib_rpr1_plate2_Experiment_Group_A02.fcs,GFP panel,0.76612,23.388
AD_20241022_gfplib_rpr1_plate2_Experiment_Group_A03.fcs,GFP panel,0.0049599999999999644,99.504
AD_20241022_gfplib_rpr1_plate2_Experiment_Group_A04.fcs,GFP panel,0.021252796420581976,97.8747203579418
AD_20241022_gfplib_rpr1_plate2_Experiment_Group_B01.fcs,GFP panel,0.019199999999999995,98.08
AD_20241022_gfplib_rpr1_plate2_Experiment_Group_B02.fcs,GFP panel,0.58204,41.796
AD_20241022_gfplib_rpr1_plate2_Experiment_Group_B03.fcs,GFP panel,0.00031999999999998696,99.968
AD_20241022_gfplib_rpr1_plate2_Experiment_Group_B04.fcs,GFP panel,0.78984,21.016
AD_20241022_gfplib_rpr1_plate2_Experiment_Group_C01.fcs,GFP panel,0.0028000000000000247,99.72
AD_20241022_gfplib_rpr1_plate2_Experiment_Group_C02.fcs,GFP panel,0.01980000000000004,98.02
AD_20241022_gfplib_rpr1_plate2_Experiment_Group_C03.fcs,GFP panel,0.80388,19.612
AD_20241022_gfplib_rpr1_plate2_Experiment_Group_D01.fcs,GFP panel,0.00036000000000002697,99.964
AD_20241022_gfplib_rpr1_plate2_Experiment_Group_D02.fcs,GFP panel,0.020040000000000058,97.996
AD_20241022_gfplib_rpr1_plate2_Experiment_Group_D03.fcs,GFP panel,0.8858,11.42
AD_20241022_gfplib_rpr1_plate2_Experiment_Group_E01.fcs,GFP panel,0.98632,1.368
AD_20241022_gfplib_rpr1_plate2_Experiment_Group_E02.fcs,GFP panel,0.010400000000000076,98.96
AD_20241022_gfplib_rpr1_plate2_Experiment_Group_E03.fcs,GFP panel,0.013799999999999923,98.62
AD_20241022_gfplib_rpr1_plate2_Experiment_Group_F01.fcs,GFP panel,0.98784,1.21599999999999
AD_20241022_gfplib_rpr1_plate2_Experiment_Group_F02.fcs,GFP panel,0.007000000000000006,99.3
AD_20241022_gfplib_rpr1_plate2_Experiment_Group_F03.fcs,GFP panel,0.006800000000000028,99.32
AD_20241022_gfplib_rpr1_plate2_Experiment_Group_G01.fcs,GFP panel,0.02976000000000001,97.024
AD_20241022_gfplib_rpr1_plate2_Experiment_Group_G02.fcs,GFP panel,0.0046800000000000175,99.532
AD_20241022_gfplib_rpr1_plate2_Experiment_Group_G03.fcs,GFP panel,7.999999999996898e-05,99.992
AD_20241022_gfplib_rpr1_plate2_Experiment_Group_H01.fcs,GFP panel,0.13936000000000004,86.064
AD_20241022_gfplib_rpr1_plate2_Experiment_Group_H02.fcs,GFP panel,0.0028400000000000647,99.716
AD_20241022_gfplib_rpr1_plate2_Experiment_Group_H03.fcs,GFP panel,0.017800000000000038,98.22
AD_20241022_gfplib_rpr1_plate1_Experiment_Group_A01.fcs,GFP panel,0.11256,88.744
AD_20241022_gfplib_rpr1_plate1_Experiment_Group_A02.fcs,GFP panel,0.395487096338333,60.4512903661667
AD_20241022_gfplib_rpr1_plate1_Experiment_Group_A03.fcs,GFP panel,0.0020399999999999308,99.796
AD_20241022_gfplib_rpr1_plate1_Experiment_Group_A04.fcs,GFP panel,0.04672897196261705,95.3271028037383
AD_20241022_gfplib_rpr1_plate1_Experiment_Group_B01.fcs,GFP panel,0.12448000000000004,87.55199999999999
AD_20241022_gfplib_rpr1_plate1_Experiment_Group_B02.fcs,GFP panel,0.415270018621974,58.4729981378026
AD_20241022_gfplib_rpr1_plate1_Experiment_Group_B03.fcs,GFP panel,0.000280000000000058,99.972
AD_20241022_gfplib_rpr1_plate1_Experiment_Group_B04.fcs,GFP panel,0.78424,21.576
AD_20241022_gfplib_rpr1_plate1_Experiment_Group_C01.fcs,GFP panel,0.0019199999999999218,99.808
AD_20241022_gfplib_rpr1_plate1_Experiment_Group_C02.fcs,GFP panel,0.013479999999999936,98.652
AD_20241022_gfplib_rpr1_plate1_Experiment_Group_C03.fcs,GFP panel,0.88728,11.272
AD_20241022_gfplib_rpr1_plate1_Experiment_Group_D01.fcs,GFP panel,0.00048000000000003595,99.952
AD_20241022_gfplib_rpr1_plate1_Experiment_Group_D02.fcs,GFP panel,0.014479999999999937,98.552
AD_20241022_gfplib_rpr1_plate1_Experiment_Group_D03.fcs,GFP panel,0.94084,5.9159999999999995
AD_20241022_gfplib_rpr1_plate1_Experiment_Group_E01.fcs,GFP panel,0.97396,2.604
AD_20241022_gfplib_rpr1_plate1_Experiment_Group_E02.fcs,GFP panel,0.08368007397133592,91.6319926028664
AD_20241022_gfplib_rpr1_plate1_Experiment_Group_E03.fcs,GFP panel,0.00867999999999991,99.132
AD_20241022_gfplib_rpr1_plate1_Experiment_Group_F01.fcs,GFP panel,0.97848,2.152
AD_20241022_gfplib_rpr1_plate1_Experiment_Group_F02.fcs,GFP panel,0.08784445376975791,91.2155546230242
AD_20241022_gfplib_rpr1_plate1_Experiment_Group_F03.fcs,GFP panel,0.006440000000000001,99.356
AD_20241022_gfplib_rpr1_plate1_Experiment_Group_G01.fcs,GFP panel,0.06148507980568996,93.851492019431
AD_20241022_gfplib_rpr1_plate1_Experiment_Group_G02.fcs,GFP panel,0.0040000000000000036,99.6
AD_20241022_gfplib_rpr1_plate1_Experiment_Group_G03.fcs,GFP panel,0.00043999999999999595,99.956
AD_20241022_gfplib_rpr1_plate1_Experiment_Group_H01.fcs,GFP panel,0.07570817199918489,92.4291828000815
AD_20241022_gfplib_rpr1_plate1_Experiment_Group_H02.fcs,GFP panel,0.0032800000000000606,99.672
AD_20241022_gfplib_rpr1_plate1_Experiment_Group_H03.fcs,GFP panel,0.0047599999999999865,99.524
AD_20241022_gfplib_rpr1_plate1_Experiment_Group_A05.fcs,GFP panel,0.94656,5.344
AD_20241022_gfplib_rpr1_plate1_Experiment_Group_A06.fcs,GFP panel,0.7800400000000001,21.996
AD_20241022_gfplib_rpr1_plate1_Experiment_Group_A07.fcs,GFP panel,0.0023199999999999887,99.768
AD_20241022_gfplib_rpr1_plate1_Experiment_Group_A08.fcs,GFP panel,0.40540540540540504,59.459459459459495
AD_20241022_gfplib_rpr1_plate1_Experiment_Group_B05.fcs,GFP panel,0.9365600000000001,6.343999999999999
AD_20241022_gfplib_rpr1_plate1_Experiment_Group_B06.fcs,GFP panel,0.80776,19.224
AD_20241022_gfplib_rpr1_plate1_Experiment_Group_B07.fcs,GFP panel,0.0006399999999999739,99.936
AD_20241022_gfplib_rpr1_plate1_Experiment_Group_B08.fcs,GFP panel,0.752306831950788,24.7693168049212
AD_20241022_gfplib_rpr1_plate1_Experiment_Group_C05.fcs,GFP panel,0.0018799999999999928,99.812
AD_20241022_gfplib_rpr1_plate1_Experiment_Group_C06.fcs,GFP panel,0.016719999999999957,98.328
AD_20241022_gfplib_rpr1_plate1_Experiment_Group_C07.fcs,GFP panel,0.7007325785554279,29.9267421444572
AD_20241022_gfplib_rpr1_plate1_Experiment_Group_D05.fcs,GFP panel,0.0006399999999999739,99.936
AD_20241022_gfplib_rpr1_plate1_Experiment_Group_D06.fcs,GFP panel,0.01427999999999996,98.572
AD_20241022_gfplib_rpr1_plate1_Experiment_Group_D07.fcs,GFP panel,0.897745315973325,10.2254684026675
AD_20241022_gfplib_rpr1_plate1_Experiment_Group_E05.fcs,GFP panel,0.91972,8.028
AD_20241022_gfplib_rpr1_plate1_Experiment_Group_E06.fcs,GFP panel,0.79416,20.584
AD_20241022_gfplib_rpr1_plate1_Experiment_Group_E07.fcs,GFP panel,0.02207999999999999,97.792
AD_20241022_gfplib_rpr1_plate1_Experiment_Group_F05.fcs,GFP panel,0.91612,8.388
AD_20241022_gfplib_rpr1_plate1_Experiment_Group_F06.fcs,GFP panel,0.74708,25.292
AD_20241022_gfplib_rpr1_plate1_Experiment_Group_F07.fcs,GFP panel,0.018919999999999937,98.108
AD_20241022_gfplib_rpr1_plate1_Experiment_Group_G05.fcs,GFP panel,0.46748,53.252
AD_20241022_gfplib_rpr1_plate1_Experiment_Group_G06.fcs,GFP panel,0.14871999999999996,85.128
AD_20241022_gfplib_rpr1_plate1_Experiment_Group_G07.fcs,GFP panel,0.000160000000000049,99.984
AD_20241022_gfplib_rpr1_plate1_Experiment_Group_H05.fcs,GFP panel,0.48288,51.712
AD_20241022_gfplib_rpr1_plate1_Experiment_Group_H06.fcs,GFP panel,0.19899999999999995,80.10000000000001
AD_20241022_gfplib_rpr1_plate1_Experiment_Group_H07.fcs,GFP panel,0.0020799999999999708,99.792
AD_20241028_gfplib_rpr1_donorrec_plate1_Experiment_Group_A09.fcs,GFP panel,0.05819999999999992,94.18
AD_20241028_gfplib_rpr1_donorrec_plate1_Experiment_Group_A10.fcs,GFP panel,0.15688000000000002,84.312
AD_20241028_gfplib_rpr1_donorrec_plate1_Experiment_Group_A11.fcs,GFP panel,0.000280000000000058,99.972
AD_20241028_gfplib_rpr1_donorrec_plate1_Experiment_Group_A12.fcs,GFP panel,0.59992,40.008
AD_20241028_gfplib_rpr1_donorrec_plate1_Experiment_Group_B09.fcs,GFP panel,0.052080000000000015,94.792
AD_20241028_gfplib_rpr1_donorrec_plate1_Experiment_Group_B10.fcs,GFP panel,0.10275999999999996,89.724
AD_20241028_gfplib_rpr1_donorrec_plate1_Experiment_Group_B11.fcs,GFP panel,0.000160000000000049,99.984
AD_20241028_gfplib_rpr1_donorrec_plate1_Experiment_Group_B12.fcs,GFP panel,0.7501599999999999,24.984
AD_20241028_gfplib_rpr1_donorrec_plate1_Experiment_Group_C09.fcs,GFP panel,0.0020000000000000018,99.8
AD_20241028_gfplib_rpr1_donorrec_plate1_Experiment_Group_C10.fcs,GFP panel,0.0031999999999999806,99.68
AD_20241028_gfplib_rpr1_donorrec_plate1_Experiment_Group_C11.fcs,GFP panel,0.1897199999999999,81.028
AD_20241028_gfplib_rpr1_donorrec_plate1_Experiment_Group_D09.fcs,GFP panel,0.0009600000000000719,99.904
AD_20241028_gfplib_rpr1_donorrec_plate1_Experiment_Group_D10.fcs,GFP panel,0.0009200000000000319,99.908
AD_20241028_gfplib_rpr1_donorrec_plate1_Experiment_Group_D11.fcs,GFP panel,0.752,24.8
AD_20241028_gfplib_rpr1_donorrec_plate1_Experiment_Group_E09.fcs,GFP panel,0.99188,0.8120000000000019
AD_20241028_gfplib_rpr1_donorrec_plate1_Experiment_Group_E10.fcs,GFP panel,0.0023600000000000287,99.764
AD_20241028_gfplib_rpr1_donorrec_plate1_Experiment_Group_E11.fcs,GFP panel,0.0012799999999999478,99.872
AD_20241028_gfplib_rpr1_donorrec_plate1_Experiment_Group_F09.fcs,GFP panel,0.99192,0.8079999999999979
AD_20241028_gfplib_rpr1_donorrec_plate1_Experiment_Group_F10.fcs,GFP panel,0.0019599999999999618,99.804
AD_20241028_gfplib_rpr1_donorrec_plate1_Experiment_Group_F11.fcs,GFP panel,0.007920000000000038,99.208
AD_20241028_gfplib_rpr1_donorrec_plate1_Experiment_Group_G09.fcs,GFP panel,0.009159999999999946,99.084
AD_20241028_gfplib_rpr1_donorrec_plate1_Experiment_Group_G10.fcs,GFP panel,0.00031999999999998696,99.968
AD_20241028_gfplib_rpr1_donorrec_plate1_Experiment_Group_G11.fcs,GFP panel,4.0000000000040004e-05,99.996
AD_20241028_gfplib_rpr1_donorrec_plate1_Experiment_Group_H09.fcs,GFP panel,0.0044399999999999995,99.556
AD_20241028_gfplib_rpr1_donorrec_plate1_Experiment_Group_H10.fcs,GFP panel,0.00040000000000006697,99.96
AD_20241028_gfplib_rpr1_donorrec_plate1_Experiment_Group_H11.fcs,GFP panel,7.999999999996898e-05,99.992
AD_20241028_gfplib_rpr1_donorrec_plate2_Experiment_Group_A01.fcs,GFP panel,0.0208799999999999,97.912
AD_20241028_gfplib_rpr1_donorrec_plate2_Experiment_Group_A02.fcs,GFP panel,0.24468,75.532
AD_20241028_gfplib_rpr1_donorrec_plate2_Experiment_Group_A03.fcs,GFP panel,0.00019999999999997797,99.98
AD_20241028_gfplib_rpr1_donorrec_plate2_Experiment_Group_A04.fcs,GFP panel,0.5997600000000001,40.024
AD_20241028_gfplib_rpr1_donorrec_plate2_Experiment_Group_B01.fcs,GFP panel,0.0230800000000001,97.692
AD_20241028_gfplib_rpr1_donorrec_plate2_Experiment_Group_B02.fcs,GFP panel,0.13948000000000005,86.05199999999999
AD_20241028_gfplib_rpr1_donorrec_plate2_Experiment_Group_B03.fcs,GFP panel,7.999999999996898e-05,99.992
AD_20241028_gfplib_rpr1_donorrec_plate2_Experiment_Group_B04.fcs,GFP panel,0.73924,26.076
AD_20241028_gfplib_rpr1_donorrec_plate2_Experiment_Group_C01.fcs,GFP panel,0.0017199999999999438,99.828
AD_20241028_gfplib_rpr1_donorrec_plate2_Experiment_Group_C02.fcs,GFP panel,0.0015600000000000058,99.844
AD_20241028_gfplib_rpr1_donorrec_plate2_Experiment_Group_C03.fcs,GFP panel,0.10472000000000004,89.52799999999999
AD_20241028_gfplib_rpr1_donorrec_plate2_Experiment_Group_D01.fcs,GFP panel,0.0007200000000000539,99.928
AD_20241028_gfplib_rpr1_donorrec_plate2_Experiment_Group_D02.fcs,GFP panel,0.00040000000000006697,99.96
AD_20241028_gfplib_rpr1_donorrec_plate2_Experiment_Group_D03.fcs,GFP panel,0.74412,25.588
AD_20241028_gfplib_rpr1_donorrec_plate2_Experiment_Group_E01.fcs,GFP panel,0.98976,1.024
AD_20241028_gfplib_rpr1_donorrec_plate2_Experiment_Group_E02.fcs,GFP panel,0.0035200000000000786,99.648
AD_20241028_gfplib_rpr1_donorrec_plate2_Experiment_Group_E03.fcs,GFP panel,0.00036000000000002697,99.964
AD_20241028_gfplib_rpr1_donorrec_plate2_Experiment_Group_F01.fcs,GFP panel,0.9924,0.760000000000005
AD_20241028_gfplib_rpr1_donorrec_plate2_Experiment_Group_F02.fcs,GFP panel,0.0023600000000000287,99.764
AD_20241028_gfplib_rpr1_donorrec_plate2_Experiment_Group_F03.fcs,GFP panel,0.009560000000000013,99.044
AD_20241028_gfplib_rpr1_donorrec_plate2_Experiment_Group_G01.fcs,GFP panel,0.008480000000000043,99.152
AD_20241028_gfplib_rpr1_donorrec_plate2_Experiment_Group_G02.fcs,GFP panel,0.000160000000000049,99.984
AD_20241028_gfplib_rpr1_donorrec_plate2_Experiment_Group_G03.fcs,GFP panel,7.999999999996898e-05,99.992
AD_20241028_gfplib_rpr1_donorrec_plate2_Experiment_Group_H01.fcs,GFP panel,0.0036400000000000876,99.636
AD_20241028_gfplib_rpr1_donorrec_plate2_Experiment_Group_H02.fcs,GFP panel,0.000160000000000049,99.984
AD_20241028_gfplib_rpr1_donorrec_plate2_Experiment_Group_H03.fcs,GFP panel,4.0000000000040004e-05,99.996
AD_20241028_gfplib_rpr1_donorrec_plate1_Experiment_Group_A01.fcs,GFP panel,0.10524,89.476
AD_20241028_gfplib_rpr1_donorrec_plate1_Experiment_Group_A02.fcs,GFP panel,0.10896000000000006,89.104
AD_20241028_gfplib_rpr1_donorrec_plate1_Experiment_Group_A03.fcs,GFP panel,0.000520000000000076,99.948
AD_20241028_gfplib_rpr1_donorrec_plate1_Experiment_Group_A04.fcs,GFP panel,0.54524,45.476
AD_20241028_gfplib_rpr1_donorrec_plate1_Experiment_Group_B01.fcs,GFP panel,0.09427999999999992,90.572
AD_20241028_gfplib_rpr1_donorrec_plate1_Experiment_Group_B02.fcs,GFP panel,0.0881062737957291,91.1893726204271
AD_20241028_gfplib_rpr1_donorrec_plate1_Experiment_Group_B03.fcs,GFP panel,7.999999999996898e-05,99.992
AD_20241028_gfplib_rpr1_donorrec_plate1_Experiment_Group_B04.fcs,GFP panel,0.73844,26.156
AD_20241028_gfplib_rpr1_donorrec_plate1_Experiment_Group_C01.fcs,GFP panel,0.0014400000000001079,99.856
AD_20241028_gfplib_rpr1_donorrec_plate1_Experiment_Group_C02.fcs,GFP panel,0.0013999999999999568,99.86
AD_20241028_gfplib_rpr1_donorrec_plate1_Experiment_Group_C03.fcs,GFP panel,0.22586278204126597,77.4137217958734
AD_20241028_gfplib_rpr1_donorrec_plate1_Experiment_Group_D01.fcs,GFP panel,0.0011600000000000499,99.884
AD_20241028_gfplib_rpr1_donorrec_plate1_Experiment_Group_D02.fcs,GFP panel,0.0007599999999999829,99.924
AD_20241028_gfplib_rpr1_donorrec_plate1_Experiment_Group_D03.fcs,GFP panel,0.70624,29.376
AD_20241028_gfplib_rpr1_donorrec_plate1_Experiment_Group_E01.fcs,GFP panel,0.97924,2.076
AD_20241028_gfplib_rpr1_donorrec_plate1_Experiment_Group_E02.fcs,GFP panel,0.016090065713180723,98.39099342868192
AD_20241028_gfplib_rpr1_donorrec_plate1_Experiment_Group_E03.fcs,GFP panel,0.0012000000000000899,99.88
AD_20241028_gfplib_rpr1_donorrec_plate1_Experiment_Group_F01.fcs,GFP panel,0.97668,2.332
AD_20241028_gfplib_rpr1_donorrec_plate1_Experiment_Group_F02.fcs,GFP panel,0.02376807712908402,97.6231922870916
AD_20241028_gfplib_rpr1_donorrec_plate1_Experiment_Group_F03.fcs,GFP panel,0.005120000000000013,99.488
AD_20241028_gfplib_rpr1_donorrec_plate1_Experiment_Group_G01.fcs,GFP panel,0.01316000000000006,98.684
AD_20241028_gfplib_rpr1_donorrec_plate1_Experiment_Group_G02.fcs,GFP panel,0.0011199999999998989,99.888
AD_20241028_gfplib_rpr1_donorrec_plate1_Experiment_Group_G03.fcs,GFP panel,0.00019999999999997797,99.98
AD_20241028_gfplib_rpr1_donorrec_plate1_Experiment_Group_H01.fcs,GFP panel,0.009360000000000035,99.064
AD_20241028_gfplib_rpr1_donorrec_plate1_Experiment_Group_H02.fcs,GFP panel,0.001040000000000041,99.896
AD_20241028_gfplib_rpr1_donorrec_plate1_Experiment_Group_H03.fcs,GFP panel,0.000160000000000049,99.984
AD_20241028_gfplib_rpr1_donorrec_plate1_Experiment_Group_A05.fcs,GFP panel,0.75844,24.156
AD_20241028_gfplib_rpr1_donorrec_plate1_Experiment_Group_A06.fcs,GFP panel,0.34568,65.432
AD_20241028_gfplib_rpr1_donorrec_plate1_Experiment_Group_A07.fcs,GFP panel,0.0009600000000000719,99.904
AD_20241028_gfplib_rpr1_donorrec_plate1_Experiment_Group_A08.fcs,GFP panel,0.60476,39.524
AD_20241028_gfplib_rpr1_donorrec_plate1_Experiment_Group_B05.fcs,GFP panel,0.78948,21.052
AD_20241028_gfplib_rpr1_donorrec_plate1_Experiment_Group_B06.fcs,GFP panel,0.32208000000000003,67.792
AD_20241028_gfplib_rpr1_donorrec_plate1_Experiment_Group_B07.fcs,GFP panel,0.0016800000000000148,99.832
AD_20241028_gfplib_rpr1_donorrec_plate1_Experiment_Group_B08.fcs,GFP panel,0.79016,20.984
AD_20241028_gfplib_rpr1_donorrec_plate1_Experiment_Group_C05.fcs,GFP panel,0.0013200000000000989,99.868
AD_20241028_gfplib_rpr1_donorrec_plate1_Experiment_Group_C06.fcs,GFP panel,0.0019599999999999618,99.804
AD_20241028_gfplib_rpr1_donorrec_plate1_Experiment_Group_C07.fcs,GFP panel,0.49185171506394,50.814828493606
AD_20241028_gfplib_rpr1_donorrec_plate1_Experiment_Group_D05.fcs,GFP panel,0.0017199999999999438,99.828
AD_20241028_gfplib_rpr1_donorrec_plate1_Experiment_Group_D06.fcs,GFP panel,0.0021200000000000108,99.788
AD_20241028_gfplib_rpr1_donorrec_plate1_Experiment_Group_D07.fcs,GFP panel,0.7096,29.04
AD_20241028_gfplib_rpr1_donorrec_plate1_Experiment_Group_E05.fcs,GFP panel,0.88732,11.268
AD_20241028_gfplib_rpr1_donorrec_plate1_Experiment_Group_E06.fcs,GFP panel,0.36124,63.876
AD_20241028_gfplib_rpr1_donorrec_plate1_Experiment_Group_E07.fcs,GFP panel,0.022840000000000082,97.716
AD_20241028_gfplib_rpr1_donorrec_plate1_Experiment_Group_F05.fcs,GFP panel,0.88412,11.588
AD_20241028_gfplib_rpr1_donorrec_plate1_Experiment_Group_F07.fcs,GFP panel,0.02944000000000002,97.056
AD_20241028_gfplib_rpr1_donorrec_plate1_Experiment_Group_G05.fcs,GFP panel,0.13216000000000006,86.78399999999999
AD_20241028_gfplib_rpr1_donorrec_plate1_Experiment_Group_G06.fcs,GFP panel,0.037760000000000016,96.224
AD_20241028_gfplib_rpr1_donorrec_plate1_Experiment_Group_G07.fcs,GFP panel,0.0006800000000000139,99.932
AD_20241028_gfplib_rpr1_donorrec_plate1_Experiment_Group_H05.fcs,GFP panel,0.11180000000000012,88.82
AD_20241028_gfplib_rpr1_donorrec_plate1_Experiment_Group_H06.fcs,GFP panel,0.04296000000000011,95.704
AD_20241028_gfplib_rpr1_donorrec_plate1_Experiment_Group_H07.fcs,GFP panel,0.00043999999999999595,99.956
AD_20240403_snr52_gfplib_plate2(1)_Experiment_19h30_E01.fcs,GFP panel,0.008361650948799038,99.1638349051201
AD_20240403_snr52_gfplib_plate2(1)_Experiment_19h30_E02.fcs,GFP panel,0.005658790242410006,99.434120975759
AD_20240403_snr52_gfplib_plate2(1)_Experiment_19h30_E03.fcs,GFP panel,0.0030569776435487306,99.69430223564513
AD_20240403_snr52_gfplib_plate2(1)_Experiment_19h30_E04.fcs,GFP panel,0.0005502769727430135,99.9449723027257
AD_20240403_snr52_gfplib_plate2(1)_Experiment_19h30_E05.fcs,GFP panel,0.9954854101670031,0.451458983299691
AD_20240403_snr52_gfplib_plate2(1)_Experiment_19h30_E06.fcs,GFP panel,0.9969815876848778,0.301841231512223
AD_20240403_snr52_gfplib_plate2(1)_Experiment_19h30_E07.fcs,GFP panel,0.03777760818133302,96.2222391818667
AD_20240403_snr52_gfplib_plate2(1)_Experiment_19h30_E08.fcs,GFP panel,0.007431526527485022,99.2568473472515
AD_20240403_snr52_gfplib_plate2(1)_Experiment_19h30_F01.fcs,GFP panel,0.768440674097463,23.1559325902537
AD_20240403_snr52_gfplib_plate2(1)_Experiment_19h30_F02.fcs,GFP panel,0.723482218622232,27.6517781377768
AD_20240403_snr52_gfplib_plate2(1)_Experiment_19h30_F03.fcs,GFP panel,0.0020107483639820734,99.7989251636018
AD_20240403_snr52_gfplib_plate2(1)_Experiment_19h30_F04.fcs,GFP panel,0.003479806019324072,99.6520193980676
AD_20240403_snr52_gfplib_plate2(1)_Experiment_19h30_F05.fcs,GFP panel,0.006221081690579,99.3778918309421
AD_20240403_snr52_gfplib_plate2(1)_Experiment_19h30_F06.fcs,GFP panel,0.009135082604470046,99.086491739553
AD_20240403_snr52_gfplib_plate2(1)_Experiment_19h30_F07.fcs,GFP panel,0.0014138482717569456,99.8586151728243
AD_20240403_snr52_gfplib_plate2(1)_Experiment_19h30_F08.fcs,GFP panel,0.00044960659422998983,99.955039340577
AD_20240403_snr52_gfplib_plate2(1)_Experiment_19h30_G01.fcs,GFP panel,0.00022213994816699945,99.9777860051833
AD_20240403_snr52_gfplib_plate2(1)_Experiment_19h30_G02.fcs,GFP panel,7.218392463992362e-05,99.992781607536
AD_20240403_snr52_gfplib_plate2(1)_Experiment_19h30_G03.fcs,GFP panel,3.6613942589025505e-05,99.9963386057411
AD_20240403_snr52_gfplib_plate2(1)_Experiment_19h30_G05.fcs,GFP panel,0.0009018433678440463,99.9098156632156
AD_20240403_snr52_gfplib_plate2(1)_Experiment_19h30_G06.fcs,GFP panel,0.0031849492630179332,99.6815050736982
AD_20240403_snr52_gfplib_plate2(1)_Experiment_19h30_G07.fcs,GFP panel,7.392622163127083e-05,99.99260737783688
AD_20240403_snr52_gfplib_plate2(1)_Experiment_19h30_H01.fcs,GFP panel,0.9970416362308254,0.2958363769174579
AD_20240403_snr52_gfplib_plate2(1)_Experiment_19h30_H02.fcs,GFP panel,0.9720726038515458,2.79273961484542
AD_20240403_snr52_gfplib_plate2(2)_Experiment_Group(1)_A01.fcs,GFP panel,0.002522629470248061,99.7477370529752
AD_20240403_snr52_gfplib_plate2(2)_Experiment_Group(1)_A02.fcs,GFP panel,0.0011768370772899939,99.882316292271
AD_20240403_snr52_gfplib_plate2(2)_Experiment_Group(1)_A03.fcs,GFP panel,0.0025268702398747456,99.74731297601252
AD_20240403_snr52_gfplib_plate2(2)_Experiment_Group(1)_A04.fcs,GFP panel,0.00014543339150674406,99.98545666084932
AD_20240403_snr52_gfplib_plate2(2)_Experiment_Group(1)_A05.fcs,GFP panel,0.9872117326153955,1.27882673846045
AD_20240403_snr52_gfplib_plate2(2)_Experiment_Group(1)_A06.fcs,GFP panel,0.990561420680976,0.943857931902403
AD_20240403_snr52_gfplib_plate2(2)_Experiment_Group(1)_A07.fcs,GFP panel,0.10770818995182396,89.2291810048176
AD_20240403_snr52_gfplib_plate2(2)_Experiment_Group(1)_A08.fcs,GFP panel,0.008371824480369994,99.162817551963
AD_20240403_snr52_gfplib_plate2(2)_Experiment_Group(1)_B01.fcs,GFP panel,0.790704971759292,20.9295028240708
AD_20240403_snr52_gfplib_plate2(2)_Experiment_Group(1)_B02.fcs,GFP panel,0.9588687074582317,4.11312925417683
AD_20240403_snr52_gfplib_plate2(2)_Experiment_Group(1)_B03.fcs,GFP panel,0.0026386105544419225,99.7361389445558
AD_20240403_snr52_gfplib_plate2(2)_Experiment_Group(1)_B04.fcs,GFP panel,0.0053096075195520065,99.4690392480448
AD_20240403_snr52_gfplib_plate2(2)_Experiment_Group(1)_B05.fcs,GFP panel,0.001969724603319012,99.8030275396681
AD_20240403_snr52_gfplib_plate2(2)_Experiment_Group(1)_B06.fcs,GFP panel,0.00959783957375393,99.0402160426246
AD_20240403_snr52_gfplib_plate2(2)_Experiment_Group(1)_B07.fcs,GFP panel,0.00045494313210792114,99.9545056867892
AD_20240403_snr52_gfplib_plate2(2)_Experiment_Group(1)_B08.fcs,GFP panel,0.0002800728189332746,99.97199271810668
AD_20240403_snr52_gfplib_plate2(2)_Experiment_Group(1)_C01.fcs,GFP panel,0.00013807386951991685,99.986192613048
AD_20240403_snr52_gfplib_plate2(2)_Experiment_Group(1)_C02.fcs,GFP panel,3.114585604391262e-05,99.9968854143956
AD_20240403_snr52_gfplib_plate2(2)_Experiment_Group(1)_C03.fcs,GFP panel,6.493506493499002e-05,99.9935064935065
AD_20240403_snr52_gfplib_plate2(2)_Experiment_Group(1)_C05.fcs,GFP panel,0.00031246745130697473,99.9687532548693
AD_20240403_snr52_gfplib_plate2(2)_Experiment_Group(1)_C06.fcs,GFP panel,0.003259956309863976,99.6740043690136
AD_20240403_snr52_gfplib_plate2(2)_Experiment_Group(1)_C07.fcs,GFP panel,0.00010341618118503426,99.9896583818815
AD_20240403_snr52_gfplib_plate2(2)_Experiment_Group(1)_D01.fcs,GFP panel,0.9902993928396957,0.97006071603043
AD_20240403_snr52_gfplib_plate2(2)_Experiment_Group(1)_D02.fcs,GFP panel,0.9646481964065285,3.5351803593471502
AD_20240403_snr52_gfplib_plate2(1)_Experiment_Group_A01.fcs,GFP panel,0.04176000000000002,95.824
AD_20240403_snr52_gfplib_plate2(1)_Experiment_Group_A02.fcs,GFP panel,0.04183999999999999,95.816
AD_20240403_snr52_gfplib_plate2(1)_Experiment_Group_A03.fcs,GFP panel,0.0044399999999999995,99.556
AD_20240403_snr52_gfplib_plate2(1)_Experiment_Group_A04.fcs,GFP panel,0.0009200000000000319,99.908
AD_20240403_snr52_gfplib_plate2(1)_Experiment_Group_A05.fcs,GFP panel,0.98808,1.192
AD_20240403_snr52_gfplib_plate2(1)_Experiment_Group_A06.fcs,GFP panel,0.9876,1.24
AD_20240403_snr52_gfplib_plate2(1)_Experiment_Group_A07.fcs,GFP panel,0.026479999999999948,97.352
AD_20240403_snr52_gfplib_plate2(1)_Experiment_Group_A08.fcs,GFP panel,0.006359999999999921,99.364
AD_20240403_snr52_gfplib_plate2(1)_Experiment_Group_B01.fcs,GFP panel,0.75268,24.732000000000003
AD_20240403_snr52_gfplib_plate2(1)_Experiment_Group_B02.fcs,GFP panel,0.52476,47.524
AD_20240403_snr52_gfplib_plate2(1)_Experiment_Group_B03.fcs,GFP panel,0.0034800000000000386,99.652
AD_20240403_snr52_gfplib_plate2(1)_Experiment_Group_B04.fcs,GFP panel,0.006639999999999979,99.336
AD_20240403_snr52_gfplib_plate2(1)_Experiment_Group_B05.fcs,GFP panel,0.05952000000000002,94.048
AD_20240403_snr52_gfplib_plate2(1)_Experiment_Group_B06.fcs,GFP panel,0.04932000000000003,95.068
AD_20240403_snr52_gfplib_plate2(1)_Experiment_Group_B07.fcs,GFP panel,0.0035599999999998966,99.644
AD_20240403_snr52_gfplib_plate2(1)_Experiment_Group_B08.fcs,GFP panel,0.0032400000000000206,99.676
AD_20240403_snr52_gfplib_plate2(1)_Experiment_Group_C01.fcs,GFP panel,0.0007200000000000539,99.928
AD_20240403_snr52_gfplib_plate2(1)_Experiment_Group_C02.fcs,GFP panel,0.000280000000000058,99.972
AD_20240403_snr52_gfplib_plate2(1)_Experiment_Group_C03.fcs,GFP panel,0.00012000000000000899,99.988
AD_20240403_snr52_gfplib_plate2(1)_Experiment_Group_C04.fcs,GFP panel,0.15044858523119398,84.9551414768806
AD_20240403_snr52_gfplib_plate2(1)_Experiment_Group_C05.fcs,GFP panel,0.0015199999999999658,99.848
AD_20240403_snr52_gfplib_plate2(1)_Experiment_Group_C06.fcs,GFP panel,0.0042400000000000215,99.576
AD_20240403_snr52_gfplib_plate2(1)_Experiment_Group_C07.fcs,GFP panel,0.00012000000000000899,99.988
AD_20240403_snr52_gfplib_plate2(1)_Experiment_Group_C08.fcs,GFP panel,0.0006000000000000449,99.94
AD_20240403_snr52_gfplib_plate2(1)_Experiment_Group_D01.fcs,GFP panel,0.9898,1.02
AD_20240403_snr52_gfplib_plate2(1)_Experiment_Group_D02.fcs,GFP panel,0.96608,3.392
AD_20240403_snr52_gfplib_Experiment_Group_A01.fcs,GFP panel,0.82648,17.352
AD_20240403_snr52_gfplib_Experiment_Group_A02.fcs,GFP panel,0.80912,19.088
AD_20240403_snr52_gfplib_Experiment_Group_A03.fcs,GFP panel,0.03379999999999994,96.62
AD_20240403_snr52_gfplib_Experiment_Group_A04.fcs,GFP panel,0.022639999999999993,97.736
AD_20240403_snr52_gfplib_Experiment_Group_A05.fcs,GFP panel,0.94352,5.648000000000001
AD_20240403_snr52_gfplib_Experiment_Group_A06.fcs,GFP panel,0.93168,6.832000000000001
AD_20240403_snr52_gfplib_Experiment_Group_A07.fcs,GFP panel,0.019360000000000044,98.064
AD_20240403_snr52_gfplib_Experiment_Group_A08.fcs,GFP panel,0.016039999999999943,98.396
AD_20240403_snr52_gfplib_Experiment_Group_B01.fcs,GFP panel,0.5369200000000001,46.308
AD_20240403_snr52_gfplib_Experiment_Group_B02.fcs,GFP panel,0.40596,59.404
AD_20240403_snr52_gfplib_Experiment_Group_B03.fcs,GFP panel,0.05047999999999997,94.952
AD_20240403_snr52_gfplib_Experiment_Group_B04.fcs,GFP panel,0.05067999999999995,94.932
AD_20240403_snr52_gfplib_Experiment_Group_B05.fcs,GFP panel,0.79024,20.976
AD_20240403_snr52_gfplib_Experiment_Group_B06.fcs,GFP panel,0.76772,23.228
AD_20240403_snr52_gfplib_Experiment_Group_B07.fcs,GFP panel,0.20172,79.828
AD_20240403_snr52_gfplib_Experiment_Group_B08.fcs,GFP panel,0.19188000000000005,80.812
AD_20240403_snr52_gfplib_Experiment_Group_C01.fcs,GFP panel,0.001080000000000081,99.892
AD_20240403_snr52_gfplib_Experiment_Group_C02.fcs,GFP panel,0.0006000000000000449,99.94
AD_20240403_snr52_gfplib_Experiment_Group_C03.fcs,GFP panel,0.05123999999999995,94.876
AD_20240403_snr52_gfplib_Experiment_Group_C05.fcs,GFP panel,0.03748000000000007,96.252
AD_20240403_snr52_gfplib_Experiment_Group_C06.fcs,GFP panel,0.03620000000000001,96.38
AD_20240403_snr52_gfplib_Experiment_Group_C07.fcs,GFP panel,0.000160000000000049,99.984
AD_20240403_snr52_gfplib_Experiment_Group_C08.fcs,GFP panel,0.19044000000000016,80.95599999999999
AD_20240403_snr52_gfplib_Experiment_Group_D01.fcs,GFP panel,0.95744,4.256
AD_20240403_snr52_gfplib_Experiment_Group_D02.fcs,GFP panel,0.84628,15.372
AD_20241205_gfplib_enascas12a_lexA_T1_scraped_Experiment_Group_A09.fcs,GFP panel,0.030120000000000036,96.988
AD_20241205_gfplib_enascas12a_lexA_T1_scraped_Experiment_Group_A10.fcs,GFP panel,0.94396,5.603999999999997
AD_20241205_gfplib_enascas12a_lexA_T1_scraped_Experiment_Group_A11.fcs,GFP panel,0.013439999999999896,98.656
AD_20241205_gfplib_enascas12a_lexA_T1_scraped_Experiment_Group_A12.fcs,GFP panel,0.98352,1.648000000000005
AD_20241205_gfplib_enascas12a_lexA_T1_scraped_Experiment_Group_B09.fcs,GFP panel,0.03471999999999997,96.528
AD_20241205_gfplib_enascas12a_lexA_T1_scraped_Experiment_Group_B10.fcs,GFP panel,0.96196,3.803999999999996
AD_20241205_gfplib_enascas12a_lexA_T1_scraped_Experiment_Group_B11.fcs,GFP panel,0.01876,98.124
AD_20241205_gfplib_enascas12a_lexA_T1_scraped_Experiment_Group_B12.fcs,GFP panel,0.98064,1.9360000000000044
AD_20241205_gfplib_enascas12a_lexA_T1_scraped_Experiment_Group_C09.fcs,GFP panel,0.04275999999999991,95.724
AD_20241205_gfplib_enascas12a_lexA_T1_scraped_Experiment_Group_C10.fcs,GFP panel,0.04947999999999997,95.052
AD_20241205_gfplib_enascas12a_lexA_T1_scraped_Experiment_Group_C11.fcs,GFP panel,0.95252,4.747999999999997
AD_20241205_gfplib_enascas12a_lexA_T1_scraped_Experiment_Group_D09.fcs,GFP panel,0.04083999999999999,95.916
AD_20241205_gfplib_enascas12a_lexA_T1_scraped_Experiment_Group_D10.fcs,GFP panel,0.050759999999999916,94.924
AD_20241205_gfplib_enascas12a_lexA_T1_scraped_Experiment_Group_D11.fcs,GFP panel,0.94512,5.488000000000004
AD_20241205_gfplib_enascas12a_lexA_T1_scraped_Experiment_Group_E09.fcs,GFP panel,0.99496,0.5040000000000044
AD_20241205_gfplib_enascas12a_lexA_T1_scraped_Experiment_Group_E10.fcs,GFP panel,0.04571999999999998,95.428
AD_20241205_gfplib_enascas12a_lexA_T1_scraped_Experiment_Group_E11.fcs,GFP panel,0.05587999999999993,94.412
AD_20241205_gfplib_enascas12a_lexA_T1_scraped_Experiment_Group_F09.fcs,GFP panel,0.99408,0.5920000000000036
AD_20241205_gfplib_enascas12a_lexA_T1_scraped_Experiment_Group_F10.fcs,GFP panel,0.04591999999999996,95.408
AD_20241205_gfplib_enascas12a_lexA_T1_scraped_Experiment_Group_F11.fcs,GFP panel,0.05024000000000006,94.976
AD_20241205_gfplib_enascas12a_lexA_T1_scraped_Experiment_Group_G09.fcs,GFP panel,0.26283999999999996,73.71600000000001
AD_20241205_gfplib_enascas12a_lexA_T1_scraped_Experiment_Group_G10.fcs,GFP panel,0.022360000000000047,97.764
AD_20241205_gfplib_enascas12a_lexA_T1_scraped_Experiment_Group_G11.fcs,GFP panel,0.010800000000000032,98.92
AD_20241205_gfplib_enascas12a_lexA_T1_scraped_Experiment_Group_H09.fcs,GFP panel,0.2902,70.98
AD_20241205_gfplib_enascas12a_lexA_T1_scraped_Experiment_Group_H10.fcs,GFP panel,0.019120000000000026,98.088
AD_20241205_gfplib_enascas12a_lexA_T1_scraped_Experiment_Group_H11.fcs,GFP panel,0.012639999999999985,98.736
AD_20241205_gfplib_enascas12a_lexA_T3_Experiment_Group_A01.fcs,GFP panel,0.022240000000000038,97.776
AD_20241205_gfplib_enascas12a_lexA_T3_Experiment_Group_A02.fcs,GFP panel,0.98376,1.6240000000000032
AD_20241205_gfplib_enascas12a_lexA_T3_Experiment_Group_A03.fcs,GFP panel,0.014680000000000026,98.532
AD_20241205_gfplib_enascas12a_lexA_T3_Experiment_Group_A04.fcs,GFP panel,0.9906,0.9399999999999964
AD_20241205_gfplib_enascas12a_lexA_T3_Experiment_Group_B01.fcs,GFP panel,0.034680000000000044,96.532
AD_20241205_gfplib_enascas12a_lexA_T3_Experiment_Group_B02.fcs,GFP panel,0.98404,1.5959999999999974
AD_20241205_gfplib_enascas12a_lexA_T3_Experiment_Group_B03.fcs,GFP panel,0.023199999999999887,97.68
AD_20241205_gfplib_enascas12a_lexA_T3_Experiment_Group_B04.fcs,GFP panel,0.98684,1.315999999999995
AD_20241205_gfplib_enascas12a_lexA_T3_Experiment_Group_C01.fcs,GFP panel,0.049880000000000035,95.012
AD_20241205_gfplib_enascas12a_lexA_T3_Experiment_Group_C02.fcs,GFP panel,0.06720000000000004,93.28
AD_20241205_gfplib_enascas12a_lexA_T3_Experiment_Group_C03.fcs,GFP panel,0.96988,3.0120000000000036
AD_20241205_gfplib_enascas12a_lexA_T3_Experiment_Group_D01.fcs,GFP panel,0.04708000000000001,95.292
AD_20241205_gfplib_enascas12a_lexA_T3_Experiment_Group_D02.fcs,GFP panel,0.05256000000000005,94.744
AD_20241205_gfplib_enascas12a_lexA_T3_Experiment_Group_D03.fcs,GFP panel,0.95968,4.032000000000002
AD_20241205_gfplib_enascas12a_lexA_T3_Experiment_Group_E01.fcs,GFP panel,0.99504,0.4959999999999964
AD_20241205_gfplib_enascas12a_lexA_T3_Experiment_Group_E02.fcs,GFP panel,0.06043999999999994,93.956
AD_20241205_gfplib_enascas12a_lexA_T3_Experiment_Group_E03.fcs,GFP panel,0.07519999999999993,92.48
AD_20241205_gfplib_enascas12a_lexA_T3_Experiment_Group_F01.fcs,GFP panel,0.99304,0.6959999999999966
AD_20241205_gfplib_enascas12a_lexA_T3_Experiment_Group_F02.fcs,GFP panel,0.06147999999999998,93.852
AD_20241205_gfplib_enascas12a_lexA_T3_Experiment_Group_F03.fcs,GFP panel,0.06432000000000004,93.568
AD_20241205_gfplib_enascas12a_lexA_T3_Experiment_Group_G01.fcs,GFP panel,0.43299999999999994,56.7
AD_20241205_gfplib_enascas12a_lexA_T3_Experiment_Group_G02.fcs,GFP panel,0.027120000000000033,97.288
AD_20241205_gfplib_enascas12a_lexA_T3_Experiment_Group_G03.fcs,GFP panel,0.01087999999999989,98.912
AD_20241205_gfplib_enascas12a_lexA_T3_Experiment_Group_H01.fcs,GFP panel,0.46731999999999996,53.268
AD_20241205_gfplib_enascas12a_lexA_T3_Experiment_Group_H02.fcs,GFP panel,0.021279999999999966,97.872
AD_20241205_gfplib_enascas12a_lexA_T3_Experiment_Group_H03.fcs,GFP panel,0.01316000000000006,98.684
AD_20241205_gfplib_enascas12a_lexA_T1_scraped_Experiment_Group_A01.fcs,GFP panel,0.05447999999999997,94.552
AD_20241205_gfplib_enascas12a_lexA_T1_scraped_Experiment_Group_A02.fcs,GFP panel,0.92312,7.687999999999995
AD_20241205_gfplib_enascas12a_lexA_T1_scraped_Experiment_Group_A03.fcs,GFP panel,0.018080000000000096,98.192
AD_20241205_gfplib_enascas12a_lexA_T1_scraped_Experiment_Group_A04.fcs,GFP panel,0.9872,1.2800000000000034
AD_20241205_gfplib_enascas12a_lexA_T1_scraped_Experiment_Group_B01.fcs,GFP panel,0.06584000000000001,93.416
AD_20241205_gfplib_enascas12a_lexA_T1_scraped_Experiment_Group_B02.fcs,GFP panel,0.93816,6.184000000000001
AD_20241205_gfplib_enascas12a_lexA_T1_scraped_Experiment_Group_B03.fcs,GFP panel,0.018280000000000074,98.172
AD_20241205_gfplib_enascas12a_lexA_T1_scraped_Experiment_Group_B04.fcs,GFP panel,0.98204,1.7959999999999976
AD_20241205_gfplib_enascas12a_lexA_T1_scraped_Experiment_Group_C01.fcs,GFP panel,0.038880000000000026,96.112
AD_20241205_gfplib_enascas12a_lexA_T1_scraped_Experiment_Group_C02.fcs,GFP panel,0.05284000000000011,94.716
AD_20241205_gfplib_enascas12a_lexA_T1_scraped_Experiment_Group_C03.fcs,GFP panel,0.9508,4.920000000000002
AD_20241205_gfplib_enascas12a_lexA_T1_scraped_Experiment_Group_D01.fcs,GFP panel,0.03871999999999998,96.128
AD_20241205_gfplib_enascas12a_lexA_T1_scraped_Experiment_Group_D02.fcs,GFP panel,0.05620000000000003,94.38
AD_20241205_gfplib_enascas12a_lexA_T1_scraped_Experiment_Group_D03.fcs,GFP panel,0.93524,6.476000000000004
AD_20241205_gfplib_enascas12a_lexA_T1_scraped_Experiment_Group_E01.fcs,GFP panel,0.9738,2.62
AD_20241205_gfplib_enascas12a_lexA_T1_scraped_Experiment_Group_E02.fcs,GFP panel,0.060919999999999974,93.908
AD_20241205_gfplib_enascas12a_lexA_T1_scraped_Experiment_Group_E03.fcs,GFP panel,0.04823999999999995,95.176
AD_20241205_gfplib_enascas12a_lexA_T1_scraped_Experiment_Group_F01.fcs,GFP panel,0.98084,1.9159999999999957
AD_20241205_gfplib_enascas12a_lexA_T1_scraped_Experiment_Group_F02.fcs,GFP panel,0.055199999999999916,94.48
AD_20241205_gfplib_enascas12a_lexA_T1_scraped_Experiment_Group_F03.fcs,GFP panel,0.049800000000000066,95.02
AD_20241205_gfplib_enascas12a_lexA_T1_scraped_Experiment_Group_G01.fcs,GFP panel,0.15964,84.036
AD_20241205_gfplib_enascas12a_lexA_T1_scraped_Experiment_Group_G02.fcs,GFP panel,0.029039999999999955,97.096
AD_20241205_gfplib_enascas12a_lexA_T1_scraped_Experiment_Group_G03.fcs,GFP panel,0.009759999999999991,99.024
AD_20241205_gfplib_enascas12a_lexA_T1_scraped_Experiment_Group_H01.fcs,GFP panel,0.17820000000000003,82.17999999999999
AD_20241205_gfplib_enascas12a_lexA_T1_scraped_Experiment_Group_H02.fcs,GFP panel,0.02296000000000009,97.704
AD_20241205_gfplib_enascas12a_lexA_T1_scraped_Experiment_Group_H03.fcs,GFP panel,0.011800000000000033,98.82
AD_20241205_gfplib_enascas12a_lexA_T1_scraped_Experiment_Group_A05.fcs,GFP panel,0.5329999999999999,46.7
AD_20241205_gfplib_enascas12a_lexA_T1_scraped_Experiment_Group_A06.fcs,GFP panel,0.71388,28.612000000000005
AD_20241205_gfplib_enascas12a_lexA_T1_scraped_Experiment_Group_A07.fcs,GFP panel,0.019039999999999946,98.096
AD_20241205_gfplib_enascas12a_lexA_T1_scraped_Experiment_Group_A08.fcs,GFP panel,0.9694,3.059999999999996
AD_20241205_gfplib_enascas12a_lexA_T1_scraped_Experiment_Group_B05.fcs,GFP panel,0.55044,44.956
AD_20241205_gfplib_enascas12a_lexA_T1_scraped_Experiment_Group_B06.fcs,GFP panel,0.75244,24.756
AD_20241205_gfplib_enascas12a_lexA_T1_scraped_Experiment_Group_B07.fcs,GFP panel,0.01744000000000001,98.256
AD_20241205_gfplib_enascas12a_lexA_T1_scraped_Experiment_Group_B08.fcs,GFP panel,0.96908,3.0919999999999948
AD_20241205_gfplib_enascas12a_lexA_T1_scraped_Experiment_Group_C05.fcs,GFP panel,0.11263999999999996,88.736
AD_20241205_gfplib_enascas12a_lexA_T1_scraped_Experiment_Group_C06.fcs,GFP panel,0.16847999999999996,83.152
AD_20241205_gfplib_enascas12a_lexA_T1_scraped_Experiment_Group_C07.fcs,GFP panel,0.93616,6.384
AD_20241205_gfplib_enascas12a_lexA_T1_scraped_Experiment_Group_D05.fcs,GFP panel,0.11556,88.444
AD_20241205_gfplib_enascas12a_lexA_T1_scraped_Experiment_Group_D06.fcs,GFP panel,0.16447999999999996,83.552
AD_20241205_gfplib_enascas12a_lexA_T1_scraped_Experiment_Group_D07.fcs,GFP panel,0.93628,6.372
AD_20241205_gfplib_enascas12a_lexA_T1_scraped_Experiment_Group_E05.fcs,GFP panel,0.89648,10.351999999999997
AD_20241205_gfplib_enascas12a_lexA_T1_scraped_Experiment_Group_E06.fcs,GFP panel,0.4628,53.72
AD_20241205_gfplib_enascas12a_lexA_T1_scraped_Experiment_Group_E07.fcs,GFP panel,0.12036000000000002,87.964
AD_20241205_gfplib_enascas12a_lexA_T1_scraped_Experiment_Group_F05.fcs,GFP panel,0.888,11.2
AD_20241205_gfplib_enascas12a_lexA_T1_scraped_Experiment_Group_F06.fcs,GFP panel,0.49404000000000003,50.596
AD_20241205_gfplib_enascas12a_lexA_T1_scraped_Experiment_Group_F07.fcs,GFP panel,0.1211199999999999,87.888
AD_20241205_gfplib_enascas12a_lexA_T1_scraped_Experiment_Group_G05.fcs,GFP panel,0.07495999999999992,92.504
AD_20241205_gfplib_enascas12a_lexA_T1_scraped_Experiment_Group_G06.fcs,GFP panel,0.11848000000000003,88.152
AD_20241205_gfplib_enascas12a_lexA_T1_scraped_Experiment_Group_G07.fcs,GFP panel,0.010720000000000063,98.928
AD_20241205_gfplib_enascas12a_lexA_T1_scraped_Experiment_Group_H05.fcs,GFP panel,0.06732000000000005,93.268
AD_20241205_gfplib_enascas12a_lexA_T1_scraped_Experiment_Group_H06.fcs,GFP panel,0.08396000000000003,91.604
AD_20241205_gfplib_enascas12a_lexA_T1_scraped_Experiment_Group_H07.fcs,GFP panel,0.015639999999999876,98.436
AD_20241203_fnsnrrpr_casvariants_timepoint2_glu_Experiment_Group_A05.fcs,GFP panel,0.79892,20.108
AD_20241203_fnsnrrpr_casvariants_timepoint2_glu_Experiment_Group_A06.fcs,GFP panel,0.10548000000000002,89.452
AD_20241203_fnsnrrpr_casvariants_timepoint2_glu_Experiment_Group_A07.fcs,GFP panel,0.00544,99.456
AD_20241203_fnsnrrpr_casvariants_timepoint2_glu_Experiment_Group_A08.fcs,GFP panel,0.010360000000000036,98.964
AD_20241203_fnsnrrpr_casvariants_timepoint2_glu_Experiment_Group_B05.fcs,GFP panel,0.84676,15.323999999999998
AD_20241203_fnsnrrpr_casvariants_timepoint2_glu_Experiment_Group_B06.fcs,GFP panel,0.07563999999999993,92.436
AD_20241203_fnsnrrpr_casvariants_timepoint2_glu_Experiment_Group_B07.fcs,GFP panel,0.005240000000000022,99.476
AD_20241203_fnsnrrpr_casvariants_timepoint2_glu_Experiment_Group_B08.fcs,GFP panel,0.012600000000000056,98.74
AD_20241203_fnsnrrpr_casvariants_timepoint2_glu_Experiment_Group_C05.fcs,GFP panel,0.54784,45.216
AD_20241203_fnsnrrpr_casvariants_timepoint2_glu_Experiment_Group_C06.fcs,GFP panel,0.75576,24.424
AD_20241203_fnsnrrpr_casvariants_timepoint2_glu_Experiment_Group_C07.fcs,GFP panel,0.03611999999999993,96.388
AD_20241203_fnsnrrpr_casvariants_timepoint2_glu_Experiment_Group_D05.fcs,GFP panel,0.54352,45.648
AD_20241203_fnsnrrpr_casvariants_timepoint2_glu_Experiment_Group_D06.fcs,GFP panel,0.78964,21.036
AD_20241203_fnsnrrpr_casvariants_timepoint2_glu_Experiment_Group_D07.fcs,GFP panel,0.05156000000000005,94.844
AD_20241203_fnsnrrpr_casvariants_timepoint2_glu_Experiment_Group_E05.fcs,GFP panel,0.99296,0.704000000000005
AD_20241203_fnsnrrpr_casvariants_timepoint2_glu_Experiment_Group_E06.fcs,GFP panel,0.13751999999999998,86.248
AD_20241203_fnsnrrpr_casvariants_timepoint2_glu_Experiment_Group_E07.fcs,GFP panel,0.0019199999999999218,99.808
AD_20241203_fnsnrrpr_casvariants_timepoint2_glu_Experiment_Group_F05.fcs,GFP panel,0.99276,0.724000000000002
AD_20241203_fnsnrrpr_casvariants_timepoint2_glu_Experiment_Group_F06.fcs,GFP panel,0.19440000000000002,80.56
AD_20241203_fnsnrrpr_casvariants_timepoint2_glu_Experiment_Group_F07.fcs,GFP panel,0.007279999999999953,99.272
AD_20241203_fnsnrrpr_casvariants_timepoint2_glu_Experiment_Group_G05.fcs,GFP panel,0.055479999999999974,94.452
AD_20241203_fnsnrrpr_casvariants_timepoint2_glu_Experiment_Group_G06.fcs,GFP panel,0.94724,5.276
AD_20241203_fnsnrrpr_casvariants_timepoint2_glu_Experiment_Group_G07.fcs,GFP panel,0.0042799999999999505,99.572
AD_20241203_fnsnrrpr_casvariants_timepoint2_glu_Experiment_Group_H05.fcs,GFP panel,0.0494,95.06
AD_20241203_fnsnrrpr_casvariants_timepoint2_glu_Experiment_Group_H06.fcs,GFP panel,0.95988,4.0120000000000005
AD_20241203_fnsnrrpr_casvariants_timepoint2_glu_Experiment_Group_H07.fcs,GFP panel,0.006800000000000028,99.32
AD_20241203_fnsnrrpr_casvariants_timepoint3_glu_Experiment_Group_A05.fcs,GFP panel,0.70612,29.388
AD_20241203_fnsnrrpr_casvariants_timepoint3_glu_Experiment_Group_A06.fcs,GFP panel,0.02739999999999998,97.26
AD_20241203_fnsnrrpr_casvariants_timepoint3_glu_Experiment_Group_A07.fcs,GFP panel,0.0042400000000000215,99.576
AD_20241203_fnsnrrpr_casvariants_timepoint3_glu_Experiment_Group_A08.fcs,GFP panel,0.0041999999999999815,99.58
AD_20241203_fnsnrrpr_casvariants_timepoint3_glu_Experiment_Group_B05.fcs,GFP panel,0.7672,23.28
AD_20241203_fnsnrrpr_casvariants_timepoint3_glu_Experiment_Group_B06.fcs,GFP panel,0.028880000000000017,97.112
AD_20241203_fnsnrrpr_casvariants_timepoint3_glu_Experiment_Group_B07.fcs,GFP panel,0.0040799999999999725,99.592
AD_20241203_fnsnrrpr_casvariants_timepoint3_glu_Experiment_Group_B08.fcs,GFP panel,0.009279999999999955,99.072
AD_20241203_fnsnrrpr_casvariants_timepoint3_glu_Experiment_Group_C05.fcs,GFP panel,0.35940000000000016,64.05999999999999
AD_20241203_fnsnrrpr_casvariants_timepoint3_glu_Experiment_Group_C06.fcs,GFP panel,0.6573599999999999,34.264
AD_20241203_fnsnrrpr_casvariants_timepoint3_glu_Experiment_Group_C07.fcs,GFP panel,0.030919999999999948,96.908
AD_20241203_fnsnrrpr_casvariants_timepoint3_glu_Experiment_Group_D05.fcs,GFP panel,0.40547999999999995,59.452000000000005
AD_20241203_fnsnrrpr_casvariants_timepoint3_glu_Experiment_Group_D06.fcs,GFP panel,0.68796,31.203999999999997
AD_20241203_fnsnrrpr_casvariants_timepoint3_glu_Experiment_Group_D07.fcs,GFP panel,0.047639999999999905,95.236
AD_20241203_fnsnrrpr_casvariants_timepoint3_glu_Experiment_Group_E05.fcs,GFP panel,0.9902,0.9800000000000028
AD_20241203_fnsnrrpr_casvariants_timepoint3_glu_Experiment_Group_E06.fcs,GFP panel,0.07608000000000004,92.392
AD_20241203_fnsnrrpr_casvariants_timepoint3_glu_Experiment_Group_E07.fcs,GFP panel,0.001040000000000041,99.896
AD_20241203_fnsnrrpr_casvariants_timepoint3_glu_Experiment_Group_F05.fcs,GFP panel,0.99084,0.9159999999999948
AD_20241203_fnsnrrpr_casvariants_timepoint3_glu_Experiment_Group_F06.fcs,GFP panel,0.13571999999999984,86.42800000000001
AD_20241203_fnsnrrpr_casvariants_timepoint3_glu_Experiment_Group_F07.fcs,GFP panel,0.0046800000000000175,99.532
AD_20241203_fnsnrrpr_casvariants_timepoint3_glu_Experiment_Group_G05.fcs,GFP panel,0.01760000000000006,98.24
AD_20241203_fnsnrrpr_casvariants_timepoint3_glu_Experiment_Group_G06.fcs,GFP panel,0.92404,7.596
AD_20241203_fnsnrrpr_casvariants_timepoint3_glu_Experiment_Group_G07.fcs,GFP panel,0.0020799999999999708,99.792
AD_20241203_fnsnrrpr_casvariants_timepoint3_glu_Experiment_Group_H05.fcs,GFP panel,0.016599999999999948,98.34
AD_20241203_fnsnrrpr_casvariants_timepoint3_glu_Experiment_Group_H06.fcs,GFP panel,0.9342,6.58
AD_20241203_fnsnrrpr_casvariants_timepoint3_glu_Experiment_Group_H07.fcs,GFP panel,0.0020000000000000018,99.8
AD_20241203_fnsnrrpr_casvariants_timepoint1_Experiment_Group_A05.fcs,GFP panel,0.77756,22.244
AD_20241203_fnsnrrpr_casvariants_timepoint1_Experiment_Group_A06.fcs,GFP panel,0.206951277574988,79.3048722425012
AD_20241203_fnsnrrpr_casvariants_timepoint1_Experiment_Group_A07.fcs,GFP panel,0.0045600000000000085,99.544
AD_20241203_fnsnrrpr_casvariants_timepoint1_Experiment_Group_A08.fcs,GFP panel,0.06684963732601401,93.3150362673986
AD_20241203_fnsnrrpr_casvariants_timepoint1_Experiment_Group_B05.fcs,GFP panel,0.82724,17.276
AD_20241203_fnsnrrpr_casvariants_timepoint1_Experiment_Group_B06.fcs,GFP panel,0.21253196930946305,78.7468030690537
AD_20241203_fnsnrrpr_casvariants_timepoint1_Experiment_Group_B07.fcs,GFP panel,0.0037199999999999456,99.628
AD_20241203_fnsnrrpr_casvariants_timepoint1_Experiment_Group_B08.fcs,GFP panel,0.056034482758620774,94.39655172413792
AD_20241203_fnsnrrpr_casvariants_timepoint1_Experiment_Group_C05.fcs,GFP panel,0.486448433650123,51.3551566349877
AD_20241203_fnsnrrpr_casvariants_timepoint1_Experiment_Group_C06.fcs,GFP panel,0.758402614936403,24.159738506359695
AD_20241203_fnsnrrpr_casvariants_timepoint1_Experiment_Group_C07.fcs,GFP panel,0.025102998946057276,97.48970010539428
AD_20241203_fnsnrrpr_casvariants_timepoint1_Experiment_Group_D05.fcs,GFP panel,0.543327438443749,45.667256155625104
AD_20241203_fnsnrrpr_casvariants_timepoint1_Experiment_Group_D06.fcs,GFP panel,0.786820327968726,21.3179672031274
AD_20241203_fnsnrrpr_casvariants_timepoint1_Experiment_Group_D07.fcs,GFP panel,0.03119155757413794,96.8808442425862
AD_20241203_fnsnrrpr_casvariants_timepoint1_Experiment_Group_E05.fcs,GFP panel,0.98452,1.548
AD_20241203_fnsnrrpr_casvariants_timepoint1_Experiment_Group_E06.fcs,GFP panel,0.19420000000000004,80.58
AD_20241203_fnsnrrpr_casvariants_timepoint1_Experiment_Group_E07.fcs,GFP panel,0.005319999999999991,99.468
AD_20241203_fnsnrrpr_casvariants_timepoint1_Experiment_Group_F05.fcs,GFP panel,0.98936,1.064
AD_20241203_fnsnrrpr_casvariants_timepoint1_Experiment_Group_F06.fcs,GFP panel,0.2642,73.58
AD_20241203_fnsnrrpr_casvariants_timepoint1_Experiment_Group_F07.fcs,GFP panel,0.008599999999999941,99.14
AD_20241203_fnsnrrpr_casvariants_timepoint1_Experiment_Group_G05.fcs,GFP panel,0.11839999999999984,88.16000000000001
AD_20241203_fnsnrrpr_casvariants_timepoint1_Experiment_Group_G06.fcs,GFP panel,0.94676,5.324
AD_20241203_fnsnrrpr_casvariants_timepoint1_Experiment_Group_G07.fcs,GFP panel,0.02855999999999992,97.144
AD_20241203_fnsnrrpr_casvariants_timepoint1_Experiment_Group_H05.fcs,GFP panel,0.12219999999999998,87.78
AD_20241203_fnsnrrpr_casvariants_timepoint1_Experiment_Group_H06.fcs,GFP panel,0.95492,4.508
AD_20241203_fnsnrrpr_casvariants_timepoint1_Experiment_Group_H07.fcs,GFP panel,0.03159999999999996,96.84
AD_20241203_fnsnrrpr_casvariants_scraped_Experiment_Group_A05.fcs,GFP panel,0.92852,7.148000000000001
AD_20241203_fnsnrrpr_casvariants_scraped_Experiment_Group_A06.fcs,GFP panel,0.96756,3.244
AD_20241203_fnsnrrpr_casvariants_scraped_Experiment_Group_A07.fcs,GFP panel,0.825,17.5
AD_20241203_fnsnrrpr_casvariants_scraped_Experiment_Group_B05.fcs,GFP panel,0.93464,6.5360000000000005
AD_20241203_fnsnrrpr_casvariants_scraped_Experiment_Group_B06.fcs,GFP panel,0.96624,3.376
AD_20241203_fnsnrrpr_casvariants_scraped_Experiment_Group_B07.fcs,GFP panel,0.82084,17.916
AD_20241203_fnsnrrpr_casvariants_scraped_Experiment_Group_C04.fcs,GFP panel,0.730045470444211,26.9954529555789
AD_20241203_fnsnrrpr_casvariants_scraped_Experiment_Group_C05.fcs,GFP panel,0.708837724503521,29.1162275496479
AD_20241203_fnsnrrpr_casvariants_scraped_Experiment_Group_C06.fcs,GFP panel,0.0712914852782851,92.8708514721715
AD_20241203_fnsnrrpr_casvariants_scraped_Experiment_Group_C07.fcs,GFP panel,0.732909164748883,26.709083525111694
AD_20241203_fnsnrrpr_casvariants_scraped_Experiment_Group_D04.fcs,GFP panel,0.716035382172828,28.396461782717196
AD_20241203_fnsnrrpr_casvariants_scraped_Experiment_Group_D05.fcs,GFP panel,0.8287841191067,17.12158808933
AD_20241203_fnsnrrpr_casvariants_scraped_Experiment_Group_D06.fcs,GFP panel,0.08673667833527798,91.3263321664722
AD_20241203_fnsnrrpr_casvariants_scraped_Experiment_Group_D07.fcs,GFP panel,0.723215130023641,27.678486997635897
AD_20241203_fnsnrrpr_casvariants_scraped_Experiment_Group_E04.fcs,GFP panel,0.856692913385827,14.3307086614173
AD_20241203_fnsnrrpr_casvariants_scraped_Experiment_Group_E05.fcs,GFP panel,0.871690886560775,12.8309113439225
AD_20241203_fnsnrrpr_casvariants_scraped_Experiment_Group_E06.fcs,GFP panel,0.009600341345470054,99.039965865453
AD_20241203_fnsnrrpr_casvariants_scraped_Experiment_Group_F04.fcs,GFP panel,0.7872817555662339,21.2718244433766
AD_20241203_fnsnrrpr_casvariants_scraped_Experiment_Group_F05.fcs,GFP panel,0.829464285714286,17.053571428571402
AD_20241203_fnsnrrpr_casvariants_scraped_Experiment_Group_F06.fcs,GFP panel,0.01367308887507801,98.6326911124922
AD_20241203_fnsnrrpr_casvariants_scraped_Experiment_Group_G04.fcs,GFP panel,0.762585892581686,23.7414107418314
AD_20241203_fnsnrrpr_casvariants_scraped_Experiment_Group_G05.fcs,GFP panel,0.817767106842737,18.223289315726294
AD_20241203_fnsnrrpr_casvariants_scraped_Experiment_Group_G06.fcs,GFP panel,0.310085649362,68.9914350638
AD_20241203_fnsnrrpr_casvariants_scraped_Experiment_Group_H04.fcs,GFP panel,0.732898570833912,26.7101429166088
AD_20241203_fnsnrrpr_casvariants_scraped_Experiment_Group_H05.fcs,GFP panel,0.7136096188283451,28.639038117165494
AD_20241203_fnsnrrpr_casvariants_scraped_Experiment_Group_H06.fcs,GFP panel,0.276105837204605,72.3894162795395
AD_20241205_gfplib_fncas12a_lexA_snrrpr_timepoint3_Experiment_Group_A05.fcs,GFP panel,0.81728,18.272
AD_20241205_gfplib_fncas12a_lexA_snrrpr_timepoint3_Experiment_Group_A06.fcs,GFP panel,0.05326027397260302,94.6739726027397
AD_20241205_gfplib_fncas12a_lexA_snrrpr_timepoint3_Experiment_Group_A07.fcs,GFP panel,0.06766349494034107,93.2336505059659
AD_20241205_gfplib_fncas12a_lexA_snrrpr_timepoint3_Experiment_Group_A08.fcs,GFP panel,0.05268000000000006,94.732
AD_20241205_gfplib_fncas12a_lexA_snrrpr_timepoint3_Experiment_Group_B05.fcs,GFP panel,0.8094,19.06
AD_20241205_gfplib_fncas12a_lexA_snrrpr_timepoint3_Experiment_Group_B06.fcs,GFP panel,0.00647999999999993,99.352
AD_20241205_gfplib_fncas12a_lexA_snrrpr_timepoint3_Experiment_Group_B07.fcs,GFP panel,0.024900962082626044,97.5099037917374
AD_20241205_gfplib_fncas12a_lexA_snrrpr_timepoint3_Experiment_Group_B08.fcs,GFP panel,0.075367449844437,92.4632550155563
AD_20241205_gfplib_fncas12a_lexA_snrrpr_timepoint3_Experiment_Group_C05.fcs,GFP panel,0.2783200000000001,72.16799999999999
AD_20241205_gfplib_fncas12a_lexA_snrrpr_timepoint3_Experiment_Group_C06.fcs,GFP panel,0.38652,61.348
AD_20241205_gfplib_fncas12a_lexA_snrrpr_timepoint3_Experiment_Group_C07.fcs,GFP panel,0.0005600000000000049,99.944
AD_20241205_gfplib_fncas12a_lexA_snrrpr_timepoint3_Experiment_Group_D05.fcs,GFP panel,0.27503999999999995,72.49600000000001
AD_20241205_gfplib_fncas12a_lexA_snrrpr_timepoint3_Experiment_Group_D06.fcs,GFP panel,0.32987999999999995,67.012
AD_20241205_gfplib_fncas12a_lexA_snrrpr_timepoint3_Experiment_Group_D07.fcs,GFP panel,0.000520000000000076,99.948
AD_20241205_gfplib_fncas12a_lexA_snrrpr_timepoint3_Experiment_Group_E05.fcs,GFP panel,0.99196,0.804000000000005
AD_20241205_gfplib_fncas12a_lexA_snrrpr_timepoint3_Experiment_Group_E06.fcs,GFP panel,0.29512000000000005,70.488
AD_20241205_gfplib_fncas12a_lexA_snrrpr_timepoint3_Experiment_Group_E07.fcs,GFP panel,0.000280000000000058,99.972
AD_20241205_gfplib_fncas12a_lexA_snrrpr_timepoint3_Experiment_Group_F05.fcs,GFP panel,0.98124,1.876
AD_20241205_gfplib_fncas12a_lexA_snrrpr_timepoint3_Experiment_Group_F06.fcs,GFP panel,0.28864,71.136
AD_20241205_gfplib_fncas12a_lexA_snrrpr_timepoint3_Experiment_Group_F07.fcs,GFP panel,0.00036000000000002697,99.964
AD_20241205_gfplib_fncas12a_lexA_snrrpr_timepoint3_Experiment_Group_G05.fcs,GFP panel,0.0008000000000000229,99.92
AD_20241205_gfplib_fncas12a_lexA_snrrpr_timepoint3_Experiment_Group_G06.fcs,GFP panel,0.96096,3.904
AD_20241205_gfplib_fncas12a_lexA_snrrpr_timepoint3_Experiment_Group_G07.fcs,GFP panel,0.037121458808206054,96.2878541191794
AD_20241205_gfplib_fncas12a_lexA_snrrpr_timepoint3_Experiment_Group_H05.fcs,GFP panel,0.0005600000000000049,99.944
AD_20241205_gfplib_fncas12a_lexA_snrrpr_timepoint3_Experiment_Group_H06.fcs,GFP panel,0.8732,12.68
AD_20241205_gfplib_fncas12a_lexA_snrrpr_timepoint3_Experiment_Group_H07.fcs,GFP panel,0.030480000000000063,96.952
AD_20241205_gfplib_fncas12a_lexA_snrrpr_timepoint4_Experiment_Group_A05.fcs,GFP panel,0.74712,25.288
AD_20241205_gfplib_fncas12a_lexA_snrrpr_timepoint4_Experiment_Group_A06.fcs,GFP panel,0.005280000000000062,99.472
AD_20241205_gfplib_fncas12a_lexA_snrrpr_timepoint4_Experiment_Group_A07.fcs,GFP panel,0.0009999999999998899,99.9
AD_20241205_gfplib_fncas12a_lexA_snrrpr_timepoint4_Experiment_Group_A08.fcs,GFP panel,0.01971999999999996,98.028
AD_20241205_gfplib_fncas12a_lexA_snrrpr_timepoint4_Experiment_Group_B05.fcs,GFP panel,0.76628,23.372
AD_20241205_gfplib_fncas12a_lexA_snrrpr_timepoint4_Experiment_Group_B06.fcs,GFP panel,0.011839999999999962,98.816
AD_20241205_gfplib_fncas12a_lexA_snrrpr_timepoint4_Experiment_Group_B07.fcs,GFP panel,0.00043999999999999595,99.956
AD_20241205_gfplib_fncas12a_lexA_snrrpr_timepoint4_Experiment_Group_B08.fcs,GFP panel,0.029000000000000026,97.1
AD_20241205_gfplib_fncas12a_lexA_snrrpr_timepoint4_Experiment_Group_C05.fcs,GFP panel,0.16259999999999986,83.74000000000001
AD_20241205_gfplib_fncas12a_lexA_snrrpr_timepoint4_Experiment_Group_C06.fcs,GFP panel,0.2572,74.28
AD_20241205_gfplib_fncas12a_lexA_snrrpr_timepoint4_Experiment_Group_C07.fcs,GFP panel,0.00012000000000000899,99.988
AD_20241205_gfplib_fncas12a_lexA_snrrpr_timepoint4_Experiment_Group_D05.fcs,GFP panel,0.17012000000000005,82.988
AD_20241205_gfplib_fncas12a_lexA_snrrpr_timepoint4_Experiment_Group_D06.fcs,GFP panel,0.21824,78.176
AD_20241205_gfplib_fncas12a_lexA_snrrpr_timepoint4_Experiment_Group_D07.fcs,GFP panel,0.0008000000000000229,99.92
AD_20241205_gfplib_fncas12a_lexA_snrrpr_timepoint4_Experiment_Group_E05.fcs,GFP panel,0.9874,1.25999999999999
AD_20241205_gfplib_fncas12a_lexA_snrrpr_timepoint4_Experiment_Group_E06.fcs,GFP panel,0.21536,78.464
AD_20241205_gfplib_fncas12a_lexA_snrrpr_timepoint4_Experiment_Group_E07.fcs,GFP panel,0.00036000000000002697,99.964
AD_20241205_gfplib_fncas12a_lexA_snrrpr_timepoint4_Experiment_Group_F05.fcs,GFP panel,0.99288,0.7120000000000021
AD_20241205_gfplib_fncas12a_lexA_snrrpr_timepoint4_Experiment_Group_F06.fcs,GFP panel,0.23975999999999997,76.024
AD_20241205_gfplib_fncas12a_lexA_snrrpr_timepoint4_Experiment_Group_F07.fcs,GFP panel,0.0012000000000000899,99.88
AD_20241205_gfplib_fncas12a_lexA_snrrpr_timepoint4_Experiment_Group_G05.fcs,GFP panel,0.0005600000000000049,99.944
AD_20241205_gfplib_fncas12a_lexA_snrrpr_timepoint4_Experiment_Group_G06.fcs,GFP panel,0.9636,3.64
AD_20241205_gfplib_fncas12a_lexA_snrrpr_timepoint4_Experiment_Group_G07.fcs,GFP panel,0.014639999999999986,98.536
AD_20241205_gfplib_fncas12a_lexA_snrrpr_timepoint4_Experiment_Group_H05.fcs,GFP panel,0.00036000000000002697,99.964
AD_20241205_gfplib_fncas12a_lexA_snrrpr_timepoint4_Experiment_Group_H06.fcs,GFP panel,0.88808,11.192
AD_20241205_gfplib_fncas12a_lexA_snrrpr_timepoint4_Experiment_Group_H07.fcs,GFP panel,0.011680000000000024,98.832
AD_20241205_gfplib_fncas12a_lexA_snrrpr_timepoint2_Experiment_Group_rpr_A08.fcs,GFP panel,0.7847999999999999,21.52
AD_20241205_gfplib_fncas12a_lexA_snrrpr_timepoint2_Experiment_Group_rpr_A09.fcs,GFP panel,0.0551600000000001,94.484
AD_20241205_gfplib_fncas12a_lexA_snrrpr_timepoint2_Experiment_Group_rpr_A10.fcs,GFP panel,0.0008000000000000229,99.92
AD_20241205_gfplib_fncas12a_lexA_snrrpr_timepoint2_Experiment_Group_rpr_A11.fcs,GFP panel,0.01756000000000002,98.244
AD_20241205_gfplib_fncas12a_lexA_snrrpr_timepoint2_Experiment_Group_rpr_B08.fcs,GFP panel,0.8482000000000001,15.18
AD_20241205_gfplib_fncas12a_lexA_snrrpr_timepoint2_Experiment_Group_rpr_B09.fcs,GFP panel,0.08116000000000001,91.884
AD_20241205_gfplib_fncas12a_lexA_snrrpr_timepoint2_Experiment_Group_rpr_B10.fcs,GFP panel,0.0008000000000000229,99.92
AD_20241205_gfplib_fncas12a_lexA_snrrpr_timepoint2_Experiment_Group_rpr_B11.fcs,GFP panel,0.012680000000000025,98.732
AD_20241205_gfplib_fncas12a_lexA_snrrpr_timepoint2_Experiment_Group_rpr_C08.fcs,GFP panel,0.63648,36.352
AD_20241205_gfplib_fncas12a_lexA_snrrpr_timepoint2_Experiment_Group_rpr_C09.fcs,GFP panel,0.72004,27.996
AD_20241205_gfplib_fncas12a_lexA_snrrpr_timepoint2_Experiment_Group_rpr_C10.fcs,GFP panel,0.0015600000000000058,99.844
AD_20241205_gfplib_fncas12a_lexA_snrrpr_timepoint2_Experiment_Group_rpr_D08.fcs,GFP panel,0.66284,33.716
AD_20241205_gfplib_fncas12a_lexA_snrrpr_timepoint2_Experiment_Group_rpr_D09.fcs,GFP panel,0.7155199999999999,28.448
AD_20241205_gfplib_fncas12a_lexA_snrrpr_timepoint2_Experiment_Group_rpr_D10.fcs,GFP panel,0.0020799999999999708,99.792
AD_20241205_gfplib_fncas12a_lexA_snrrpr_timepoint2_Experiment_Group_rpr_E08.fcs,GFP panel,0.98512,1.488
AD_20241205_gfplib_fncas12a_lexA_snrrpr_timepoint2_Experiment_Group_rpr_E09.fcs,GFP panel,0.3493200000000001,65.068
AD_20241205_gfplib_fncas12a_lexA_snrrpr_timepoint2_Experiment_Group_rpr_E10.fcs,GFP panel,0.0008400000000000629,99.916
AD_20241205_gfplib_fncas12a_lexA_snrrpr_timepoint2_Experiment_Group_rpr_F08.fcs,GFP panel,0.98636,1.364
AD_20241205_gfplib_fncas12a_lexA_snrrpr_timepoint2_Experiment_Group_rpr_F09.fcs,GFP panel,0.39896,60.104
AD_20241205_gfplib_fncas12a_lexA_snrrpr_timepoint2_Experiment_Group_rpr_F10.fcs,GFP panel,0.0012000000000000899,99.88
AD_20241205_gfplib_fncas12a_lexA_snrrpr_timepoint2_Experiment_Group_rpr_G08.fcs,GFP panel,0.15048000000000006,84.952
AD_20241205_gfplib_fncas12a_lexA_snrrpr_timepoint2_Experiment_Group_rpr_G09.fcs,GFP panel,0.90204,9.796
AD_20241205_gfplib_fncas12a_lexA_snrrpr_timepoint2_Experiment_Group_rpr_G10.fcs,GFP panel,0.0043999999999999595,99.56
AD_20241205_gfplib_fncas12a_lexA_snrrpr_timepoint2_Experiment_Group_rpr_H08.fcs,GFP panel,0.15980000000000005,84.02
AD_20241205_gfplib_fncas12a_lexA_snrrpr_timepoint2_Experiment_Group_rpr_H09.fcs,GFP panel,0.94516,5.484
AD_20241205_gfplib_fncas12a_lexA_snrrpr_timepoint2_Experiment_Group_rpr_H10.fcs,GFP panel,0.007519999999999971,99.248
AD_20241205_gfplib_fncas12a_lexA_snrrpr_scraped_Experiment_Group_A05.fcs,GFP panel,0.96252,3.748
AD_20241205_gfplib_fncas12a_lexA_snrrpr_scraped_Experiment_Group_A06.fcs,GFP panel,0.7520399999999999,24.796000000000003
AD_20241205_gfplib_fncas12a_lexA_snrrpr_scraped_Experiment_Group_A07.fcs,GFP panel,0.01968000000000003,98.032
AD_20241205_gfplib_fncas12a_lexA_snrrpr_scraped_Experiment_Group_A08.fcs,GFP panel,0.56652,43.348
AD_20241205_gfplib_fncas12a_lexA_snrrpr_scraped_Experiment_Group_B05.fcs,GFP panel,0.96996,3.004
AD_20241205_gfplib_fncas12a_lexA_snrrpr_scraped_Experiment_Group_B06.fcs,GFP panel,0.81476,18.523999999999997
AD_20241205_gfplib_fncas12a_lexA_snrrpr_scraped_Experiment_Group_B07.fcs,GFP panel,0.033359999999999945,96.664
AD_20241205_gfplib_fncas12a_lexA_snrrpr_scraped_Experiment_Group_B08.fcs,GFP panel,0.61104,38.896
AD_20241205_gfplib_fncas12a_lexA_snrrpr_scraped_Experiment_Group_C05.fcs,GFP panel,0.96312,3.688
AD_20241205_gfplib_fncas12a_lexA_snrrpr_scraped_Experiment_Group_C06.fcs,GFP panel,0.9638,3.62
AD_20241205_gfplib_fncas12a_lexA_snrrpr_scraped_Experiment_Group_C07.fcs,GFP panel,0.0036799999999999056,99.632
AD_20241205_gfplib_fncas12a_lexA_snrrpr_scraped_Experiment_Group_D05.fcs,GFP panel,0.96432,3.5680000000000005
AD_20241205_gfplib_fncas12a_lexA_snrrpr_scraped_Experiment_Group_D06.fcs,GFP panel,0.97396,2.604
AD_20241205_gfplib_fncas12a_lexA_snrrpr_scraped_Experiment_Group_D07.fcs,GFP panel,0.005280000000000062,99.472
AD_20241205_gfplib_fncas12a_lexA_snrrpr_scraped_Experiment_Group_E05.fcs,GFP panel,0.97264,2.736
AD_20241205_gfplib_fncas12a_lexA_snrrpr_scraped_Experiment_Group_E06.fcs,GFP panel,0.94104,5.896
AD_20241205_gfplib_fncas12a_lexA_snrrpr_scraped_Experiment_Group_E07.fcs,GFP panel,0.021199999999999997,97.88
AD_20241205_gfplib_fncas12a_lexA_snrrpr_scraped_Experiment_Group_F05.fcs,GFP panel,0.95864,4.136
AD_20241205_gfplib_fncas12a_lexA_snrrpr_scraped_Experiment_Group_F06.fcs,GFP panel,0.93636,6.364
AD_20241205_gfplib_fncas12a_lexA_snrrpr_scraped_Experiment_Group_F07.fcs,GFP panel,0.05331999999999992,94.668
AD_20241205_gfplib_fncas12a_lexA_snrrpr_scraped_Experiment_Group_G05.fcs,GFP panel,0.90084,9.916
AD_20241205_gfplib_fncas12a_lexA_snrrpr_scraped_Experiment_Group_G06.fcs,GFP panel,0.9466,5.34
AD_20241205_gfplib_fncas12a_lexA_snrrpr_scraped_Experiment_Group_G07.fcs,GFP panel,0.48351999999999995,51.648
AD_20241205_gfplib_fncas12a_lexA_snrrpr_scraped_Experiment_Group_H05.fcs,GFP panel,0.90172,9.828
AD_20241205_gfplib_fncas12a_lexA_snrrpr_scraped_Experiment_Group_H06.fcs,GFP panel,0.96168,3.832
AD_20241205_gfplib_fncas12a_lexA_snrrpr_scraped_Experiment_Group_H07.fcs,GFP panel,0.55028,44.972
AD_20241203_fnsnrrpr_casvariants_timepoint2_glu_Experiment_Group_A01.fcs,GFP panel,0.6515599999999999,34.844
AD_20241203_fnsnrrpr_casvariants_timepoint2_glu_Experiment_Group_A02.fcs,GFP panel,0.030999999999999917,96.9
AD_20241203_fnsnrrpr_casvariants_timepoint2_glu_Experiment_Group_A03.fcs,GFP panel,0.0030000000000000027,99.7
AD_20241203_fnsnrrpr_casvariants_timepoint2_glu_Experiment_Group_A04.fcs,GFP panel,0.06916,93.084
AD_20241203_fnsnrrpr_casvariants_timepoint2_glu_Experiment_Group_B01.fcs,GFP panel,0.72752,27.248
AD_20241203_fnsnrrpr_casvariants_timepoint2_glu_Experiment_Group_B02.fcs,GFP panel,0.03712000000000004,96.288
AD_20241203_fnsnrrpr_casvariants_timepoint2_glu_Experiment_Group_B03.fcs,GFP panel,0.0011600000000000499,99.884
AD_20241203_fnsnrrpr_casvariants_timepoint2_glu_Experiment_Group_B04.fcs,GFP panel,0.07644000000000006,92.356
AD_20241203_fnsnrrpr_casvariants_timepoint2_glu_Experiment_Group_C01.fcs,GFP panel,0.0771599999999999,92.284
AD_20241203_fnsnrrpr_casvariants_timepoint2_glu_Experiment_Group_C02.fcs,GFP panel,0.29068000000000016,70.93199999999999
AD_20241203_fnsnrrpr_casvariants_timepoint2_glu_Experiment_Group_C03.fcs,GFP panel,0.014920000000000044,98.508
AD_20241203_fnsnrrpr_casvariants_timepoint2_glu_Experiment_Group_D01.fcs,GFP panel,0.10736000000000001,89.264
AD_20241203_fnsnrrpr_casvariants_timepoint2_glu_Experiment_Group_D02.fcs,GFP panel,0.30796,69.204
AD_20241203_fnsnrrpr_casvariants_timepoint2_glu_Experiment_Group_D03.fcs,GFP panel,0.007480000000000042,99.252
AD_20241203_fnsnrrpr_casvariants_timepoint2_glu_Experiment_Group_E01.fcs,GFP panel,0.9936,0.639999999999996
AD_20241203_fnsnrrpr_casvariants_timepoint2_glu_Experiment_Group_E02.fcs,GFP panel,0.11163999999999996,88.836
AD_20241203_fnsnrrpr_casvariants_timepoint2_glu_Experiment_Group_E03.fcs,GFP panel,0.0017599999999999838,99.824
AD_20241203_fnsnrrpr_casvariants_timepoint2_glu_Experiment_Group_F01.fcs,GFP panel,0.99496,0.504000000000004
AD_20241203_fnsnrrpr_casvariants_timepoint2_glu_Experiment_Group_F02.fcs,GFP panel,0.16979999999999995,83.02000000000001
AD_20241203_fnsnrrpr_casvariants_timepoint2_glu_Experiment_Group_F03.fcs,GFP panel,0.0039199999999999235,99.608
AD_20241203_fnsnrrpr_casvariants_timepoint2_glu_Experiment_Group_G01.fcs,GFP panel,0.0027200000000000557,99.728
AD_20241203_fnsnrrpr_casvariants_timepoint2_glu_Experiment_Group_G02.fcs,GFP panel,0.95976,4.02400000000001
AD_20241203_fnsnrrpr_casvariants_timepoint2_glu_Experiment_Group_G03.fcs,GFP panel,0.04715999999999998,95.284
AD_20241203_fnsnrrpr_casvariants_timepoint2_glu_Experiment_Group_H01.fcs,GFP panel,0.0022400000000000198,99.776
AD_20241203_fnsnrrpr_casvariants_timepoint2_glu_Experiment_Group_H02.fcs,GFP panel,0.9774,2.26
AD_20241203_fnsnrrpr_casvariants_timepoint2_glu_Experiment_Group_H03.fcs,GFP panel,0.04296000000000011,95.704
AD_20241203_fnsnrrpr_casvariants_timepoint3_glu_Experiment_Group_A01.fcs,GFP panel,0.43964000000000003,56.035999999999994
AD_20241203_fnsnrrpr_casvariants_timepoint3_glu_Experiment_Group_A02.fcs,GFP panel,0.02748000000000006,97.252
AD_20241203_fnsnrrpr_casvariants_timepoint3_glu_Experiment_Group_A03.fcs,GFP panel,0.0020799999999999708,99.792
AD_20241203_fnsnrrpr_casvariants_timepoint3_glu_Experiment_Group_A04.fcs,GFP panel,0.014560000000000017,98.544
AD_20241203_fnsnrrpr_casvariants_timepoint3_glu_Experiment_Group_B01.fcs,GFP panel,0.6266399999999999,37.336000000000006
AD_20241203_fnsnrrpr_casvariants_timepoint3_glu_Experiment_Group_B02.fcs,GFP panel,0.0406399999999999,95.936
AD_20241203_fnsnrrpr_casvariants_timepoint3_glu_Experiment_Group_B03.fcs,GFP panel,0.0015199999999999658,99.848
AD_20241203_fnsnrrpr_casvariants_timepoint3_glu_Experiment_Group_B04.fcs,GFP panel,0.022279999999999966,97.772
AD_20241203_fnsnrrpr_casvariants_timepoint3_glu_Experiment_Group_C01.fcs,GFP panel,0.027760000000000007,97.224
AD_20241203_fnsnrrpr_casvariants_timepoint3_glu_Experiment_Group_C02.fcs,GFP panel,0.09628000000000003,90.372
AD_20241203_fnsnrrpr_casvariants_timepoint3_glu_Experiment_Group_C03.fcs,GFP panel,0.015560000000000018,98.444
AD_20241203_fnsnrrpr_casvariants_timepoint3_glu_Experiment_Group_D01.fcs,GFP panel,0.024839999999999973,97.516
AD_20241203_fnsnrrpr_casvariants_timepoint3_glu_Experiment_Group_D02.fcs,GFP panel,0.11224,88.776
AD_20241203_fnsnrrpr_casvariants_timepoint3_glu_Experiment_Group_D03.fcs,GFP panel,0.005920000000000036,99.408
AD_20241203_fnsnrrpr_casvariants_timepoint3_glu_Experiment_Group_E01.fcs,GFP panel,0.9918,0.8199999999999991
AD_20241203_fnsnrrpr_casvariants_timepoint3_glu_Experiment_Group_E02.fcs,GFP panel,0.06480000000000008,93.52
AD_20241203_fnsnrrpr_casvariants_timepoint3_glu_Experiment_Group_E03.fcs,GFP panel,0.0008000000000000229,99.92
AD_20241203_fnsnrrpr_casvariants_timepoint3_glu_Experiment_Group_F01.fcs,GFP panel,0.99176,0.8240000000000031
AD_20241203_fnsnrrpr_casvariants_timepoint3_glu_Experiment_Group_F02.fcs,GFP panel,0.10248000000000002,89.752
AD_20241203_fnsnrrpr_casvariants_timepoint3_glu_Experiment_Group_F03.fcs,GFP panel,0.0033199999999999896,99.668
AD_20241203_fnsnrrpr_casvariants_timepoint3_glu_Experiment_Group_G01.fcs,GFP panel,0.0026399999999999757,99.736
AD_20241203_fnsnrrpr_casvariants_timepoint3_glu_Experiment_Group_G02.fcs,GFP panel,0.95056,4.944
AD_20241203_fnsnrrpr_casvariants_timepoint3_glu_Experiment_Group_G03.fcs,GFP panel,0.01087999999999989,98.912
AD_20241203_fnsnrrpr_casvariants_timepoint3_glu_Experiment_Group_H01.fcs,GFP panel,0.00043999999999999595,99.956
AD_20241203_fnsnrrpr_casvariants_timepoint3_glu_Experiment_Group_H02.fcs,GFP panel,0.95952,4.048
AD_20241203_fnsnrrpr_casvariants_timepoint3_glu_Experiment_Group_H03.fcs,GFP panel,0.00988,99.012
AD_20241203_fnsnrrpr_casvariants_timepoint1_Experiment_Group_A01.fcs,GFP panel,0.58848,41.152
AD_20241203_fnsnrrpr_casvariants_timepoint1_Experiment_Group_A02.fcs,GFP panel,0.043784985813970945,95.6215014186029
AD_20241203_fnsnrrpr_casvariants_timepoint1_Experiment_Group_A03.fcs,GFP panel,0.0009200000000000319,99.908
AD_20241203_fnsnrrpr_casvariants_timepoint1_Experiment_Group_A04.fcs,GFP panel,0.15844000000000014,84.15599999999999
AD_20241203_fnsnrrpr_casvariants_timepoint1_Experiment_Group_B01.fcs,GFP panel,0.74208,25.792
AD_20241203_fnsnrrpr_casvariants_timepoint1_Experiment_Group_B02.fcs,GFP panel,0.050803968525487964,94.9196031474512
AD_20241203_fnsnrrpr_casvariants_timepoint1_Experiment_Group_B03.fcs,GFP panel,0.0013599999999999168,99.864
AD_20241203_fnsnrrpr_casvariants_timepoint1_Experiment_Group_B04.fcs,GFP panel,0.18775086505190297,81.2249134948097
AD_20241203_fnsnrrpr_casvariants_timepoint1_Experiment_Group_C01.fcs,GFP panel,0.19420664941270205,80.5793350587298
AD_20241203_fnsnrrpr_casvariants_timepoint1_Experiment_Group_C02.fcs,GFP panel,0.43917224080267603,56.0827759197324
AD_20241203_fnsnrrpr_casvariants_timepoint1_Experiment_Group_C03.fcs,GFP panel,0.009279999999999955,99.072
AD_20241203_fnsnrrpr_casvariants_timepoint1_Experiment_Group_D01.fcs,GFP panel,0.21758349705304492,78.2416502946955
AD_20241203_fnsnrrpr_casvariants_timepoint1_Experiment_Group_D02.fcs,GFP panel,0.471840659340659,52.8159340659341
AD_20241203_fnsnrrpr_casvariants_timepoint1_Experiment_Group_D03.fcs,GFP panel,0.007122153209110027,99.287784679089
AD_20241203_fnsnrrpr_casvariants_timepoint1_Experiment_Group_E01.fcs,GFP panel,0.98452,1.548
AD_20241203_fnsnrrpr_casvariants_timepoint1_Experiment_Group_E02.fcs,GFP panel,0.189276309815672,81.0723690184328
AD_20241203_fnsnrrpr_casvariants_timepoint1_Experiment_Group_E03.fcs,GFP panel,0.0031600000000000517,99.684
AD_20241203_fnsnrrpr_casvariants_timepoint1_Experiment_Group_F01.fcs,GFP panel,0.98988,1.012
AD_20241203_fnsnrrpr_casvariants_timepoint1_Experiment_Group_F02.fcs,GFP panel,0.24975999999999998,75.024
AD_20241203_fnsnrrpr_casvariants_timepoint1_Experiment_Group_F03.fcs,GFP panel,0.005400000000000071,99.46
AD_20241203_fnsnrrpr_casvariants_timepoint1_Experiment_Group_G01.fcs,GFP panel,0.005319999999999991,99.468
AD_20241203_fnsnrrpr_casvariants_timepoint1_Experiment_Group_G02.fcs,GFP panel,0.9688,3.1199999999999997
AD_20241203_fnsnrrpr_casvariants_timepoint1_Experiment_Group_G03.fcs,GFP panel,0.14084000000000008,85.916
AD_20241203_fnsnrrpr_casvariants_timepoint1_Experiment_Group_H01.fcs,GFP panel,0.0046399999999999775,99.536
AD_20241203_fnsnrrpr_casvariants_timepoint1_Experiment_Group_H02.fcs,GFP panel,0.97328,2.672
AD_20241203_fnsnrrpr_casvariants_timepoint1_Experiment_Group_H03.fcs,GFP panel,0.12275999999999998,87.724
AD_20241203_fnsnrrpr_casvariants_scraped_Experiment_Group_A01.fcs,GFP panel,0.80296,19.704
AD_20241203_fnsnrrpr_casvariants_scraped_Experiment_Group_A02.fcs,GFP panel,0.32121946295174597,67.8780537048254
AD_20241203_fnsnrrpr_casvariants_scraped_Experiment_Group_A03.fcs,GFP panel,0.010121080409810745,98.98789195901892
AD_20241203_fnsnrrpr_casvariants_scraped_Experiment_Group_A04.fcs,GFP panel,0.8934,10.66
AD_20241203_fnsnrrpr_casvariants_scraped_Experiment_Group_B01.fcs,GFP panel,0.94252,5.748
AD_20241203_fnsnrrpr_casvariants_scraped_Experiment_Group_B02.fcs,GFP panel,0.41972,58.028
AD_20241203_fnsnrrpr_casvariants_scraped_Experiment_Group_B03.fcs,GFP panel,0.026039999999999952,97.396
AD_20241203_fnsnrrpr_casvariants_scraped_Experiment_Group_B04.fcs,GFP panel,0.89628,10.372
AD_20241203_fnsnrrpr_casvariants_scraped_Experiment_Group_C01.fcs,GFP panel,0.7413793103448281,25.8620689655172
AD_20241203_fnsnrrpr_casvariants_scraped_Experiment_Group_C02.fcs,GFP panel,0.755729537366548,24.4270462633452
AD_20241203_fnsnrrpr_casvariants_scraped_Experiment_Group_C03.fcs,GFP panel,0.05922320251495805,94.0776797485042
AD_20241203_fnsnrrpr_casvariants_scraped_Experiment_Group_D01.fcs,GFP panel,0.782261601894903,21.7738398105097
AD_20241203_fnsnrrpr_casvariants_scraped_Experiment_Group_D02.fcs,GFP panel,0.789572245219791,21.0427754780209
AD_20241203_fnsnrrpr_casvariants_scraped_Experiment_Group_D03.fcs,GFP panel,0.06292174217859992,93.70782578214
AD_20241203_fnsnrrpr_casvariants_scraped_Experiment_Group_E01.fcs,GFP panel,0.858863143476772,14.1136856523228
AD_20241203_fnsnrrpr_casvariants_scraped_Experiment_Group_E02.fcs,GFP panel,0.8565725891168849,14.3427410883115
AD_20241203_fnsnrrpr_casvariants_scraped_Experiment_Group_E03.fcs,GFP panel,0.27443524938492503,72.5564750615075
AD_20241203_fnsnrrpr_casvariants_scraped_Experiment_Group_F01.fcs,GFP panel,0.8082915007789511,19.1708499221049
AD_20241203_fnsnrrpr_casvariants_scraped_Experiment_Group_F02.fcs,GFP panel,0.851232899156222,14.8767100843778
AD_20241203_fnsnrrpr_casvariants_scraped_Experiment_Group_F03.fcs,GFP panel,0.255494014650706,74.4505985349294
AD_20241203_fnsnrrpr_casvariants_scraped_Experiment_Group_G01.fcs,GFP panel,0.25897522332715295,74.1024776672847
AD_20241203_fnsnrrpr_casvariants_scraped_Experiment_Group_G02.fcs,GFP panel,0.751215327423506,24.8784672576494
AD_20241203_fnsnrrpr_casvariants_scraped_Experiment_Group_G03.fcs,GFP panel,0.739995895752103,26.0004104247897
AD_20241203_fnsnrrpr_casvariants_scraped_Experiment_Group_H01.fcs,GFP panel,0.24405950157769296,75.5940498422307
AD_20241203_fnsnrrpr_casvariants_scraped_Experiment_Group_H02.fcs,GFP panel,0.682861635220126,31.7138364779874
AD_20241203_fnsnrrpr_casvariants_scraped_Experiment_Group_H03.fcs,GFP panel,0.7201823404521039,27.9817659547896
AD_20241205_gfplib_fncas12a_lexA_snrrpr_timepoint3_Experiment_Group_A01.fcs,GFP panel,0.70668,29.332
AD_20241205_gfplib_fncas12a_lexA_snrrpr_timepoint3_Experiment_Group_A02.fcs,GFP panel,0.09531999999999996,90.468
AD_20241205_gfplib_fncas12a_lexA_snrrpr_timepoint3_Experiment_Group_A03.fcs,GFP panel,0.02203999999999995,97.796
AD_20241205_gfplib_fncas12a_lexA_snrrpr_timepoint3_Experiment_Group_A04.fcs,GFP panel,0.07035999999999998,92.964
AD_20241205_gfplib_fncas12a_lexA_snrrpr_timepoint3_Experiment_Group_B01.fcs,GFP panel,0.80356,19.644
AD_20241205_gfplib_fncas12a_lexA_snrrpr_timepoint3_Experiment_Group_B02.fcs,GFP panel,0.00988,99.012
AD_20241205_gfplib_fncas12a_lexA_snrrpr_timepoint3_Experiment_Group_B03.fcs,GFP panel,0.0042799999999999505,99.572
AD_20241205_gfplib_fncas12a_lexA_snrrpr_timepoint3_Experiment_Group_B04.fcs,GFP panel,0.084062758051197,91.5937241948803
AD_20241205_gfplib_fncas12a_lexA_snrrpr_timepoint3_Experiment_Group_C01.fcs,GFP panel,0.2929999999999999,70.7
AD_20241205_gfplib_fncas12a_lexA_snrrpr_timepoint3_Experiment_Group_C02.fcs,GFP panel,0.40456000000000003,59.544
AD_20241205_gfplib_fncas12a_lexA_snrrpr_timepoint3_Experiment_Group_C03.fcs,GFP panel,0.0021599999999999397,99.784
AD_20241205_gfplib_fncas12a_lexA_snrrpr_timepoint3_Experiment_Group_D01.fcs,GFP panel,0.29144000000000003,70.856
AD_20241205_gfplib_fncas12a_lexA_snrrpr_timepoint3_Experiment_Group_D02.fcs,GFP panel,0.33264000000000005,66.73599999999999
AD_20241205_gfplib_fncas12a_lexA_snrrpr_timepoint3_Experiment_Group_D03.fcs,GFP panel,0.001512342667577271,99.84876573324227
AD_20241205_gfplib_fncas12a_lexA_snrrpr_timepoint3_Experiment_Group_E01.fcs,GFP panel,0.986042692939245,1.3957307060755
AD_20241205_gfplib_fncas12a_lexA_snrrpr_timepoint3_Experiment_Group_E02.fcs,GFP panel,0.30778836947924904,69.2211630520751
AD_20241205_gfplib_fncas12a_lexA_snrrpr_timepoint3_Experiment_Group_E03.fcs,GFP panel,0.0017599999999999838,99.824
AD_20241205_gfplib_fncas12a_lexA_snrrpr_timepoint3_Experiment_Group_F01.fcs,GFP panel,0.984828141783029,1.5171858216971
AD_20241205_gfplib_fncas12a_lexA_snrrpr_timepoint3_Experiment_Group_F02.fcs,GFP panel,0.29853343276162103,70.14665672383789
AD_20241205_gfplib_fncas12a_lexA_snrrpr_timepoint3_Experiment_Group_F03.fcs,GFP panel,0.001435526151542077,99.8564473848458
AD_20241205_gfplib_fncas12a_lexA_snrrpr_timepoint3_Experiment_Group_G01.fcs,GFP panel,0.0009999999999998899,99.9
AD_20241205_gfplib_fncas12a_lexA_snrrpr_timepoint3_Experiment_Group_G02.fcs,GFP panel,0.953230796825254,4.6769203174745995
AD_20241205_gfplib_fncas12a_lexA_snrrpr_timepoint3_Experiment_Group_G03.fcs,GFP panel,0.03420861348355397,96.5791386516446
AD_20241205_gfplib_fncas12a_lexA_snrrpr_timepoint3_Experiment_Group_H01.fcs,GFP panel,0.0005600000000000049,99.944
AD_20241205_gfplib_fncas12a_lexA_snrrpr_timepoint3_Experiment_Group_H02.fcs,GFP panel,0.871252129471891,12.874787052810898
AD_20241205_gfplib_fncas12a_lexA_snrrpr_timepoint3_Experiment_Group_H03.fcs,GFP panel,0.03264,96.736
AD_20241205_gfplib_fncas12a_lexA_snrrpr_timepoint4_Experiment_Group_A01.fcs,GFP panel,0.74456,25.544
AD_20241205_gfplib_fncas12a_lexA_snrrpr_timepoint4_Experiment_Group_A02.fcs,GFP panel,0.005280000000000062,99.472
AD_20241205_gfplib_fncas12a_lexA_snrrpr_timepoint4_Experiment_Group_A03.fcs,GFP panel,0.0008000000000000229,99.92
AD_20241205_gfplib_fncas12a_lexA_snrrpr_timepoint4_Experiment_Group_A04.fcs,GFP panel,0.025799999999999934,97.42
AD_20241205_gfplib_fncas12a_lexA_snrrpr_timepoint4_Experiment_Group_B01.fcs,GFP panel,0.7856,21.44
AD_20241205_gfplib_fncas12a_lexA_snrrpr_timepoint4_Experiment_Group_B02.fcs,GFP panel,0.01415999999999995,98.584
AD_20241205_gfplib_fncas12a_lexA_snrrpr_timepoint4_Experiment_Group_B03.fcs,GFP panel,0.000280000000000058,99.972
AD_20241205_gfplib_fncas12a_lexA_snrrpr_timepoint4_Experiment_Group_B04.fcs,GFP panel,0.033199999999999896,96.68
AD_20241205_gfplib_fncas12a_lexA_snrrpr_timepoint4_Experiment_Group_C01.fcs,GFP panel,0.20323999999999998,79.676
AD_20241205_gfplib_fncas12a_lexA_snrrpr_timepoint4_Experiment_Group_C02.fcs,GFP panel,0.28959999999999997,71.04
AD_20241205_gfplib_fncas12a_lexA_snrrpr_timepoint4_Experiment_Group_C03.fcs,GFP panel,0.00019999999999997797,99.98
AD_20241205_gfplib_fncas12a_lexA_snrrpr_timepoint4_Experiment_Group_D01.fcs,GFP panel,0.19887999999999995,80.11200000000001
AD_20241205_gfplib_fncas12a_lexA_snrrpr_timepoint4_Experiment_Group_D02.fcs,GFP panel,0.23595999999999995,76.40400000000001
AD_20241205_gfplib_fncas12a_lexA_snrrpr_timepoint4_Experiment_Group_D03.fcs,GFP panel,0.0009600000000000719,99.904
AD_20241205_gfplib_fncas12a_lexA_snrrpr_timepoint4_Experiment_Group_E01.fcs,GFP panel,0.98628,1.372
AD_20241205_gfplib_fncas12a_lexA_snrrpr_timepoint4_Experiment_Group_E02.fcs,GFP panel,0.25512,74.488
AD_20241205_gfplib_fncas12a_lexA_snrrpr_timepoint4_Experiment_Group_E03.fcs,GFP panel,0.0015199999999999658,99.848
AD_20241205_gfplib_fncas12a_lexA_snrrpr_timepoint4_Experiment_Group_F01.fcs,GFP panel,0.98988,1.012
AD_20241205_gfplib_fncas12a_lexA_snrrpr_timepoint4_Experiment_Group_F02.fcs,GFP panel,0.23719999999999997,76.28
AD_20241205_gfplib_fncas12a_lexA_snrrpr_timepoint4_Experiment_Group_F03.fcs,GFP panel,0.0006399999999999739,99.936
AD_20241205_gfplib_fncas12a_lexA_snrrpr_timepoint4_Experiment_Group_G01.fcs,GFP panel,0.0012399999999999078,99.876
AD_20241205_gfplib_fncas12a_lexA_snrrpr_timepoint4_Experiment_Group_G02.fcs,GFP panel,0.9634,3.66
AD_20241205_gfplib_fncas12a_lexA_snrrpr_timepoint4_Experiment_Group_G03.fcs,GFP panel,0.01532,98.468
AD_20241205_gfplib_fncas12a_lexA_snrrpr_timepoint4_Experiment_Group_H01.fcs,GFP panel,0.000280000000000058,99.972
AD_20241205_gfplib_fncas12a_lexA_snrrpr_timepoint4_Experiment_Group_H02.fcs,GFP panel,0.87904,12.096
AD_20241205_gfplib_fncas12a_lexA_snrrpr_timepoint4_Experiment_Group_H03.fcs,GFP panel,0.01328000000000007,98.672
AD_20241205_gfplib_fncas12a_lexA_snrrpr_timepoint2_Experiment_Group_snr_A04.fcs,GFP panel,0.85092,14.908
AD_20241205_gfplib_fncas12a_lexA_snrrpr_timepoint2_Experiment_Group_snr_A05.fcs,GFP panel,0.009199999999999986,99.08
AD_20241205_gfplib_fncas12a_lexA_snrrpr_timepoint2_Experiment_Group_snr_A06.fcs,GFP panel,0.00024000000000001798,99.976
AD_20241205_gfplib_fncas12a_lexA_snrrpr_timepoint2_Experiment_Group_snr_A07.fcs,GFP panel,0.11228000000000005,88.77199999999999
AD_20241205_gfplib_fncas12a_lexA_snrrpr_timepoint2_Experiment_Group_snr_B04.fcs,GFP panel,0.8708,12.920000000000002
AD_20241205_gfplib_fncas12a_lexA_snrrpr_timepoint2_Experiment_Group_snr_B05.fcs,GFP panel,0.010319999999999996,98.968
AD_20241205_gfplib_fncas12a_lexA_snrrpr_timepoint2_Experiment_Group_snr_B06.fcs,GFP panel,0.00012000000000000899,99.988
AD_20241205_gfplib_fncas12a_lexA_snrrpr_timepoint2_Experiment_Group_snr_B07.fcs,GFP panel,0.14127999999999996,85.872
AD_20241205_gfplib_fncas12a_lexA_snrrpr_timepoint2_Experiment_Group_snr_C04.fcs,GFP panel,0.42979999999999996,57.02
AD_20241205_gfplib_fncas12a_lexA_snrrpr_timepoint2_Experiment_Group_snr_C05.fcs,GFP panel,0.53712,46.288
AD_20241205_gfplib_fncas12a_lexA_snrrpr_timepoint2_Experiment_Group_snr_C06.fcs,GFP panel,0.0006399999999999739,99.936
AD_20241205_gfplib_fncas12a_lexA_snrrpr_timepoint2_Experiment_Group_snr_D04.fcs,GFP panel,0.43179999999999996,56.82000000000001
AD_20241205_gfplib_fncas12a_lexA_snrrpr_timepoint2_Experiment_Group_snr_D05.fcs,GFP panel,0.4644400000000001,53.556
AD_20241205_gfplib_fncas12a_lexA_snrrpr_timepoint2_Experiment_Group_snr_D06.fcs,GFP panel,0.0006000000000000449,99.94
AD_20241205_gfplib_fncas12a_lexA_snrrpr_timepoint2_Experiment_Group_snr_E04.fcs,GFP panel,0.98496,1.50400000000001
AD_20241205_gfplib_fncas12a_lexA_snrrpr_timepoint2_Experiment_Group_snr_E05.fcs,GFP panel,0.41472,58.528000000000006
AD_20241205_gfplib_fncas12a_lexA_snrrpr_timepoint2_Experiment_Group_snr_E06.fcs,GFP panel,0.0009200000000000319,99.908
AD_20241205_gfplib_fncas12a_lexA_snrrpr_timepoint2_Experiment_Group_snr_F04.fcs,GFP panel,0.98776,1.224
AD_20241205_gfplib_fncas12a_lexA_snrrpr_timepoint2_Experiment_Group_snr_F05.fcs,GFP panel,0.40796,59.204
AD_20241205_gfplib_fncas12a_lexA_snrrpr_timepoint2_Experiment_Group_snr_F06.fcs,GFP panel,0.0008799999999999919,99.912
AD_20241205_gfplib_fncas12a_lexA_snrrpr_timepoint2_Experiment_Group_snr_G04.fcs,GFP panel,0.0036799999999999056,99.632
AD_20241205_gfplib_fncas12a_lexA_snrrpr_timepoint2_Experiment_Group_snr_G05.fcs,GFP panel,0.97056,2.944
AD_20241205_gfplib_fncas12a_lexA_snrrpr_timepoint2_Experiment_Group_snr_G06.fcs,GFP panel,0.06540000000000001,93.46
AD_20241205_gfplib_fncas12a_lexA_snrrpr_timepoint2_Experiment_Group_snr_H04.fcs,GFP panel,0.0021200000000000108,99.788
AD_20241205_gfplib_fncas12a_lexA_snrrpr_timepoint2_Experiment_Group_snr_H05.fcs,GFP panel,0.91696,8.304
AD_20241205_gfplib_fncas12a_lexA_snrrpr_timepoint2_Experiment_Group_snr_H06.fcs,GFP panel,0.07668000000000008,92.332
AD_20241205_gfplib_fncas12a_lexA_snrrpr_scraped_Experiment_Group_A01.fcs,GFP panel,0.96612,3.388
AD_20241205_gfplib_fncas12a_lexA_snrrpr_scraped_Experiment_Group_A02.fcs,GFP panel,0.18635999999999997,81.364
AD_20241205_gfplib_fncas12a_lexA_snrrpr_scraped_Experiment_Group_A03.fcs,GFP panel,0.011560000000000015,98.844
AD_20241205_gfplib_fncas12a_lexA_snrrpr_scraped_Experiment_Group_A04.fcs,GFP panel,0.77556,22.444
AD_20241205_gfplib_fncas12a_lexA_snrrpr_scraped_Experiment_Group_B01.fcs,GFP panel,0.968,3.2
AD_20241205_gfplib_fncas12a_lexA_snrrpr_scraped_Experiment_Group_B02.fcs,GFP panel,0.23403999999999991,76.596
AD_20241205_gfplib_fncas12a_lexA_snrrpr_scraped_Experiment_Group_B03.fcs,GFP panel,0.013559999999999905,98.644
AD_20241205_gfplib_fncas12a_lexA_snrrpr_scraped_Experiment_Group_B04.fcs,GFP panel,0.76888,23.112
AD_20241205_gfplib_fncas12a_lexA_snrrpr_scraped_Experiment_Group_C01.fcs,GFP panel,0.94304,5.696
AD_20241205_gfplib_fncas12a_lexA_snrrpr_scraped_Experiment_Group_C02.fcs,GFP panel,0.9542,4.58
AD_20241205_gfplib_fncas12a_lexA_snrrpr_scraped_Experiment_Group_C03.fcs,GFP panel,0.010600000000000054,98.94
AD_20241205_gfplib_fncas12a_lexA_snrrpr_scraped_Experiment_Group_D01.fcs,GFP panel,0.94144,5.856
AD_20241205_gfplib_fncas12a_lexA_snrrpr_scraped_Experiment_Group_D02.fcs,GFP panel,0.94332,5.668
AD_20241205_gfplib_fncas12a_lexA_snrrpr_scraped_Experiment_Group_D03.fcs,GFP panel,0.0031999999999999806,99.68
AD_20241205_gfplib_fncas12a_lexA_snrrpr_scraped_Experiment_Group_E01.fcs,GFP panel,0.96984,3.016
AD_20241205_gfplib_fncas12a_lexA_snrrpr_scraped_Experiment_Group_E02.fcs,GFP panel,0.94176,5.824
AD_20241205_gfplib_fncas12a_lexA_snrrpr_scraped_Experiment_Group_E03.fcs,GFP panel,0.033439999999999914,96.656
AD_20241205_gfplib_fncas12a_lexA_snrrpr_scraped_Experiment_Group_F01.fcs,GFP panel,0.96908,3.092
AD_20241205_gfplib_fncas12a_lexA_snrrpr_scraped_Experiment_Group_F02.fcs,GFP panel,0.93188,6.812
AD_20241205_gfplib_fncas12a_lexA_snrrpr_scraped_Experiment_Group_F03.fcs,GFP panel,0.047639999999999905,95.236
AD_20241205_gfplib_fncas12a_lexA_snrrpr_scraped_Experiment_Group_G01.fcs,GFP panel,0.19776000000000016,80.22399999999999
AD_20241205_gfplib_fncas12a_lexA_snrrpr_scraped_Experiment_Group_G02.fcs,GFP panel,0.9694,3.06
AD_20241205_gfplib_fncas12a_lexA_snrrpr_scraped_Experiment_Group_G03.fcs,GFP panel,0.6551600000000001,34.483999999999995
AD_20241205_gfplib_fncas12a_lexA_snrrpr_scraped_Experiment_Group_H01.fcs,GFP panel,0.13715999999999995,86.284
AD_20241205_gfplib_fncas12a_lexA_snrrpr_scraped_Experiment_Group_H02.fcs,GFP panel,0.94992,5.008
AD_20241205_gfplib_fncas12a_lexA_snrrpr_scraped_Experiment_Group_H03.fcs,GFP panel,0.7199599999999999,28.004
VB_20240916_PGK1_proms_P2_Experiment_ys286_T03_A10.fcs,OFF,0.0018399999999999528,99.816
VB_20240916_PGK1_proms_P2_Experiment_ys286_T03_A3.fcs,OFF,0.0030400000000000427,99.696
VB_20240916_PGK1_proms_P2_Experiment_ys286_T03_A4.fcs,OFF,0.00031999999999998696,99.968
VB_20240916_PGK1_proms_P2_Experiment_ys286_T03_A5.fcs,OFF,0.023760000000000003,97.624
VB_20240916_PGK1_proms_P2_Experiment_ys286_T03_A6.fcs,OFF,0.009199999999999986,99.08
VB_20240916_PGK1_proms_P2_Experiment_ys286_T03_A7.fcs,OFF,0.023880000000000012,97.612
VB_20240916_PGK1_proms_P2_Experiment_ys286_T03_A8.fcs,OFF,0.08355999999999997,91.644
VB_20240916_PGK1_proms_P2_Experiment_ys286_T03_A9.fcs,OFF,0.012159999999999949,98.784
VB_20240916_PGK1_proms_P2_Experiment_ys289_T03_B10.fcs,OFF,0.75632,24.368
VB_20240916_PGK1_proms_P2_Experiment_ys289_T03_B3.fcs,OFF,0.015280000000000071,98.472
VB_20240916_PGK1_proms_P2_Experiment_ys289_T03_B4.fcs,OFF,0.01971999999999996,98.028
VB_20240916_PGK1_proms_P2_Experiment_ys289_T03_B5.fcs,OFF,0.0011199999999998989,99.888
VB_20240916_PGK1_proms_P2_Experiment_ys289_T03_B6.fcs,OFF,0.00019999999999997797,99.98
VB_20240916_PGK1_proms_P2_Experiment_ys289_T03_B7.fcs,OFF,0.0009600000000000719,99.904
VB_20240916_PGK1_proms_P2_Experiment_ys289_T03_B8.fcs,OFF,0.009759999999999991,99.024
VB_20240916_PGK1_proms_P2_Experiment_ys289_T03_B9.fcs,OFF,0.76632,23.368
VB_20240916_PGK1_proms_P2_Experiment_ys318_T03_C10.fcs,ON,0.69188,69.188
VB_20240916_PGK1_proms_P2_Experiment_ys318_T03_C5.fcs,ON,0.54844,54.844
VB_20240916_PGK1_proms_P2_Experiment_ys318_T03_C6.fcs,ON,0.45404000000000005,45.404
VB_20240916_PGK1_proms_P2_Experiment_ys318_T03_C7.fcs,ON,0.2998,29.98
VB_20240916_PGK1_proms_P2_Experiment_ys318_T03_C8.fcs,ON,0.38232,38.232
VB_20240916_PGK1_proms_P2_Experiment_ys318_T03_C9.fcs,ON,0.6698000000000001,66.98
VB_20240916_PGK1_proms_P2_Experiment_ys321_T03_D10.fcs,ON,0.17826935588809398,17.8269355888094
VB_20240916_PGK1_proms_P2_Experiment_ys321_T03_D3.fcs,ON,0.56064,56.064
VB_20240916_PGK1_proms_P2_Experiment_ys321_T03_D4.fcs,ON,0.5526800000000001,55.268
VB_20240916_PGK1_proms_P2_Experiment_ys321_T03_D5.fcs,ON,0.7164400000000001,71.644
VB_20240916_PGK1_proms_P2_Experiment_ys321_T03_D6.fcs,ON,0.6444799999999999,64.448
VB_20240916_PGK1_proms_P2_Experiment_ys321_T03_D7.fcs,ON,0.5732,57.32
VB_20240916_PGK1_proms_P2_Experiment_ys321_T03_D8.fcs,ON,0.69836,69.836
VB_20240916_PGK1_proms_P2_Experiment_ys321_T03_D9.fcs,ON,0.17288,17.288
VB_20240916_PGK1_proms_P2_Experiment_ys286_T04_E10.fcs,OFF,0.00048000000000003595,99.952
VB_20240916_PGK1_proms_P2_Experiment_ys286_T04_E3.fcs,OFF,0.0007200000000000539,99.928
VB_20240916_PGK1_proms_P2_Experiment_ys286_T04_E4.fcs,OFF,0.000160000000000049,99.984
VB_20240916_PGK1_proms_P2_Experiment_ys286_T04_E5.fcs,OFF,0.018919999999999937,98.108
VB_20240916_PGK1_proms_P2_Experiment_ys286_T04_E6.fcs,OFF,0.007800000000000029,99.22
VB_20240916_PGK1_proms_P2_Experiment_ys286_T04_E7.fcs,OFF,0.02084000000000008,97.916
VB_20240916_PGK1_proms_P2_Experiment_ys286_T04_E8.fcs,OFF,0.10132000000000008,89.868
VB_20240916_PGK1_proms_P2_Experiment_ys286_T04_E9.fcs,OFF,0.011800000000000033,98.82
VB_20240916_PGK1_proms_P2_Experiment_ys289_T04_F10.fcs,OFF,0.66088,33.912
VB_20240916_PGK1_proms_P2_Experiment_ys289_T04_F3.fcs,OFF,0.012720000000000065,98.728
VB_20240916_PGK1_proms_P2_Experiment_ys289_T04_F4.fcs,OFF,0.0009600000000000719,99.904
VB_20240916_PGK1_proms_P2_Experiment_ys289_T04_F5.fcs,OFF,0.00019999999999997797,99.98
VB_20240916_PGK1_proms_P2_Experiment_ys289_T04_F6.fcs,OFF,0.00019999999999997797,99.98
VB_20240916_PGK1_proms_P2_Experiment_ys289_T04_F7.fcs,OFF,0.000160000000000049,99.984
VB_20240916_PGK1_proms_P2_Experiment_ys289_T04_F8.fcs,OFF,0.008439999999999892,99.156
VB_20240916_PGK1_proms_P2_Experiment_ys289_T04_F9.fcs,OFF,0.6824399999999999,31.756
VB_20240916_PGK1_proms_P2_Experiment_ys318_T04_G10.fcs,ON,0.47979999999999995,47.98
VB_20240916_PGK1_proms_P2_Experiment_ys318_T04_G5.fcs,ON,0.23976,23.976
VB_20240916_PGK1_proms_P2_Experiment_ys318_T04_G6.fcs,ON,0.16620000000000001,16.62
VB_20240916_PGK1_proms_P2_Experiment_ys318_T04_G7.fcs,ON,0.13704,13.704
VB_20240916_PGK1_proms_P2_Experiment_ys318_T04_G8.fcs,ON,0.28552,28.552
VB_20240916_PGK1_proms_P2_Experiment_ys318_T04_G9.fcs,ON,0.48636,48.636
VB_20240916_PGK1_proms_P2_Experiment_ys321_T04_H10.fcs,ON,0.25892,25.892
VB_20240916_PGK1_proms_P2_Experiment_ys321_T04_H3.fcs,ON,0.42136,42.136
VB_20240916_PGK1_proms_P2_Experiment_ys321_T04_H4.fcs,ON,0.39524000000000004,39.524
VB_20240916_PGK1_proms_P2_Experiment_ys321_T04_H5.fcs,ON,0.56028,56.028
VB_20240916_PGK1_proms_P2_Experiment_ys321_T04_H6.fcs,ON,0.50056,50.056
VB_20240916_PGK1_proms_P2_Experiment_ys321_T04_H7.fcs,ON,0.42896,42.896
VB_20240916_PGK1_proms_P2_Experiment_ys321_T04_H8.fcs,ON,0.5737599999999999,57.376
VB_20240916_PGK1_proms_P2_Experiment_ys321_T04_H9.fcs,ON,0.23428000000000002,23.428
VB_20240916_PGK1_proms_Experiment_ys286_T02_E10.fcs,OFF,0.0007599999999999829,99.924
VB_20240916_PGK1_proms_Experiment_ys286_T02_E3.fcs,OFF,0.005199999999999982,99.48
VB_20240916_PGK1_proms_Experiment_ys286_T02_E4.fcs,OFF,0.00012000000000000899,99.988
VB_20240916_PGK1_proms_Experiment_ys286_T02_E5.fcs,OFF,0.023719999999999963,97.628
VB_20240916_PGK1_proms_Experiment_ys286_T02_E6.fcs,OFF,0.010120000000000018,98.988
VB_20240916_PGK1_proms_Experiment_ys286_T02_E7.fcs,OFF,0.02851999999999999,97.148
VB_20240916_PGK1_proms_Experiment_ys286_T02_E8.fcs,OFF,0.08479999999999999,91.52
VB_20240916_PGK1_proms_Experiment_ys286_T02_E9.fcs,OFF,0.012279999999999958,98.772
VB_20240916_PGK1_proms_Experiment_ys289_T02_F10.fcs,OFF,0.82544,17.456
VB_20240916_PGK1_proms_Experiment_ys289_T02_F3.fcs,OFF,0.015960000000000085,98.404
VB_20240916_PGK1_proms_Experiment_ys289_T02_F4.fcs,OFF,0.0017199999999999438,99.828
VB_20240916_PGK1_proms_Experiment_ys289_T02_F5.fcs,OFF,7.999999999996898e-05,99.992
VB_20240916_PGK1_proms_Experiment_ys289_T02_F6.fcs,OFF,4.0000000000040004e-05,99.996
VB_20240916_PGK1_proms_Experiment_ys289_T02_F7.fcs,OFF,0.0006000000000000449,99.94
VB_20240916_PGK1_proms_Experiment_ys289_T02_F8.fcs,OFF,0.009079999999999977,99.092
VB_20240916_PGK1_proms_Experiment_ys289_T02_F9.fcs,OFF,0.82924,17.076
VB_20240916_PGK1_proms_Experiment_ys318_T02_G10.fcs,ON,0.77476,77.476
VB_20240916_PGK1_proms_Experiment_ys318_T02_G5.fcs,ON,0.71772,71.772
VB_20240916_PGK1_proms_Experiment_ys318_T02_G6.fcs,ON,0.63592,63.592
VB_20240916_PGK1_proms_Experiment_ys318_T02_G7.fcs,ON,0.43012,43.012
VB_20240916_PGK1_proms_Experiment_ys318_T02_G8.fcs,ON,0.49832,49.832
VB_20240916_PGK1_proms_Experiment_ys318_T02_G9.fcs,ON,0.7524,75.24
VB_20240916_PGK1_proms_Experiment_ys321_T02_H10.fcs,ON,0.142260027865366,14.2260027865366
VB_20240916_PGK1_proms_Experiment_ys321_T02_H3.fcs,ON,0.64236,64.236
VB_20240916_PGK1_proms_Experiment_ys321_T02_H4.fcs,ON,0.63588,63.588
VB_20240916_PGK1_proms_Experiment_ys321_T02_H5.fcs,ON,0.77964,77.964
VB_20240916_PGK1_proms_Experiment_ys321_T02_H6.fcs,ON,0.7313200000000001,73.132
VB_20240916_PGK1_proms_Experiment_ys321_T02_H7.fcs,ON,0.65948,65.948
VB_20240916_PGK1_proms_Experiment_ys321_T02_H8.fcs,ON,0.76304,76.304
VB_20240916_PGK1_proms_Experiment_ys321_T02_H9.fcs,ON,0.12836,12.836
VB_20240916_PGK1_proms_Experiment_ys286_T01_A10.fcs,OFF,0.0037999999999999146,99.62
VB_20240916_PGK1_proms_Experiment_ys286_T01_A3.fcs,OFF,0.022560000000000024,97.744
VB_20240916_PGK1_proms_Experiment_ys286_T01_A4.fcs,OFF,0.0013999999999999568,99.86
VB_20240916_PGK1_proms_Experiment_ys286_T01_A5.fcs,OFF,0.020000000000000018,98.0
VB_20240916_PGK1_proms_Experiment_ys286_T01_A6.fcs,OFF,0.01207999999999998,98.792
VB_20240916_PGK1_proms_Experiment_ys286_T01_A7.fcs,OFF,0.03304000000000007,96.696
VB_20240916_PGK1_proms_Experiment_ys286_T01_A8.fcs,OFF,0.04732000000000003,95.268
VB_20240916_PGK1_proms_Experiment_ys286_T01_A9.fcs,OFF,0.020480000000000054,97.952
VB_20240916_PGK1_proms_Experiment_ys289_T01_B10.fcs,OFF,0.97236,2.764
VB_20240916_PGK1_proms_Experiment_ys289_T01_B3.fcs,OFF,0.02195999999999998,97.804
VB_20240916_PGK1_proms_Experiment_ys289_T01_B4.fcs,OFF,0.006599999999999939,99.34
VB_20240916_PGK1_proms_Experiment_ys289_T01_B5.fcs,OFF,0.0017199999999999438,99.828
VB_20240916_PGK1_proms_Experiment_ys289_T01_B6.fcs,OFF,0.0012799999999999478,99.872
VB_20240916_PGK1_proms_Experiment_ys289_T01_B7.fcs,OFF,0.0043199999999999905,99.568
VB_20240916_PGK1_proms_Experiment_ys289_T01_B8.fcs,OFF,0.009120000000000017,99.088
VB_20240916_PGK1_proms_Experiment_ys289_T01_B9.fcs,OFF,0.9744,2.56
VB_20240916_PGK1_proms_Experiment_ys318_T01_C10.fcs,ON,0.86384,86.384
VB_20240916_PGK1_proms_Experiment_ys318_T01_C5.fcs,ON,0.88252,88.252
VB_20240916_PGK1_proms_Experiment_ys318_T01_C6.fcs,ON,0.83176,83.176
VB_20240916_PGK1_proms_Experiment_ys318_T01_C7.fcs,ON,0.659,65.9
VB_20240916_PGK1_proms_Experiment_ys318_T01_C8.fcs,ON,0.7143600000000001,71.436
VB_20240916_PGK1_proms_Experiment_ys318_T01_C9.fcs,ON,0.83736,83.736
VB_20240916_PGK1_proms_Experiment_ys321_T01_D10.fcs,ON,0.014079999999999999,1.408
VB_20240916_PGK1_proms_Experiment_ys321_T01_D3.fcs,ON,0.7739199999999999,77.392
VB_20240916_PGK1_proms_Experiment_ys321_T01_D4.fcs,ON,0.76492,76.492
VB_20240916_PGK1_proms_Experiment_ys321_T01_D5.fcs,ON,0.84724,84.724
VB_20240916_PGK1_proms_Experiment_ys321_T01_D6.fcs,ON,0.82592,82.592
VB_20240916_PGK1_proms_Experiment_ys321_T01_D7.fcs,ON,0.77252,77.252
VB_20240916_PGK1_proms_Experiment_ys321_T01_D8.fcs,ON,0.8387600000000001,83.876
VB_20240916_PGK1_proms_Experiment_ys321_T01_D9.fcs,ON,0.009519999999999999,0.952
AD_20260429_TEF_cognate_Experiment_Group(1)_E08.fcs,OFF,0.00768000000000002,99.232
AD_20260429_TEF_cognate_Experiment_Group(1)_E09.fcs,ON,0.68856,68.856
AD_20260429_TEF_cognate_Experiment_Group(1)_E10.fcs,OFF,0.63236,36.76399999999999
AD_20260429_TEF_cognate_Experiment_Group(1)_E11.fcs,ON,0.22396000000000002,22.396
AD_20260429_TEF_cognate_Experiment_Group(1)_F08.fcs,OFF,0.031359999999999943,96.864
AD_20260429_TEF_cognate_Experiment_Group(1)_F09.fcs,ON,0.6556799999999999,65.568
AD_20260429_TEF_cognate_Experiment_Group(1)_F10.fcs,OFF,0.63252,36.748
AD_20260429_TEF_cognate_Experiment_Group(1)_F11.fcs,ON,0.3504,35.04
AD_20260429_TEF_cognate_Experiment_last timepoint_G08.fcs,OFF,0.0047199999999999465,99.528
AD_20260429_TEF_cognate_Experiment_last timepoint_G09.fcs,ON,0.51556,51.556
AD_20260429_TEF_cognate_Experiment_last timepoint_G10.fcs,OFF,0.40091999999999994,59.90800000000001
AD_20260429_TEF_cognate_Experiment_last timepoint_G11.fcs,ON,0.42528,42.528
AD_20260429_TEF_cognate_Experiment_last timepoint_H08.fcs,OFF,0.022760000000000002,97.724
AD_20260429_TEF_cognate_Experiment_last timepoint_H09.fcs,ON,0.47588,47.588
AD_20260429_TEF_cognate_Experiment_last timepoint_H10.fcs,OFF,0.3336,66.64
AD_20260429_TEF_cognate_Experiment_last timepoint_H11.fcs,ON,0.4484,44.84
AD_20260429_TEF_cognate_Experiment_14h(T01)_C08.fcs,OFF,0.012279999999999958,98.772
AD_20260429_TEF_cognate_Experiment_14h(T01)_C09.fcs,ON,0.82896,82.896
AD_20260429_TEF_cognate_Experiment_14h(T01)_C10.fcs,OFF,0.80896,19.104
AD_20260429_TEF_cognate_Experiment_14h(T01)_C11.fcs,ON,0.10392,10.392
AD_20260429_TEF_cognate_Experiment_14h(T01)_D08.fcs,OFF,0.03811999999999993,96.188
AD_20260429_TEF_cognate_Experiment_14h(T01)_D09.fcs,ON,0.8150800000000001,81.50800000000001
AD_20260429_TEF_cognate_Experiment_14h(T01)_D10.fcs,OFF,0.75288,24.712
AD_20260429_TEF_cognate_Experiment_14h(T01)_D11.fcs,ON,0.18239999999999998,18.24
AD_20260429_TEF_cognate_Experiment_Group_A08.fcs,OFF,0.28304000000000007,71.696
AD_20260429_TEF_cognate_Experiment_Group_A09.fcs,ON,0.85868,85.868
AD_20260429_TEF_cognate_Experiment_Group_A10.fcs,OFF,0.99496,0.504
AD_20260429_TEF_cognate_Experiment_Group_A11.fcs,ON,0.012959999999999998,1.2959999999999998
AD_20260429_TEF_cognate_Experiment_Group_B08.fcs,OFF,0.25747999999999993,74.25200000000001
AD_20260429_TEF_cognate_Experiment_Group_B09.fcs,ON,0.8404,84.04
AD_20260429_TEF_cognate_Experiment_Group_B10.fcs,OFF,0.9908000000000001,0.91999999999999
AD_20260429_TEF_cognate_Experiment_Group_B11.fcs,ON,0.01564,1.564
