name,Population,Parent,Frequency,ParentFrequency
AD20240516_plate2_gfpSNR52solliquid(1)_Experiment_day2_A06.fcs,/GFP,root,0.0015600000000000058,1.0
AD20240516_plate2_gfpSNR52solliquid(1)_Experiment_day2_B06.fcs,/GFP,root,0.0017199999999999438,1.0
AD20240516_plate2_gfpSNR52solliquid(1)_Experiment_day2_C05.fcs,/GFP,root,0.0008000000000000229,1.0
AD20240516_plate2_gfpSNR52solliquid(1)_Experiment_day2_C06.fcs,/GFP,root,0.12807999999999997,1.0
AD20240516_plate2_gfpSNR52solliquid(1)_Experiment_day2_D05.fcs,/GFP,root,0.0020000000000000018,1.0
AD20240516_plate2_gfpSNR52solliquid(1)_Experiment_day2_D06.fcs,/GFP,root,0.11599999999999999,1.0
AD20240516_plate2_gfpSNR52solliquid(1)_Experiment_day2_E06.fcs,/GFP,root,0.07808000000000004,1.0
AD20240516_plate2_gfpSNR52solliquid(1)_Experiment_day2_F06.fcs,/GFP,root,0.08148,1.0
AD20240516_plate2_gfpSNR52solliquid(1)_Experiment_day2_G06.fcs,/GFP,root,0.2610800000000001,1.0
AD20240516_plate2_gfpSNR52solliquid(1)_Experiment_day2_H06.fcs,/GFP,root,0.25516000000000005,1.0
AD_20240709_cas12a_all_PGK1plateC_Experiment_12gen_A06.fcs,/GFP,root,0.0050000000000000044,1.0
AD_20240709_cas12a_all_PGK1plateC_Experiment_12gen_B06.fcs,/GFP,root,0.007960000000000078,1.0
AD_20240709_cas12a_all_PGK1plateC_Experiment_12gen_C05.fcs,/GFP,root,0.0030800000000000827,1.0
AD_20240709_cas12a_all_PGK1plateC_Experiment_12gen_C06.fcs,/GFP,root,0.014479999999999937,1.0
AD_20240709_cas12a_all_PGK1plateC_Experiment_12gen_D05.fcs,/GFP,root,0.0014400000000001079,1.0
AD_20240709_cas12a_all_PGK1plateC_Experiment_12gen_D06.fcs,/GFP,root,0.01532,1.0
AD_20240709_cas12a_all_PGK1plateC_Experiment_12gen_E06.fcs,/GFP,root,0.005639999999999978,1.0
AD_20240709_cas12a_all_PGK1plateC_Experiment_12gen_F06.fcs,/GFP,root,0.0038399999999999546,1.0
VB_20241007_MbCas12a_PGK1_Experiment_T03_C3.fcs,/GFP,root,0.012759999999999994,1.0
VB_20241007_MbCas12a_PGK1_Experiment_T03_D3.fcs,/GFP,root,0.015199999999999991,1.0
AD20240516_plate2_gfpSNR52solliquid(1)_Experiment_day3_A08.fcs,/GFP,root,0.0018000000000000238,1.0
AD20240516_plate2_gfpSNR52solliquid(1)_Experiment_day3_B08.fcs,/GFP,root,0.0013999999999999568,1.0
AD20240516_plate2_gfpSNR52solliquid(1)_Experiment_day3_C07.fcs,/GFP,root,0.0012799999999999478,1.0
AD20240516_plate2_gfpSNR52solliquid(1)_Experiment_day3_C08.fcs,/GFP,root,0.03195999999999999,1.0
AD20240516_plate2_gfpSNR52solliquid(1)_Experiment_day3_D07.fcs,/GFP,root,0.0007200000000000539,1.0
AD20240516_plate2_gfpSNR52solliquid(1)_Experiment_day3_D08.fcs,/GFP,root,0.024920000000000053,1.0
AD20240516_plate2_gfpSNR52solliquid(1)_Experiment_day3_E08.fcs,/GFP,root,0.029200000000000004,1.0
AD20240516_plate2_gfpSNR52solliquid(1)_Experiment_day3_F08.fcs,/GFP,root,0.03488000000000002,1.0
AD20240516_plate2_gfpSNR52solliquid(1)_Experiment_day3_G08.fcs,/GFP,root,0.13060000000000005,1.0
AD20240516_plate2_gfpSNR52solliquid(1)_Experiment_day3_H08.fcs,/GFP,root,0.1335599999999999,1.0
AD_20240709_cas12a_all_PGK1plateC_Experiment_24gen_A08.fcs,/GFP,root,0.00651999999999997,1.0
AD_20240709_cas12a_all_PGK1plateC_Experiment_24gen_B08.fcs,/GFP,root,0.005720000000000058,1.0
AD_20240709_cas12a_all_PGK1plateC_Experiment_24gen_C07.fcs,/GFP,root,0.0014400000000001079,1.0
AD_20240709_cas12a_all_PGK1plateC_Experiment_24gen_C08.fcs,/GFP,root,0.0049200000000000355,1.0
AD_20240709_cas12a_all_PGK1plateC_Experiment_24gen_D07.fcs,/GFP,root,0.0007200000000000539,1.0
AD_20240709_cas12a_all_PGK1plateC_Experiment_24gen_D08.fcs,/GFP,root,0.0048399999999999554,1.0
AD_20240709_cas12a_all_PGK1plateC_Experiment_24gen_E08.fcs,/GFP,root,0.00784000000000007,1.0
AD_20240709_cas12a_all_PGK1plateC_Experiment_24gen_F08.fcs,/GFP,root,0.0024399999999999977,1.0
VB_20241007_MbCas12a_PGK1_Experiment_T04_C4.fcs,/GFP,root,0.0030800000000000827,1.0
VB_20241007_MbCas12a_PGK1_Experiment_T04_D4.fcs,/GFP,root,0.005879999999999885,1.0
AD20240516_plate2_gfpSNR52solliquid(1)_Experiment_scrapedcells_and_day_1_A04.fcs,/GFP,root,0.0017599999999999838,1.0
AD20240516_plate2_gfpSNR52solliquid(1)_Experiment_scrapedcells_and_day_1_B04.fcs,/GFP,root,0.0040399999999999325,1.0
AD20240516_plate2_gfpSNR52solliquid(1)_Experiment_scrapedcells_and_day_1_C03.fcs,/GFP,root,0.0038399999999999546,1.0
AD20240516_plate2_gfpSNR52solliquid(1)_Experiment_scrapedcells_and_day_1_C04.fcs,/GFP,root,0.34024,1.0
AD20240516_plate2_gfpSNR52solliquid(1)_Experiment_scrapedcells_and_day_1_D03.fcs,/GFP,root,0.0034000000000000696,1.0
AD20240516_plate2_gfpSNR52solliquid(1)_Experiment_scrapedcells_and_day_1_D04.fcs,/GFP,root,0.34124,1.0
AD20240516_plate2_gfpSNR52solliquid(1)_Experiment_scrapedcells_and_day_1_E04.fcs,/GFP,root,0.18491999999999986,1.0
AD20240516_plate2_gfpSNR52solliquid(1)_Experiment_scrapedcells_and_day_1_F04.fcs,/GFP,root,0.19540000000000002,1.0
AD20240516_plate2_gfpSNR52solliquid(1)_Experiment_scrapedcells_and_day_1_G04.fcs,/GFP,root,0.40503999999999996,1.0
AD20240516_plate2_gfpSNR52solliquid(1)_Experiment_scrapedcells_and_day_1_H04.fcs,/GFP,root,0.4214800000000001,1.0
AD_20240709_cas12a_all_PGK1plateC_Experiment_scraped_cells_firstread_A04.fcs,/GFP,root,0.005759999999999987,1.0
AD_20240709_cas12a_all_PGK1plateC_Experiment_scraped_cells_firstread_B04.fcs,/GFP,root,0.00871999999999995,1.0
AD_20240709_cas12a_all_PGK1plateC_Experiment_scraped_cells_firstread_C03.fcs,/GFP,root,0.0028400000000000647,1.0
AD_20240709_cas12a_all_PGK1plateC_Experiment_scraped_cells_firstread_C04.fcs,/GFP,root,0.07647999999999999,1.0
AD_20240709_cas12a_all_PGK1plateC_Experiment_scraped_cells_firstread_D03.fcs,/GFP,root,0.0027200000000000557,1.0
AD_20240709_cas12a_all_PGK1plateC_Experiment_scraped_cells_firstread_D04.fcs,/GFP,root,0.07444000000000006,1.0
AD_20240709_cas12a_all_PGK1plateC_Experiment_scraped_cells_firstread_E04.fcs,/GFP,root,0.030959999999999988,1.0
AD_20240709_cas12a_all_PGK1plateC_Experiment_scraped_cells_firstread_F04.fcs,/GFP,root,0.031359999999999943,1.0
VB_20241007_MbCas12a_PGK1_Experiment_T02_C2.fcs,/GFP,root,0.08592,1.0
VB_20241007_MbCas12a_PGK1_Experiment_T02_D2.fcs,/GFP,root,0.09296000000000004,1.0
AD20240516_plate2_gfpSNR52solliquid(1)_Experiment_scrapedcells_and_day_1_A02.fcs,/GFP,root,0.09943999999999997,1.0
AD20240516_plate2_gfpSNR52solliquid(1)_Experiment_scrapedcells_and_day_1_B02.fcs,/GFP,root,0.10652000000000006,1.0
AD20240516_plate2_gfpSNR52solliquid(1)_Experiment_scrapedcells_and_day_1_C01.fcs,/GFP,root,0.005759999999999987,1.0
AD20240516_plate2_gfpSNR52solliquid(1)_Experiment_scrapedcells_and_day_1_C02.fcs,/GFP,root,0.96796,1.0
AD20240516_plate2_gfpSNR52solliquid(1)_Experiment_scrapedcells_and_day_1_D01.fcs,/GFP,root,0.005999999999999894,1.0
AD20240516_plate2_gfpSNR52solliquid(1)_Experiment_scrapedcells_and_day_1_D02.fcs,/GFP,root,0.9712,1.0
AD20240516_plate2_gfpSNR52solliquid(1)_Experiment_scrapedcells_and_day_1_E02.fcs,/GFP,root,0.97716,1.0
AD20240516_plate2_gfpSNR52solliquid(1)_Experiment_scrapedcells_and_day_1_F02.fcs,/GFP,root,0.97672,1.0
AD20240516_plate2_gfpSNR52solliquid(1)_Experiment_scrapedcells_and_day_1_G02.fcs,/GFP,root,0.982,1.0
AD20240516_plate2_gfpSNR52solliquid(1)_Experiment_scrapedcells_and_day_1_H02.fcs,/GFP,root,0.9806,1.0
AD_20240709_cas12a_all_PGK1plateC_Experiment_scraped_cells_firstread_A02.fcs,/GFP,root,0.011479999999999935,1.0
AD_20240709_cas12a_all_PGK1plateC_Experiment_scraped_cells_firstread_B02.fcs,/GFP,root,0.013319999999999887,1.0
AD_20240709_cas12a_all_PGK1plateC_Experiment_scraped_cells_firstread_C01.fcs,/GFP,root,0.0032400000000000206,1.0
AD_20240709_cas12a_all_PGK1plateC_Experiment_scraped_cells_firstread_C02.fcs,/GFP,root,0.83212,1.0
AD_20240709_cas12a_all_PGK1plateC_Experiment_scraped_cells_firstread_D01.fcs,/GFP,root,0.0028000000000000247,1.0
AD_20240709_cas12a_all_PGK1plateC_Experiment_scraped_cells_firstread_D02.fcs,/GFP,root,0.8243199999999999,1.0
AD_20240709_cas12a_all_PGK1plateC_Experiment_scraped_cells_firstread_E02.fcs,/GFP,root,0.9014800000000001,1.0
AD_20240709_cas12a_all_PGK1plateC_Experiment_scraped_cells_firstread_F02.fcs,/GFP,root,0.89436,1.0
VB_20241007_MbCas12a_PGK1_Experiment_T01_C1.fcs,/GFP,root,0.88324,1.0
VB_20241007_MbCas12a_PGK1_Experiment_T01_D1.fcs,/GFP,root,0.88432,1.0
VB_20240909_Cas_vars_Experiment_T03_PGK1_D1_E11.fcs,/GFP,root,0.66716,1.0
VB_20240909_Cas_vars_Experiment_T03_PGK1_D1_F11.fcs,/GFP,root,0.63732,1.0
VB_20240909_Cas_vars_Experiment_T03_PGK1_D1_G11.fcs,/GFP,root,0.7064785118665811,1.0
VB_20240909_Cas_vars_Experiment_T03_PGK1_D2_E12.fcs,/GFP,root,0.6500400000000001,1.0
VB_20240909_Cas_vars_Experiment_T03_PGK1_D2_F12.fcs,/GFP,root,0.7586400000000001,1.0
VB_20240909_Cas_vars_Experiment_T03_PGK1_D2_G12.fcs,/GFP,root,0.7416800000000001,1.0
VB_20240909_Cas_vars_Experiment_T03_TEF_D1_E9.fcs,/GFP,root,0.6866,1.0
VB_20240909_Cas_vars_Experiment_T03_TEF_D1_F9.fcs,/GFP,root,0.6973999999999999,1.0
VB_20240909_Cas_vars_Experiment_T03_TEF_D1_G9.fcs,/GFP,root,0.42184,1.0
VB_20240909_Cas_vars_Experiment_T03_TEF_D1_H9.fcs,/GFP,root,0.34964,1.0
VB_20240909_Cas_vars_Experiment_T03_TEF_D2_E10.fcs,/GFP,root,0.74768,1.0
VB_20240909_Cas_vars_Experiment_T03_TEF_D2_F10.fcs,/GFP,root,0.66684,1.0
VB_20240909_Cas_vars_Experiment_T03_TEF_D2_G10.fcs,/GFP,root,0.37632,1.0
VB_20240909_Cas_vars_Experiment_T03_TEF_D2_H10.fcs,/GFP,root,0.30888000000000004,1.0
VB_20240916_PGK1_proms_P2_Experiment_ys304_T03_A11.fcs,/GFP,root,0.5702,1.0
VB_20240916_PGK1_proms_P2_Experiment_ys304_T03_A12.fcs,/GFP,root,0.6093999999999999,1.0
VB_20240916_PGK1_proms_P2_Experiment_ys318_T03_C3.fcs,/GFP,root,0.32932,1.0
VB_20240916_PGK1_proms_P2_Experiment_ys318_T03_C4.fcs,/GFP,root,0.32736,1.0
VB_20241007_MbCas12a_PGK1_Experiment_T03_G3.fcs,/GFP,root,0.6606799999999999,1.0
VB_20241007_MbCas12a_PGK1_Experiment_T03_H3.fcs,/GFP,root,0.7097199999999999,1.0
VB_20240911_Cas_vars_P2_Experiment_T04_PGK1_D1_E3.fcs,/GFP,root,0.6028,1.0
VB_20240911_Cas_vars_P2_Experiment_T04_PGK1_D1_F3.fcs,/GFP,root,0.60076,1.0
VB_20240911_Cas_vars_P2_Experiment_T04_PGK1_D1_G3.fcs,/GFP,root,0.73464,1.0
VB_20240911_Cas_vars_P2_Experiment_T04_PGK1_D2_E4.fcs,/GFP,root,0.59396,1.0
VB_20240911_Cas_vars_P2_Experiment_T04_PGK1_D2_F4.fcs,/GFP,root,0.72556,1.0
VB_20240911_Cas_vars_P2_Experiment_T04_PGK1_D2_G4.fcs,/GFP,root,0.7437600000000001,1.0
VB_20240911_Cas_vars_P2_Experiment_T04_TEF_D1_E1.fcs,/GFP,root,0.61596,1.0
VB_20240911_Cas_vars_P2_Experiment_T04_TEF_D1_F1.fcs,/GFP,root,0.7252,1.0
VB_20240911_Cas_vars_P2_Experiment_T04_TEF_D1_G1.fcs,/GFP,root,0.51052,1.0
VB_20240911_Cas_vars_P2_Experiment_T04_TEF_D1_H1.fcs,/GFP,root,0.42136,1.0
VB_20240911_Cas_vars_P2_Experiment_T04_TEF_D2_E2.fcs,/GFP,root,0.7040000000000001,1.0
VB_20240911_Cas_vars_P2_Experiment_T04_TEF_D2_F2.fcs,/GFP,root,0.72796,1.0
VB_20240911_Cas_vars_P2_Experiment_T04_TEF_D2_G2.fcs,/GFP,root,0.5162,1.0
VB_20240911_Cas_vars_P2_Experiment_T04_TEF_D2_H2.fcs,/GFP,root,0.43164,1.0
VB_20240916_PGK1_proms_P2_Experiment_ys304_T04_C11.fcs,/GFP,root,0.44236,1.0
VB_20240916_PGK1_proms_P2_Experiment_ys304_T04_C12.fcs,/GFP,root,0.4656,1.0
VB_20240916_PGK1_proms_P2_Experiment_ys318_T04_G3.fcs,/GFP,root,0.1968,1.0
VB_20240916_PGK1_proms_P2_Experiment_ys318_T04_G4.fcs,/GFP,root,0.1292,1.0
VB_20241007_MbCas12a_PGK1_Experiment_T04_G4.fcs,/GFP,root,0.5802,1.0
VB_20241007_MbCas12a_PGK1_Experiment_T04_H4.fcs,/GFP,root,0.61832,1.0
VB_20240909_Cas_vars_Experiment_T02_PGK1_D1_E7.fcs,/GFP,root,0.80156,1.0
VB_20240909_Cas_vars_Experiment_T02_PGK1_D1_F7.fcs,/GFP,root,0.60468,1.0
VB_20240909_Cas_vars_Experiment_T02_PGK1_D1_G7.fcs,/GFP,root,0.57168,1.0
VB_20240909_Cas_vars_Experiment_T02_PGK1_D2_E8.fcs,/GFP,root,0.78452,1.0
VB_20240909_Cas_vars_Experiment_T02_PGK1_D2_F8.fcs,/GFP,root,0.6348400000000001,1.0
VB_20240909_Cas_vars_Experiment_T02_PGK1_D2_G8.fcs,/GFP,root,0.62144,1.0
VB_20240909_Cas_vars_Experiment_T02_TEF_D1_E5.fcs,/GFP,root,0.80704,1.0
VB_20240909_Cas_vars_Experiment_T02_TEF_D1_F5.fcs,/GFP,root,0.43616,1.0
VB_20240909_Cas_vars_Experiment_T02_TEF_D1_G5.fcs,/GFP,root,0.25684,1.0
VB_20240909_Cas_vars_Experiment_T02_TEF_D1_H5.fcs,/GFP,root,0.18539999999999998,1.0
VB_20240909_Cas_vars_Experiment_T02_TEF_D2_E6.fcs,/GFP,root,0.8532,1.0
VB_20240909_Cas_vars_Experiment_T02_TEF_D2_F6.fcs,/GFP,root,0.38539999999999996,1.0
VB_20240909_Cas_vars_Experiment_T02_TEF_D2_G6.fcs,/GFP,root,0.23408,1.0
VB_20240909_Cas_vars_Experiment_T02_TEF_D2_H6.fcs,/GFP,root,0.17643999999999999,1.0
VB_20240916_PGK1_proms_Experiment_ys304_T02_C11.fcs,/GFP,root,0.65208,1.0
VB_20240916_PGK1_proms_Experiment_ys304_T02_C12.fcs,/GFP,root,0.70176,1.0
VB_20240916_PGK1_proms_Experiment_ys318_T02_G3.fcs,/GFP,root,0.48788,1.0
VB_20240916_PGK1_proms_Experiment_ys318_T02_G4.fcs,/GFP,root,0.49195999999999995,1.0
VB_20241007_MbCas12a_PGK1_Experiment_T02_G2.fcs,/GFP,root,0.62036,1.0
VB_20241007_MbCas12a_PGK1_Experiment_T02_H2.fcs,/GFP,root,0.63336,1.0
VB_20240909_Cas_vars_Experiment_T01_PGK1_D1_E3.fcs,/GFP,root,0.86464,1.0
VB_20240909_Cas_vars_Experiment_T01_PGK1_D1_F3.fcs,/GFP,root,0.10548,1.0
VB_20240909_Cas_vars_Experiment_T01_PGK1_D1_G3.fcs,/GFP,root,0.034319999999999996,1.0
VB_20240909_Cas_vars_Experiment_T01_PGK1_D2_E4.fcs,/GFP,root,0.8375199999999999,1.0
VB_20240909_Cas_vars_Experiment_T01_PGK1_D2_F4.fcs,/GFP,root,0.11124,1.0
VB_20240909_Cas_vars_Experiment_T01_PGK1_D2_G4.fcs,/GFP,root,0.0294,1.0
VB_20240909_Cas_vars_Experiment_T01_TEF_D1_E1.fcs,/GFP,root,0.7784,1.0
VB_20240909_Cas_vars_Experiment_T01_TEF_D1_F1.fcs,/GFP,root,0.03512,1.0
VB_20240909_Cas_vars_Experiment_T01_TEF_D1_G1.fcs,/GFP,root,0.018879999999999997,1.0
VB_20240909_Cas_vars_Experiment_T01_TEF_D1_H1.fcs,/GFP,root,0.01796,1.0
VB_20240909_Cas_vars_Experiment_T01_TEF_D2_E2.fcs,/GFP,root,0.8373999999999999,1.0
VB_20240909_Cas_vars_Experiment_T01_TEF_D2_F2.fcs,/GFP,root,0.03676,1.0
VB_20240909_Cas_vars_Experiment_T01_TEF_D2_G2.fcs,/GFP,root,0.01568,1.0
VB_20240909_Cas_vars_Experiment_T01_TEF_D2_H2.fcs,/GFP,root,0.01424,1.0
VB_20240916_PGK1_proms_Experiment_ys304_T01_A11.fcs,/GFP,root,0.7766,1.0
VB_20240916_PGK1_proms_Experiment_ys304_T01_A12.fcs,/GFP,root,0.8073600000000001,1.0
VB_20240916_PGK1_proms_Experiment_ys318_T01_C3.fcs,/GFP,root,0.7282,1.0
VB_20240916_PGK1_proms_Experiment_ys318_T01_C4.fcs,/GFP,root,0.73736,1.0
VB_20241007_MbCas12a_PGK1_Experiment_T01_G1.fcs,/GFP,root,0.04972000000000001,1.0
VB_20241007_MbCas12a_PGK1_Experiment_T01_H1.fcs,/GFP,root,0.05712,1.0
AD_20250121_cognate_DR_2_Experiment_Group_A01.fcs,/GFP,root,0.07511999999999996,1.0
AD_20250121_cognate_DR_2_Experiment_Group_A03.fcs,/GFP,root,0.0043600000000000305,1.0
AD_20250121_cognate_DR_2_Experiment_Group_A04.fcs,/GFP,root,0.32343999999999995,1.0
AD_20250121_cognate_DR_2_Experiment_Group_A05.fcs,/GFP,root,0.62136,1.0
AD_20250121_cognate_DR_2_Experiment_Group_B01.fcs,/GFP,root,0.06720000000000004,1.0
AD_20250121_cognate_DR_2_Experiment_Group_B03.fcs,/GFP,root,0.00024000000000001798,1.0
AD_20250121_cognate_DR_2_Experiment_Group_B04.fcs,/GFP,root,0.37816000000000005,1.0
AD_20250121_cognate_DR_2_Experiment_Group_B05.fcs,/GFP,root,0.67096,1.0
AD_20250121_cognate_DR_2_Experiment_Group_C03.fcs,/GFP,root,0.17932000000000003,1.0
AD_20250121_cognate_DR_2_Experiment_Group_C04.fcs,/GFP,root,0.96732,1.0
AD_20250121_cognate_DR_2_Experiment_Group_D03.fcs,/GFP,root,0.18059999999999998,1.0
AD_20250121_cognate_DR_2_Experiment_Group_D04.fcs,/GFP,root,0.9788,1.0
AD_20250121_cognate_DR_2_Experiment_Group_E01.fcs,/GFP,root,0.009399999999999964,1.0
AD_20250121_cognate_DR_2_Experiment_Group_E03.fcs,/GFP,root,0.0006000000000000449,1.0
AD_20250121_cognate_DR_2_Experiment_Group_E04.fcs,/GFP,root,0.56396,1.0
AD_20250121_cognate_DR_2_Experiment_Group_F01.fcs,/GFP,root,0.010360000000000036,1.0
AD_20250121_cognate_DR_2_Experiment_Group_F03.fcs,/GFP,root,0.00012000000000000899,1.0
AD_20250121_cognate_DR_2_Experiment_Group_F04.fcs,/GFP,root,0.58676,1.0
AD_20250121_cognate_DR_2_Experiment_Group_G03.fcs,/GFP,root,0.0013200000000000989,1.0
AD_20250121_cognate_DR_2_Experiment_Group_G04.fcs,/GFP,root,0.01096000000000008,1.0
AD_20250121_cognate_DR_2_Experiment_Group_H03.fcs,/GFP,root,0.010360000000000036,1.0
AD_20250121_cognate_DR_2_Experiment_Group_H04.fcs,/GFP,root,0.0023600000000000287,1.0
AD_20260429_TEF_cognate_Experiment_Group(1)_E02.fcs,/GFP,root,0.82076,1.0
AD_20260429_TEF_cognate_Experiment_Group(1)_E03.fcs,/GFP,root,0.5916,1.0
AD_20260429_TEF_cognate_Experiment_Group(1)_E04.fcs,/GFP,root,0.72624,1.0
AD_20260429_TEF_cognate_Experiment_Group(1)_E05.fcs,/GFP,root,0.7622,1.0
AD_20260429_TEF_cognate_Experiment_Group(1)_E06.fcs,/GFP,root,0.74588,1.0
AD_20260429_TEF_cognate_Experiment_Group(1)_F02.fcs,/GFP,root,0.77016,1.0
AD_20260429_TEF_cognate_Experiment_Group(1)_F03.fcs,/GFP,root,0.65636,1.0
AD_20260429_TEF_cognate_Experiment_Group(1)_F04.fcs,/GFP,root,0.80256,1.0
AD_20260429_TEF_cognate_Experiment_Group(1)_F05.fcs,/GFP,root,0.7243600000000001,1.0
AD_20260429_TEF_cognate_Experiment_Group(1)_F06.fcs,/GFP,root,0.7458,1.0
AD_20250121_cognate_DR_3_Experiment_Group_A06.fcs,/GFP,root,0.044360000000000066,1.0
AD_20250121_cognate_DR_3_Experiment_Group_A08.fcs,/GFP,root,0.0016399999999999748,1.0
AD_20250121_cognate_DR_3_Experiment_Group_A10.fcs,/GFP,root,0.16215999999999997,1.0
AD_20250121_cognate_DR_3_Experiment_Group_A11.fcs,/GFP,root,0.48288,1.0
AD_20250121_cognate_DR_3_Experiment_Group_B06.fcs,/GFP,root,0.02328000000000008,1.0
AD_20250121_cognate_DR_3_Experiment_Group_B08.fcs,/GFP,root,7.999999999996898e-05,1.0
AD_20250121_cognate_DR_3_Experiment_Group_B10.fcs,/GFP,root,0.17923999999999995,1.0
AD_20250121_cognate_DR_3_Experiment_Group_B11.fcs,/GFP,root,0.5531599999999999,1.0
AD_20250121_cognate_DR_3_Experiment_Group_C08.fcs,/GFP,root,0.07116,1.0
AD_20250121_cognate_DR_3_Experiment_Group_C10.fcs,/GFP,root,0.9608,1.0
AD_20250121_cognate_DR_3_Experiment_Group_D08.fcs,/GFP,root,0.06567999999999996,1.0
AD_20250121_cognate_DR_3_Experiment_Group_D10.fcs,/GFP,root,0.97252,1.0
AD_20250121_cognate_DR_3_Experiment_Group_E06.fcs,/GFP,root,0.011519999999999975,1.0
AD_20250121_cognate_DR_3_Experiment_Group_E08.fcs,/GFP,root,0.00031999999999998696,1.0
AD_20250121_cognate_DR_3_Experiment_Group_E10.fcs,/GFP,root,0.40968000000000004,1.0
AD_20250121_cognate_DR_3_Experiment_Group_F06.fcs,/GFP,root,0.008319999999999883,1.0
AD_20250121_cognate_DR_3_Experiment_Group_F08.fcs,/GFP,root,7.999999999996898e-05,1.0
AD_20250121_cognate_DR_3_Experiment_Group_F10.fcs,/GFP,root,0.44272,1.0
AD_20250121_cognate_DR_3_Experiment_Group_G08.fcs,/GFP,root,0.001080000000000081,1.0
AD_20250121_cognate_DR_3_Experiment_Group_G10.fcs,/GFP,root,0.007159999999999944,1.0
AD_20250121_cognate_DR_3_Experiment_Group_H08.fcs,/GFP,root,0.009560000000000013,1.0
AD_20250121_cognate_DR_3_Experiment_Group_H10.fcs,/GFP,root,0.0009600000000000719,1.0
AD_20260429_TEF_cognate_Experiment_last timepoint_G02.fcs,/GFP,root,0.73308,1.0
AD_20260429_TEF_cognate_Experiment_last timepoint_G03.fcs,/GFP,root,0.45432,1.0
AD_20260429_TEF_cognate_Experiment_last timepoint_G04.fcs,/GFP,root,0.6446,1.0
AD_20260429_TEF_cognate_Experiment_last timepoint_G05.fcs,/GFP,root,0.67604,1.0
AD_20260429_TEF_cognate_Experiment_last timepoint_G06.fcs,/GFP,root,0.63776,1.0
AD_20260429_TEF_cognate_Experiment_last timepoint_H02.fcs,/GFP,root,0.6655200000000001,1.0
AD_20260429_TEF_cognate_Experiment_last timepoint_H03.fcs,/GFP,root,0.51912,1.0
AD_20260429_TEF_cognate_Experiment_last timepoint_H04.fcs,/GFP,root,0.70512,1.0
AD_20260429_TEF_cognate_Experiment_last timepoint_H05.fcs,/GFP,root,0.57708,1.0
AD_20260429_TEF_cognate_Experiment_last timepoint_H06.fcs,/GFP,root,0.6342,1.0
AD_20250121_cognate_DR_1_Experiment_Group_A01.fcs,/GFP,root,0.20687999999999984,1.0
AD_20250121_cognate_DR_1_Experiment_Group_A03.fcs,/GFP,root,0.009360000000000035,1.0
AD_20250121_cognate_DR_1_Experiment_Group_A04.fcs,/GFP,root,0.5569200000000001,1.0
AD_20250121_cognate_DR_1_Experiment_Group_A05.fcs,/GFP,root,0.7392799999999999,1.0
AD_20250121_cognate_DR_1_Experiment_Group_B01.fcs,/GFP,root,0.18832000000000004,1.0
AD_20250121_cognate_DR_1_Experiment_Group_B03.fcs,/GFP,root,0.00024000000000001798,1.0
AD_20250121_cognate_DR_1_Experiment_Group_B04.fcs,/GFP,root,0.60632,1.0
AD_20250121_cognate_DR_1_Experiment_Group_B05.fcs,/GFP,root,0.7759199999999999,1.0
AD_20250121_cognate_DR_1_Experiment_Group_C03.fcs,/GFP,root,0.34636,1.0
AD_20250121_cognate_DR_1_Experiment_Group_C04.fcs,/GFP,root,0.97636,1.0
AD_20250121_cognate_DR_1_Experiment_Group_D03.fcs,/GFP,root,0.34212,1.0
AD_20250121_cognate_DR_1_Experiment_Group_D04.fcs,/GFP,root,0.98304,1.0
AD_20250121_cognate_DR_1_Experiment_Group_E01.fcs,/GFP,root,0.009120000000000017,1.0
AD_20250121_cognate_DR_1_Experiment_Group_E03.fcs,/GFP,root,0.00031999999999998696,1.0
AD_20250121_cognate_DR_1_Experiment_Group_E04.fcs,/GFP,root,0.7021200000000001,1.0
AD_20250121_cognate_DR_1_Experiment_Group_F01.fcs,/GFP,root,0.013400000000000079,1.0
AD_20250121_cognate_DR_1_Experiment_Group_F03.fcs,/GFP,root,0.0005600000000000049,1.0
AD_20250121_cognate_DR_1_Experiment_Group_F04.fcs,/GFP,root,0.72012,1.0
AD_20250121_cognate_DR_1_Experiment_Group_G03.fcs,/GFP,root,0.0023199999999999887,1.0
AD_20250121_cognate_DR_1_Experiment_Group_G04.fcs,/GFP,root,0.019399999999999973,1.0
AD_20250121_cognate_DR_1_Experiment_Group_H03.fcs,/GFP,root,0.014759999999999995,1.0
AD_20250121_cognate_DR_1_Experiment_Group_H04.fcs,/GFP,root,0.020160000000000067,1.0
AD_20260429_TEF_cognate_Experiment_14h(T01)_C02.fcs,/GFP,root,0.89292,1.0
AD_20260429_TEF_cognate_Experiment_14h(T01)_C03.fcs,/GFP,root,0.74912,1.0
AD_20260429_TEF_cognate_Experiment_14h(T01)_C04.fcs,/GFP,root,0.83828,1.0
AD_20260429_TEF_cognate_Experiment_14h(T01)_C05.fcs,/GFP,root,0.86944,1.0
AD_20260429_TEF_cognate_Experiment_14h(T01)_C06.fcs,/GFP,root,0.8104400000000002,1.0
AD_20260429_TEF_cognate_Experiment_14h(T01)_D02.fcs,/GFP,root,0.8592799999999999,1.0
AD_20260429_TEF_cognate_Experiment_14h(T01)_D03.fcs,/GFP,root,0.80088,1.0
AD_20260429_TEF_cognate_Experiment_14h(T01)_D04.fcs,/GFP,root,0.8858799999999999,1.0
AD_20260429_TEF_cognate_Experiment_14h(T01)_D05.fcs,/GFP,root,0.84036,1.0
AD_20260429_TEF_cognate_Experiment_14h(T01)_D06.fcs,/GFP,root,0.79176,1.0
AD_20250121_cognate_DR_1_Experiment_Group_A06.fcs,/GFP,root,0.85324,1.0
AD_20250121_cognate_DR_1_Experiment_Group_A08.fcs,/GFP,root,0.020240000000000036,1.0
AD_20250121_cognate_DR_1_Experiment_Group_A09.fcs,/GFP,root,0.9278,1.0
AD_20250121_cognate_DR_1_Experiment_Group_A10.fcs,/GFP,root,0.9748,1.0
AD_20250121_cognate_DR_1_Experiment_Group_B06.fcs,/GFP,root,0.81796,1.0
AD_20250121_cognate_DR_1_Experiment_Group_B08.fcs,/GFP,root,0.0023600000000000287,1.0
AD_20250121_cognate_DR_1_Experiment_Group_B09.fcs,/GFP,root,0.92172,1.0
AD_20250121_cognate_DR_1_Experiment_Group_B10.fcs,/GFP,root,0.96556,1.0
AD_20250121_cognate_DR_1_Experiment_Group_C08.fcs,/GFP,root,0.86548,1.0
AD_20250121_cognate_DR_1_Experiment_Group_C09.fcs,/GFP,root,0.97844,1.0
AD_20250121_cognate_DR_1_Experiment_Group_D08.fcs,/GFP,root,0.8706,1.0
AD_20250121_cognate_DR_1_Experiment_Group_D09.fcs,/GFP,root,0.98432,1.0
AD_20250121_cognate_DR_1_Experiment_Group_E06.fcs,/GFP,root,0.009599999999999942,1.0
AD_20250121_cognate_DR_1_Experiment_Group_E08.fcs,/GFP,root,0.04488000000000003,1.0
AD_20250121_cognate_DR_1_Experiment_Group_E09.fcs,/GFP,root,0.95916,1.0
AD_20250121_cognate_DR_1_Experiment_Group_F06.fcs,/GFP,root,0.018280000000000074,1.0
AD_20250121_cognate_DR_1_Experiment_Group_F08.fcs,/GFP,root,0.047680000000000056,1.0
AD_20250121_cognate_DR_1_Experiment_Group_F09.fcs,/GFP,root,0.96808,1.0
AD_20250121_cognate_DR_1_Experiment_Group_G08.fcs,/GFP,root,0.009240000000000026,1.0
AD_20250121_cognate_DR_1_Experiment_Group_G09.fcs,/GFP,root,0.3269199999999999,1.0
AD_20250121_cognate_DR_1_Experiment_Group_H08.fcs,/GFP,root,0.019399999999999973,1.0
AD_20250121_cognate_DR_1_Experiment_Group_H09.fcs,/GFP,root,0.3972,1.0
AD_20260429_TEF_cognate_Experiment_Group_A01.fcs,/GFP,root,0.8404,1.0
AD_20260429_TEF_cognate_Experiment_Group_A02.fcs,/GFP,root,0.88824,1.0
AD_20260429_TEF_cognate_Experiment_Group_A03.fcs,/GFP,root,0.82608,1.0
AD_20260429_TEF_cognate_Experiment_Group_A04.fcs,/GFP,root,0.8980400000000001,1.0
AD_20260429_TEF_cognate_Experiment_Group_A05.fcs,/GFP,root,0.9102800000000001,1.0
AD_20260429_TEF_cognate_Experiment_Group_A06.fcs,/GFP,root,0.36276,1.0
AD_20260429_TEF_cognate_Experiment_Group_B01.fcs,/GFP,root,0.8636399999999999,1.0
AD_20260429_TEF_cognate_Experiment_Group_B02.fcs,/GFP,root,0.9080400000000001,1.0
AD_20260429_TEF_cognate_Experiment_Group_B03.fcs,/GFP,root,0.87304,1.0
AD_20260429_TEF_cognate_Experiment_Group_B04.fcs,/GFP,root,0.9376000000000001,1.0
AD_20260429_TEF_cognate_Experiment_Group_B05.fcs,/GFP,root,0.8837600000000001,1.0
AD_20260429_TEF_cognate_Experiment_Group_B06.fcs,/GFP,root,0.18364,1.0
VB_20240909_Cas_vars_Experiment_T01_TEF_D1_C1.fcs,/GFP,root,0.03384,1.0
VB_20240909_Cas_vars_Experiment_T01_TEF_D1_D1.fcs,/GFP,root,0.48196,1.0
VB_20240909_Cas_vars_Experiment_T01_TEF_D2_C2.fcs,/GFP,root,0.04008,1.0
VB_20240909_Cas_vars_Experiment_T01_TEF_D2_D2.fcs,/GFP,root,0.50692,1.0
AD_20241022_gfplib_rpr1_plate1_Experiment_Group_A09.fcs,/GFP,root,0.05507999999999991,1.0
AD_20241022_gfplib_rpr1_plate1_Experiment_Group_A10.fcs,/GFP,root,0.57016,1.0
AD_20241022_gfplib_rpr1_plate1_Experiment_Group_A11.fcs,/GFP,root,0.0027599999999999847,1.0
AD_20241022_gfplib_rpr1_plate1_Experiment_Group_A12.fcs,/GFP,root,0.637530864197531,1.0
AD_20241022_gfplib_rpr1_plate1_Experiment_Group_B09.fcs,/GFP,root,0.05471999999999999,1.0
AD_20241022_gfplib_rpr1_plate1_Experiment_Group_B10.fcs,/GFP,root,0.48707999999999996,1.0
AD_20241022_gfplib_rpr1_plate1_Experiment_Group_B11.fcs,/GFP,root,4.0000000000040004e-05,1.0
AD_20241022_gfplib_rpr1_plate1_Experiment_Group_B12.fcs,/GFP,root,0.76272,1.0
AD_20241022_gfplib_rpr1_plate1_Experiment_Group_C09.fcs,/GFP,root,0.0031600000000000517,1.0
AD_20241022_gfplib_rpr1_plate1_Experiment_Group_C10.fcs,/GFP,root,0.01876,1.0
AD_20241022_gfplib_rpr1_plate1_Experiment_Group_C11.fcs,/GFP,root,0.86696,1.0
AD_20241022_gfplib_rpr1_plate1_Experiment_Group_D09.fcs,/GFP,root,0.00036000000000002697,1.0
AD_20241022_gfplib_rpr1_plate1_Experiment_Group_D10.fcs,/GFP,root,0.01871999999999996,1.0
AD_20241022_gfplib_rpr1_plate1_Experiment_Group_D11.fcs,/GFP,root,0.90936,1.0
AD_20241022_gfplib_rpr1_plate1_Experiment_Group_E09.fcs,/GFP,root,0.99024,1.0
AD_20241022_gfplib_rpr1_plate1_Experiment_Group_E10.fcs,/GFP,root,0.008000000000000007,1.0
AD_20241022_gfplib_rpr1_plate1_Experiment_Group_E11.fcs,/GFP,root,0.011039999999999939,1.0
AD_20241022_gfplib_rpr1_plate1_Experiment_Group_F09.fcs,/GFP,root,0.9892,1.0
AD_20241022_gfplib_rpr1_plate1_Experiment_Group_F10.fcs,/GFP,root,0.006440000000000001,1.0
AD_20241022_gfplib_rpr1_plate1_Experiment_Group_F11.fcs,/GFP,root,0.006800000000000028,1.0
AD_20241022_gfplib_rpr1_plate1_Experiment_Group_G09.fcs,/GFP,root,0.03164,1.0
AD_20241022_gfplib_rpr1_plate1_Experiment_Group_G10.fcs,/GFP,root,0.0043600000000000305,1.0
AD_20241022_gfplib_rpr1_plate1_Experiment_Group_G11.fcs,/GFP,root,0.00031999999999998696,1.0
AD_20241022_gfplib_rpr1_plate1_Experiment_Group_H09.fcs,/GFP,root,0.09831999999999996,1.0
AD_20241022_gfplib_rpr1_plate1_Experiment_Group_H10.fcs,/GFP,root,0.0026800000000000157,1.0
AD_20241022_gfplib_rpr1_plate1_Experiment_Group_H11.fcs,/GFP,root,0.00871999999999995,1.0
AD_20241022_gfplib_rpr1_plate2_Experiment_Group_A01.fcs,/GFP,root,0.01963999999999999,1.0
AD_20241022_gfplib_rpr1_plate2_Experiment_Group_A02.fcs,/GFP,root,0.76612,1.0
AD_20241022_gfplib_rpr1_plate2_Experiment_Group_A03.fcs,/GFP,root,0.0049599999999999644,1.0
AD_20241022_gfplib_rpr1_plate2_Experiment_Group_A04.fcs,/GFP,root,0.021252796420581976,1.0
AD_20241022_gfplib_rpr1_plate2_Experiment_Group_B01.fcs,/GFP,root,0.019199999999999995,1.0
AD_20241022_gfplib_rpr1_plate2_Experiment_Group_B02.fcs,/GFP,root,0.58204,1.0
AD_20241022_gfplib_rpr1_plate2_Experiment_Group_B03.fcs,/GFP,root,0.00031999999999998696,1.0
AD_20241022_gfplib_rpr1_plate2_Experiment_Group_B04.fcs,/GFP,root,0.78984,1.0
AD_20241022_gfplib_rpr1_plate2_Experiment_Group_C01.fcs,/GFP,root,0.0028000000000000247,1.0
AD_20241022_gfplib_rpr1_plate2_Experiment_Group_C02.fcs,/GFP,root,0.01980000000000004,1.0
AD_20241022_gfplib_rpr1_plate2_Experiment_Group_C03.fcs,/GFP,root,0.80388,1.0
AD_20241022_gfplib_rpr1_plate2_Experiment_Group_D01.fcs,/GFP,root,0.00036000000000002697,1.0
AD_20241022_gfplib_rpr1_plate2_Experiment_Group_D02.fcs,/GFP,root,0.020040000000000058,1.0
AD_20241022_gfplib_rpr1_plate2_Experiment_Group_D03.fcs,/GFP,root,0.8858,1.0
AD_20241022_gfplib_rpr1_plate2_Experiment_Group_E01.fcs,/GFP,root,0.98632,1.0
AD_20241022_gfplib_rpr1_plate2_Experiment_Group_E02.fcs,/GFP,root,0.010400000000000076,1.0
AD_20241022_gfplib_rpr1_plate2_Experiment_Group_E03.fcs,/GFP,root,0.013799999999999923,1.0
AD_20241022_gfplib_rpr1_plate2_Experiment_Group_F01.fcs,/GFP,root,0.98784,1.0
AD_20241022_gfplib_rpr1_plate2_Experiment_Group_F02.fcs,/GFP,root,0.007000000000000006,1.0
AD_20241022_gfplib_rpr1_plate2_Experiment_Group_F03.fcs,/GFP,root,0.006800000000000028,1.0
AD_20241022_gfplib_rpr1_plate2_Experiment_Group_G01.fcs,/GFP,root,0.02976000000000001,1.0
AD_20241022_gfplib_rpr1_plate2_Experiment_Group_G02.fcs,/GFP,root,0.0046800000000000175,1.0
AD_20241022_gfplib_rpr1_plate2_Experiment_Group_G03.fcs,/GFP,root,7.999999999996898e-05,1.0
AD_20241022_gfplib_rpr1_plate2_Experiment_Group_H01.fcs,/GFP,root,0.13936000000000004,1.0
AD_20241022_gfplib_rpr1_plate2_Experiment_Group_H02.fcs,/GFP,root,0.0028400000000000647,1.0
AD_20241022_gfplib_rpr1_plate2_Experiment_Group_H03.fcs,/GFP,root,0.017800000000000038,1.0
AD_20241022_gfplib_rpr1_plate1_Experiment_Group_A01.fcs,/GFP,root,0.11256,1.0
AD_20241022_gfplib_rpr1_plate1_Experiment_Group_A02.fcs,/GFP,root,0.395487096338333,1.0
AD_20241022_gfplib_rpr1_plate1_Experiment_Group_A03.fcs,/GFP,root,0.0020399999999999308,1.0
AD_20241022_gfplib_rpr1_plate1_Experiment_Group_A04.fcs,/GFP,root,0.04672897196261705,1.0
AD_20241022_gfplib_rpr1_plate1_Experiment_Group_B01.fcs,/GFP,root,0.12448000000000004,1.0
AD_20241022_gfplib_rpr1_plate1_Experiment_Group_B02.fcs,/GFP,root,0.415270018621974,1.0
AD_20241022_gfplib_rpr1_plate1_Experiment_Group_B03.fcs,/GFP,root,0.000280000000000058,1.0
AD_20241022_gfplib_rpr1_plate1_Experiment_Group_B04.fcs,/GFP,root,0.78424,1.0
AD_20241022_gfplib_rpr1_plate1_Experiment_Group_C01.fcs,/GFP,root,0.0019199999999999218,1.0
AD_20241022_gfplib_rpr1_plate1_Experiment_Group_C02.fcs,/GFP,root,0.013479999999999936,1.0
AD_20241022_gfplib_rpr1_plate1_Experiment_Group_C03.fcs,/GFP,root,0.88728,1.0
AD_20241022_gfplib_rpr1_plate1_Experiment_Group_D01.fcs,/GFP,root,0.00048000000000003595,1.0
AD_20241022_gfplib_rpr1_plate1_Experiment_Group_D02.fcs,/GFP,root,0.014479999999999937,1.0
AD_20241022_gfplib_rpr1_plate1_Experiment_Group_D03.fcs,/GFP,root,0.94084,1.0
AD_20241022_gfplib_rpr1_plate1_Experiment_Group_E01.fcs,/GFP,root,0.97396,1.0
AD_20241022_gfplib_rpr1_plate1_Experiment_Group_E02.fcs,/GFP,root,0.08368007397133592,1.0
AD_20241022_gfplib_rpr1_plate1_Experiment_Group_E03.fcs,/GFP,root,0.00867999999999991,1.0
AD_20241022_gfplib_rpr1_plate1_Experiment_Group_F01.fcs,/GFP,root,0.97848,1.0
AD_20241022_gfplib_rpr1_plate1_Experiment_Group_F02.fcs,/GFP,root,0.08784445376975791,1.0
AD_20241022_gfplib_rpr1_plate1_Experiment_Group_F03.fcs,/GFP,root,0.006440000000000001,1.0
AD_20241022_gfplib_rpr1_plate1_Experiment_Group_G01.fcs,/GFP,root,0.06148507980568996,1.0
AD_20241022_gfplib_rpr1_plate1_Experiment_Group_G02.fcs,/GFP,root,0.0040000000000000036,1.0
AD_20241022_gfplib_rpr1_plate1_Experiment_Group_G03.fcs,/GFP,root,0.00043999999999999595,1.0
AD_20241022_gfplib_rpr1_plate1_Experiment_Group_H01.fcs,/GFP,root,0.07570817199918489,1.0
AD_20241022_gfplib_rpr1_plate1_Experiment_Group_H02.fcs,/GFP,root,0.0032800000000000606,1.0
AD_20241022_gfplib_rpr1_plate1_Experiment_Group_H03.fcs,/GFP,root,0.0047599999999999865,1.0
AD_20241022_gfplib_rpr1_plate1_Experiment_Group_A05.fcs,/GFP,root,0.94656,1.0
AD_20241022_gfplib_rpr1_plate1_Experiment_Group_A06.fcs,/GFP,root,0.7800400000000001,1.0
AD_20241022_gfplib_rpr1_plate1_Experiment_Group_A07.fcs,/GFP,root,0.0023199999999999887,1.0
AD_20241022_gfplib_rpr1_plate1_Experiment_Group_A08.fcs,/GFP,root,0.40540540540540504,1.0
AD_20241022_gfplib_rpr1_plate1_Experiment_Group_B05.fcs,/GFP,root,0.9365600000000001,1.0
AD_20241022_gfplib_rpr1_plate1_Experiment_Group_B06.fcs,/GFP,root,0.80776,1.0
AD_20241022_gfplib_rpr1_plate1_Experiment_Group_B07.fcs,/GFP,root,0.0006399999999999739,1.0
AD_20241022_gfplib_rpr1_plate1_Experiment_Group_B08.fcs,/GFP,root,0.752306831950788,1.0
AD_20241022_gfplib_rpr1_plate1_Experiment_Group_C05.fcs,/GFP,root,0.0018799999999999928,1.0
AD_20241022_gfplib_rpr1_plate1_Experiment_Group_C06.fcs,/GFP,root,0.016719999999999957,1.0
AD_20241022_gfplib_rpr1_plate1_Experiment_Group_C07.fcs,/GFP,root,0.7007325785554279,1.0
AD_20241022_gfplib_rpr1_plate1_Experiment_Group_D05.fcs,/GFP,root,0.0006399999999999739,1.0
AD_20241022_gfplib_rpr1_plate1_Experiment_Group_D06.fcs,/GFP,root,0.01427999999999996,1.0
AD_20241022_gfplib_rpr1_plate1_Experiment_Group_D07.fcs,/GFP,root,0.897745315973325,1.0
AD_20241022_gfplib_rpr1_plate1_Experiment_Group_E05.fcs,/GFP,root,0.91972,1.0
AD_20241022_gfplib_rpr1_plate1_Experiment_Group_E06.fcs,/GFP,root,0.79416,1.0
AD_20241022_gfplib_rpr1_plate1_Experiment_Group_E07.fcs,/GFP,root,0.02207999999999999,1.0
AD_20241022_gfplib_rpr1_plate1_Experiment_Group_F05.fcs,/GFP,root,0.91612,1.0
AD_20241022_gfplib_rpr1_plate1_Experiment_Group_F06.fcs,/GFP,root,0.74708,1.0
AD_20241022_gfplib_rpr1_plate1_Experiment_Group_F07.fcs,/GFP,root,0.018919999999999937,1.0
AD_20241022_gfplib_rpr1_plate1_Experiment_Group_G05.fcs,/GFP,root,0.46748,1.0
AD_20241022_gfplib_rpr1_plate1_Experiment_Group_G06.fcs,/GFP,root,0.14871999999999996,1.0
AD_20241022_gfplib_rpr1_plate1_Experiment_Group_G07.fcs,/GFP,root,0.000160000000000049,1.0
AD_20241022_gfplib_rpr1_plate1_Experiment_Group_H05.fcs,/GFP,root,0.48288,1.0
AD_20241022_gfplib_rpr1_plate1_Experiment_Group_H06.fcs,/GFP,root,0.19899999999999995,1.0
AD_20241022_gfplib_rpr1_plate1_Experiment_Group_H07.fcs,/GFP,root,0.0020799999999999708,1.0
AD_20241028_gfplib_rpr1_donorrec_plate1_Experiment_Group_A09.fcs,/GFP,root,0.05819999999999992,1.0
AD_20241028_gfplib_rpr1_donorrec_plate1_Experiment_Group_A10.fcs,/GFP,root,0.15688000000000002,1.0
AD_20241028_gfplib_rpr1_donorrec_plate1_Experiment_Group_A11.fcs,/GFP,root,0.000280000000000058,1.0
AD_20241028_gfplib_rpr1_donorrec_plate1_Experiment_Group_A12.fcs,/GFP,root,0.59992,1.0
AD_20241028_gfplib_rpr1_donorrec_plate1_Experiment_Group_B09.fcs,/GFP,root,0.052080000000000015,1.0
AD_20241028_gfplib_rpr1_donorrec_plate1_Experiment_Group_B10.fcs,/GFP,root,0.10275999999999996,1.0
AD_20241028_gfplib_rpr1_donorrec_plate1_Experiment_Group_B11.fcs,/GFP,root,0.000160000000000049,1.0
AD_20241028_gfplib_rpr1_donorrec_plate1_Experiment_Group_B12.fcs,/GFP,root,0.7501599999999999,1.0
AD_20241028_gfplib_rpr1_donorrec_plate1_Experiment_Group_C09.fcs,/GFP,root,0.0020000000000000018,1.0
AD_20241028_gfplib_rpr1_donorrec_plate1_Experiment_Group_C10.fcs,/GFP,root,0.0031999999999999806,1.0
AD_20241028_gfplib_rpr1_donorrec_plate1_Experiment_Group_C11.fcs,/GFP,root,0.1897199999999999,1.0
AD_20241028_gfplib_rpr1_donorrec_plate1_Experiment_Group_D09.fcs,/GFP,root,0.0009600000000000719,1.0
AD_20241028_gfplib_rpr1_donorrec_plate1_Experiment_Group_D10.fcs,/GFP,root,0.0009200000000000319,1.0
AD_20241028_gfplib_rpr1_donorrec_plate1_Experiment_Group_D11.fcs,/GFP,root,0.752,1.0
AD_20241028_gfplib_rpr1_donorrec_plate1_Experiment_Group_E09.fcs,/GFP,root,0.99188,1.0
AD_20241028_gfplib_rpr1_donorrec_plate1_Experiment_Group_E10.fcs,/GFP,root,0.0023600000000000287,1.0
AD_20241028_gfplib_rpr1_donorrec_plate1_Experiment_Group_E11.fcs,/GFP,root,0.0012799999999999478,1.0
AD_20241028_gfplib_rpr1_donorrec_plate1_Experiment_Group_F09.fcs,/GFP,root,0.99192,1.0
AD_20241028_gfplib_rpr1_donorrec_plate1_Experiment_Group_F10.fcs,/GFP,root,0.0019599999999999618,1.0
AD_20241028_gfplib_rpr1_donorrec_plate1_Experiment_Group_F11.fcs,/GFP,root,0.007920000000000038,1.0
AD_20241028_gfplib_rpr1_donorrec_plate1_Experiment_Group_G09.fcs,/GFP,root,0.009159999999999946,1.0
AD_20241028_gfplib_rpr1_donorrec_plate1_Experiment_Group_G10.fcs,/GFP,root,0.00031999999999998696,1.0
AD_20241028_gfplib_rpr1_donorrec_plate1_Experiment_Group_G11.fcs,/GFP,root,4.0000000000040004e-05,1.0
AD_20241028_gfplib_rpr1_donorrec_plate1_Experiment_Group_H09.fcs,/GFP,root,0.0044399999999999995,1.0
AD_20241028_gfplib_rpr1_donorrec_plate1_Experiment_Group_H10.fcs,/GFP,root,0.00040000000000006697,1.0
AD_20241028_gfplib_rpr1_donorrec_plate1_Experiment_Group_H11.fcs,/GFP,root,7.999999999996898e-05,1.0
AD_20241028_gfplib_rpr1_donorrec_plate2_Experiment_Group_A01.fcs,/GFP,root,0.0208799999999999,1.0
AD_20241028_gfplib_rpr1_donorrec_plate2_Experiment_Group_A02.fcs,/GFP,root,0.24468,1.0
AD_20241028_gfplib_rpr1_donorrec_plate2_Experiment_Group_A03.fcs,/GFP,root,0.00019999999999997797,1.0
AD_20241028_gfplib_rpr1_donorrec_plate2_Experiment_Group_A04.fcs,/GFP,root,0.5997600000000001,1.0
AD_20241028_gfplib_rpr1_donorrec_plate2_Experiment_Group_B01.fcs,/GFP,root,0.0230800000000001,1.0
AD_20241028_gfplib_rpr1_donorrec_plate2_Experiment_Group_B02.fcs,/GFP,root,0.13948000000000005,1.0
AD_20241028_gfplib_rpr1_donorrec_plate2_Experiment_Group_B03.fcs,/GFP,root,7.999999999996898e-05,1.0
AD_20241028_gfplib_rpr1_donorrec_plate2_Experiment_Group_B04.fcs,/GFP,root,0.73924,1.0
AD_20241028_gfplib_rpr1_donorrec_plate2_Experiment_Group_C01.fcs,/GFP,root,0.0017199999999999438,1.0
AD_20241028_gfplib_rpr1_donorrec_plate2_Experiment_Group_C02.fcs,/GFP,root,0.0015600000000000058,1.0
AD_20241028_gfplib_rpr1_donorrec_plate2_Experiment_Group_C03.fcs,/GFP,root,0.10472000000000004,1.0
AD_20241028_gfplib_rpr1_donorrec_plate2_Experiment_Group_D01.fcs,/GFP,root,0.0007200000000000539,1.0
AD_20241028_gfplib_rpr1_donorrec_plate2_Experiment_Group_D02.fcs,/GFP,root,0.00040000000000006697,1.0
AD_20241028_gfplib_rpr1_donorrec_plate2_Experiment_Group_D03.fcs,/GFP,root,0.74412,1.0
AD_20241028_gfplib_rpr1_donorrec_plate2_Experiment_Group_E01.fcs,/GFP,root,0.98976,1.0
AD_20241028_gfplib_rpr1_donorrec_plate2_Experiment_Group_E02.fcs,/GFP,root,0.0035200000000000786,1.0
AD_20241028_gfplib_rpr1_donorrec_plate2_Experiment_Group_E03.fcs,/GFP,root,0.00036000000000002697,1.0
AD_20241028_gfplib_rpr1_donorrec_plate2_Experiment_Group_F01.fcs,/GFP,root,0.9924,1.0
AD_20241028_gfplib_rpr1_donorrec_plate2_Experiment_Group_F02.fcs,/GFP,root,0.0023600000000000287,1.0
AD_20241028_gfplib_rpr1_donorrec_plate2_Experiment_Group_F03.fcs,/GFP,root,0.009560000000000013,1.0
AD_20241028_gfplib_rpr1_donorrec_plate2_Experiment_Group_G01.fcs,/GFP,root,0.008480000000000043,1.0
AD_20241028_gfplib_rpr1_donorrec_plate2_Experiment_Group_G02.fcs,/GFP,root,0.000160000000000049,1.0
AD_20241028_gfplib_rpr1_donorrec_plate2_Experiment_Group_G03.fcs,/GFP,root,7.999999999996898e-05,1.0
AD_20241028_gfplib_rpr1_donorrec_plate2_Experiment_Group_H01.fcs,/GFP,root,0.0036400000000000876,1.0
AD_20241028_gfplib_rpr1_donorrec_plate2_Experiment_Group_H02.fcs,/GFP,root,0.000160000000000049,1.0
AD_20241028_gfplib_rpr1_donorrec_plate2_Experiment_Group_H03.fcs,/GFP,root,4.0000000000040004e-05,1.0
AD_20241028_gfplib_rpr1_donorrec_plate1_Experiment_Group_A01.fcs,/GFP,root,0.10524,1.0
AD_20241028_gfplib_rpr1_donorrec_plate1_Experiment_Group_A02.fcs,/GFP,root,0.10896000000000006,1.0
AD_20241028_gfplib_rpr1_donorrec_plate1_Experiment_Group_A03.fcs,/GFP,root,0.000520000000000076,1.0
AD_20241028_gfplib_rpr1_donorrec_plate1_Experiment_Group_A04.fcs,/GFP,root,0.54524,1.0
AD_20241028_gfplib_rpr1_donorrec_plate1_Experiment_Group_B01.fcs,/GFP,root,0.09427999999999992,1.0
AD_20241028_gfplib_rpr1_donorrec_plate1_Experiment_Group_B02.fcs,/GFP,root,0.0881062737957291,1.0
AD_20241028_gfplib_rpr1_donorrec_plate1_Experiment_Group_B03.fcs,/GFP,root,7.999999999996898e-05,1.0
AD_20241028_gfplib_rpr1_donorrec_plate1_Experiment_Group_B04.fcs,/GFP,root,0.73844,1.0
AD_20241028_gfplib_rpr1_donorrec_plate1_Experiment_Group_C01.fcs,/GFP,root,0.0014400000000001079,1.0
AD_20241028_gfplib_rpr1_donorrec_plate1_Experiment_Group_C02.fcs,/GFP,root,0.0013999999999999568,1.0
AD_20241028_gfplib_rpr1_donorrec_plate1_Experiment_Group_C03.fcs,/GFP,root,0.22586278204126597,1.0
AD_20241028_gfplib_rpr1_donorrec_plate1_Experiment_Group_D01.fcs,/GFP,root,0.0011600000000000499,1.0
AD_20241028_gfplib_rpr1_donorrec_plate1_Experiment_Group_D02.fcs,/GFP,root,0.0007599999999999829,1.0
AD_20241028_gfplib_rpr1_donorrec_plate1_Experiment_Group_D03.fcs,/GFP,root,0.70624,1.0
AD_20241028_gfplib_rpr1_donorrec_plate1_Experiment_Group_E01.fcs,/GFP,root,0.97924,1.0
AD_20241028_gfplib_rpr1_donorrec_plate1_Experiment_Group_E02.fcs,/GFP,root,0.016090065713180723,1.0
AD_20241028_gfplib_rpr1_donorrec_plate1_Experiment_Group_E03.fcs,/GFP,root,0.0012000000000000899,1.0
AD_20241028_gfplib_rpr1_donorrec_plate1_Experiment_Group_F01.fcs,/GFP,root,0.97668,1.0
AD_20241028_gfplib_rpr1_donorrec_plate1_Experiment_Group_F02.fcs,/GFP,root,0.02376807712908402,1.0
AD_20241028_gfplib_rpr1_donorrec_plate1_Experiment_Group_F03.fcs,/GFP,root,0.005120000000000013,1.0
AD_20241028_gfplib_rpr1_donorrec_plate1_Experiment_Group_G01.fcs,/GFP,root,0.01316000000000006,1.0
AD_20241028_gfplib_rpr1_donorrec_plate1_Experiment_Group_G02.fcs,/GFP,root,0.0011199999999998989,1.0
AD_20241028_gfplib_rpr1_donorrec_plate1_Experiment_Group_G03.fcs,/GFP,root,0.00019999999999997797,1.0
AD_20241028_gfplib_rpr1_donorrec_plate1_Experiment_Group_H01.fcs,/GFP,root,0.009360000000000035,1.0
AD_20241028_gfplib_rpr1_donorrec_plate1_Experiment_Group_H02.fcs,/GFP,root,0.001040000000000041,1.0
AD_20241028_gfplib_rpr1_donorrec_plate1_Experiment_Group_H03.fcs,/GFP,root,0.000160000000000049,1.0
AD_20241028_gfplib_rpr1_donorrec_plate1_Experiment_Group_A05.fcs,/GFP,root,0.75844,1.0
AD_20241028_gfplib_rpr1_donorrec_plate1_Experiment_Group_A06.fcs,/GFP,root,0.34568,1.0
AD_20241028_gfplib_rpr1_donorrec_plate1_Experiment_Group_A07.fcs,/GFP,root,0.0009600000000000719,1.0
AD_20241028_gfplib_rpr1_donorrec_plate1_Experiment_Group_A08.fcs,/GFP,root,0.60476,1.0
AD_20241028_gfplib_rpr1_donorrec_plate1_Experiment_Group_B05.fcs,/GFP,root,0.78948,1.0
AD_20241028_gfplib_rpr1_donorrec_plate1_Experiment_Group_B06.fcs,/GFP,root,0.32208000000000003,1.0
AD_20241028_gfplib_rpr1_donorrec_plate1_Experiment_Group_B07.fcs,/GFP,root,0.0016800000000000148,1.0
AD_20241028_gfplib_rpr1_donorrec_plate1_Experiment_Group_B08.fcs,/GFP,root,0.79016,1.0
AD_20241028_gfplib_rpr1_donorrec_plate1_Experiment_Group_C05.fcs,/GFP,root,0.0013200000000000989,1.0
AD_20241028_gfplib_rpr1_donorrec_plate1_Experiment_Group_C06.fcs,/GFP,root,0.0019599999999999618,1.0
AD_20241028_gfplib_rpr1_donorrec_plate1_Experiment_Group_C07.fcs,/GFP,root,0.49185171506394,1.0
AD_20241028_gfplib_rpr1_donorrec_plate1_Experiment_Group_D05.fcs,/GFP,root,0.0017199999999999438,1.0
AD_20241028_gfplib_rpr1_donorrec_plate1_Experiment_Group_D06.fcs,/GFP,root,0.0021200000000000108,1.0
AD_20241028_gfplib_rpr1_donorrec_plate1_Experiment_Group_D07.fcs,/GFP,root,0.7096,1.0
AD_20241028_gfplib_rpr1_donorrec_plate1_Experiment_Group_E05.fcs,/GFP,root,0.88732,1.0
AD_20241028_gfplib_rpr1_donorrec_plate1_Experiment_Group_E06.fcs,/GFP,root,0.36124,1.0
AD_20241028_gfplib_rpr1_donorrec_plate1_Experiment_Group_E07.fcs,/GFP,root,0.022840000000000082,1.0
AD_20241028_gfplib_rpr1_donorrec_plate1_Experiment_Group_F05.fcs,/GFP,root,0.88412,1.0
AD_20241028_gfplib_rpr1_donorrec_plate1_Experiment_Group_F07.fcs,/GFP,root,0.02944000000000002,1.0
AD_20241028_gfplib_rpr1_donorrec_plate1_Experiment_Group_G05.fcs,/GFP,root,0.13216000000000006,1.0
AD_20241028_gfplib_rpr1_donorrec_plate1_Experiment_Group_G06.fcs,/GFP,root,0.037760000000000016,1.0
AD_20241028_gfplib_rpr1_donorrec_plate1_Experiment_Group_G07.fcs,/GFP,root,0.0006800000000000139,1.0
AD_20241028_gfplib_rpr1_donorrec_plate1_Experiment_Group_H05.fcs,/GFP,root,0.11180000000000012,1.0
AD_20241028_gfplib_rpr1_donorrec_plate1_Experiment_Group_H06.fcs,/GFP,root,0.04296000000000011,1.0
AD_20241028_gfplib_rpr1_donorrec_plate1_Experiment_Group_H07.fcs,/GFP,root,0.00043999999999999595,1.0
AD_20240403_snr52_gfplib_plate2(1)_Experiment_19h30_E01.fcs,/GFP,root,0.008361650948799038,1.0
AD_20240403_snr52_gfplib_plate2(1)_Experiment_19h30_E02.fcs,/GFP,root,0.005658790242410006,1.0
AD_20240403_snr52_gfplib_plate2(1)_Experiment_19h30_E03.fcs,/GFP,root,0.0030569776435487306,1.0
AD_20240403_snr52_gfplib_plate2(1)_Experiment_19h30_E04.fcs,/GFP,root,0.0005502769727430135,1.0
AD_20240403_snr52_gfplib_plate2(1)_Experiment_19h30_E05.fcs,/GFP,root,0.9954854101670031,1.0
AD_20240403_snr52_gfplib_plate2(1)_Experiment_19h30_E06.fcs,/GFP,root,0.9969815876848778,1.0
AD_20240403_snr52_gfplib_plate2(1)_Experiment_19h30_E07.fcs,/GFP,root,0.03777760818133302,1.0
AD_20240403_snr52_gfplib_plate2(1)_Experiment_19h30_E08.fcs,/GFP,root,0.007431526527485022,1.0
AD_20240403_snr52_gfplib_plate2(1)_Experiment_19h30_F01.fcs,/GFP,root,0.768440674097463,1.0
AD_20240403_snr52_gfplib_plate2(1)_Experiment_19h30_F02.fcs,/GFP,root,0.723482218622232,1.0
AD_20240403_snr52_gfplib_plate2(1)_Experiment_19h30_F03.fcs,/GFP,root,0.0020107483639820734,1.0
AD_20240403_snr52_gfplib_plate2(1)_Experiment_19h30_F04.fcs,/GFP,root,0.003479806019324072,1.0
AD_20240403_snr52_gfplib_plate2(1)_Experiment_19h30_F05.fcs,/GFP,root,0.006221081690579,1.0
AD_20240403_snr52_gfplib_plate2(1)_Experiment_19h30_F06.fcs,/GFP,root,0.009135082604470046,1.0
AD_20240403_snr52_gfplib_plate2(1)_Experiment_19h30_F07.fcs,/GFP,root,0.0014138482717569456,1.0
AD_20240403_snr52_gfplib_plate2(1)_Experiment_19h30_F08.fcs,/GFP,root,0.00044960659422998983,1.0
AD_20240403_snr52_gfplib_plate2(1)_Experiment_19h30_G01.fcs,/GFP,root,0.00022213994816699945,1.0
AD_20240403_snr52_gfplib_plate2(1)_Experiment_19h30_G02.fcs,/GFP,root,7.218392463992362e-05,1.0
AD_20240403_snr52_gfplib_plate2(1)_Experiment_19h30_G03.fcs,/GFP,root,3.6613942589025505e-05,1.0
AD_20240403_snr52_gfplib_plate2(1)_Experiment_19h30_G05.fcs,/GFP,root,0.0009018433678440463,1.0
AD_20240403_snr52_gfplib_plate2(1)_Experiment_19h30_G06.fcs,/GFP,root,0.0031849492630179332,1.0
AD_20240403_snr52_gfplib_plate2(1)_Experiment_19h30_G07.fcs,/GFP,root,7.392622163127083e-05,1.0
AD_20240403_snr52_gfplib_plate2(1)_Experiment_19h30_H01.fcs,/GFP,root,0.9970416362308254,1.0
AD_20240403_snr52_gfplib_plate2(1)_Experiment_19h30_H02.fcs,/GFP,root,0.9720726038515458,1.0
AD_20240403_snr52_gfplib_plate2(2)_Experiment_Group(1)_A01.fcs,/GFP,root,0.002522629470248061,1.0
AD_20240403_snr52_gfplib_plate2(2)_Experiment_Group(1)_A02.fcs,/GFP,root,0.0011768370772899939,1.0
AD_20240403_snr52_gfplib_plate2(2)_Experiment_Group(1)_A03.fcs,/GFP,root,0.0025268702398747456,1.0
AD_20240403_snr52_gfplib_plate2(2)_Experiment_Group(1)_A04.fcs,/GFP,root,0.00014543339150674406,1.0
AD_20240403_snr52_gfplib_plate2(2)_Experiment_Group(1)_A05.fcs,/GFP,root,0.9872117326153955,1.0
AD_20240403_snr52_gfplib_plate2(2)_Experiment_Group(1)_A06.fcs,/GFP,root,0.990561420680976,1.0
AD_20240403_snr52_gfplib_plate2(2)_Experiment_Group(1)_A07.fcs,/GFP,root,0.10770818995182396,1.0
AD_20240403_snr52_gfplib_plate2(2)_Experiment_Group(1)_A08.fcs,/GFP,root,0.008371824480369994,1.0
AD_20240403_snr52_gfplib_plate2(2)_Experiment_Group(1)_B01.fcs,/GFP,root,0.790704971759292,1.0
AD_20240403_snr52_gfplib_plate2(2)_Experiment_Group(1)_B02.fcs,/GFP,root,0.9588687074582317,1.0
AD_20240403_snr52_gfplib_plate2(2)_Experiment_Group(1)_B03.fcs,/GFP,root,0.0026386105544419225,1.0
AD_20240403_snr52_gfplib_plate2(2)_Experiment_Group(1)_B04.fcs,/GFP,root,0.0053096075195520065,1.0
AD_20240403_snr52_gfplib_plate2(2)_Experiment_Group(1)_B05.fcs,/GFP,root,0.001969724603319012,1.0
AD_20240403_snr52_gfplib_plate2(2)_Experiment_Group(1)_B06.fcs,/GFP,root,0.00959783957375393,1.0
AD_20240403_snr52_gfplib_plate2(2)_Experiment_Group(1)_B07.fcs,/GFP,root,0.00045494313210792114,1.0
AD_20240403_snr52_gfplib_plate2(2)_Experiment_Group(1)_B08.fcs,/GFP,root,0.0002800728189332746,1.0
AD_20240403_snr52_gfplib_plate2(2)_Experiment_Group(1)_C01.fcs,/GFP,root,0.00013807386951991685,1.0
AD_20240403_snr52_gfplib_plate2(2)_Experiment_Group(1)_C02.fcs,/GFP,root,3.114585604391262e-05,1.0
AD_20240403_snr52_gfplib_plate2(2)_Experiment_Group(1)_C03.fcs,/GFP,root,6.493506493499002e-05,1.0
AD_20240403_snr52_gfplib_plate2(2)_Experiment_Group(1)_C05.fcs,/GFP,root,0.00031246745130697473,1.0
AD_20240403_snr52_gfplib_plate2(2)_Experiment_Group(1)_C06.fcs,/GFP,root,0.003259956309863976,1.0
AD_20240403_snr52_gfplib_plate2(2)_Experiment_Group(1)_C07.fcs,/GFP,root,0.00010341618118503426,1.0
AD_20240403_snr52_gfplib_plate2(2)_Experiment_Group(1)_D01.fcs,/GFP,root,0.9902993928396957,1.0
AD_20240403_snr52_gfplib_plate2(2)_Experiment_Group(1)_D02.fcs,/GFP,root,0.9646481964065285,1.0
AD_20240403_snr52_gfplib_plate2(1)_Experiment_Group_A01.fcs,/GFP,root,0.04176000000000002,1.0
AD_20240403_snr52_gfplib_plate2(1)_Experiment_Group_A02.fcs,/GFP,root,0.04183999999999999,1.0
AD_20240403_snr52_gfplib_plate2(1)_Experiment_Group_A03.fcs,/GFP,root,0.0044399999999999995,1.0
AD_20240403_snr52_gfplib_plate2(1)_Experiment_Group_A04.fcs,/GFP,root,0.0009200000000000319,1.0
AD_20240403_snr52_gfplib_plate2(1)_Experiment_Group_A05.fcs,/GFP,root,0.98808,1.0
AD_20240403_snr52_gfplib_plate2(1)_Experiment_Group_A06.fcs,/GFP,root,0.9876,1.0
AD_20240403_snr52_gfplib_plate2(1)_Experiment_Group_A07.fcs,/GFP,root,0.026479999999999948,1.0
AD_20240403_snr52_gfplib_plate2(1)_Experiment_Group_A08.fcs,/GFP,root,0.006359999999999921,1.0
AD_20240403_snr52_gfplib_plate2(1)_Experiment_Group_B01.fcs,/GFP,root,0.75268,1.0
AD_20240403_snr52_gfplib_plate2(1)_Experiment_Group_B02.fcs,/GFP,root,0.52476,1.0
AD_20240403_snr52_gfplib_plate2(1)_Experiment_Group_B03.fcs,/GFP,root,0.0034800000000000386,1.0
AD_20240403_snr52_gfplib_plate2(1)_Experiment_Group_B04.fcs,/GFP,root,0.006639999999999979,1.0
AD_20240403_snr52_gfplib_plate2(1)_Experiment_Group_B05.fcs,/GFP,root,0.05952000000000002,1.0
AD_20240403_snr52_gfplib_plate2(1)_Experiment_Group_B06.fcs,/GFP,root,0.04932000000000003,1.0
AD_20240403_snr52_gfplib_plate2(1)_Experiment_Group_B07.fcs,/GFP,root,0.0035599999999998966,1.0
AD_20240403_snr52_gfplib_plate2(1)_Experiment_Group_B08.fcs,/GFP,root,0.0032400000000000206,1.0
AD_20240403_snr52_gfplib_plate2(1)_Experiment_Group_C01.fcs,/GFP,root,0.0007200000000000539,1.0
AD_20240403_snr52_gfplib_plate2(1)_Experiment_Group_C02.fcs,/GFP,root,0.000280000000000058,1.0
AD_20240403_snr52_gfplib_plate2(1)_Experiment_Group_C03.fcs,/GFP,root,0.00012000000000000899,1.0
AD_20240403_snr52_gfplib_plate2(1)_Experiment_Group_C04.fcs,/GFP,root,0.15044858523119398,1.0
AD_20240403_snr52_gfplib_plate2(1)_Experiment_Group_C05.fcs,/GFP,root,0.0015199999999999658,1.0
AD_20240403_snr52_gfplib_plate2(1)_Experiment_Group_C06.fcs,/GFP,root,0.0042400000000000215,1.0
AD_20240403_snr52_gfplib_plate2(1)_Experiment_Group_C07.fcs,/GFP,root,0.00012000000000000899,1.0
AD_20240403_snr52_gfplib_plate2(1)_Experiment_Group_C08.fcs,/GFP,root,0.0006000000000000449,1.0
AD_20240403_snr52_gfplib_plate2(1)_Experiment_Group_D01.fcs,/GFP,root,0.9898,1.0
AD_20240403_snr52_gfplib_plate2(1)_Experiment_Group_D02.fcs,/GFP,root,0.96608,1.0
AD_20240403_snr52_gfplib_Experiment_Group_A01.fcs,/GFP,root,0.82648,1.0
AD_20240403_snr52_gfplib_Experiment_Group_A02.fcs,/GFP,root,0.80912,1.0
AD_20240403_snr52_gfplib_Experiment_Group_A03.fcs,/GFP,root,0.03379999999999994,1.0
AD_20240403_snr52_gfplib_Experiment_Group_A04.fcs,/GFP,root,0.022639999999999993,1.0
AD_20240403_snr52_gfplib_Experiment_Group_A05.fcs,/GFP,root,0.94352,1.0
AD_20240403_snr52_gfplib_Experiment_Group_A06.fcs,/GFP,root,0.93168,1.0
AD_20240403_snr52_gfplib_Experiment_Group_A07.fcs,/GFP,root,0.019360000000000044,1.0
AD_20240403_snr52_gfplib_Experiment_Group_A08.fcs,/GFP,root,0.016039999999999943,1.0
AD_20240403_snr52_gfplib_Experiment_Group_B01.fcs,/GFP,root,0.5369200000000001,1.0
AD_20240403_snr52_gfplib_Experiment_Group_B02.fcs,/GFP,root,0.40596,1.0
AD_20240403_snr52_gfplib_Experiment_Group_B03.fcs,/GFP,root,0.05047999999999997,1.0
AD_20240403_snr52_gfplib_Experiment_Group_B04.fcs,/GFP,root,0.05067999999999995,1.0
AD_20240403_snr52_gfplib_Experiment_Group_B05.fcs,/GFP,root,0.79024,1.0
AD_20240403_snr52_gfplib_Experiment_Group_B06.fcs,/GFP,root,0.76772,1.0
AD_20240403_snr52_gfplib_Experiment_Group_B07.fcs,/GFP,root,0.20172,1.0
AD_20240403_snr52_gfplib_Experiment_Group_B08.fcs,/GFP,root,0.19188000000000005,1.0
AD_20240403_snr52_gfplib_Experiment_Group_C01.fcs,/GFP,root,0.001080000000000081,1.0
AD_20240403_snr52_gfplib_Experiment_Group_C02.fcs,/GFP,root,0.0006000000000000449,1.0
AD_20240403_snr52_gfplib_Experiment_Group_C03.fcs,/GFP,root,0.05123999999999995,1.0
AD_20240403_snr52_gfplib_Experiment_Group_C05.fcs,/GFP,root,0.03748000000000007,1.0
AD_20240403_snr52_gfplib_Experiment_Group_C06.fcs,/GFP,root,0.03620000000000001,1.0
AD_20240403_snr52_gfplib_Experiment_Group_C07.fcs,/GFP,root,0.000160000000000049,1.0
AD_20240403_snr52_gfplib_Experiment_Group_C08.fcs,/GFP,root,0.19044000000000016,1.0
AD_20240403_snr52_gfplib_Experiment_Group_D01.fcs,/GFP,root,0.95744,1.0
AD_20240403_snr52_gfplib_Experiment_Group_D02.fcs,/GFP,root,0.84628,1.0
AD_20241205_gfplib_enascas12a_lexA_T1_scraped_Experiment_Group_A09.fcs,/GFP,root,0.030120000000000036,1.0
AD_20241205_gfplib_enascas12a_lexA_T1_scraped_Experiment_Group_A10.fcs,/GFP,root,0.94396,1.0
AD_20241205_gfplib_enascas12a_lexA_T1_scraped_Experiment_Group_A11.fcs,/GFP,root,0.013439999999999896,1.0
AD_20241205_gfplib_enascas12a_lexA_T1_scraped_Experiment_Group_A12.fcs,/GFP,root,0.98352,1.0
AD_20241205_gfplib_enascas12a_lexA_T1_scraped_Experiment_Group_B09.fcs,/GFP,root,0.03471999999999997,1.0
AD_20241205_gfplib_enascas12a_lexA_T1_scraped_Experiment_Group_B10.fcs,/GFP,root,0.96196,1.0
AD_20241205_gfplib_enascas12a_lexA_T1_scraped_Experiment_Group_B11.fcs,/GFP,root,0.01876,1.0
AD_20241205_gfplib_enascas12a_lexA_T1_scraped_Experiment_Group_B12.fcs,/GFP,root,0.98064,1.0
AD_20241205_gfplib_enascas12a_lexA_T1_scraped_Experiment_Group_C09.fcs,/GFP,root,0.04275999999999991,1.0
AD_20241205_gfplib_enascas12a_lexA_T1_scraped_Experiment_Group_C10.fcs,/GFP,root,0.04947999999999997,1.0
AD_20241205_gfplib_enascas12a_lexA_T1_scraped_Experiment_Group_C11.fcs,/GFP,root,0.95252,1.0
AD_20241205_gfplib_enascas12a_lexA_T1_scraped_Experiment_Group_D09.fcs,/GFP,root,0.04083999999999999,1.0
AD_20241205_gfplib_enascas12a_lexA_T1_scraped_Experiment_Group_D10.fcs,/GFP,root,0.050759999999999916,1.0
AD_20241205_gfplib_enascas12a_lexA_T1_scraped_Experiment_Group_D11.fcs,/GFP,root,0.94512,1.0
AD_20241205_gfplib_enascas12a_lexA_T1_scraped_Experiment_Group_E09.fcs,/GFP,root,0.99496,1.0
AD_20241205_gfplib_enascas12a_lexA_T1_scraped_Experiment_Group_E10.fcs,/GFP,root,0.04571999999999998,1.0
AD_20241205_gfplib_enascas12a_lexA_T1_scraped_Experiment_Group_E11.fcs,/GFP,root,0.05587999999999993,1.0
AD_20241205_gfplib_enascas12a_lexA_T1_scraped_Experiment_Group_F09.fcs,/GFP,root,0.99408,1.0
AD_20241205_gfplib_enascas12a_lexA_T1_scraped_Experiment_Group_F10.fcs,/GFP,root,0.04591999999999996,1.0
AD_20241205_gfplib_enascas12a_lexA_T1_scraped_Experiment_Group_F11.fcs,/GFP,root,0.05024000000000006,1.0
AD_20241205_gfplib_enascas12a_lexA_T1_scraped_Experiment_Group_G09.fcs,/GFP,root,0.26283999999999996,1.0
AD_20241205_gfplib_enascas12a_lexA_T1_scraped_Experiment_Group_G10.fcs,/GFP,root,0.022360000000000047,1.0
AD_20241205_gfplib_enascas12a_lexA_T1_scraped_Experiment_Group_G11.fcs,/GFP,root,0.010800000000000032,1.0
AD_20241205_gfplib_enascas12a_lexA_T1_scraped_Experiment_Group_H09.fcs,/GFP,root,0.2902,1.0
AD_20241205_gfplib_enascas12a_lexA_T1_scraped_Experiment_Group_H10.fcs,/GFP,root,0.019120000000000026,1.0
AD_20241205_gfplib_enascas12a_lexA_T1_scraped_Experiment_Group_H11.fcs,/GFP,root,0.012639999999999985,1.0
AD_20241205_gfplib_enascas12a_lexA_T3_Experiment_Group_A01.fcs,/GFP,root,0.022240000000000038,1.0
AD_20241205_gfplib_enascas12a_lexA_T3_Experiment_Group_A02.fcs,/GFP,root,0.98376,1.0
AD_20241205_gfplib_enascas12a_lexA_T3_Experiment_Group_A03.fcs,/GFP,root,0.014680000000000026,1.0
AD_20241205_gfplib_enascas12a_lexA_T3_Experiment_Group_A04.fcs,/GFP,root,0.9906,1.0
AD_20241205_gfplib_enascas12a_lexA_T3_Experiment_Group_B01.fcs,/GFP,root,0.034680000000000044,1.0
AD_20241205_gfplib_enascas12a_lexA_T3_Experiment_Group_B02.fcs,/GFP,root,0.98404,1.0
AD_20241205_gfplib_enascas12a_lexA_T3_Experiment_Group_B03.fcs,/GFP,root,0.023199999999999887,1.0
AD_20241205_gfplib_enascas12a_lexA_T3_Experiment_Group_B04.fcs,/GFP,root,0.98684,1.0
AD_20241205_gfplib_enascas12a_lexA_T3_Experiment_Group_C01.fcs,/GFP,root,0.049880000000000035,1.0
AD_20241205_gfplib_enascas12a_lexA_T3_Experiment_Group_C02.fcs,/GFP,root,0.06720000000000004,1.0
AD_20241205_gfplib_enascas12a_lexA_T3_Experiment_Group_C03.fcs,/GFP,root,0.96988,1.0
AD_20241205_gfplib_enascas12a_lexA_T3_Experiment_Group_D01.fcs,/GFP,root,0.04708000000000001,1.0
AD_20241205_gfplib_enascas12a_lexA_T3_Experiment_Group_D02.fcs,/GFP,root,0.05256000000000005,1.0
AD_20241205_gfplib_enascas12a_lexA_T3_Experiment_Group_D03.fcs,/GFP,root,0.95968,1.0
AD_20241205_gfplib_enascas12a_lexA_T3_Experiment_Group_E01.fcs,/GFP,root,0.99504,1.0
AD_20241205_gfplib_enascas12a_lexA_T3_Experiment_Group_E02.fcs,/GFP,root,0.06043999999999994,1.0
AD_20241205_gfplib_enascas12a_lexA_T3_Experiment_Group_E03.fcs,/GFP,root,0.07519999999999993,1.0
AD_20241205_gfplib_enascas12a_lexA_T3_Experiment_Group_F01.fcs,/GFP,root,0.99304,1.0
AD_20241205_gfplib_enascas12a_lexA_T3_Experiment_Group_F02.fcs,/GFP,root,0.06147999999999998,1.0
AD_20241205_gfplib_enascas12a_lexA_T3_Experiment_Group_F03.fcs,/GFP,root,0.06432000000000004,1.0
AD_20241205_gfplib_enascas12a_lexA_T3_Experiment_Group_G01.fcs,/GFP,root,0.43299999999999994,1.0
AD_20241205_gfplib_enascas12a_lexA_T3_Experiment_Group_G02.fcs,/GFP,root,0.027120000000000033,1.0
AD_20241205_gfplib_enascas12a_lexA_T3_Experiment_Group_G03.fcs,/GFP,root,0.01087999999999989,1.0
AD_20241205_gfplib_enascas12a_lexA_T3_Experiment_Group_H01.fcs,/GFP,root,0.46731999999999996,1.0
AD_20241205_gfplib_enascas12a_lexA_T3_Experiment_Group_H02.fcs,/GFP,root,0.021279999999999966,1.0
AD_20241205_gfplib_enascas12a_lexA_T3_Experiment_Group_H03.fcs,/GFP,root,0.01316000000000006,1.0
AD_20241205_gfplib_enascas12a_lexA_T1_scraped_Experiment_Group_A01.fcs,/GFP,root,0.05447999999999997,1.0
AD_20241205_gfplib_enascas12a_lexA_T1_scraped_Experiment_Group_A02.fcs,/GFP,root,0.92312,1.0
AD_20241205_gfplib_enascas12a_lexA_T1_scraped_Experiment_Group_A03.fcs,/GFP,root,0.018080000000000096,1.0
AD_20241205_gfplib_enascas12a_lexA_T1_scraped_Experiment_Group_A04.fcs,/GFP,root,0.9872,1.0
AD_20241205_gfplib_enascas12a_lexA_T1_scraped_Experiment_Group_B01.fcs,/GFP,root,0.06584000000000001,1.0
AD_20241205_gfplib_enascas12a_lexA_T1_scraped_Experiment_Group_B02.fcs,/GFP,root,0.93816,1.0
AD_20241205_gfplib_enascas12a_lexA_T1_scraped_Experiment_Group_B03.fcs,/GFP,root,0.018280000000000074,1.0
AD_20241205_gfplib_enascas12a_lexA_T1_scraped_Experiment_Group_B04.fcs,/GFP,root,0.98204,1.0
AD_20241205_gfplib_enascas12a_lexA_T1_scraped_Experiment_Group_C01.fcs,/GFP,root,0.038880000000000026,1.0
AD_20241205_gfplib_enascas12a_lexA_T1_scraped_Experiment_Group_C02.fcs,/GFP,root,0.05284000000000011,1.0
AD_20241205_gfplib_enascas12a_lexA_T1_scraped_Experiment_Group_C03.fcs,/GFP,root,0.9508,1.0
AD_20241205_gfplib_enascas12a_lexA_T1_scraped_Experiment_Group_D01.fcs,/GFP,root,0.03871999999999998,1.0
AD_20241205_gfplib_enascas12a_lexA_T1_scraped_Experiment_Group_D02.fcs,/GFP,root,0.05620000000000003,1.0
AD_20241205_gfplib_enascas12a_lexA_T1_scraped_Experiment_Group_D03.fcs,/GFP,root,0.93524,1.0
AD_20241205_gfplib_enascas12a_lexA_T1_scraped_Experiment_Group_E01.fcs,/GFP,root,0.9738,1.0
AD_20241205_gfplib_enascas12a_lexA_T1_scraped_Experiment_Group_E02.fcs,/GFP,root,0.060919999999999974,1.0
AD_20241205_gfplib_enascas12a_lexA_T1_scraped_Experiment_Group_E03.fcs,/GFP,root,0.04823999999999995,1.0
AD_20241205_gfplib_enascas12a_lexA_T1_scraped_Experiment_Group_F01.fcs,/GFP,root,0.98084,1.0
AD_20241205_gfplib_enascas12a_lexA_T1_scraped_Experiment_Group_F02.fcs,/GFP,root,0.055199999999999916,1.0
AD_20241205_gfplib_enascas12a_lexA_T1_scraped_Experiment_Group_F03.fcs,/GFP,root,0.049800000000000066,1.0
AD_20241205_gfplib_enascas12a_lexA_T1_scraped_Experiment_Group_G01.fcs,/GFP,root,0.15964,1.0
AD_20241205_gfplib_enascas12a_lexA_T1_scraped_Experiment_Group_G02.fcs,/GFP,root,0.029039999999999955,1.0
AD_20241205_gfplib_enascas12a_lexA_T1_scraped_Experiment_Group_G03.fcs,/GFP,root,0.009759999999999991,1.0
AD_20241205_gfplib_enascas12a_lexA_T1_scraped_Experiment_Group_H01.fcs,/GFP,root,0.17820000000000003,1.0
AD_20241205_gfplib_enascas12a_lexA_T1_scraped_Experiment_Group_H02.fcs,/GFP,root,0.02296000000000009,1.0
AD_20241205_gfplib_enascas12a_lexA_T1_scraped_Experiment_Group_H03.fcs,/GFP,root,0.011800000000000033,1.0
AD_20241205_gfplib_enascas12a_lexA_T1_scraped_Experiment_Group_A05.fcs,/GFP,root,0.5329999999999999,1.0
AD_20241205_gfplib_enascas12a_lexA_T1_scraped_Experiment_Group_A06.fcs,/GFP,root,0.71388,1.0
AD_20241205_gfplib_enascas12a_lexA_T1_scraped_Experiment_Group_A07.fcs,/GFP,root,0.019039999999999946,1.0
AD_20241205_gfplib_enascas12a_lexA_T1_scraped_Experiment_Group_A08.fcs,/GFP,root,0.9694,1.0
AD_20241205_gfplib_enascas12a_lexA_T1_scraped_Experiment_Group_B05.fcs,/GFP,root,0.55044,1.0
AD_20241205_gfplib_enascas12a_lexA_T1_scraped_Experiment_Group_B06.fcs,/GFP,root,0.75244,1.0
AD_20241205_gfplib_enascas12a_lexA_T1_scraped_Experiment_Group_B07.fcs,/GFP,root,0.01744000000000001,1.0
AD_20241205_gfplib_enascas12a_lexA_T1_scraped_Experiment_Group_B08.fcs,/GFP,root,0.96908,1.0
AD_20241205_gfplib_enascas12a_lexA_T1_scraped_Experiment_Group_C05.fcs,/GFP,root,0.11263999999999996,1.0
AD_20241205_gfplib_enascas12a_lexA_T1_scraped_Experiment_Group_C06.fcs,/GFP,root,0.16847999999999996,1.0
AD_20241205_gfplib_enascas12a_lexA_T1_scraped_Experiment_Group_C07.fcs,/GFP,root,0.93616,1.0
AD_20241205_gfplib_enascas12a_lexA_T1_scraped_Experiment_Group_D05.fcs,/GFP,root,0.11556,1.0
AD_20241205_gfplib_enascas12a_lexA_T1_scraped_Experiment_Group_D06.fcs,/GFP,root,0.16447999999999996,1.0
AD_20241205_gfplib_enascas12a_lexA_T1_scraped_Experiment_Group_D07.fcs,/GFP,root,0.93628,1.0
AD_20241205_gfplib_enascas12a_lexA_T1_scraped_Experiment_Group_E05.fcs,/GFP,root,0.89648,1.0
AD_20241205_gfplib_enascas12a_lexA_T1_scraped_Experiment_Group_E06.fcs,/GFP,root,0.4628,1.0
AD_20241205_gfplib_enascas12a_lexA_T1_scraped_Experiment_Group_E07.fcs,/GFP,root,0.12036000000000002,1.0
AD_20241205_gfplib_enascas12a_lexA_T1_scraped_Experiment_Group_F05.fcs,/GFP,root,0.888,1.0
AD_20241205_gfplib_enascas12a_lexA_T1_scraped_Experiment_Group_F06.fcs,/GFP,root,0.49404000000000003,1.0
AD_20241205_gfplib_enascas12a_lexA_T1_scraped_Experiment_Group_F07.fcs,/GFP,root,0.1211199999999999,1.0
AD_20241205_gfplib_enascas12a_lexA_T1_scraped_Experiment_Group_G05.fcs,/GFP,root,0.07495999999999992,1.0
AD_20241205_gfplib_enascas12a_lexA_T1_scraped_Experiment_Group_G06.fcs,/GFP,root,0.11848000000000003,1.0
AD_20241205_gfplib_enascas12a_lexA_T1_scraped_Experiment_Group_G07.fcs,/GFP,root,0.010720000000000063,1.0
AD_20241205_gfplib_enascas12a_lexA_T1_scraped_Experiment_Group_H05.fcs,/GFP,root,0.06732000000000005,1.0
AD_20241205_gfplib_enascas12a_lexA_T1_scraped_Experiment_Group_H06.fcs,/GFP,root,0.08396000000000003,1.0
AD_20241205_gfplib_enascas12a_lexA_T1_scraped_Experiment_Group_H07.fcs,/GFP,root,0.015639999999999876,1.0
AD_20241203_fnsnrrpr_casvariants_timepoint2_glu_Experiment_Group_A05.fcs,/GFP,root,0.79892,1.0
AD_20241203_fnsnrrpr_casvariants_timepoint2_glu_Experiment_Group_A06.fcs,/GFP,root,0.10548000000000002,1.0
AD_20241203_fnsnrrpr_casvariants_timepoint2_glu_Experiment_Group_A07.fcs,/GFP,root,0.00544,1.0
AD_20241203_fnsnrrpr_casvariants_timepoint2_glu_Experiment_Group_A08.fcs,/GFP,root,0.010360000000000036,1.0
AD_20241203_fnsnrrpr_casvariants_timepoint2_glu_Experiment_Group_B05.fcs,/GFP,root,0.84676,1.0
AD_20241203_fnsnrrpr_casvariants_timepoint2_glu_Experiment_Group_B06.fcs,/GFP,root,0.07563999999999993,1.0
AD_20241203_fnsnrrpr_casvariants_timepoint2_glu_Experiment_Group_B07.fcs,/GFP,root,0.005240000000000022,1.0
AD_20241203_fnsnrrpr_casvariants_timepoint2_glu_Experiment_Group_B08.fcs,/GFP,root,0.012600000000000056,1.0
AD_20241203_fnsnrrpr_casvariants_timepoint2_glu_Experiment_Group_C05.fcs,/GFP,root,0.54784,1.0
AD_20241203_fnsnrrpr_casvariants_timepoint2_glu_Experiment_Group_C06.fcs,/GFP,root,0.75576,1.0
AD_20241203_fnsnrrpr_casvariants_timepoint2_glu_Experiment_Group_C07.fcs,/GFP,root,0.03611999999999993,1.0
AD_20241203_fnsnrrpr_casvariants_timepoint2_glu_Experiment_Group_D05.fcs,/GFP,root,0.54352,1.0
AD_20241203_fnsnrrpr_casvariants_timepoint2_glu_Experiment_Group_D06.fcs,/GFP,root,0.78964,1.0
AD_20241203_fnsnrrpr_casvariants_timepoint2_glu_Experiment_Group_D07.fcs,/GFP,root,0.05156000000000005,1.0
AD_20241203_fnsnrrpr_casvariants_timepoint2_glu_Experiment_Group_E05.fcs,/GFP,root,0.99296,1.0
AD_20241203_fnsnrrpr_casvariants_timepoint2_glu_Experiment_Group_E06.fcs,/GFP,root,0.13751999999999998,1.0
AD_20241203_fnsnrrpr_casvariants_timepoint2_glu_Experiment_Group_E07.fcs,/GFP,root,0.0019199999999999218,1.0
AD_20241203_fnsnrrpr_casvariants_timepoint2_glu_Experiment_Group_F05.fcs,/GFP,root,0.99276,1.0
AD_20241203_fnsnrrpr_casvariants_timepoint2_glu_Experiment_Group_F06.fcs,/GFP,root,0.19440000000000002,1.0
AD_20241203_fnsnrrpr_casvariants_timepoint2_glu_Experiment_Group_F07.fcs,/GFP,root,0.007279999999999953,1.0
AD_20241203_fnsnrrpr_casvariants_timepoint2_glu_Experiment_Group_G05.fcs,/GFP,root,0.055479999999999974,1.0
AD_20241203_fnsnrrpr_casvariants_timepoint2_glu_Experiment_Group_G06.fcs,/GFP,root,0.94724,1.0
AD_20241203_fnsnrrpr_casvariants_timepoint2_glu_Experiment_Group_G07.fcs,/GFP,root,0.0042799999999999505,1.0
AD_20241203_fnsnrrpr_casvariants_timepoint2_glu_Experiment_Group_H05.fcs,/GFP,root,0.0494,1.0
AD_20241203_fnsnrrpr_casvariants_timepoint2_glu_Experiment_Group_H06.fcs,/GFP,root,0.95988,1.0
AD_20241203_fnsnrrpr_casvariants_timepoint2_glu_Experiment_Group_H07.fcs,/GFP,root,0.006800000000000028,1.0
AD_20241203_fnsnrrpr_casvariants_timepoint3_glu_Experiment_Group_A05.fcs,/GFP,root,0.70612,1.0
AD_20241203_fnsnrrpr_casvariants_timepoint3_glu_Experiment_Group_A06.fcs,/GFP,root,0.02739999999999998,1.0
AD_20241203_fnsnrrpr_casvariants_timepoint3_glu_Experiment_Group_A07.fcs,/GFP,root,0.0042400000000000215,1.0
AD_20241203_fnsnrrpr_casvariants_timepoint3_glu_Experiment_Group_A08.fcs,/GFP,root,0.0041999999999999815,1.0
AD_20241203_fnsnrrpr_casvariants_timepoint3_glu_Experiment_Group_B05.fcs,/GFP,root,0.7672,1.0
AD_20241203_fnsnrrpr_casvariants_timepoint3_glu_Experiment_Group_B06.fcs,/GFP,root,0.028880000000000017,1.0
AD_20241203_fnsnrrpr_casvariants_timepoint3_glu_Experiment_Group_B07.fcs,/GFP,root,0.0040799999999999725,1.0
AD_20241203_fnsnrrpr_casvariants_timepoint3_glu_Experiment_Group_B08.fcs,/GFP,root,0.009279999999999955,1.0
AD_20241203_fnsnrrpr_casvariants_timepoint3_glu_Experiment_Group_C05.fcs,/GFP,root,0.35940000000000016,1.0
AD_20241203_fnsnrrpr_casvariants_timepoint3_glu_Experiment_Group_C06.fcs,/GFP,root,0.6573599999999999,1.0
AD_20241203_fnsnrrpr_casvariants_timepoint3_glu_Experiment_Group_C07.fcs,/GFP,root,0.030919999999999948,1.0
AD_20241203_fnsnrrpr_casvariants_timepoint3_glu_Experiment_Group_D05.fcs,/GFP,root,0.40547999999999995,1.0
AD_20241203_fnsnrrpr_casvariants_timepoint3_glu_Experiment_Group_D06.fcs,/GFP,root,0.68796,1.0
AD_20241203_fnsnrrpr_casvariants_timepoint3_glu_Experiment_Group_D07.fcs,/GFP,root,0.047639999999999905,1.0
AD_20241203_fnsnrrpr_casvariants_timepoint3_glu_Experiment_Group_E05.fcs,/GFP,root,0.9902,1.0
AD_20241203_fnsnrrpr_casvariants_timepoint3_glu_Experiment_Group_E06.fcs,/GFP,root,0.07608000000000004,1.0
AD_20241203_fnsnrrpr_casvariants_timepoint3_glu_Experiment_Group_E07.fcs,/GFP,root,0.001040000000000041,1.0
AD_20241203_fnsnrrpr_casvariants_timepoint3_glu_Experiment_Group_F05.fcs,/GFP,root,0.99084,1.0
AD_20241203_fnsnrrpr_casvariants_timepoint3_glu_Experiment_Group_F06.fcs,/GFP,root,0.13571999999999984,1.0
AD_20241203_fnsnrrpr_casvariants_timepoint3_glu_Experiment_Group_F07.fcs,/GFP,root,0.0046800000000000175,1.0
AD_20241203_fnsnrrpr_casvariants_timepoint3_glu_Experiment_Group_G05.fcs,/GFP,root,0.01760000000000006,1.0
AD_20241203_fnsnrrpr_casvariants_timepoint3_glu_Experiment_Group_G06.fcs,/GFP,root,0.92404,1.0
AD_20241203_fnsnrrpr_casvariants_timepoint3_glu_Experiment_Group_G07.fcs,/GFP,root,0.0020799999999999708,1.0
AD_20241203_fnsnrrpr_casvariants_timepoint3_glu_Experiment_Group_H05.fcs,/GFP,root,0.016599999999999948,1.0
AD_20241203_fnsnrrpr_casvariants_timepoint3_glu_Experiment_Group_H06.fcs,/GFP,root,0.9342,1.0
AD_20241203_fnsnrrpr_casvariants_timepoint3_glu_Experiment_Group_H07.fcs,/GFP,root,0.0020000000000000018,1.0
AD_20241203_fnsnrrpr_casvariants_timepoint1_Experiment_Group_A05.fcs,/GFP,root,0.77756,1.0
AD_20241203_fnsnrrpr_casvariants_timepoint1_Experiment_Group_A06.fcs,/GFP,root,0.206951277574988,1.0
AD_20241203_fnsnrrpr_casvariants_timepoint1_Experiment_Group_A07.fcs,/GFP,root,0.0045600000000000085,1.0
AD_20241203_fnsnrrpr_casvariants_timepoint1_Experiment_Group_A08.fcs,/GFP,root,0.06684963732601401,1.0
AD_20241203_fnsnrrpr_casvariants_timepoint1_Experiment_Group_B05.fcs,/GFP,root,0.82724,1.0
AD_20241203_fnsnrrpr_casvariants_timepoint1_Experiment_Group_B06.fcs,/GFP,root,0.21253196930946305,1.0
AD_20241203_fnsnrrpr_casvariants_timepoint1_Experiment_Group_B07.fcs,/GFP,root,0.0037199999999999456,1.0
AD_20241203_fnsnrrpr_casvariants_timepoint1_Experiment_Group_B08.fcs,/GFP,root,0.056034482758620774,1.0
AD_20241203_fnsnrrpr_casvariants_timepoint1_Experiment_Group_C05.fcs,/GFP,root,0.486448433650123,1.0
AD_20241203_fnsnrrpr_casvariants_timepoint1_Experiment_Group_C06.fcs,/GFP,root,0.758402614936403,1.0
AD_20241203_fnsnrrpr_casvariants_timepoint1_Experiment_Group_C07.fcs,/GFP,root,0.025102998946057276,1.0
AD_20241203_fnsnrrpr_casvariants_timepoint1_Experiment_Group_D05.fcs,/GFP,root,0.543327438443749,1.0
AD_20241203_fnsnrrpr_casvariants_timepoint1_Experiment_Group_D06.fcs,/GFP,root,0.786820327968726,1.0
AD_20241203_fnsnrrpr_casvariants_timepoint1_Experiment_Group_D07.fcs,/GFP,root,0.03119155757413794,1.0
AD_20241203_fnsnrrpr_casvariants_timepoint1_Experiment_Group_E05.fcs,/GFP,root,0.98452,1.0
AD_20241203_fnsnrrpr_casvariants_timepoint1_Experiment_Group_E06.fcs,/GFP,root,0.19420000000000004,1.0
AD_20241203_fnsnrrpr_casvariants_timepoint1_Experiment_Group_E07.fcs,/GFP,root,0.005319999999999991,1.0
AD_20241203_fnsnrrpr_casvariants_timepoint1_Experiment_Group_F05.fcs,/GFP,root,0.98936,1.0
AD_20241203_fnsnrrpr_casvariants_timepoint1_Experiment_Group_F06.fcs,/GFP,root,0.2642,1.0
AD_20241203_fnsnrrpr_casvariants_timepoint1_Experiment_Group_F07.fcs,/GFP,root,0.008599999999999941,1.0
AD_20241203_fnsnrrpr_casvariants_timepoint1_Experiment_Group_G05.fcs,/GFP,root,0.11839999999999984,1.0
AD_20241203_fnsnrrpr_casvariants_timepoint1_Experiment_Group_G06.fcs,/GFP,root,0.94676,1.0
AD_20241203_fnsnrrpr_casvariants_timepoint1_Experiment_Group_G07.fcs,/GFP,root,0.02855999999999992,1.0
AD_20241203_fnsnrrpr_casvariants_timepoint1_Experiment_Group_H05.fcs,/GFP,root,0.12219999999999998,1.0
AD_20241203_fnsnrrpr_casvariants_timepoint1_Experiment_Group_H06.fcs,/GFP,root,0.95492,1.0
AD_20241203_fnsnrrpr_casvariants_timepoint1_Experiment_Group_H07.fcs,/GFP,root,0.03159999999999996,1.0
AD_20241203_fnsnrrpr_casvariants_scraped_Experiment_Group_A05.fcs,/GFP,root,0.92852,1.0
AD_20241203_fnsnrrpr_casvariants_scraped_Experiment_Group_A06.fcs,/GFP,root,0.96756,1.0
AD_20241203_fnsnrrpr_casvariants_scraped_Experiment_Group_A07.fcs,/GFP,root,0.825,1.0
AD_20241203_fnsnrrpr_casvariants_scraped_Experiment_Group_B05.fcs,/GFP,root,0.93464,1.0
AD_20241203_fnsnrrpr_casvariants_scraped_Experiment_Group_B06.fcs,/GFP,root,0.96624,1.0
AD_20241203_fnsnrrpr_casvariants_scraped_Experiment_Group_B07.fcs,/GFP,root,0.82084,1.0
AD_20241203_fnsnrrpr_casvariants_scraped_Experiment_Group_C04.fcs,/GFP,root,0.730045470444211,1.0
AD_20241203_fnsnrrpr_casvariants_scraped_Experiment_Group_C05.fcs,/GFP,root,0.708837724503521,1.0
AD_20241203_fnsnrrpr_casvariants_scraped_Experiment_Group_C06.fcs,/GFP,root,0.0712914852782851,1.0
AD_20241203_fnsnrrpr_casvariants_scraped_Experiment_Group_C07.fcs,/GFP,root,0.732909164748883,1.0
AD_20241203_fnsnrrpr_casvariants_scraped_Experiment_Group_D04.fcs,/GFP,root,0.716035382172828,1.0
AD_20241203_fnsnrrpr_casvariants_scraped_Experiment_Group_D05.fcs,/GFP,root,0.8287841191067,1.0
AD_20241203_fnsnrrpr_casvariants_scraped_Experiment_Group_D06.fcs,/GFP,root,0.08673667833527798,1.0
AD_20241203_fnsnrrpr_casvariants_scraped_Experiment_Group_D07.fcs,/GFP,root,0.723215130023641,1.0
AD_20241203_fnsnrrpr_casvariants_scraped_Experiment_Group_E04.fcs,/GFP,root,0.856692913385827,1.0
AD_20241203_fnsnrrpr_casvariants_scraped_Experiment_Group_E05.fcs,/GFP,root,0.871690886560775,1.0
AD_20241203_fnsnrrpr_casvariants_scraped_Experiment_Group_E06.fcs,/GFP,root,0.009600341345470054,1.0
AD_20241203_fnsnrrpr_casvariants_scraped_Experiment_Group_F04.fcs,/GFP,root,0.7872817555662339,1.0
AD_20241203_fnsnrrpr_casvariants_scraped_Experiment_Group_F05.fcs,/GFP,root,0.829464285714286,1.0
AD_20241203_fnsnrrpr_casvariants_scraped_Experiment_Group_F06.fcs,/GFP,root,0.01367308887507801,1.0
AD_20241203_fnsnrrpr_casvariants_scraped_Experiment_Group_G04.fcs,/GFP,root,0.762585892581686,1.0
AD_20241203_fnsnrrpr_casvariants_scraped_Experiment_Group_G05.fcs,/GFP,root,0.817767106842737,1.0
AD_20241203_fnsnrrpr_casvariants_scraped_Experiment_Group_G06.fcs,/GFP,root,0.310085649362,1.0
AD_20241203_fnsnrrpr_casvariants_scraped_Experiment_Group_H04.fcs,/GFP,root,0.732898570833912,1.0
AD_20241203_fnsnrrpr_casvariants_scraped_Experiment_Group_H05.fcs,/GFP,root,0.7136096188283451,1.0
AD_20241203_fnsnrrpr_casvariants_scraped_Experiment_Group_H06.fcs,/GFP,root,0.276105837204605,1.0
AD_20241205_gfplib_fncas12a_lexA_snrrpr_timepoint3_Experiment_Group_A05.fcs,/GFP,root,0.81728,1.0
AD_20241205_gfplib_fncas12a_lexA_snrrpr_timepoint3_Experiment_Group_A06.fcs,/GFP,root,0.05326027397260302,1.0
AD_20241205_gfplib_fncas12a_lexA_snrrpr_timepoint3_Experiment_Group_A07.fcs,/GFP,root,0.06766349494034107,1.0
AD_20241205_gfplib_fncas12a_lexA_snrrpr_timepoint3_Experiment_Group_A08.fcs,/GFP,root,0.05268000000000006,1.0
AD_20241205_gfplib_fncas12a_lexA_snrrpr_timepoint3_Experiment_Group_B05.fcs,/GFP,root,0.8094,1.0
AD_20241205_gfplib_fncas12a_lexA_snrrpr_timepoint3_Experiment_Group_B06.fcs,/GFP,root,0.00647999999999993,1.0
AD_20241205_gfplib_fncas12a_lexA_snrrpr_timepoint3_Experiment_Group_B07.fcs,/GFP,root,0.024900962082626044,1.0
AD_20241205_gfplib_fncas12a_lexA_snrrpr_timepoint3_Experiment_Group_B08.fcs,/GFP,root,0.075367449844437,1.0
AD_20241205_gfplib_fncas12a_lexA_snrrpr_timepoint3_Experiment_Group_C05.fcs,/GFP,root,0.2783200000000001,1.0
AD_20241205_gfplib_fncas12a_lexA_snrrpr_timepoint3_Experiment_Group_C06.fcs,/GFP,root,0.38652,1.0
AD_20241205_gfplib_fncas12a_lexA_snrrpr_timepoint3_Experiment_Group_C07.fcs,/GFP,root,0.0005600000000000049,1.0
AD_20241205_gfplib_fncas12a_lexA_snrrpr_timepoint3_Experiment_Group_D05.fcs,/GFP,root,0.27503999999999995,1.0
AD_20241205_gfplib_fncas12a_lexA_snrrpr_timepoint3_Experiment_Group_D06.fcs,/GFP,root,0.32987999999999995,1.0
AD_20241205_gfplib_fncas12a_lexA_snrrpr_timepoint3_Experiment_Group_D07.fcs,/GFP,root,0.000520000000000076,1.0
AD_20241205_gfplib_fncas12a_lexA_snrrpr_timepoint3_Experiment_Group_E05.fcs,/GFP,root,0.99196,1.0
AD_20241205_gfplib_fncas12a_lexA_snrrpr_timepoint3_Experiment_Group_E06.fcs,/GFP,root,0.29512000000000005,1.0
AD_20241205_gfplib_fncas12a_lexA_snrrpr_timepoint3_Experiment_Group_E07.fcs,/GFP,root,0.000280000000000058,1.0
AD_20241205_gfplib_fncas12a_lexA_snrrpr_timepoint3_Experiment_Group_F05.fcs,/GFP,root,0.98124,1.0
AD_20241205_gfplib_fncas12a_lexA_snrrpr_timepoint3_Experiment_Group_F06.fcs,/GFP,root,0.28864,1.0
AD_20241205_gfplib_fncas12a_lexA_snrrpr_timepoint3_Experiment_Group_F07.fcs,/GFP,root,0.00036000000000002697,1.0
AD_20241205_gfplib_fncas12a_lexA_snrrpr_timepoint3_Experiment_Group_G05.fcs,/GFP,root,0.0008000000000000229,1.0
AD_20241205_gfplib_fncas12a_lexA_snrrpr_timepoint3_Experiment_Group_G06.fcs,/GFP,root,0.96096,1.0
AD_20241205_gfplib_fncas12a_lexA_snrrpr_timepoint3_Experiment_Group_G07.fcs,/GFP,root,0.037121458808206054,1.0
AD_20241205_gfplib_fncas12a_lexA_snrrpr_timepoint3_Experiment_Group_H05.fcs,/GFP,root,0.0005600000000000049,1.0
AD_20241205_gfplib_fncas12a_lexA_snrrpr_timepoint3_Experiment_Group_H06.fcs,/GFP,root,0.8732,1.0
AD_20241205_gfplib_fncas12a_lexA_snrrpr_timepoint3_Experiment_Group_H07.fcs,/GFP,root,0.030480000000000063,1.0
AD_20241205_gfplib_fncas12a_lexA_snrrpr_timepoint4_Experiment_Group_A05.fcs,/GFP,root,0.74712,1.0
AD_20241205_gfplib_fncas12a_lexA_snrrpr_timepoint4_Experiment_Group_A06.fcs,/GFP,root,0.005280000000000062,1.0
AD_20241205_gfplib_fncas12a_lexA_snrrpr_timepoint4_Experiment_Group_A07.fcs,/GFP,root,0.0009999999999998899,1.0
AD_20241205_gfplib_fncas12a_lexA_snrrpr_timepoint4_Experiment_Group_A08.fcs,/GFP,root,0.01971999999999996,1.0
AD_20241205_gfplib_fncas12a_lexA_snrrpr_timepoint4_Experiment_Group_B05.fcs,/GFP,root,0.76628,1.0
AD_20241205_gfplib_fncas12a_lexA_snrrpr_timepoint4_Experiment_Group_B06.fcs,/GFP,root,0.011839999999999962,1.0
AD_20241205_gfplib_fncas12a_lexA_snrrpr_timepoint4_Experiment_Group_B07.fcs,/GFP,root,0.00043999999999999595,1.0
AD_20241205_gfplib_fncas12a_lexA_snrrpr_timepoint4_Experiment_Group_B08.fcs,/GFP,root,0.029000000000000026,1.0
AD_20241205_gfplib_fncas12a_lexA_snrrpr_timepoint4_Experiment_Group_C05.fcs,/GFP,root,0.16259999999999986,1.0
AD_20241205_gfplib_fncas12a_lexA_snrrpr_timepoint4_Experiment_Group_C06.fcs,/GFP,root,0.2572,1.0
AD_20241205_gfplib_fncas12a_lexA_snrrpr_timepoint4_Experiment_Group_C07.fcs,/GFP,root,0.00012000000000000899,1.0
AD_20241205_gfplib_fncas12a_lexA_snrrpr_timepoint4_Experiment_Group_D05.fcs,/GFP,root,0.17012000000000005,1.0
AD_20241205_gfplib_fncas12a_lexA_snrrpr_timepoint4_Experiment_Group_D06.fcs,/GFP,root,0.21824,1.0
AD_20241205_gfplib_fncas12a_lexA_snrrpr_timepoint4_Experiment_Group_D07.fcs,/GFP,root,0.0008000000000000229,1.0
AD_20241205_gfplib_fncas12a_lexA_snrrpr_timepoint4_Experiment_Group_E05.fcs,/GFP,root,0.9874,1.0
AD_20241205_gfplib_fncas12a_lexA_snrrpr_timepoint4_Experiment_Group_E06.fcs,/GFP,root,0.21536,1.0
AD_20241205_gfplib_fncas12a_lexA_snrrpr_timepoint4_Experiment_Group_E07.fcs,/GFP,root,0.00036000000000002697,1.0
AD_20241205_gfplib_fncas12a_lexA_snrrpr_timepoint4_Experiment_Group_F05.fcs,/GFP,root,0.99288,1.0
AD_20241205_gfplib_fncas12a_lexA_snrrpr_timepoint4_Experiment_Group_F06.fcs,/GFP,root,0.23975999999999997,1.0
AD_20241205_gfplib_fncas12a_lexA_snrrpr_timepoint4_Experiment_Group_F07.fcs,/GFP,root,0.0012000000000000899,1.0
AD_20241205_gfplib_fncas12a_lexA_snrrpr_timepoint4_Experiment_Group_G05.fcs,/GFP,root,0.0005600000000000049,1.0
AD_20241205_gfplib_fncas12a_lexA_snrrpr_timepoint4_Experiment_Group_G06.fcs,/GFP,root,0.9636,1.0
AD_20241205_gfplib_fncas12a_lexA_snrrpr_timepoint4_Experiment_Group_G07.fcs,/GFP,root,0.014639999999999986,1.0
AD_20241205_gfplib_fncas12a_lexA_snrrpr_timepoint4_Experiment_Group_H05.fcs,/GFP,root,0.00036000000000002697,1.0
AD_20241205_gfplib_fncas12a_lexA_snrrpr_timepoint4_Experiment_Group_H06.fcs,/GFP,root,0.88808,1.0
AD_20241205_gfplib_fncas12a_lexA_snrrpr_timepoint4_Experiment_Group_H07.fcs,/GFP,root,0.011680000000000024,1.0
AD_20241205_gfplib_fncas12a_lexA_snrrpr_timepoint2_Experiment_Group_rpr_A08.fcs,/GFP,root,0.7847999999999999,1.0
AD_20241205_gfplib_fncas12a_lexA_snrrpr_timepoint2_Experiment_Group_rpr_A09.fcs,/GFP,root,0.0551600000000001,1.0
AD_20241205_gfplib_fncas12a_lexA_snrrpr_timepoint2_Experiment_Group_rpr_A10.fcs,/GFP,root,0.0008000000000000229,1.0
AD_20241205_gfplib_fncas12a_lexA_snrrpr_timepoint2_Experiment_Group_rpr_A11.fcs,/GFP,root,0.01756000000000002,1.0
AD_20241205_gfplib_fncas12a_lexA_snrrpr_timepoint2_Experiment_Group_rpr_B08.fcs,/GFP,root,0.8482000000000001,1.0
AD_20241205_gfplib_fncas12a_lexA_snrrpr_timepoint2_Experiment_Group_rpr_B09.fcs,/GFP,root,0.08116000000000001,1.0
AD_20241205_gfplib_fncas12a_lexA_snrrpr_timepoint2_Experiment_Group_rpr_B10.fcs,/GFP,root,0.0008000000000000229,1.0
AD_20241205_gfplib_fncas12a_lexA_snrrpr_timepoint2_Experiment_Group_rpr_B11.fcs,/GFP,root,0.012680000000000025,1.0
AD_20241205_gfplib_fncas12a_lexA_snrrpr_timepoint2_Experiment_Group_rpr_C08.fcs,/GFP,root,0.63648,1.0
AD_20241205_gfplib_fncas12a_lexA_snrrpr_timepoint2_Experiment_Group_rpr_C09.fcs,/GFP,root,0.72004,1.0
AD_20241205_gfplib_fncas12a_lexA_snrrpr_timepoint2_Experiment_Group_rpr_C10.fcs,/GFP,root,0.0015600000000000058,1.0
AD_20241205_gfplib_fncas12a_lexA_snrrpr_timepoint2_Experiment_Group_rpr_D08.fcs,/GFP,root,0.66284,1.0
AD_20241205_gfplib_fncas12a_lexA_snrrpr_timepoint2_Experiment_Group_rpr_D09.fcs,/GFP,root,0.7155199999999999,1.0
AD_20241205_gfplib_fncas12a_lexA_snrrpr_timepoint2_Experiment_Group_rpr_D10.fcs,/GFP,root,0.0020799999999999708,1.0
AD_20241205_gfplib_fncas12a_lexA_snrrpr_timepoint2_Experiment_Group_rpr_E08.fcs,/GFP,root,0.98512,1.0
AD_20241205_gfplib_fncas12a_lexA_snrrpr_timepoint2_Experiment_Group_rpr_E09.fcs,/GFP,root,0.3493200000000001,1.0
AD_20241205_gfplib_fncas12a_lexA_snrrpr_timepoint2_Experiment_Group_rpr_E10.fcs,/GFP,root,0.0008400000000000629,1.0
AD_20241205_gfplib_fncas12a_lexA_snrrpr_timepoint2_Experiment_Group_rpr_F08.fcs,/GFP,root,0.98636,1.0
AD_20241205_gfplib_fncas12a_lexA_snrrpr_timepoint2_Experiment_Group_rpr_F09.fcs,/GFP,root,0.39896,1.0
AD_20241205_gfplib_fncas12a_lexA_snrrpr_timepoint2_Experiment_Group_rpr_F10.fcs,/GFP,root,0.0012000000000000899,1.0
AD_20241205_gfplib_fncas12a_lexA_snrrpr_timepoint2_Experiment_Group_rpr_G08.fcs,/GFP,root,0.15048000000000006,1.0
AD_20241205_gfplib_fncas12a_lexA_snrrpr_timepoint2_Experiment_Group_rpr_G09.fcs,/GFP,root,0.90204,1.0
AD_20241205_gfplib_fncas12a_lexA_snrrpr_timepoint2_Experiment_Group_rpr_G10.fcs,/GFP,root,0.0043999999999999595,1.0
AD_20241205_gfplib_fncas12a_lexA_snrrpr_timepoint2_Experiment_Group_rpr_H08.fcs,/GFP,root,0.15980000000000005,1.0
AD_20241205_gfplib_fncas12a_lexA_snrrpr_timepoint2_Experiment_Group_rpr_H09.fcs,/GFP,root,0.94516,1.0
AD_20241205_gfplib_fncas12a_lexA_snrrpr_timepoint2_Experiment_Group_rpr_H10.fcs,/GFP,root,0.007519999999999971,1.0
AD_20241205_gfplib_fncas12a_lexA_snrrpr_scraped_Experiment_Group_A05.fcs,/GFP,root,0.96252,1.0
AD_20241205_gfplib_fncas12a_lexA_snrrpr_scraped_Experiment_Group_A06.fcs,/GFP,root,0.7520399999999999,1.0
AD_20241205_gfplib_fncas12a_lexA_snrrpr_scraped_Experiment_Group_A07.fcs,/GFP,root,0.01968000000000003,1.0
AD_20241205_gfplib_fncas12a_lexA_snrrpr_scraped_Experiment_Group_A08.fcs,/GFP,root,0.56652,1.0
AD_20241205_gfplib_fncas12a_lexA_snrrpr_scraped_Experiment_Group_B05.fcs,/GFP,root,0.96996,1.0
AD_20241205_gfplib_fncas12a_lexA_snrrpr_scraped_Experiment_Group_B06.fcs,/GFP,root,0.81476,1.0
AD_20241205_gfplib_fncas12a_lexA_snrrpr_scraped_Experiment_Group_B07.fcs,/GFP,root,0.033359999999999945,1.0
AD_20241205_gfplib_fncas12a_lexA_snrrpr_scraped_Experiment_Group_B08.fcs,/GFP,root,0.61104,1.0
AD_20241205_gfplib_fncas12a_lexA_snrrpr_scraped_Experiment_Group_C05.fcs,/GFP,root,0.96312,1.0
AD_20241205_gfplib_fncas12a_lexA_snrrpr_scraped_Experiment_Group_C06.fcs,/GFP,root,0.9638,1.0
AD_20241205_gfplib_fncas12a_lexA_snrrpr_scraped_Experiment_Group_C07.fcs,/GFP,root,0.0036799999999999056,1.0
AD_20241205_gfplib_fncas12a_lexA_snrrpr_scraped_Experiment_Group_D05.fcs,/GFP,root,0.96432,1.0
AD_20241205_gfplib_fncas12a_lexA_snrrpr_scraped_Experiment_Group_D06.fcs,/GFP,root,0.97396,1.0
AD_20241205_gfplib_fncas12a_lexA_snrrpr_scraped_Experiment_Group_D07.fcs,/GFP,root,0.005280000000000062,1.0
AD_20241205_gfplib_fncas12a_lexA_snrrpr_scraped_Experiment_Group_E05.fcs,/GFP,root,0.97264,1.0
AD_20241205_gfplib_fncas12a_lexA_snrrpr_scraped_Experiment_Group_E06.fcs,/GFP,root,0.94104,1.0
AD_20241205_gfplib_fncas12a_lexA_snrrpr_scraped_Experiment_Group_E07.fcs,/GFP,root,0.021199999999999997,1.0
AD_20241205_gfplib_fncas12a_lexA_snrrpr_scraped_Experiment_Group_F05.fcs,/GFP,root,0.95864,1.0
AD_20241205_gfplib_fncas12a_lexA_snrrpr_scraped_Experiment_Group_F06.fcs,/GFP,root,0.93636,1.0
AD_20241205_gfplib_fncas12a_lexA_snrrpr_scraped_Experiment_Group_F07.fcs,/GFP,root,0.05331999999999992,1.0
AD_20241205_gfplib_fncas12a_lexA_snrrpr_scraped_Experiment_Group_G05.fcs,/GFP,root,0.90084,1.0
AD_20241205_gfplib_fncas12a_lexA_snrrpr_scraped_Experiment_Group_G06.fcs,/GFP,root,0.9466,1.0
AD_20241205_gfplib_fncas12a_lexA_snrrpr_scraped_Experiment_Group_G07.fcs,/GFP,root,0.48351999999999995,1.0
AD_20241205_gfplib_fncas12a_lexA_snrrpr_scraped_Experiment_Group_H05.fcs,/GFP,root,0.90172,1.0
AD_20241205_gfplib_fncas12a_lexA_snrrpr_scraped_Experiment_Group_H06.fcs,/GFP,root,0.96168,1.0
AD_20241205_gfplib_fncas12a_lexA_snrrpr_scraped_Experiment_Group_H07.fcs,/GFP,root,0.55028,1.0
AD_20241203_fnsnrrpr_casvariants_timepoint2_glu_Experiment_Group_A01.fcs,/GFP,root,0.6515599999999999,1.0
AD_20241203_fnsnrrpr_casvariants_timepoint2_glu_Experiment_Group_A02.fcs,/GFP,root,0.030999999999999917,1.0
AD_20241203_fnsnrrpr_casvariants_timepoint2_glu_Experiment_Group_A03.fcs,/GFP,root,0.0030000000000000027,1.0
AD_20241203_fnsnrrpr_casvariants_timepoint2_glu_Experiment_Group_A04.fcs,/GFP,root,0.06916,1.0
AD_20241203_fnsnrrpr_casvariants_timepoint2_glu_Experiment_Group_B01.fcs,/GFP,root,0.72752,1.0
AD_20241203_fnsnrrpr_casvariants_timepoint2_glu_Experiment_Group_B02.fcs,/GFP,root,0.03712000000000004,1.0
AD_20241203_fnsnrrpr_casvariants_timepoint2_glu_Experiment_Group_B03.fcs,/GFP,root,0.0011600000000000499,1.0
AD_20241203_fnsnrrpr_casvariants_timepoint2_glu_Experiment_Group_B04.fcs,/GFP,root,0.07644000000000006,1.0
AD_20241203_fnsnrrpr_casvariants_timepoint2_glu_Experiment_Group_C01.fcs,/GFP,root,0.0771599999999999,1.0
AD_20241203_fnsnrrpr_casvariants_timepoint2_glu_Experiment_Group_C02.fcs,/GFP,root,0.29068000000000016,1.0
AD_20241203_fnsnrrpr_casvariants_timepoint2_glu_Experiment_Group_C03.fcs,/GFP,root,0.014920000000000044,1.0
AD_20241203_fnsnrrpr_casvariants_timepoint2_glu_Experiment_Group_D01.fcs,/GFP,root,0.10736000000000001,1.0
AD_20241203_fnsnrrpr_casvariants_timepoint2_glu_Experiment_Group_D02.fcs,/GFP,root,0.30796,1.0
AD_20241203_fnsnrrpr_casvariants_timepoint2_glu_Experiment_Group_D03.fcs,/GFP,root,0.007480000000000042,1.0
AD_20241203_fnsnrrpr_casvariants_timepoint2_glu_Experiment_Group_E01.fcs,/GFP,root,0.9936,1.0
AD_20241203_fnsnrrpr_casvariants_timepoint2_glu_Experiment_Group_E02.fcs,/GFP,root,0.11163999999999996,1.0
AD_20241203_fnsnrrpr_casvariants_timepoint2_glu_Experiment_Group_E03.fcs,/GFP,root,0.0017599999999999838,1.0
AD_20241203_fnsnrrpr_casvariants_timepoint2_glu_Experiment_Group_F01.fcs,/GFP,root,0.99496,1.0
AD_20241203_fnsnrrpr_casvariants_timepoint2_glu_Experiment_Group_F02.fcs,/GFP,root,0.16979999999999995,1.0
AD_20241203_fnsnrrpr_casvariants_timepoint2_glu_Experiment_Group_F03.fcs,/GFP,root,0.0039199999999999235,1.0
AD_20241203_fnsnrrpr_casvariants_timepoint2_glu_Experiment_Group_G01.fcs,/GFP,root,0.0027200000000000557,1.0
AD_20241203_fnsnrrpr_casvariants_timepoint2_glu_Experiment_Group_G02.fcs,/GFP,root,0.95976,1.0
AD_20241203_fnsnrrpr_casvariants_timepoint2_glu_Experiment_Group_G03.fcs,/GFP,root,0.04715999999999998,1.0
AD_20241203_fnsnrrpr_casvariants_timepoint2_glu_Experiment_Group_H01.fcs,/GFP,root,0.0022400000000000198,1.0
AD_20241203_fnsnrrpr_casvariants_timepoint2_glu_Experiment_Group_H02.fcs,/GFP,root,0.9774,1.0
AD_20241203_fnsnrrpr_casvariants_timepoint2_glu_Experiment_Group_H03.fcs,/GFP,root,0.04296000000000011,1.0
AD_20241203_fnsnrrpr_casvariants_timepoint3_glu_Experiment_Group_A01.fcs,/GFP,root,0.43964000000000003,1.0
AD_20241203_fnsnrrpr_casvariants_timepoint3_glu_Experiment_Group_A02.fcs,/GFP,root,0.02748000000000006,1.0
AD_20241203_fnsnrrpr_casvariants_timepoint3_glu_Experiment_Group_A03.fcs,/GFP,root,0.0020799999999999708,1.0
AD_20241203_fnsnrrpr_casvariants_timepoint3_glu_Experiment_Group_A04.fcs,/GFP,root,0.014560000000000017,1.0
AD_20241203_fnsnrrpr_casvariants_timepoint3_glu_Experiment_Group_B01.fcs,/GFP,root,0.6266399999999999,1.0
AD_20241203_fnsnrrpr_casvariants_timepoint3_glu_Experiment_Group_B02.fcs,/GFP,root,0.0406399999999999,1.0
AD_20241203_fnsnrrpr_casvariants_timepoint3_glu_Experiment_Group_B03.fcs,/GFP,root,0.0015199999999999658,1.0
AD_20241203_fnsnrrpr_casvariants_timepoint3_glu_Experiment_Group_B04.fcs,/GFP,root,0.022279999999999966,1.0
AD_20241203_fnsnrrpr_casvariants_timepoint3_glu_Experiment_Group_C01.fcs,/GFP,root,0.027760000000000007,1.0
AD_20241203_fnsnrrpr_casvariants_timepoint3_glu_Experiment_Group_C02.fcs,/GFP,root,0.09628000000000003,1.0
AD_20241203_fnsnrrpr_casvariants_timepoint3_glu_Experiment_Group_C03.fcs,/GFP,root,0.015560000000000018,1.0
AD_20241203_fnsnrrpr_casvariants_timepoint3_glu_Experiment_Group_D01.fcs,/GFP,root,0.024839999999999973,1.0
AD_20241203_fnsnrrpr_casvariants_timepoint3_glu_Experiment_Group_D02.fcs,/GFP,root,0.11224,1.0
AD_20241203_fnsnrrpr_casvariants_timepoint3_glu_Experiment_Group_D03.fcs,/GFP,root,0.005920000000000036,1.0
AD_20241203_fnsnrrpr_casvariants_timepoint3_glu_Experiment_Group_E01.fcs,/GFP,root,0.9918,1.0
AD_20241203_fnsnrrpr_casvariants_timepoint3_glu_Experiment_Group_E02.fcs,/GFP,root,0.06480000000000008,1.0
AD_20241203_fnsnrrpr_casvariants_timepoint3_glu_Experiment_Group_E03.fcs,/GFP,root,0.0008000000000000229,1.0
AD_20241203_fnsnrrpr_casvariants_timepoint3_glu_Experiment_Group_F01.fcs,/GFP,root,0.99176,1.0
AD_20241203_fnsnrrpr_casvariants_timepoint3_glu_Experiment_Group_F02.fcs,/GFP,root,0.10248000000000002,1.0
AD_20241203_fnsnrrpr_casvariants_timepoint3_glu_Experiment_Group_F03.fcs,/GFP,root,0.0033199999999999896,1.0
AD_20241203_fnsnrrpr_casvariants_timepoint3_glu_Experiment_Group_G01.fcs,/GFP,root,0.0026399999999999757,1.0
AD_20241203_fnsnrrpr_casvariants_timepoint3_glu_Experiment_Group_G02.fcs,/GFP,root,0.95056,1.0
AD_20241203_fnsnrrpr_casvariants_timepoint3_glu_Experiment_Group_G03.fcs,/GFP,root,0.01087999999999989,1.0
AD_20241203_fnsnrrpr_casvariants_timepoint3_glu_Experiment_Group_H01.fcs,/GFP,root,0.00043999999999999595,1.0
AD_20241203_fnsnrrpr_casvariants_timepoint3_glu_Experiment_Group_H02.fcs,/GFP,root,0.95952,1.0
AD_20241203_fnsnrrpr_casvariants_timepoint3_glu_Experiment_Group_H03.fcs,/GFP,root,0.00988,1.0
AD_20241203_fnsnrrpr_casvariants_timepoint1_Experiment_Group_A01.fcs,/GFP,root,0.58848,1.0
AD_20241203_fnsnrrpr_casvariants_timepoint1_Experiment_Group_A02.fcs,/GFP,root,0.043784985813970945,1.0
AD_20241203_fnsnrrpr_casvariants_timepoint1_Experiment_Group_A03.fcs,/GFP,root,0.0009200000000000319,1.0
AD_20241203_fnsnrrpr_casvariants_timepoint1_Experiment_Group_A04.fcs,/GFP,root,0.15844000000000014,1.0
AD_20241203_fnsnrrpr_casvariants_timepoint1_Experiment_Group_B01.fcs,/GFP,root,0.74208,1.0
AD_20241203_fnsnrrpr_casvariants_timepoint1_Experiment_Group_B02.fcs,/GFP,root,0.050803968525487964,1.0
AD_20241203_fnsnrrpr_casvariants_timepoint1_Experiment_Group_B03.fcs,/GFP,root,0.0013599999999999168,1.0
AD_20241203_fnsnrrpr_casvariants_timepoint1_Experiment_Group_B04.fcs,/GFP,root,0.18775086505190297,1.0
AD_20241203_fnsnrrpr_casvariants_timepoint1_Experiment_Group_C01.fcs,/GFP,root,0.19420664941270205,1.0
AD_20241203_fnsnrrpr_casvariants_timepoint1_Experiment_Group_C02.fcs,/GFP,root,0.43917224080267603,1.0
AD_20241203_fnsnrrpr_casvariants_timepoint1_Experiment_Group_C03.fcs,/GFP,root,0.009279999999999955,1.0
AD_20241203_fnsnrrpr_casvariants_timepoint1_Experiment_Group_D01.fcs,/GFP,root,0.21758349705304492,1.0
AD_20241203_fnsnrrpr_casvariants_timepoint1_Experiment_Group_D02.fcs,/GFP,root,0.471840659340659,1.0
AD_20241203_fnsnrrpr_casvariants_timepoint1_Experiment_Group_D03.fcs,/GFP,root,0.007122153209110027,1.0
AD_20241203_fnsnrrpr_casvariants_timepoint1_Experiment_Group_E01.fcs,/GFP,root,0.98452,1.0
AD_20241203_fnsnrrpr_casvariants_timepoint1_Experiment_Group_E02.fcs,/GFP,root,0.189276309815672,1.0
AD_20241203_fnsnrrpr_casvariants_timepoint1_Experiment_Group_E03.fcs,/GFP,root,0.0031600000000000517,1.0
AD_20241203_fnsnrrpr_casvariants_timepoint1_Experiment_Group_F01.fcs,/GFP,root,0.98988,1.0
AD_20241203_fnsnrrpr_casvariants_timepoint1_Experiment_Group_F02.fcs,/GFP,root,0.24975999999999998,1.0
AD_20241203_fnsnrrpr_casvariants_timepoint1_Experiment_Group_F03.fcs,/GFP,root,0.005400000000000071,1.0
AD_20241203_fnsnrrpr_casvariants_timepoint1_Experiment_Group_G01.fcs,/GFP,root,0.005319999999999991,1.0
AD_20241203_fnsnrrpr_casvariants_timepoint1_Experiment_Group_G02.fcs,/GFP,root,0.9688,1.0
AD_20241203_fnsnrrpr_casvariants_timepoint1_Experiment_Group_G03.fcs,/GFP,root,0.14084000000000008,1.0
AD_20241203_fnsnrrpr_casvariants_timepoint1_Experiment_Group_H01.fcs,/GFP,root,0.0046399999999999775,1.0
AD_20241203_fnsnrrpr_casvariants_timepoint1_Experiment_Group_H02.fcs,/GFP,root,0.97328,1.0
AD_20241203_fnsnrrpr_casvariants_timepoint1_Experiment_Group_H03.fcs,/GFP,root,0.12275999999999998,1.0
AD_20241203_fnsnrrpr_casvariants_scraped_Experiment_Group_A01.fcs,/GFP,root,0.80296,1.0
AD_20241203_fnsnrrpr_casvariants_scraped_Experiment_Group_A02.fcs,/GFP,root,0.32121946295174597,1.0
AD_20241203_fnsnrrpr_casvariants_scraped_Experiment_Group_A03.fcs,/GFP,root,0.010121080409810745,1.0
AD_20241203_fnsnrrpr_casvariants_scraped_Experiment_Group_A04.fcs,/GFP,root,0.8934,1.0
AD_20241203_fnsnrrpr_casvariants_scraped_Experiment_Group_B01.fcs,/GFP,root,0.94252,1.0
AD_20241203_fnsnrrpr_casvariants_scraped_Experiment_Group_B02.fcs,/GFP,root,0.41972,1.0
AD_20241203_fnsnrrpr_casvariants_scraped_Experiment_Group_B03.fcs,/GFP,root,0.026039999999999952,1.0
AD_20241203_fnsnrrpr_casvariants_scraped_Experiment_Group_B04.fcs,/GFP,root,0.89628,1.0
AD_20241203_fnsnrrpr_casvariants_scraped_Experiment_Group_C01.fcs,/GFP,root,0.7413793103448281,1.0
AD_20241203_fnsnrrpr_casvariants_scraped_Experiment_Group_C02.fcs,/GFP,root,0.755729537366548,1.0
AD_20241203_fnsnrrpr_casvariants_scraped_Experiment_Group_C03.fcs,/GFP,root,0.05922320251495805,1.0
AD_20241203_fnsnrrpr_casvariants_scraped_Experiment_Group_D01.fcs,/GFP,root,0.782261601894903,1.0
AD_20241203_fnsnrrpr_casvariants_scraped_Experiment_Group_D02.fcs,/GFP,root,0.789572245219791,1.0
AD_20241203_fnsnrrpr_casvariants_scraped_Experiment_Group_D03.fcs,/GFP,root,0.06292174217859992,1.0
AD_20241203_fnsnrrpr_casvariants_scraped_Experiment_Group_E01.fcs,/GFP,root,0.858863143476772,1.0
AD_20241203_fnsnrrpr_casvariants_scraped_Experiment_Group_E02.fcs,/GFP,root,0.8565725891168849,1.0
AD_20241203_fnsnrrpr_casvariants_scraped_Experiment_Group_E03.fcs,/GFP,root,0.27443524938492503,1.0
AD_20241203_fnsnrrpr_casvariants_scraped_Experiment_Group_F01.fcs,/GFP,root,0.8082915007789511,1.0
AD_20241203_fnsnrrpr_casvariants_scraped_Experiment_Group_F02.fcs,/GFP,root,0.851232899156222,1.0
AD_20241203_fnsnrrpr_casvariants_scraped_Experiment_Group_F03.fcs,/GFP,root,0.255494014650706,1.0
AD_20241203_fnsnrrpr_casvariants_scraped_Experiment_Group_G01.fcs,/GFP,root,0.25897522332715295,1.0
AD_20241203_fnsnrrpr_casvariants_scraped_Experiment_Group_G02.fcs,/GFP,root,0.751215327423506,1.0
AD_20241203_fnsnrrpr_casvariants_scraped_Experiment_Group_G03.fcs,/GFP,root,0.739995895752103,1.0
AD_20241203_fnsnrrpr_casvariants_scraped_Experiment_Group_H01.fcs,/GFP,root,0.24405950157769296,1.0
AD_20241203_fnsnrrpr_casvariants_scraped_Experiment_Group_H02.fcs,/GFP,root,0.682861635220126,1.0
AD_20241203_fnsnrrpr_casvariants_scraped_Experiment_Group_H03.fcs,/GFP,root,0.7201823404521039,1.0
AD_20241205_gfplib_fncas12a_lexA_snrrpr_timepoint3_Experiment_Group_A01.fcs,/GFP,root,0.70668,1.0
AD_20241205_gfplib_fncas12a_lexA_snrrpr_timepoint3_Experiment_Group_A02.fcs,/GFP,root,0.09531999999999996,1.0
AD_20241205_gfplib_fncas12a_lexA_snrrpr_timepoint3_Experiment_Group_A03.fcs,/GFP,root,0.02203999999999995,1.0
AD_20241205_gfplib_fncas12a_lexA_snrrpr_timepoint3_Experiment_Group_A04.fcs,/GFP,root,0.07035999999999998,1.0
AD_20241205_gfplib_fncas12a_lexA_snrrpr_timepoint3_Experiment_Group_B01.fcs,/GFP,root,0.80356,1.0
AD_20241205_gfplib_fncas12a_lexA_snrrpr_timepoint3_Experiment_Group_B02.fcs,/GFP,root,0.00988,1.0
AD_20241205_gfplib_fncas12a_lexA_snrrpr_timepoint3_Experiment_Group_B03.fcs,/GFP,root,0.0042799999999999505,1.0
AD_20241205_gfplib_fncas12a_lexA_snrrpr_timepoint3_Experiment_Group_B04.fcs,/GFP,root,0.084062758051197,1.0
AD_20241205_gfplib_fncas12a_lexA_snrrpr_timepoint3_Experiment_Group_C01.fcs,/GFP,root,0.2929999999999999,1.0
AD_20241205_gfplib_fncas12a_lexA_snrrpr_timepoint3_Experiment_Group_C02.fcs,/GFP,root,0.40456000000000003,1.0
AD_20241205_gfplib_fncas12a_lexA_snrrpr_timepoint3_Experiment_Group_C03.fcs,/GFP,root,0.0021599999999999397,1.0
AD_20241205_gfplib_fncas12a_lexA_snrrpr_timepoint3_Experiment_Group_D01.fcs,/GFP,root,0.29144000000000003,1.0
AD_20241205_gfplib_fncas12a_lexA_snrrpr_timepoint3_Experiment_Group_D02.fcs,/GFP,root,0.33264000000000005,1.0
AD_20241205_gfplib_fncas12a_lexA_snrrpr_timepoint3_Experiment_Group_D03.fcs,/GFP,root,0.001512342667577271,1.0
AD_20241205_gfplib_fncas12a_lexA_snrrpr_timepoint3_Experiment_Group_E01.fcs,/GFP,root,0.986042692939245,1.0
AD_20241205_gfplib_fncas12a_lexA_snrrpr_timepoint3_Experiment_Group_E02.fcs,/GFP,root,0.30778836947924904,1.0
AD_20241205_gfplib_fncas12a_lexA_snrrpr_timepoint3_Experiment_Group_E03.fcs,/GFP,root,0.0017599999999999838,1.0
AD_20241205_gfplib_fncas12a_lexA_snrrpr_timepoint3_Experiment_Group_F01.fcs,/GFP,root,0.984828141783029,1.0
AD_20241205_gfplib_fncas12a_lexA_snrrpr_timepoint3_Experiment_Group_F02.fcs,/GFP,root,0.29853343276162103,1.0
AD_20241205_gfplib_fncas12a_lexA_snrrpr_timepoint3_Experiment_Group_F03.fcs,/GFP,root,0.001435526151542077,1.0
AD_20241205_gfplib_fncas12a_lexA_snrrpr_timepoint3_Experiment_Group_G01.fcs,/GFP,root,0.0009999999999998899,1.0
AD_20241205_gfplib_fncas12a_lexA_snrrpr_timepoint3_Experiment_Group_G02.fcs,/GFP,root,0.953230796825254,1.0
AD_20241205_gfplib_fncas12a_lexA_snrrpr_timepoint3_Experiment_Group_G03.fcs,/GFP,root,0.03420861348355397,1.0
AD_20241205_gfplib_fncas12a_lexA_snrrpr_timepoint3_Experiment_Group_H01.fcs,/GFP,root,0.0005600000000000049,1.0
AD_20241205_gfplib_fncas12a_lexA_snrrpr_timepoint3_Experiment_Group_H02.fcs,/GFP,root,0.871252129471891,1.0
AD_20241205_gfplib_fncas12a_lexA_snrrpr_timepoint3_Experiment_Group_H03.fcs,/GFP,root,0.03264,1.0
AD_20241205_gfplib_fncas12a_lexA_snrrpr_timepoint4_Experiment_Group_A01.fcs,/GFP,root,0.74456,1.0
AD_20241205_gfplib_fncas12a_lexA_snrrpr_timepoint4_Experiment_Group_A02.fcs,/GFP,root,0.005280000000000062,1.0
AD_20241205_gfplib_fncas12a_lexA_snrrpr_timepoint4_Experiment_Group_A03.fcs,/GFP,root,0.0008000000000000229,1.0
AD_20241205_gfplib_fncas12a_lexA_snrrpr_timepoint4_Experiment_Group_A04.fcs,/GFP,root,0.025799999999999934,1.0
AD_20241205_gfplib_fncas12a_lexA_snrrpr_timepoint4_Experiment_Group_B01.fcs,/GFP,root,0.7856,1.0
AD_20241205_gfplib_fncas12a_lexA_snrrpr_timepoint4_Experiment_Group_B02.fcs,/GFP,root,0.01415999999999995,1.0
AD_20241205_gfplib_fncas12a_lexA_snrrpr_timepoint4_Experiment_Group_B03.fcs,/GFP,root,0.000280000000000058,1.0
AD_20241205_gfplib_fncas12a_lexA_snrrpr_timepoint4_Experiment_Group_B04.fcs,/GFP,root,0.033199999999999896,1.0
AD_20241205_gfplib_fncas12a_lexA_snrrpr_timepoint4_Experiment_Group_C01.fcs,/GFP,root,0.20323999999999998,1.0
AD_20241205_gfplib_fncas12a_lexA_snrrpr_timepoint4_Experiment_Group_C02.fcs,/GFP,root,0.28959999999999997,1.0
AD_20241205_gfplib_fncas12a_lexA_snrrpr_timepoint4_Experiment_Group_C03.fcs,/GFP,root,0.00019999999999997797,1.0
AD_20241205_gfplib_fncas12a_lexA_snrrpr_timepoint4_Experiment_Group_D01.fcs,/GFP,root,0.19887999999999995,1.0
AD_20241205_gfplib_fncas12a_lexA_snrrpr_timepoint4_Experiment_Group_D02.fcs,/GFP,root,0.23595999999999995,1.0
AD_20241205_gfplib_fncas12a_lexA_snrrpr_timepoint4_Experiment_Group_D03.fcs,/GFP,root,0.0009600000000000719,1.0
AD_20241205_gfplib_fncas12a_lexA_snrrpr_timepoint4_Experiment_Group_E01.fcs,/GFP,root,0.98628,1.0
AD_20241205_gfplib_fncas12a_lexA_snrrpr_timepoint4_Experiment_Group_E02.fcs,/GFP,root,0.25512,1.0
AD_20241205_gfplib_fncas12a_lexA_snrrpr_timepoint4_Experiment_Group_E03.fcs,/GFP,root,0.0015199999999999658,1.0
AD_20241205_gfplib_fncas12a_lexA_snrrpr_timepoint4_Experiment_Group_F01.fcs,/GFP,root,0.98988,1.0
AD_20241205_gfplib_fncas12a_lexA_snrrpr_timepoint4_Experiment_Group_F02.fcs,/GFP,root,0.23719999999999997,1.0
AD_20241205_gfplib_fncas12a_lexA_snrrpr_timepoint4_Experiment_Group_F03.fcs,/GFP,root,0.0006399999999999739,1.0
AD_20241205_gfplib_fncas12a_lexA_snrrpr_timepoint4_Experiment_Group_G01.fcs,/GFP,root,0.0012399999999999078,1.0
AD_20241205_gfplib_fncas12a_lexA_snrrpr_timepoint4_Experiment_Group_G02.fcs,/GFP,root,0.9634,1.0
AD_20241205_gfplib_fncas12a_lexA_snrrpr_timepoint4_Experiment_Group_G03.fcs,/GFP,root,0.01532,1.0
AD_20241205_gfplib_fncas12a_lexA_snrrpr_timepoint4_Experiment_Group_H01.fcs,/GFP,root,0.000280000000000058,1.0
AD_20241205_gfplib_fncas12a_lexA_snrrpr_timepoint4_Experiment_Group_H02.fcs,/GFP,root,0.87904,1.0
AD_20241205_gfplib_fncas12a_lexA_snrrpr_timepoint4_Experiment_Group_H03.fcs,/GFP,root,0.01328000000000007,1.0
AD_20241205_gfplib_fncas12a_lexA_snrrpr_timepoint2_Experiment_Group_snr_A04.fcs,/GFP,root,0.85092,1.0
AD_20241205_gfplib_fncas12a_lexA_snrrpr_timepoint2_Experiment_Group_snr_A05.fcs,/GFP,root,0.009199999999999986,1.0
AD_20241205_gfplib_fncas12a_lexA_snrrpr_timepoint2_Experiment_Group_snr_A06.fcs,/GFP,root,0.00024000000000001798,1.0
AD_20241205_gfplib_fncas12a_lexA_snrrpr_timepoint2_Experiment_Group_snr_A07.fcs,/GFP,root,0.11228000000000005,1.0
AD_20241205_gfplib_fncas12a_lexA_snrrpr_timepoint2_Experiment_Group_snr_B04.fcs,/GFP,root,0.8708,1.0
AD_20241205_gfplib_fncas12a_lexA_snrrpr_timepoint2_Experiment_Group_snr_B05.fcs,/GFP,root,0.010319999999999996,1.0
AD_20241205_gfplib_fncas12a_lexA_snrrpr_timepoint2_Experiment_Group_snr_B06.fcs,/GFP,root,0.00012000000000000899,1.0
AD_20241205_gfplib_fncas12a_lexA_snrrpr_timepoint2_Experiment_Group_snr_B07.fcs,/GFP,root,0.14127999999999996,1.0
AD_20241205_gfplib_fncas12a_lexA_snrrpr_timepoint2_Experiment_Group_snr_C04.fcs,/GFP,root,0.42979999999999996,1.0
AD_20241205_gfplib_fncas12a_lexA_snrrpr_timepoint2_Experiment_Group_snr_C05.fcs,/GFP,root,0.53712,1.0
AD_20241205_gfplib_fncas12a_lexA_snrrpr_timepoint2_Experiment_Group_snr_C06.fcs,/GFP,root,0.0006399999999999739,1.0
AD_20241205_gfplib_fncas12a_lexA_snrrpr_timepoint2_Experiment_Group_snr_D04.fcs,/GFP,root,0.43179999999999996,1.0
AD_20241205_gfplib_fncas12a_lexA_snrrpr_timepoint2_Experiment_Group_snr_D05.fcs,/GFP,root,0.4644400000000001,1.0
AD_20241205_gfplib_fncas12a_lexA_snrrpr_timepoint2_Experiment_Group_snr_D06.fcs,/GFP,root,0.0006000000000000449,1.0
AD_20241205_gfplib_fncas12a_lexA_snrrpr_timepoint2_Experiment_Group_snr_E04.fcs,/GFP,root,0.98496,1.0
AD_20241205_gfplib_fncas12a_lexA_snrrpr_timepoint2_Experiment_Group_snr_E05.fcs,/GFP,root,0.41472,1.0
AD_20241205_gfplib_fncas12a_lexA_snrrpr_timepoint2_Experiment_Group_snr_E06.fcs,/GFP,root,0.0009200000000000319,1.0
AD_20241205_gfplib_fncas12a_lexA_snrrpr_timepoint2_Experiment_Group_snr_F04.fcs,/GFP,root,0.98776,1.0
AD_20241205_gfplib_fncas12a_lexA_snrrpr_timepoint2_Experiment_Group_snr_F05.fcs,/GFP,root,0.40796,1.0
AD_20241205_gfplib_fncas12a_lexA_snrrpr_timepoint2_Experiment_Group_snr_F06.fcs,/GFP,root,0.0008799999999999919,1.0
AD_20241205_gfplib_fncas12a_lexA_snrrpr_timepoint2_Experiment_Group_snr_G04.fcs,/GFP,root,0.0036799999999999056,1.0
AD_20241205_gfplib_fncas12a_lexA_snrrpr_timepoint2_Experiment_Group_snr_G05.fcs,/GFP,root,0.97056,1.0
AD_20241205_gfplib_fncas12a_lexA_snrrpr_timepoint2_Experiment_Group_snr_G06.fcs,/GFP,root,0.06540000000000001,1.0
AD_20241205_gfplib_fncas12a_lexA_snrrpr_timepoint2_Experiment_Group_snr_H04.fcs,/GFP,root,0.0021200000000000108,1.0
AD_20241205_gfplib_fncas12a_lexA_snrrpr_timepoint2_Experiment_Group_snr_H05.fcs,/GFP,root,0.91696,1.0
AD_20241205_gfplib_fncas12a_lexA_snrrpr_timepoint2_Experiment_Group_snr_H06.fcs,/GFP,root,0.07668000000000008,1.0
AD_20241205_gfplib_fncas12a_lexA_snrrpr_scraped_Experiment_Group_A01.fcs,/GFP,root,0.96612,1.0
AD_20241205_gfplib_fncas12a_lexA_snrrpr_scraped_Experiment_Group_A02.fcs,/GFP,root,0.18635999999999997,1.0
AD_20241205_gfplib_fncas12a_lexA_snrrpr_scraped_Experiment_Group_A03.fcs,/GFP,root,0.011560000000000015,1.0
AD_20241205_gfplib_fncas12a_lexA_snrrpr_scraped_Experiment_Group_A04.fcs,/GFP,root,0.77556,1.0
AD_20241205_gfplib_fncas12a_lexA_snrrpr_scraped_Experiment_Group_B01.fcs,/GFP,root,0.968,1.0
AD_20241205_gfplib_fncas12a_lexA_snrrpr_scraped_Experiment_Group_B02.fcs,/GFP,root,0.23403999999999991,1.0
AD_20241205_gfplib_fncas12a_lexA_snrrpr_scraped_Experiment_Group_B03.fcs,/GFP,root,0.013559999999999905,1.0
AD_20241205_gfplib_fncas12a_lexA_snrrpr_scraped_Experiment_Group_B04.fcs,/GFP,root,0.76888,1.0
AD_20241205_gfplib_fncas12a_lexA_snrrpr_scraped_Experiment_Group_C01.fcs,/GFP,root,0.94304,1.0
AD_20241205_gfplib_fncas12a_lexA_snrrpr_scraped_Experiment_Group_C02.fcs,/GFP,root,0.9542,1.0
AD_20241205_gfplib_fncas12a_lexA_snrrpr_scraped_Experiment_Group_C03.fcs,/GFP,root,0.010600000000000054,1.0
AD_20241205_gfplib_fncas12a_lexA_snrrpr_scraped_Experiment_Group_D01.fcs,/GFP,root,0.94144,1.0
AD_20241205_gfplib_fncas12a_lexA_snrrpr_scraped_Experiment_Group_D02.fcs,/GFP,root,0.94332,1.0
AD_20241205_gfplib_fncas12a_lexA_snrrpr_scraped_Experiment_Group_D03.fcs,/GFP,root,0.0031999999999999806,1.0
AD_20241205_gfplib_fncas12a_lexA_snrrpr_scraped_Experiment_Group_E01.fcs,/GFP,root,0.96984,1.0
AD_20241205_gfplib_fncas12a_lexA_snrrpr_scraped_Experiment_Group_E02.fcs,/GFP,root,0.94176,1.0
AD_20241205_gfplib_fncas12a_lexA_snrrpr_scraped_Experiment_Group_E03.fcs,/GFP,root,0.033439999999999914,1.0
AD_20241205_gfplib_fncas12a_lexA_snrrpr_scraped_Experiment_Group_F01.fcs,/GFP,root,0.96908,1.0
AD_20241205_gfplib_fncas12a_lexA_snrrpr_scraped_Experiment_Group_F02.fcs,/GFP,root,0.93188,1.0
AD_20241205_gfplib_fncas12a_lexA_snrrpr_scraped_Experiment_Group_F03.fcs,/GFP,root,0.047639999999999905,1.0
AD_20241205_gfplib_fncas12a_lexA_snrrpr_scraped_Experiment_Group_G01.fcs,/GFP,root,0.19776000000000016,1.0
AD_20241205_gfplib_fncas12a_lexA_snrrpr_scraped_Experiment_Group_G02.fcs,/GFP,root,0.9694,1.0
AD_20241205_gfplib_fncas12a_lexA_snrrpr_scraped_Experiment_Group_G03.fcs,/GFP,root,0.6551600000000001,1.0
AD_20241205_gfplib_fncas12a_lexA_snrrpr_scraped_Experiment_Group_H01.fcs,/GFP,root,0.13715999999999995,1.0
AD_20241205_gfplib_fncas12a_lexA_snrrpr_scraped_Experiment_Group_H02.fcs,/GFP,root,0.94992,1.0
AD_20241205_gfplib_fncas12a_lexA_snrrpr_scraped_Experiment_Group_H03.fcs,/GFP,root,0.7199599999999999,1.0
VB_20240916_PGK1_proms_P2_Experiment_ys286_T03_A10.fcs,/GFP,root,0.0018399999999999528,1.0
VB_20240916_PGK1_proms_P2_Experiment_ys286_T03_A3.fcs,/GFP,root,0.0030400000000000427,1.0
VB_20240916_PGK1_proms_P2_Experiment_ys286_T03_A4.fcs,/GFP,root,0.00031999999999998696,1.0
VB_20240916_PGK1_proms_P2_Experiment_ys286_T03_A5.fcs,/GFP,root,0.023760000000000003,1.0
VB_20240916_PGK1_proms_P2_Experiment_ys286_T03_A6.fcs,/GFP,root,0.009199999999999986,1.0
VB_20240916_PGK1_proms_P2_Experiment_ys286_T03_A7.fcs,/GFP,root,0.023880000000000012,1.0
VB_20240916_PGK1_proms_P2_Experiment_ys286_T03_A8.fcs,/GFP,root,0.08355999999999997,1.0
VB_20240916_PGK1_proms_P2_Experiment_ys286_T03_A9.fcs,/GFP,root,0.012159999999999949,1.0
VB_20240916_PGK1_proms_P2_Experiment_ys289_T03_B10.fcs,/GFP,root,0.75632,1.0
VB_20240916_PGK1_proms_P2_Experiment_ys289_T03_B3.fcs,/GFP,root,0.015280000000000071,1.0
VB_20240916_PGK1_proms_P2_Experiment_ys289_T03_B4.fcs,/GFP,root,0.01971999999999996,1.0
VB_20240916_PGK1_proms_P2_Experiment_ys289_T03_B5.fcs,/GFP,root,0.0011199999999998989,1.0
VB_20240916_PGK1_proms_P2_Experiment_ys289_T03_B6.fcs,/GFP,root,0.00019999999999997797,1.0
VB_20240916_PGK1_proms_P2_Experiment_ys289_T03_B7.fcs,/GFP,root,0.0009600000000000719,1.0
VB_20240916_PGK1_proms_P2_Experiment_ys289_T03_B8.fcs,/GFP,root,0.009759999999999991,1.0
VB_20240916_PGK1_proms_P2_Experiment_ys289_T03_B9.fcs,/GFP,root,0.76632,1.0
VB_20240916_PGK1_proms_P2_Experiment_ys318_T03_C10.fcs,/GFP,root,0.69188,1.0
VB_20240916_PGK1_proms_P2_Experiment_ys318_T03_C5.fcs,/GFP,root,0.54844,1.0
VB_20240916_PGK1_proms_P2_Experiment_ys318_T03_C6.fcs,/GFP,root,0.45404000000000005,1.0
VB_20240916_PGK1_proms_P2_Experiment_ys318_T03_C7.fcs,/GFP,root,0.2998,1.0
VB_20240916_PGK1_proms_P2_Experiment_ys318_T03_C8.fcs,/GFP,root,0.38232,1.0
VB_20240916_PGK1_proms_P2_Experiment_ys318_T03_C9.fcs,/GFP,root,0.6698000000000001,1.0
VB_20240916_PGK1_proms_P2_Experiment_ys321_T03_D10.fcs,/GFP,root,0.17826935588809398,1.0
VB_20240916_PGK1_proms_P2_Experiment_ys321_T03_D3.fcs,/GFP,root,0.56064,1.0
VB_20240916_PGK1_proms_P2_Experiment_ys321_T03_D4.fcs,/GFP,root,0.5526800000000001,1.0
VB_20240916_PGK1_proms_P2_Experiment_ys321_T03_D5.fcs,/GFP,root,0.7164400000000001,1.0
VB_20240916_PGK1_proms_P2_Experiment_ys321_T03_D6.fcs,/GFP,root,0.6444799999999999,1.0
VB_20240916_PGK1_proms_P2_Experiment_ys321_T03_D7.fcs,/GFP,root,0.5732,1.0
VB_20240916_PGK1_proms_P2_Experiment_ys321_T03_D8.fcs,/GFP,root,0.69836,1.0
VB_20240916_PGK1_proms_P2_Experiment_ys321_T03_D9.fcs,/GFP,root,0.17288,1.0
VB_20240916_PGK1_proms_P2_Experiment_ys286_T04_E10.fcs,/GFP,root,0.00048000000000003595,1.0
VB_20240916_PGK1_proms_P2_Experiment_ys286_T04_E3.fcs,/GFP,root,0.0007200000000000539,1.0
VB_20240916_PGK1_proms_P2_Experiment_ys286_T04_E4.fcs,/GFP,root,0.000160000000000049,1.0
VB_20240916_PGK1_proms_P2_Experiment_ys286_T04_E5.fcs,/GFP,root,0.018919999999999937,1.0
VB_20240916_PGK1_proms_P2_Experiment_ys286_T04_E6.fcs,/GFP,root,0.007800000000000029,1.0
VB_20240916_PGK1_proms_P2_Experiment_ys286_T04_E7.fcs,/GFP,root,0.02084000000000008,1.0
VB_20240916_PGK1_proms_P2_Experiment_ys286_T04_E8.fcs,/GFP,root,0.10132000000000008,1.0
VB_20240916_PGK1_proms_P2_Experiment_ys286_T04_E9.fcs,/GFP,root,0.011800000000000033,1.0
VB_20240916_PGK1_proms_P2_Experiment_ys289_T04_F10.fcs,/GFP,root,0.66088,1.0
VB_20240916_PGK1_proms_P2_Experiment_ys289_T04_F3.fcs,/GFP,root,0.012720000000000065,1.0
VB_20240916_PGK1_proms_P2_Experiment_ys289_T04_F4.fcs,/GFP,root,0.0009600000000000719,1.0
VB_20240916_PGK1_proms_P2_Experiment_ys289_T04_F5.fcs,/GFP,root,0.00019999999999997797,1.0
VB_20240916_PGK1_proms_P2_Experiment_ys289_T04_F6.fcs,/GFP,root,0.00019999999999997797,1.0
VB_20240916_PGK1_proms_P2_Experiment_ys289_T04_F7.fcs,/GFP,root,0.000160000000000049,1.0
VB_20240916_PGK1_proms_P2_Experiment_ys289_T04_F8.fcs,/GFP,root,0.008439999999999892,1.0
VB_20240916_PGK1_proms_P2_Experiment_ys289_T04_F9.fcs,/GFP,root,0.6824399999999999,1.0
VB_20240916_PGK1_proms_P2_Experiment_ys318_T04_G10.fcs,/GFP,root,0.47979999999999995,1.0
VB_20240916_PGK1_proms_P2_Experiment_ys318_T04_G5.fcs,/GFP,root,0.23976,1.0
VB_20240916_PGK1_proms_P2_Experiment_ys318_T04_G6.fcs,/GFP,root,0.16620000000000001,1.0
VB_20240916_PGK1_proms_P2_Experiment_ys318_T04_G7.fcs,/GFP,root,0.13704,1.0
VB_20240916_PGK1_proms_P2_Experiment_ys318_T04_G8.fcs,/GFP,root,0.28552,1.0
VB_20240916_PGK1_proms_P2_Experiment_ys318_T04_G9.fcs,/GFP,root,0.48636,1.0
VB_20240916_PGK1_proms_P2_Experiment_ys321_T04_H10.fcs,/GFP,root,0.25892,1.0
VB_20240916_PGK1_proms_P2_Experiment_ys321_T04_H3.fcs,/GFP,root,0.42136,1.0
VB_20240916_PGK1_proms_P2_Experiment_ys321_T04_H4.fcs,/GFP,root,0.39524000000000004,1.0
VB_20240916_PGK1_proms_P2_Experiment_ys321_T04_H5.fcs,/GFP,root,0.56028,1.0
VB_20240916_PGK1_proms_P2_Experiment_ys321_T04_H6.fcs,/GFP,root,0.50056,1.0
VB_20240916_PGK1_proms_P2_Experiment_ys321_T04_H7.fcs,/GFP,root,0.42896,1.0
VB_20240916_PGK1_proms_P2_Experiment_ys321_T04_H8.fcs,/GFP,root,0.5737599999999999,1.0
VB_20240916_PGK1_proms_P2_Experiment_ys321_T04_H9.fcs,/GFP,root,0.23428000000000002,1.0
VB_20240916_PGK1_proms_Experiment_ys286_T02_E10.fcs,/GFP,root,0.0007599999999999829,1.0
VB_20240916_PGK1_proms_Experiment_ys286_T02_E3.fcs,/GFP,root,0.005199999999999982,1.0
VB_20240916_PGK1_proms_Experiment_ys286_T02_E4.fcs,/GFP,root,0.00012000000000000899,1.0
VB_20240916_PGK1_proms_Experiment_ys286_T02_E5.fcs,/GFP,root,0.023719999999999963,1.0
VB_20240916_PGK1_proms_Experiment_ys286_T02_E6.fcs,/GFP,root,0.010120000000000018,1.0
VB_20240916_PGK1_proms_Experiment_ys286_T02_E7.fcs,/GFP,root,0.02851999999999999,1.0
VB_20240916_PGK1_proms_Experiment_ys286_T02_E8.fcs,/GFP,root,0.08479999999999999,1.0
VB_20240916_PGK1_proms_Experiment_ys286_T02_E9.fcs,/GFP,root,0.012279999999999958,1.0
VB_20240916_PGK1_proms_Experiment_ys289_T02_F10.fcs,/GFP,root,0.82544,1.0
VB_20240916_PGK1_proms_Experiment_ys289_T02_F3.fcs,/GFP,root,0.015960000000000085,1.0
VB_20240916_PGK1_proms_Experiment_ys289_T02_F4.fcs,/GFP,root,0.0017199999999999438,1.0
VB_20240916_PGK1_proms_Experiment_ys289_T02_F5.fcs,/GFP,root,7.999999999996898e-05,1.0
VB_20240916_PGK1_proms_Experiment_ys289_T02_F6.fcs,/GFP,root,4.0000000000040004e-05,1.0
VB_20240916_PGK1_proms_Experiment_ys289_T02_F7.fcs,/GFP,root,0.0006000000000000449,1.0
VB_20240916_PGK1_proms_Experiment_ys289_T02_F8.fcs,/GFP,root,0.009079999999999977,1.0
VB_20240916_PGK1_proms_Experiment_ys289_T02_F9.fcs,/GFP,root,0.82924,1.0
VB_20240916_PGK1_proms_Experiment_ys318_T02_G10.fcs,/GFP,root,0.77476,1.0
VB_20240916_PGK1_proms_Experiment_ys318_T02_G5.fcs,/GFP,root,0.71772,1.0
VB_20240916_PGK1_proms_Experiment_ys318_T02_G6.fcs,/GFP,root,0.63592,1.0
VB_20240916_PGK1_proms_Experiment_ys318_T02_G7.fcs,/GFP,root,0.43012,1.0
VB_20240916_PGK1_proms_Experiment_ys318_T02_G8.fcs,/GFP,root,0.49832,1.0
VB_20240916_PGK1_proms_Experiment_ys318_T02_G9.fcs,/GFP,root,0.7524,1.0
VB_20240916_PGK1_proms_Experiment_ys321_T02_H10.fcs,/GFP,root,0.142260027865366,1.0
VB_20240916_PGK1_proms_Experiment_ys321_T02_H3.fcs,/GFP,root,0.64236,1.0
VB_20240916_PGK1_proms_Experiment_ys321_T02_H4.fcs,/GFP,root,0.63588,1.0
VB_20240916_PGK1_proms_Experiment_ys321_T02_H5.fcs,/GFP,root,0.77964,1.0
VB_20240916_PGK1_proms_Experiment_ys321_T02_H6.fcs,/GFP,root,0.7313200000000001,1.0
VB_20240916_PGK1_proms_Experiment_ys321_T02_H7.fcs,/GFP,root,0.65948,1.0
VB_20240916_PGK1_proms_Experiment_ys321_T02_H8.fcs,/GFP,root,0.76304,1.0
VB_20240916_PGK1_proms_Experiment_ys321_T02_H9.fcs,/GFP,root,0.12836,1.0
VB_20240916_PGK1_proms_Experiment_ys286_T01_A10.fcs,/GFP,root,0.0037999999999999146,1.0
VB_20240916_PGK1_proms_Experiment_ys286_T01_A3.fcs,/GFP,root,0.022560000000000024,1.0
VB_20240916_PGK1_proms_Experiment_ys286_T01_A4.fcs,/GFP,root,0.0013999999999999568,1.0
VB_20240916_PGK1_proms_Experiment_ys286_T01_A5.fcs,/GFP,root,0.020000000000000018,1.0
VB_20240916_PGK1_proms_Experiment_ys286_T01_A6.fcs,/GFP,root,0.01207999999999998,1.0
VB_20240916_PGK1_proms_Experiment_ys286_T01_A7.fcs,/GFP,root,0.03304000000000007,1.0
VB_20240916_PGK1_proms_Experiment_ys286_T01_A8.fcs,/GFP,root,0.04732000000000003,1.0
VB_20240916_PGK1_proms_Experiment_ys286_T01_A9.fcs,/GFP,root,0.020480000000000054,1.0
VB_20240916_PGK1_proms_Experiment_ys289_T01_B10.fcs,/GFP,root,0.97236,1.0
VB_20240916_PGK1_proms_Experiment_ys289_T01_B3.fcs,/GFP,root,0.02195999999999998,1.0
VB_20240916_PGK1_proms_Experiment_ys289_T01_B4.fcs,/GFP,root,0.006599999999999939,1.0
VB_20240916_PGK1_proms_Experiment_ys289_T01_B5.fcs,/GFP,root,0.0017199999999999438,1.0
VB_20240916_PGK1_proms_Experiment_ys289_T01_B6.fcs,/GFP,root,0.0012799999999999478,1.0
VB_20240916_PGK1_proms_Experiment_ys289_T01_B7.fcs,/GFP,root,0.0043199999999999905,1.0
VB_20240916_PGK1_proms_Experiment_ys289_T01_B8.fcs,/GFP,root,0.009120000000000017,1.0
VB_20240916_PGK1_proms_Experiment_ys289_T01_B9.fcs,/GFP,root,0.9744,1.0
VB_20240916_PGK1_proms_Experiment_ys318_T01_C10.fcs,/GFP,root,0.86384,1.0
VB_20240916_PGK1_proms_Experiment_ys318_T01_C5.fcs,/GFP,root,0.88252,1.0
VB_20240916_PGK1_proms_Experiment_ys318_T01_C6.fcs,/GFP,root,0.83176,1.0
VB_20240916_PGK1_proms_Experiment_ys318_T01_C7.fcs,/GFP,root,0.659,1.0
VB_20240916_PGK1_proms_Experiment_ys318_T01_C8.fcs,/GFP,root,0.7143600000000001,1.0
VB_20240916_PGK1_proms_Experiment_ys318_T01_C9.fcs,/GFP,root,0.83736,1.0
VB_20240916_PGK1_proms_Experiment_ys321_T01_D10.fcs,/GFP,root,0.014079999999999999,1.0
VB_20240916_PGK1_proms_Experiment_ys321_T01_D3.fcs,/GFP,root,0.7739199999999999,1.0
VB_20240916_PGK1_proms_Experiment_ys321_T01_D4.fcs,/GFP,root,0.76492,1.0
VB_20240916_PGK1_proms_Experiment_ys321_T01_D5.fcs,/GFP,root,0.84724,1.0
VB_20240916_PGK1_proms_Experiment_ys321_T01_D6.fcs,/GFP,root,0.82592,1.0
VB_20240916_PGK1_proms_Experiment_ys321_T01_D7.fcs,/GFP,root,0.77252,1.0
VB_20240916_PGK1_proms_Experiment_ys321_T01_D8.fcs,/GFP,root,0.8387600000000001,1.0
VB_20240916_PGK1_proms_Experiment_ys321_T01_D9.fcs,/GFP,root,0.009519999999999999,1.0
AD_20260429_TEF_cognate_Experiment_Group(1)_E08.fcs,/GFP,root,0.00768000000000002,1.0
AD_20260429_TEF_cognate_Experiment_Group(1)_E09.fcs,/GFP,root,0.68856,1.0
AD_20260429_TEF_cognate_Experiment_Group(1)_E10.fcs,/GFP,root,0.63236,1.0
AD_20260429_TEF_cognate_Experiment_Group(1)_E11.fcs,/GFP,root,0.22396000000000002,1.0
AD_20260429_TEF_cognate_Experiment_Group(1)_F08.fcs,/GFP,root,0.031359999999999943,1.0
AD_20260429_TEF_cognate_Experiment_Group(1)_F09.fcs,/GFP,root,0.6556799999999999,1.0
AD_20260429_TEF_cognate_Experiment_Group(1)_F10.fcs,/GFP,root,0.63252,1.0
AD_20260429_TEF_cognate_Experiment_Group(1)_F11.fcs,/GFP,root,0.3504,1.0
AD_20260429_TEF_cognate_Experiment_last timepoint_G08.fcs,/GFP,root,0.0047199999999999465,1.0
AD_20260429_TEF_cognate_Experiment_last timepoint_G09.fcs,/GFP,root,0.51556,1.0
AD_20260429_TEF_cognate_Experiment_last timepoint_G10.fcs,/GFP,root,0.40091999999999994,1.0
AD_20260429_TEF_cognate_Experiment_last timepoint_G11.fcs,/GFP,root,0.42528,1.0
AD_20260429_TEF_cognate_Experiment_last timepoint_H08.fcs,/GFP,root,0.022760000000000002,1.0
AD_20260429_TEF_cognate_Experiment_last timepoint_H09.fcs,/GFP,root,0.47588,1.0
AD_20260429_TEF_cognate_Experiment_last timepoint_H10.fcs,/GFP,root,0.3336,1.0
AD_20260429_TEF_cognate_Experiment_last timepoint_H11.fcs,/GFP,root,0.4484,1.0
AD_20260429_TEF_cognate_Experiment_14h(T01)_C08.fcs,/GFP,root,0.012279999999999958,1.0
AD_20260429_TEF_cognate_Experiment_14h(T01)_C09.fcs,/GFP,root,0.82896,1.0
AD_20260429_TEF_cognate_Experiment_14h(T01)_C10.fcs,/GFP,root,0.80896,1.0
AD_20260429_TEF_cognate_Experiment_14h(T01)_C11.fcs,/GFP,root,0.10392,1.0
AD_20260429_TEF_cognate_Experiment_14h(T01)_D08.fcs,/GFP,root,0.03811999999999993,1.0
AD_20260429_TEF_cognate_Experiment_14h(T01)_D09.fcs,/GFP,root,0.8150800000000001,1.0
AD_20260429_TEF_cognate_Experiment_14h(T01)_D10.fcs,/GFP,root,0.75288,1.0
AD_20260429_TEF_cognate_Experiment_14h(T01)_D11.fcs,/GFP,root,0.18239999999999998,1.0
AD_20260429_TEF_cognate_Experiment_Group_A08.fcs,/GFP,root,0.28304000000000007,1.0
AD_20260429_TEF_cognate_Experiment_Group_A09.fcs,/GFP,root,0.85868,1.0
AD_20260429_TEF_cognate_Experiment_Group_A10.fcs,/GFP,root,0.99496,1.0
AD_20260429_TEF_cognate_Experiment_Group_A11.fcs,/GFP,root,0.012959999999999998,1.0
AD_20260429_TEF_cognate_Experiment_Group_B08.fcs,/GFP,root,0.25747999999999993,1.0
AD_20260429_TEF_cognate_Experiment_Group_B09.fcs,/GFP,root,0.8404,1.0
AD_20260429_TEF_cognate_Experiment_Group_B10.fcs,/GFP,root,0.9908000000000001,1.0
AD_20260429_TEF_cognate_Experiment_Group_B11.fcs,/GFP,root,0.01564,1.0
